﻿<?xml version="1.0" encoding="UTF-8"?>
<prefab>
  <property name="CopyAirBlocks" value="True" />
  <property name="ExcludeDistantPOIMesh" value="False" />
  <property name="ExcludePOICulling" value="False" />
  <property name="DistantPOIYOffset" value="0" />
  <property name="AllowTopSoilDecorations" value="False" />
  <property name="DifficultyTier" value="5" />
  <property name="TraderArea" value="False" />
  <property name="RotationToFaceNorth" value="0" />
  <property name="SleeperVolumeSize" value="6, 3, 20#5, 2, 25#12, 3, 19#6, 2, 17#10, 3, 15#14, 4, 10#9, 3, 13#15, 3, 7#14, 3, 5#13, 2, 6#16, 4, 10#16, 2, 16#20, 3, 29#44, 3, 4#5, 4, 30#36, 3, 8#9, 3, 18#6, 2, 7#7, 2, 9#13, 5, 11#9, 4, 9#9, 3, 20#15, 6, 19#16, 6, 10#14, 2, 5#8, 3, 13#7, 3, 11#13, 3, 14#9, 4, 11#3, 3, 21" />
  <property name="SleeperVolumeStart" value="40, 1, 39#46, 1, 32#35, 14, 38#48, 9, 40#36, 9, 40#35, 18, 42#25, 6, 41#10, 6, 40#11, 6, 48#6, 7, 33#4, 5, 22#4, 11, 23#2, 16, 19#7, 1, 5#47, 8, 9#18, 8, 1#8, 8, 3#5, 1, 23#13, 1, 22#9, 1, 10#37, 1, 10#37, 1, 19#22, 1, 10#21, 1, 29#6, 1, 33#18, 1, 41#10, 1, 42#26, 1, 40#10, 22, 22#48, 1, 11" />
  <property name="SleeperVolumeGroupId" value="0,0,0,0,0,0,0,0,0,0,0,0,0,0,0,0,0,0,0,0,0,0,0,0,0,0,0,0,0,0" />
  <property name="SleeperVolumeGroup" value="zombieBurnt,3,4,GroupZomBadass,7,8,GroupSpecialInfected,9,10,GroupZomBadass,2,3,GroupZomBadass,8,9,GroupZomBadassOnly,7,8,zombieLumberjack,5,6,zombieLumberjack,8,9,zombieLumberjack,4,5,GroupGenericZombie,3,4,zombieBiker,4,5,GroupZomBadass,5,6,zombieScreamer,7,8,GroupGenericZombie,6,7,GroupGenericZombie,3,4,GroupGenericZombie,3,4,GroupGenericZombie,3,4,GroupAbandonedHouse,3,4,GroupGenericZombie,4,5,zombieBurnt,6,7,animalChicken,4,5,zombieBurnt,2,3,zombieBurnt,3,4,zombieBurnt,7,8,GroupZomBadass,3,4,GroupZomBadass,2,3,GroupZomBadass,5,6,GroupGenericZombie,7,8,GroupZomBadassOnly,3,4,GroupGenericZombie,1,2" />
  <property name="SleeperIsLootVolume" value="False,False,False,False,False,False,True,False,False,True,False,False,False,False,False,False,False,False,False,False,False,False,False,False,False,False,False,False,False,False" />
  <property name="SleeperIsBossVolume" value="False,False,False,False,False,False,False,False,False,False,False,False,False,False,False,False,False,False,False,False,False,False,False,False,False,False,False,False,False,False,False,False,False,False,False" />
  <property name="SleeperVolumeFlags" value="2,0,2,0,2,0,2,2,2,0,2,0,2,0,2,2,2,0,0,2,2,2,2,2,0,2,2,2,2,0" />
  <property name="QuestTags" value="clear, fetch, infested" />
  <property name="Zoning" value="none" />
  <property name="Tags" value="wilderness" />
  <property name="ShowQuestClearCount" value="3" />
  <property name="SleeperIsQuestExclude" value="False,False,False,False,False,False,False,False,False,False,False,False,False,False,False,False,False,False,False,False,False,False,False,False,False,False,False,False,False,False" />
  <property name="YOffset" value="-1" />
  <property name="PrefabSize" value="60, 33, 60" />
  <property name="SleeperVolumeTriggeredBy" value=" # # # # # # # # # # # # # # # # # # # # # # # # # # # # # " />
  <property class="Stats">
    <property name="TotalVertices" value="1904458" />
    <property name="TotalTriangles" value="790706" />
    <property class="BlockEntities">
      <property name="Vertices" value="1664408" />
      <property name="Triangles" value="651297" />
    </property>
    <property class="ChunkMeshes0">
      <property name="Vertices" value="230594" />
      <property name="Triangles" value="127029" />
    </property>
    <property class="ChunkMeshes1">
      <property name="Vertices" value="576" />
      <property name="Triangles" value="288" />
    </property>
    <property class="ChunkMeshes2">
      <property name="Vertices" value="272" />
      <property name="Triangles" value="176" />
    </property>
    <property class="ChunkMeshes3">
      <property name="Vertices" value="2304" />
      <property name="Triangles" value="1152" />
    </property>
    <property class="ChunkMeshes4">
      <property name="Vertices" value="0" />
      <property name="Triangles" value="0" />
    </property>
    <property class="ChunkMeshes5">
      <property name="Vertices" value="6304" />
      <property name="Triangles" value="10764" />
    </property>
  </property>
  <property class="IndexedBlockOffsets">
    <property class="quest_stone">
      <property name="0" value="51, 1, 59" />
    </property>
    <property class="challenge_gore">
      <property name="0" value="46, 14, 53" />
      <property name="1" value="55, 1, 53" />
      <property name="2" value="48, 9, 54" />
      <property name="3" value="46, 9, 56" />
    </property>
    <property class="challenge_polymers">
      <property name="0" value="46, 1, 47" />
      <property name="1" value="46, 14, 49" />
      <property name="2" value="52, 18, 51" />
      <property name="3" value="49, 18, 53" />
      <property name="4" value="53, 19, 53" />
    </property>
    <property class="FetchContainer">
      <property name="0" value="48, 20, 45" />
    </property>
    <property class="quest_wood">
      <property name="0" value="55, 1, 48" />
      <property name="1" value="51, 1, 57" />
      <property name="2" value="49, 1, 59" />
    </property>
    <property class="TraderOnOff">
      <property name="0" value="47, 9, 48" />
      <property name="1" value="47, 14, 51" />
    </property>
    <property class="quest_wood_trees">
      <property name="0" value="5, 1, 56" />
    </property>
    <property class="quest_feather">
      <property name="0" value="52, 1, 38" />
    </property>
    <property class="POILight">
      <property name="0" value="15, 8, 29" />
    </property>
    <property class="challenge_sinks">
      <property name="0" value="35, 14, 54" />
    </property>
    <property class="challenge_steel">
      <property name="0" value="49, 19, 46" />
    </property>
    <property class="challenge_mech_parts">
      <property name="0" value="38, 14, 40" />
      <property name="1" value="35, 15, 43" />
    </property>
    <property class="challenge_leather">
      <property name="0" value="46, 9, 51" />
      <property name="1" value="46, 9, 52" />
    </property>
    <property class="challenge_stump">
      <property name="0" value="32, 1, 31" />
    </property>
    <property class="challenge_pallet">
      <property name="0" value="41, 18, 46" />
      <property name="1" value="44, 18, 46" />
      <property name="2" value="41, 18, 47" />
      <property name="3" value="41, 19, 47" />
      <property name="4" value="44, 18, 47" />
      <property name="5" value="42, 18, 48" />
      <property name="6" value="42, 19, 48" />
      <property name="7" value="39, 18, 49" />
      <property name="8" value="39, 19, 49" />
      <property name="9" value="39, 18, 50" />
    </property>
    <property class="Rally">
      <property name="0" value="43, 1, 58" />
    </property>
  </property>
</prefab>