﻿<?xml version="1.0" encoding="UTF-8"?>
<prefab>
  <property name="CopyAirBlocks" value="True" />
  <property name="ExcludeDistantPOIMesh" value="False" />
  <property name="ExcludePOICulling" value="False" />
  <property name="DistantPOIYOffset" value="0" />
  <property name="AllowTopSoilDecorations" value="False" />
  <property name="DifficultyTier" value="2" />
  <property name="ShowQuestClearCount" value="1" />
  <property name="QuestTags" value="clear, fetch" />
  <property name="TraderArea" value="False" />
  <property name="PrefabSize" value="30, 41, 22" />
  <property name="RotationToFaceNorth" value="2" />
  <property name="YOffset" value="-1" />
  <property name="Zoning" value="none" />
  <property name="SleeperVolumeSize" value="9, 7, 11#17, 4, 15#18, 3, 17#15, 4, 15" />
  <property name="SleeperVolumeStart" value="11, 1, 4#7, 17, 2#7, 22, 3#8, 28, 2" />
  <property name="SleeperVolumeGroupId" value="0,0,0,0" />
  <property name="SleeperVolumeGroup" value="GroupGenericZombie,2,3,GroupNightClub,3,4,GroupGenericZombie,1,2,zombieFemaleFat,2,3" />
  <property name="SleeperIsLootVolume" value="False,False,False,False" />
  <property name="SleeperIsQuestExclude" value="False,False,False,False" />
  <property name="SleeperVolumeFlags" value="0,0,0,2" />
  <property name="SleeperVolumeTriggeredBy" value=" # # # " />
  <property class="IndexedBlockOffsets">
    <property class="challenge_polymers">
      <property name="0" value="19, 18, 12" />
    </property>
    <property class="FetchContainer">
      <property name="0" value="19, 29, 13" />
      <property name="1" value="17, 29, 14" />
    </property>
    <property class="quest_feather">
      <property name="0" value="22, 1, 19" />
    </property>
    <property class="quest_wood">
      <property name="0" value="23, 1, 13" />
      <property name="1" value="21, 1, 18" />
    </property>
    <property class="TraderOnOff">
      <property name="0" value="14, 2, 4" />
    </property>
    <property class="quest_stone">
      <property name="0" value="23, 1, 12" />
      <property name="1" value="27, 1, 16" />
    </property>
    <property class="challenge_gore">
      <property name="0" value="15, 29, 4" />
    </property>
    <property class="challenge_mech_parts">
      <property name="0" value="15, 3, 11" />
    </property>
    <property class="challenge_sinks">
      <property name="0" value="17, 18, 6" />
    </property>
    <property class="challenge_steel">
      <property name="0" value="11, 29, 15" />
    </property>
    <property class="Rally">
      <property name="0" value="15, 1, 1" />
    </property>
  </property>
  <property class="Stats">
    <property name="TotalVertices" value="344471" />
    <property name="TotalTriangles" value="163241" />
    <property class="BlockEntities">
      <property name="Vertices" value="239582" />
      <property name="Triangles" value="104659" />
    </property>
    <property class="ChunkMeshes0">
      <property name="Vertices" value="101697" />
      <property name="Triangles" value="54954" />
    </property>
    <property class="ChunkMeshes1">
      <property name="Vertices" value="0" />
      <property name="Triangles" value="0" />
    </property>
    <property class="ChunkMeshes2">
      <property name="Vertices" value="352" />
      <property name="Triangles" value="176" />
    </property>
    <property class="ChunkMeshes3">
      <property name="Vertices" value="1200" />
      <property name="Triangles" value="600" />
    </property>
    <property class="ChunkMeshes4">
      <property name="Vertices" value="0" />
      <property name="Triangles" value="0" />
    </property>
    <property class="ChunkMeshes5">
      <property name="Vertices" value="1640" />
      <property name="Triangles" value="2852" />
    </property>
  </property>
</prefab>