﻿<?xml version="1.0" encoding="UTF-8"?>
<prefab>
  <property name="CopyAirBlocks" value="True" />
  <property name="ExcludeDistantPOIMesh" value="False" />
  <property name="ExcludePOICulling" value="False" />
  <property name="DistantPOIYOffset" value="0" />
  <property name="AllowTopSoilDecorations" value="True" />
  <property name="DifficultyTier" value="2" />
  <property name="ShowQuestClearCount" value="1" />
  <property name="TraderArea" value="False" />
  <property name="RotationToFaceNorth" value="3" />
  <property name="Zoning" value="ResidentialOld, Rural" />
  <property name="AllowedBiomes" value="pine_forest" />
  <property name="AllowedTownships" value="rural" />
  <property name="SleeperVolumeSize" value="23, 5, 9#43, 9, 12#34, 12, 14#9, 12, 10" />
  <property name="SleeperVolumeStart" value="30, 2, 22#9, 11, 23#17, 22, 22#8, 22, 24" />
  <property name="SleeperVolumeGroupId" value="0,0,0,0" />
  <property name="SleeperVolumeGroup" value="GroupGenericZombie,5,6,GroupGenericZombie,5,6,GroupGenericZombie,5,6,GroupGenericZombie,5,6" />
  <property name="SleeperIsLootVolume" value="False,False,False,False" />
  <property name="SleeperIsQuestExclude" value="False,False,False,False" />
  <property name="SleeperVolumeFlags" value="0,0,0,0" />
  <property name="QuestTags" value="clear, fetch" />
  <property name="YOffset" value="-11" />
  <property name="EditorGroups" value="rural" />
  <property name="Tags" value="medieval, medieval60x60" />
  <property name="PrefabSize" value="60, 37, 60" />
  <property name="SleeperVolumeTriggeredBy" value=" # # # " />
  <property class="Stats">
    <property name="TotalVertices" value="307523" />
    <property name="TotalTriangles" value="160143" />
    <property class="BlockEntities">
      <property name="Vertices" value="195103" />
      <property name="Triangles" value="83234" />
    </property>
    <property class="ChunkMeshes0">
      <property name="Vertices" value="94024" />
      <property name="Triangles" value="51949" />
    </property>
    <property class="ChunkMeshes1">
      <property name="Vertices" value="0" />
      <property name="Triangles" value="0" />
    </property>
    <property class="ChunkMeshes2">
      <property name="Vertices" value="3328" />
      <property name="Triangles" value="1664" />
    </property>
    <property class="ChunkMeshes3">
      <property name="Vertices" value="2040" />
      <property name="Triangles" value="1020" />
    </property>
    <property class="ChunkMeshes4">
      <property name="Vertices" value="0" />
      <property name="Triangles" value="0" />
    </property>
    <property class="ChunkMeshes5">
      <property name="Vertices" value="13028" />
      <property name="Triangles" value="22276" />
    </property>
  </property>
  <property class="IndexedBlockOffsets">
    <property class="challenge_polymers">
      <property name="0" value="32, 18, 42" />
      <property name="1" value="34, 18, 42" />
      <property name="2" value="32, 20, 36" />
    </property>
    <property class="FetchContainer">
      <property name="0" value="36, 1, 47" />
    </property>
    <property class="POILight">
      <property name="0" value="34, 14, 45" />
    </property>
    <property class="quest_wood_trees">
      <property name="0" value="18, 11, 54" />
    </property>
  </property>
</prefab>