﻿<?xml version="1.0" encoding="UTF-8"?>
<prefab>
  <property name="CopyAirBlocks" value="True" />
  <property name="AllowTopSoilDecorations" value="True" />
  <property name="TraderArea" value="False" />
  <property name="ExcludeDistantPOIMesh" value="False" />
  <property name="ExcludePOICulling" value="False" />
  <property name="DifficultyTier" value="5" />
  <property name="RotationToFaceNorth" value="2" />
  <property name="YOffset" value="-7" />
  <property name="DistantPOIYOffset" value="0" />
  <property name="AllowedBiomes" value="pine_forest" />
  <property name="EditorGroups" value="TV_Movie_Game" />
  <property name="SleeperVolumeStart" value="12, 22, 47#12, 12, 44#12, 12, 50#4, 7, 25#8, 2, 25#12, 12, 47#12, 12, 53#12, 12, 54#12, 12, 43#16, 12, 43#23, 7, 6#25, 7, 23#33, 7, 1#0, 8, 0#17, 12, 50#14, 12, 50#18, 2, 25#15, 2, 29#15, 2, 25#43, 10, 31#0, 7, 56#42, 2, 7#4, 23, 11" />
  <property name="SleeperVolumeSize" value="7, 1, 4#7, 2, 3#2, 2, 3#18, 2, 15#7, 6, 8#7, 2, 1#7, 2, 1#7, 2, 1#4, 2, 1#3, 2, 1#17, 3, 16#18, 3, 16#20, 3, 12#65, 2, 65#2, 2, 3#3, 2, 3#4, 6, 8#1, 6, 4#1, 6, 4#21, 31, 17#12, 3, 9#21, 5, 21#19, 22, 34" />
  <property name="SleeperVolumeGroup" value="GroupGhostTown,0,0,GroupGhostTown,5,10,GroupZomBadass,4,4,GroupGenericZombie,1,1,GroupGenericZombie,5,5,zombieSpiderFeral,2,2,GroupGenericZombie,5,5,GroupGenericZombie,5,5,GroupGenericZombie,2,2,ZomBurnt,2,2,GroupGenericZombie,1,1,GroupGenericZombie,2,3,GroupGenericZombie,1,2,GroupGenericZombie,0,0,ZomUtilityWorker,4,4,ZomSpiderOnly,1,2,GroupGenericZombie,3,3,GroupGenericZombie,1,1,GroupGenericZombie,1,1,GroupZomBadassOnly,15,20,GroupGenericZombie,1,1,GroupZomBadassOnly,11,11,GroupZomBadassOnly,20,35" />
  <property name="SleeperVolumeGameStageAdjust" value=",,,,,,,,,,,,,,,,,,,,,," />
  <property name="SleeperIsLootVolume" value="False,False,False,True,True,False,False,False,False,False,True,True,True,False,False,False,False,False,False,False,False,False,False" />
  <property name="SleeperIsQuestExclude" value="False,False,False,False,False,False,False,False,False,False,False,False,False,False,False,False,False,False,False,False,False,False,False" />
  <property name="SleeperVolumeFlags" value="2,2,2,0,0,0,0,2,0,0,0,0,0,0,2,2,0,0,0,2,0,0,2" />
  <property name="SleeperVolumeGroupId" value="1,1,1,3,5,1,1,1,1,1,3,4,3,3,1,1,5,5,5,0,0,0,0" />
  <property name="ShowQuestClearCount" value="3" />
  <property name="Zoning" value="Wilderness" />
  <property name="Tags" value="wilderness, pine_forest" />
  <property name="POIMarkerSize" value="1, 1, 1#1, 1, 1" />
  <property name="POIMarkerStart" value="33, 6, -1#63, 6, 65" />
  <property name="POIMarkerGroup" value="1,2" />
  <property name="POIMarkerTags" value="#" />
  <property name="POIMarkerType" value="RoadExit,RoadExit" />
  <property name="POIMarkerPartToSpawn" value="," />
  <property name="POIMarkerPartRotations" value="2,0" />
  <property name="POIMarkerPartSpawnChance" value="1,1" />
  <property name="PrefabSize" value="65, 45, 65" />
  <property name="SleeperVolumeTriggeredBy" value=" # # # # # # # # # # # # # # # # # # # # # # " />
  <property name="QuestTags" value="pine_forest" />
  <property class="Stats">
    <property name="TotalVertices" value="2187104" />
    <property name="TotalTriangles" value="1418305" />
    <property class="BlockEntities">
      <property name="Vertices" value="1448204" />
      <property name="Triangles" value="926389" />
    </property>
    <property class="ChunkMeshes0">
      <property name="Vertices" value="721732" />
      <property name="Triangles" value="467436" />
    </property>
    <property class="ChunkMeshes1">
      <property name="Vertices" value="0" />
      <property name="Triangles" value="0" />
    </property>
    <property class="ChunkMeshes2">
      <property name="Vertices" value="2496" />
      <property name="Triangles" value="1248" />
    </property>
    <property class="ChunkMeshes3">
      <property name="Vertices" value="0" />
      <property name="Triangles" value="0" />
    </property>
    <property class="ChunkMeshes4">
      <property name="Vertices" value="0" />
      <property name="Triangles" value="0" />
    </property>
    <property class="ChunkMeshes5">
      <property name="Vertices" value="14672" />
      <property name="Triangles" value="23232" />
    </property>
  </property>
  <property class="IndexedBlockOffsets">
    <property class="quest_wood_trees">
      <property name="0" value="61, 7, 54" />
    </property>
    <property class="challenge_cars">
      <property name="0" value="50, 7, 46" />
    </property>
    <property class="challenge_steel">
      <property name="0" value="47, 25, 42" />
    </property>
    <property class="challenge_gore">
      <property name="0" value="20, 2, 32" />
    </property>
    <property class="quest_stone_boulder">
      <property name="0" value="41, 7, 31" />
    </property>
    <property class="TraderOnOff">
      <property name="0" value="47, 7, 16" />
    </property>
  </property>
</prefab>