﻿<?xml version="1.0" encoding="UTF-8"?>
<prefab>
  <property name="CopyAirBlocks" value="True" />
  <property name="AllowTopSoilDecorations" value="True" />
  <property name="TraderArea" value="False" />
  <property name="ExcludeDistantPOIMesh" value="False" />
  <property name="ExcludePOICulling" value="False" />
  <property name="DifficultyTier" value="5" />
  <property name="Zoning" value="ResidentialOld, none" />
  <property name="AllowedBiomes" value="snow,pine_forest,desert" />
  <property name="AllowedTownships" value="wilderness" />
  <property name="RotationToFaceNorth" value="2" />
  <property name="YOffset" value="-2" />
  <property name="DistantPOIYOffset" value="0" />
  <property name="EditorGroups" value="Fantasy/Space, Castle, Destroyed" />
  <property name="SleeperVolumeStart" value="31, 2, 10#11, 2, 9#37, 17, 2#16, 19, 10#16, 20, -2#21, 30, 0#16, 25, 4#3, 26, 2#8, 31, 3#2, 25, 21#5, 20, 2#4, 19, 12#4, 19, 28#2, 16, 49#17, 16, 56#17, 22, 56#4, 14, 33#22, 13, 3#18, 18, 7#26, 25, 23#24, 44, 22#24, 47, 23#52, 1, 17#46, 1, 46#8, 12, 52#24, 56, 22" />
  <property name="SleeperVolumeSize" value="21, 6, 31#20, 7, 32#18, 12, 15#22, 6, 16#21, 5, 12#15, 3, 15#18, 5, 14#13, 5, 19#8, 4, 12#15, 8, 25#10, 6, 10#12, 6, 16#15, 6, 21#15, 5, 23#29, 6, 22#29, 10, 22#5, 5, 7#8, 7, 5#3, 2, 6#10, 17, 5#15, 3, 15#15, 5, 13#31, 37, 29#37, 23, 33#3, 4, 5#15, 4, 15" />
  <property name="SleeperVolumeGroup" value="GroupZomBadass,5,6,GroupZomBadass,7,8,GroupZomBadass,9,10,GroupZomBadass,18,19,GroupZomBadass,12,13,GroupZomBadass,2,3,GroupZomBadass,8,9,GroupZomBadass,15,16,GroupZomBadass,3,4,GroupZomBadass,24,25,GroupZomBadass,5,6,GroupZomBadass,12,13,GroupZomBadass,15,16,GroupZomBadass,10,11,GroupZomBadass,15,16,GroupZomBadass,32,33,GroupZomBadass,2,3,GroupZomBadass,2,3,GroupZomBadass,1,2,GroupZomBadass,1,2,GroupZomBadass,11,12,GroupZomBadassOnly,14,15,GroupZomBadassOnly,15,19,GroupZomBadass,18,18,GroupZomBadass,1,2,GroupZomBadass,15,16" />
  <property name="SleeperVolumeGameStageAdjust" value=",,,,,,,,,,,,,,,,,,,,,,,,," />
  <property name="SleeperIsLootVolume" value="False,False,False,False,False,False,False,False,False,False,False,False,False,False,False,False,False,False,False,False,False,False,False,False,False,False" />
  <property name="SleeperIsQuestExclude" value="False,False,False,False,False,False,False,False,False,False,False,False,False,False,False,False,False,False,False,False,False,False,False,False,False,False" />
  <property name="SleeperVolumeFlags" value="0,0,0,0,0,0,0,0,0,0,0,0,0,0,0,0,0,0,0,0,0,0,0,0,0,0" />
  <property name="SleeperVolumeGroupId" value="0,0,0,0,0,0,0,0,0,0,0,0,0,0,0,0,0,0,0,0,1,0,0,0,0,1" />
  <property name="ShowQuestClearCount" value="3" />
  <property name="Tags" value="snow, wilderness" />
  <property name="PrefabSize" value="81, 58, 86" />
  <property name="SleeperVolumeTriggeredBy" value=" # # # # # # # # # # # # # # # # # # # # # # # # # " />
  <property name="QuestTags" value="snow, pine_forest, desert" />
  <property class="IndexedBlockOffsets">
    <property class="quest_wood_trees">
      <property name="0" value="76, 2, 83" />
    </property>
    <property class="quest_feather">
      <property name="0" value="79, 2, 83" />
    </property>
    <property class="challenge_gore">
      <property name="0" value="77, 2, 73" />
      <property name="1" value="77, 2, 75" />
      <property name="2" value="77, 2, 78" />
      <property name="3" value="77, 2, 79" />
      <property name="4" value="77, 2, 80" />
      <property name="5" value="78, 2, 76" />
    </property>
    <property class="TraderOnOff">
      <property name="0" value="55, 16, 76" />
    </property>
    <property class="challenge_sinks">
      <property name="0" value="43, 21, 77" />
      <property name="1" value="43, 22, 77" />
      <property name="2" value="43, 23, 77" />
    </property>
    <property class="challenge_polymers">
      <property name="0" value="76, 2, 58" />
    </property>
    <property class="challenge_mech_parts">
      <property name="0" value="69, 19, 52" />
      <property name="1" value="70, 19, 51" />
      <property name="2" value="70, 19, 52" />
    </property>
    <property class="POILight">
      <property name="0" value="67, 21, 57" />
    </property>
    <property class="challenge_leather">
      <property name="0" value="29, 49, 58" />
    </property>
    <property class="challenge_cars">
      <property name="0" value="28, 2, 39" />
    </property>
    <property class="challenge_elec_parts">
      <property name="0" value="61, 19, 51" />
    </property>
  </property>
  <property class="Stats">
    <property name="TotalVertices" value="6496322" />
    <property name="TotalTriangles" value="3261787" />
    <property class="BlockEntities">
      <property name="Vertices" value="6047655" />
      <property name="Triangles" value="3015117" />
    </property>
    <property class="ChunkMeshes0">
      <property name="Vertices" value="418267" />
      <property name="Triangles" value="214426" />
    </property>
    <property class="ChunkMeshes1">
      <property name="Vertices" value="0" />
      <property name="Triangles" value="0" />
    </property>
    <property class="ChunkMeshes2">
      <property name="Vertices" value="1016" />
      <property name="Triangles" value="508" />
    </property>
    <property class="ChunkMeshes3">
      <property name="Vertices" value="14880" />
      <property name="Triangles" value="7440" />
    </property>
    <property class="ChunkMeshes4">
      <property name="Vertices" value="0" />
      <property name="Triangles" value="0" />
    </property>
    <property class="ChunkMeshes5">
      <property name="Vertices" value="14504" />
      <property name="Triangles" value="24296" />
    </property>
  </property>
</prefab>