﻿<?xml version="1.0" encoding="UTF-8"?>
<prefab>
  <property name="CopyAirBlocks" value="True" />
  <property name="AllowTopSoilDecorations" value="True" />
  <property name="TraderArea" value="False" />
  <property name="ExcludeDistantPOIMesh" value="False" />
  <property name="ExcludePOICulling" value="False" />
  <property name="DifficultyTier" value="5" />
  <property name="Zoning" value="none" />
  <property name="AllowedBiomes" value="burnt_forest,wasteland" />
  <property name="AllowedTownships" value="wilderness" />
  <property name="RotationToFaceNorth" value="2" />
  <property name="DistantPOIYOffset" value="0" />
  <property name="StaticSpawner.Size" value="64,2,64" />
  <property name="EditorGroups" value="Castle" />
  <property name="SleeperVolumeStart" value="90, 23, 77#85, 17, 77#84, 12, 77#50, 17, 34#54, 12, 62#54, 12, 73#54, 12, 79#54, 11, 45#67, 11, 48#73, 11, 48#65, 11, 45#66, 26, 51#66, 30, 47#54, 12, 86#85, 21, 77#84, 25, 76#59, 29, 85#73, 23, 98#100, 22, 100#28, 22, 107#38, 31, 60#92, 13, 62#109, 23, 70#93, 29, 111#92, 29, 97#93, 17, 45#45, 27, 27#46, 24, 51#63, 22, 89#47, 11, 100#37, 11, 107#29, 18, 108#58, 17, 90#64, 23, 43#86, 23, 30#80, 12, 76#81, 9, 89#108, 2, 65#133, 17, 67#145, 17, 65#126, 20, 79#126, 20, 62#126, 23, 67#144, 22, 70#33, 7, 71" />
  <property name="SleeperVolumeSize" value="10, 5, 11#15, 4, 11#15, 4, 11#29, 4, 10#4, 3, 4#4, 3, 4#5, 3, 4#9, 3, 11#6, 5, 9#6, 5, 10#13, 4, 3#14, 3, 4#13, 3, 8#7, 3, 5#10, 4, 11#8, 5, 13#9, 2, 12#10, 3, 2#8, 3, 14#9, 2, 10#9, 4, 9#6, 10, 7#5, 6, 7#6, 8, 5#6, 3, 6#15, 3, 15#8, 5, 7#4, 4, 15#5, 5, 8#15, 9, 17#6, 4, 3#7, 3, 7#4, 3, 9#5, 3, 3#12, 3, 3#2, 2, 11#15, 7, 15#12, 3, 11#7, 2, 5#6, 3, 5#6, 11, 6#6, 12, 6#5, 3, 13#6, 5, 7#15, 7, 15" />
  <property name="SleeperVolumeGroup" value="GroupZomSoldier,1,2,GroupZomSoldier,2,3,GroupHospital,2,3,GroupGenericZombie,6,7,GroupZomBadass,2,2,GroupZomBadass,1,1,GroupZomBadass,1,1,GroupZomBadassOnly,5,5,GroupGenericZombie,3,3,GroupGenericZombie,3,3,GroupGenericZombie,1,2,GroupZomBadass,1,2,GroupGenericZombie,1,2,GroupGenericZombie,1,2,GroupZomSoldier,2,2,GroupGenericZombie,2,3,GroupGenericZombie,2,3,GroupGenericZombie,1,2,GroupGenericZombie,2,3,GroupGenericZombie,2,2,GroupZomSoldier,2,2,GroupZomSoldier,3,3,GroupGenericZombie,1,2,GroupGenericZombie,2,2,GroupGhostTown,1,2,GroupGenericZombie,1,1,GroupGenericZombie,2,3,GroupGenericZombie,2,2,GroupGenericZombie,4,5,GroupGenericZombie,3,4,GroupGenericZombie,1,2,GroupZomSoldier,2,3,GroupGenericZombie,1,2,GroupGenericZombie,1,1,GroupZomSoldier,2,2,GroupGhostTown,2,3,GroupZomSoldier,10,12,GroupZomSoldier,5,7,ZomHazMatOnly,1,1,GroupHospital,2,2,GroupZomSoldier,6,6,GroupZomSoldier,5,5,GroupZomSoldier,3,4,GroupZomBadassOnly,3,4,GroupGenericZombie,6,7" />
  <property name="SleeperVolumeGameStageAdjust" value=",,,,,,,,,,,,,,,,,,,,,,,,,,,,,,,,,,,,,,,,,,,," />
  <property name="SleeperIsLootVolume" value="False,False,False,False,False,False,False,False,False,False,False,False,False,False,False,False,False,False,False,False,False,False,False,False,False,False,False,False,False,False,False,False,False,False,False,False,False,False,False,False,False,False,False,False,False" />
  <property name="SleeperIsQuestExclude" value="False,False,False,False,False,False,False,False,False,False,False,False,False,False,False,False,False,False,False,False,False,False,False,False,False,False,False,False,False,False,False,False,False,False,False,False,False,False,False,False,False,False,False,False,False" />
  <property name="SleeperVolumeFlags" value="0,0,0,0,0,0,0,0,0,0,0,2,0,0,0,0,0,0,0,0,0,0,0,0,0,0,0,0,0,0,0,0,0,0,0,0,0,0,0,0,0,0,0,0,0" />
  <property name="SleeperVolumeGroupId" value="0,0,0,0,0,0,0,0,0,0,0,0,0,0,0,0,0,0,0,0,0,0,0,0,0,0,0,0,0,0,0,0,0,0,0,0,0,0,0,0,0,0,0,0,0" />
  <property name="ShowQuestClearCount" value="3" />
  <property name="Tags" value="wasteland, wilderness" />
  <property name="POIMarkerSize" value="1, 1, 1#3, 1, 1" />
  <property name="POIMarkerStart" value="105, 0, 137#101, 0, 0" />
  <property name="POIMarkerGroup" value="1,2" />
  <property name="POIMarkerTags" value="#" />
  <property name="POIMarkerType" value="RoadExit,RoadExit" />
  <property name="POIMarkerPartToSpawn" value="," />
  <property name="POIMarkerPartRotations" value="0,2" />
  <property name="POIMarkerPartSpawnChance" value="1,1" />
  <property name="PrefabSize" value="172, 43, 139" />
  <property name="SleeperVolumeTriggeredBy" value=" # # # # # # # # # # # # # # # # # # # # # # # # # # # # # # # # # # # # # # # # # # # # " />
  <property name="QuestTags" value="burnt_forest, wasteland" />
  <property class="IndexedBlockOffsets">
    <property class="quest_wood">
      <property name="0" value="170, 1, 71" />
      <property name="1" value="170, 0, 76" />
      <property name="2" value="169, 2, 77" />
      <property name="3" value="167, 1, 82" />
      <property name="4" value="167, 2, 84" />
    </property>
    <property class="quest_wood_trees">
      <property name="0" value="157, 16, 80" />
    </property>
    <property class="quest_feather">
      <property name="0" value="109, 28, 77" />
    </property>
    <property class="TraderOnOff">
      <property name="0" value="150, 17, 69" />
      <property name="1" value="150, 17, 77" />
    </property>
    <property class="challenge_pallet">
      <property name="0" value="129, 29, 85" />
      <property name="1" value="130, 29, 85" />
      <property name="2" value="131, 29, 85" />
      <property name="3" value="131, 30, 85" />
    </property>
    <property class="challenge_polymers">
      <property name="0" value="150, 31, 70" />
      <property name="1" value="150, 31, 75" />
      <property name="2" value="150, 31, 76" />
    </property>
    <property class="challenge_mech_parts">
      <property name="0" value="151, 23, 72" />
      <property name="1" value="152, 23, 73" />
    </property>
    <property class="POILight">
      <property name="0" value="152, 7, 69" />
    </property>
    <property class="challenge_steel">
      <property name="0" value="127, 23, 74" />
    </property>
    <property class="challenge_gore">
      <property name="0" value="104, 22, 107" />
      <property name="1" value="103, 22, 110" />
      <property name="2" value="103, 22, 114" />
    </property>
    <property class="challenge_sinks">
      <property name="0" value="72, 11, 54" />
      <property name="1" value="74, 11, 54" />
    </property>
    <property class="challenge_leather">
      <property name="0" value="146, 17, 71" />
      <property name="1" value="147, 17, 71" />
      <property name="2" value="148, 34, 73" />
      <property name="3" value="148, 34, 74" />
      <property name="4" value="146, 31, 77" />
    </property>
    <property class="challenge_cars">
      <property name="0" value="146, 4, 69" />
    </property>
  </property>
  <property class="Stats">
    <property name="TotalVertices" value="4249000" />
    <property name="TotalTriangles" value="1800146" />
    <property class="BlockEntities">
      <property name="Vertices" value="3523590" />
      <property name="Triangles" value="1326033" />
    </property>
    <property class="ChunkMeshes0">
      <property name="Vertices" value="629548" />
      <property name="Triangles" value="344083" />
    </property>
    <property class="ChunkMeshes1">
      <property name="Vertices" value="9960" />
      <property name="Triangles" value="4980" />
    </property>
    <property class="ChunkMeshes2">
      <property name="Vertices" value="3380" />
      <property name="Triangles" value="2298" />
    </property>
    <property class="ChunkMeshes3">
      <property name="Vertices" value="8512" />
      <property name="Triangles" value="4256" />
    </property>
    <property class="ChunkMeshes4">
      <property name="Vertices" value="0" />
      <property name="Triangles" value="0" />
    </property>
    <property class="ChunkMeshes5">
      <property name="Vertices" value="74010" />
      <property name="Triangles" value="118496" />
    </property>
  </property>
</prefab>