﻿<?xml version="1.0" encoding="UTF-8"?>
<prefab>
  <property name="CopyAirBlocks" value="True" />
  <property name="AllowTopSoilDecorations" value="True" />
  <property name="TraderArea" value="False" />
  <property name="ExcludeDistantPOIMesh" value="False" />
  <property name="ExcludePOICulling" value="False" />
  <property name="DifficultyTier" value="4" />
  <property name="Zoning" value="none" />
  <property name="AllowedBiomes" value="burnt_forest,wasteland" />
  <property name="AllowedTownships" value="wilderness" />
  <property name="RotationToFaceNorth" value="0" />
  <property name="YOffset" value="-3" />
  <property name="DistantPOIYOffset" value="0" />
  <property name="EditorGroups" value="Castle" />
  <property name="SleeperVolumeStart" value="13, 2, 24#21, 3, 28#25, 2, 19#15, 3, 2#15, 9, 3#24, 3, 11#23, 3, 16#1, 3, 8#1, 3, 19#11, 1, 13#11, 11, 13#10, 15, 11" />
  <property name="SleeperVolumeSize" value="8, 8, 15#4, 9, 5#6, 8, 12#6, 6, 10#9, 3, 9#8, 9, 5#9, 9, 3#12, 8, 11#9, 9, 7#11, 10, 11#11, 6, 11#14, 10, 15" />
  <property name="SleeperVolumeGroup" value="GroupZomBadass,4,5,GroupGenericZombie,1,2,GroupGenericZombie,7,8,GroupGenericZombie,2,4,GroupGenericZombie,1,2,GroupGenericZombie,1,3,GroupGenericZombie,2,3,GroupGenericZombie,1,1,ZomBurnt,2,2,GroupGenericZombie,4,6,GroupGenericZombie,2,3,GroupZomBadass,4,6" />
  <property name="SleeperVolumeGameStageAdjust" value=",,,,,,,,,,," />
  <property name="SleeperIsLootVolume" value="False,True,False,False,True,False,True,True,False,False,True,False" />
  <property name="SleeperIsQuestExclude" value="False,False,False,False,False,False,False,False,False,False,False,False" />
  <property name="SleeperVolumeFlags" value="0,0,0,0,0,0,0,0,0,0,0,0" />
  <property name="SleeperVolumeGroupId" value="0,0,0,0,0,0,0,0,0,0,0,0" />
  <property name="ShowQuestClearCount" value="2" />
  <property name="Tags" value="wasteland, wilderness" />
  <property name="POIMarkerSize" value="1, 1, 1" />
  <property name="POIMarkerStart" value="16, 2, 40" />
  <property name="POIMarkerGroup" value="1" />
  <property name="POIMarkerTags" value="" />
  <property name="POIMarkerType" value="RoadExit" />
  <property name="POIMarkerPartToSpawn" value="" />
  <property name="POIMarkerPartRotations" value="0" />
  <property name="POIMarkerPartSpawnChance" value="1" />
  <property name="PrefabSize" value="33, 24, 40" />
  <property name="SleeperVolumeTriggeredBy" value=" # # # # # # # # # # # " />
  <property name="QuestTags" value="wasteland, burnt_forest" />
  <property class="IndexedBlockOffsets">
    <property class="FetchContainer">
      <property name="0" value="28, 9, 20" />
    </property>
    <property class="quest_feather">
      <property name="0" value="31, 6, 20" />
      <property name="1" value="27, 9, 21" />
      <property name="2" value="30, 6, 28" />
      <property name="3" value="24, 9, 29" />
      <property name="4" value="19, 9, 31" />
    </property>
    <property class="challenge_polymers">
      <property name="0" value="19, 3, 18" />
      <property name="1" value="18, 9, 19" />
    </property>
    <property class="TraderOnOff">
      <property name="0" value="21, 23, 20" />
      <property name="1" value="19, 3, 21" />
      <property name="2" value="16, 15, 22" />
      <property name="3" value="23, 9, 31" />
    </property>
    <property class="POILight">
      <property name="0" value="19, 17, 17" />
    </property>
    <property class="challenge_mech_parts">
      <property name="0" value="12, 15, 21" />
    </property>
    <property class="challenge_leather">
      <property name="0" value="21, 19, 18" />
    </property>
    <property class="Rally">
      <property name="0" value="32, 4, 39" />
    </property>
  </property>
  <property class="Stats">
    <property name="TotalVertices" value="265093" />
    <property name="TotalTriangles" value="129321" />
    <property class="BlockEntities">
      <property name="Vertices" value="200678" />
      <property name="Triangles" value="89643" />
    </property>
    <property class="ChunkMeshes0">
      <property name="Vertices" value="49861" />
      <property name="Triangles" value="27482" />
    </property>
    <property class="ChunkMeshes1">
      <property name="Vertices" value="9856" />
      <property name="Triangles" value="4928" />
    </property>
    <property class="ChunkMeshes2">
      <property name="Vertices" value="90" />
      <property name="Triangles" value="68" />
    </property>
    <property class="ChunkMeshes3">
      <property name="Vertices" value="0" />
      <property name="Triangles" value="0" />
    </property>
    <property class="ChunkMeshes4">
      <property name="Vertices" value="0" />
      <property name="Triangles" value="0" />
    </property>
    <property class="ChunkMeshes5">
      <property name="Vertices" value="4608" />
      <property name="Triangles" value="7200" />
    </property>
  </property>
</prefab>