﻿<?xml version="1.0" encoding="UTF-8"?>
<prefab>
  <property name="CopyAirBlocks" value="True" />
  <property name="AllowTopSoilDecorations" value="True" />
  <property name="TraderArea" value="False" />
  <property name="ExcludeDistantPOIMesh" value="False" />
  <property name="ExcludePOICulling" value="False" />
  <property name="DifficultyTier" value="2" />
  <property name="RotationToFaceNorth" value="2" />
  <property name="YOffset" value="-3" />
  <property name="DistantPOIYOffset" value="0" />
  <property name="EditorGroups" value="wilderness, rural" />
  <property name="SleeperVolumeStart" value="57, 6, 31#29, 7, 59#55, 7, 35#61, 7, 24#63, 7, 63#24, 2, 6#26, 7, 15#29, 6, 84#28, 6, 78" />
  <property name="SleeperVolumeSize" value="4, 3, 2#4, 3, 2#6, 3, 2#2, 3, 2#4, 3, 2#45, 4, 66#21, 24, 41#4, 3, 2#4, 3, 2" />
  <property name="SleeperVolumeGroup" value="GroupLabWorker,1,1,ZomUtilityWorker,1,1,GroupGhostTown,1,2,ZomBusinessman,1,1,GroupGenericZombie,1,1,GroupGhostTown,9,10,GroupGhostTown,2,3,GroupGhostTown,1,1,GroupGhostTown,1,1" />
  <property name="SleeperVolumeGameStageAdjust" value=",,,,,,,," />
  <property name="SleeperIsLootVolume" value="False,False,False,False,False,False,False,False,False" />
  <property name="SleeperIsQuestExclude" value="False,False,False,False,False,False,False,False,False" />
  <property name="SleeperVolumeFlags" value="1,0,0,0,0,1,0,0,0" />
  <property name="SleeperVolumeGroupId" value="0,0,0,0,0,0,0,0,0" />
  <property name="ShowQuestClearCount" value="1" />
  <property name="Zoning" value="ResidentialOld, Rural" />
  <property name="AllowedBiomes" value="snow,pine_forest" />
  <property name="AllowedTownships" value="rural" />
  <property name="QuestTags" value="clear, fetch" />
  <property name="Tags" value="megacity, cpmegarural" />
  <property name="POIMarkerSize" value="5, 13, 3" />
  <property name="POIMarkerStart" value="65, 2, -3" />
  <property name="POIMarkerGroup" value="1" />
  <property name="POIMarkerTags" value="" />
  <property name="POIMarkerType" value="PartSpawn" />
  <property name="POIMarkerPartToSpawn" value="part_driveway_rural_02" />
  <property name="POIMarkerPartRotations" value="2" />
  <property name="POIMarkerPartSpawnChance" value="1" />
  <property name="PrefabSize" value="100, 34, 100" />
  <property name="SleeperVolumeTriggeredBy" value=" # # # # # # # # " />
  <property class="IndexedBlockOffsets">
    <property class="quest_wood_trees">
      <property name="0" value="84, 3, 58" />
    </property>
    <property class="challenge_stump">
      <property name="0" value="75, 13, 35" />
    </property>
    <property class="challenge_polymers">
      <property name="0" value="71, 7, 70" />
    </property>
    <property class="POILight">
      <property name="0" value="54, 7, 63" />
    </property>
    <property class="FetchContainer">
      <property name="0" value="67, 7, 62" />
    </property>
    <property class="TraderOnOff">
      <property name="0" value="54, 7, 36" />
      <property name="1" value="59, 7, 38" />
      <property name="2" value="58, 7, 39" />
    </property>
    <property class="challenge_gore">
      <property name="0" value="52, 2, 59" />
      <property name="1" value="52, 2, 60" />
    </property>
    <property class="challenge_mech_parts">
      <property name="0" value="69, 7, 66" />
    </property>
    <property class="quest_stone">
      <property name="0" value="52, 7, 69" />
      <property name="1" value="61, 2, 77" />
      <property name="2" value="65, 2, 81" />
    </property>
    <property class="Rally">
      <property name="0" value="35, 4, 4" />
    </property>
    <property class="quest_feather">
      <property name="0" value="76, 13, 67" />
      <property name="1" value="74, 10, 74" />
      <property name="2" value="73, 9, 77" />
    </property>
    <property class="challenge_sinks">
      <property name="0" value="60, 7, 28" />
      <property name="1" value="61, 7, 28" />
      <property name="2" value="55, 7, 30" />
      <property name="3" value="62, 7, 30" />
    </property>
    <property class="challenge_cars">
      <property name="0" value="66, 6, 22" />
    </property>
    <property class="challenge_leather">
      <property name="0" value="60, 7, 22" />
      <property name="1" value="62, 7, 22" />
    </property>
    <property class="quest_stone_boulder">
      <property name="0" value="75, 12, 71" />
    </property>
  </property>
  <property class="Stats">
    <property name="TotalVertices" value="1029053" />
    <property name="TotalTriangles" value="728339" />
    <property class="BlockEntities">
      <property name="Vertices" value="771156" />
      <property name="Triangles" value="553832" />
    </property>
    <property class="ChunkMeshes0">
      <property name="Vertices" value="159423" />
      <property name="Triangles" value="83687" />
    </property>
    <property class="ChunkMeshes1">
      <property name="Vertices" value="56064" />
      <property name="Triangles" value="28032" />
    </property>
    <property class="ChunkMeshes2">
      <property name="Vertices" value="696" />
      <property name="Triangles" value="348" />
    </property>
    <property class="ChunkMeshes3">
      <property name="Vertices" value="4704" />
      <property name="Triangles" value="2352" />
    </property>
    <property class="ChunkMeshes4">
      <property name="Vertices" value="0" />
      <property name="Triangles" value="0" />
    </property>
    <property class="ChunkMeshes5">
      <property name="Vertices" value="37010" />
      <property name="Triangles" value="60088" />
    </property>
  </property>
</prefab>