﻿<?xml version="1.0" encoding="UTF-8"?>
<prefab>
  <property name="CopyAirBlocks" value="True" />
  <property name="AllowTopSoilDecorations" value="True" />
  <property name="TraderArea" value="False" />
  <property name="ExcludeDistantPOIMesh" value="False" />
  <property name="DistantPOIYOffset" value="0" />
  <property name="ExcludePOICulling" value="False" />
  <property name="DifficultyTier" value="5" />
  <property name="YOffset" value="-10" />
  <property name="RotationToFaceNorth" value="2" />
  <property name="ShowQuestClearCount" value="1" />
  <property name="Zoning" value="none" />
  <property name="Tags" value="medieval, medieval110x110" />
  <property name="SleeperVolumeSize" value="7, 14, 6#13, 3, 8#7, 2, 2#7, 14, 8#13, 8, 9#7, 2, 3#9, 2, 2#12, 4, 6#11, 5, 8#11, 5, 10#29, 4, 14#27, 10, 50#30, 21, 51#4, 13, 21#4, 9, 25#26, 13, 10#5, 10, 25#5, 10, 21#27, 4, 13#22, 2, 32#7, 3, 4#5, 3, 6#3, 2, 5#7, 2, 3#7, 2, 3#8, 3, 3#8, 3, 4#6, 4, 3#18, 2, 33#6, 2, 6#26, 4, 10#2, 4, 6#31, 4, 7#21, 3, 12#4, 3, 6#6, 3, 8#2, 2, 10#1, 3, 6#2, 3, 9#11, 14, 9#11, 2, 15#35, 4, 15#28, 13, 51" />
  <property name="SleeperVolumeStart" value="61, 36, 37#56, 32, 36#55, 32, 39#43, 37, 36#42, 27, 36#42, 15, 39#51, 23, 39#48, 23, 39#40, 22, 35#60, 22, 34#41, 50, 33#42, 11, 43#40, 29, 44#65, 18, 44#65, 18, 72#43, 18, 93#42, 17, 73#42, 18, 45#42, 7, 10#43, 5, 36#54, 1, 67#52, 1, 51#54, 2, 62#41, 2, 63#41, 2, 67#40, 1, 50#40, 1, 42#58, 1, 41#45, 1, 43#58, 2, 78#43, 11, 34#57, 1, 72#40, 16, 37#46, 12, 89#46, 1, 38#43, 25, 65#47, 18, 64#67, 26, 66#62, 18, 64#50, 35, 36#50, 7, 14#66, 9, 94#71, 7, 43" />
  <property name="SleeperVolumeGroupId" value="0,0,0,0,0,0,0,0,0,0,4,0,0,0,0,0,0,0,0,0,0,0,0,0,0,0,0,0,0,1,0,1,0,0,0,2,2,3,3,4,0,0,0" />
  <property name="SleeperVolumeGroup" value="animalZombieVulture,3,5,GroupGenericZombie,3,3,zombiePartyGirl,1,1,GroupHospital,6,7,GroupBikerBar,4,5,zombieBurntFeral,3,5,zombieBurntFeral,5,6,GroupNightClub,3,4,GroupGenericZombie,5,6,GroupGenericZombie,5,6,GroupBikerBar,4,6,GroupGenericZombie,35,55,GroupGenericZombie,10,20,ZomBurnt,3,4,ZomBurnt,5,6,ZomBurnt,5,6,ZomBurnt,5,6,ZomBurnt,4,5,GroupGenericZombie,5,8,GroupGenericZombie,15,20,zombieBurntFeral,3,4,zombieBurntFeral,3,4,zombieBurntFeral,2,3,zombieBurntFeral,3,4,zombieBurntFeral,2,3,zombieBurntFeral,1,4,zombieBurntFeral,2,5,zombieBurntFeral,1,2,ZomBurnt,12,20,zombieBurntFeral,7,8,GroupGenericZombie,5,7,GroupGenericZombie,0,0,GroupGenericZombie,5,10,GroupHospital,2,6,zombieBurntFeral,1,2,ZomBurnt,3,4,GroupGenericZombie,0,0,ZomBurnt,4,5,GroupGenericZombie,0,0,GroupGenericZombie,0,0,GroupGenericZombie,2,3,ZomBurnt,3,8,ZomBurnt,10,14" />
  <property name="SleeperIsLootVolume" value="True,False,True,True,False,True,True,False,False,False,False,False,False,True,True,True,True,True,False,False,True,True,True,True,True,True,True,True,False,True,True,True,False,True,True,True,True,True,True,False,True,False,False" />
  <property name="SleeperIsQuestExclude" value="False,False,False,False,False,False,False,False,False,False,False,False,False,False,False,False,False,False,False,False,False,False,False,False,False,False,False,False,False,False,False,False,False,False,False,False,False,False,False,False,False,False,False" />
  <property name="SleeperVolumeFlags" value="2,0,0,0,0,2,2,0,0,0,2,0,0,0,0,0,0,0,0,0,2,2,2,2,2,2,2,2,0,2,0,2,0,0,2,2,2,2,2,2,2,0,0" />
  <property name="EditorGroups" value="commercial, downtown, rural, Wilderness" />
  <property name="PrefabSize" value="110, 55, 110" />
  <property name="QuestTags" value="clear, fetch" />
  <property name="SleeperVolumeTriggeredBy" value=" # # # # # # # # # # # # # # # # # # # # # # # # # # # # # # # # # # # # # # # # # # " />
  <property class="Stats">
    <property name="TotalVertices" value="1836806" />
    <property name="TotalTriangles" value="954613" />
    <property class="BlockEntities">
      <property name="Vertices" value="1397213" />
      <property name="Triangles" value="650797" />
    </property>
    <property class="ChunkMeshes0">
      <property name="Vertices" value="384933" />
      <property name="Triangles" value="229732" />
    </property>
    <property class="ChunkMeshes1">
      <property name="Vertices" value="6592" />
      <property name="Triangles" value="3296" />
    </property>
    <property class="ChunkMeshes2">
      <property name="Vertices" value="6280" />
      <property name="Triangles" value="3140" />
    </property>
    <property class="ChunkMeshes3">
      <property name="Vertices" value="840" />
      <property name="Triangles" value="420" />
    </property>
    <property class="ChunkMeshes4">
      <property name="Vertices" value="0" />
      <property name="Triangles" value="0" />
    </property>
    <property class="ChunkMeshes5">
      <property name="Vertices" value="40948" />
      <property name="Triangles" value="67228" />
    </property>
  </property>
  <property class="IndexedBlockOffsets">
    <property class="quest_wood_trees">
      <property name="0" value="104, 10, 104" />
    </property>
    <property class="Rally">
      <property name="0" value="36, 10, 1" />
    </property>
    <property class="quest_wood">
      <property name="0" value="29, 13, 76" />
    </property>
    <property class="challenge_gore">
      <property name="0" value="79, 9, 96" />
      <property name="1" value="83, 9, 96" />
      <property name="2" value="78, 9, 97" />
      <property name="3" value="82, 9, 97" />
      <property name="4" value="76, 9, 98" />
      <property name="5" value="80, 9, 98" />
      <property name="6" value="83, 9, 98" />
      <property name="7" value="84, 9, 98" />
      <property name="8" value="77, 9, 99" />
      <property name="9" value="79, 9, 99" />
      <property name="10" value="81, 9, 99" />
      <property name="11" value="83, 9, 99" />
    </property>
    <property class="challenge_mech_parts">
      <property name="0" value="61, 5, 53" />
    </property>
    <property class="TraderOnOff">
      <property name="0" value="96, 11, 68" />
      <property name="1" value="96, 10, 69" />
    </property>
    <property class="POILight">
      <property name="0" value="96, 12, 67" />
      <property name="1" value="96, 12, 70" />
    </property>
    <property class="challenge_sinks">
      <property name="0" value="64, 12, 94" />
    </property>
    <property class="challenge_leather">
      <property name="0" value="65, 12, 76" />
    </property>
    <property class="quest_feather">
      <property name="0" value="61, 24, 92" />
    </property>
    <property class="challenge_pallet">
      <property name="0" value="49, 24, 39" />
      <property name="1" value="44, 24, 42" />
    </property>
    <property class="challenge_steel">
      <property name="0" value="42, 11, 40" />
      <property name="1" value="49, 18, 43" />
    </property>
    <property class="FetchContainer">
      <property name="0" value="58, 26, 40" />
      <property name="1" value="62, 38, 40" />
      <property name="2" value="68, 25, 41" />
      <property name="3" value="70, 23, 41" />
      <property name="4" value="60, 5, 42" />
      <property name="5" value="60, 32, 43" />
      <property name="6" value="66, 32, 43" />
      <property name="7" value="62, 5, 54" />
    </property>
    <property class="challenge_polymers">
      <property name="0" value="65, 12, 89" />
      <property name="1" value="66, 12, 94" />
    </property>
  </property>
</prefab>