﻿<?xml version="1.0" encoding="UTF-8"?>
<prefab>
  <property name="CopyAirBlocks" value="True" />
  <property name="AllowTopSoilDecorations" value="True" />
  <property name="TraderArea" value="False" />
  <property name="ExcludeDistantPOIMesh" value="False" />
  <property name="ExcludePOICulling" value="False" />
  <property name="DifficultyTier" value="5" />
  <property name="Zoning" value="ResidentialNew, ResidentialOld, Residential" />
  <property name="RotationToFaceNorth" value="0" />
  <property name="YOffset" value="-2" />
  <property name="DistantPOIYOffset" value="0" />
  <property name="AllowedTownships" value="city,rural,town,wilderness" />
  <property name="EditorGroups" value="Wilderness" />
  <property name="SleeperVolumeStart" value="4, 1, 32#4, 1, 8#27, 2, 31#78, 1, 8#32, 2, 1#35, 8, 2#40, 14, 2#40, 19, 2" />
  <property name="SleeperVolumeSize" value="21, 5, 21#21, 5, 21#49, 3, 22#17, 7, 44#37, 6, 28#28, 6, 19#16, 4, 18#11, 3, 18" />
  <property name="SleeperVolumeGroup" value="S_-_Group_Ghost_Town,9,10,S_-_Group_Ghost_Town,9,10,S_-Group_Generic_Zombie,5,5,S_-_Group_Abandoned_House,18,22,S_-_Group_Ghost_Town,9,10,S_-_Group_Abandoned_House,5,8,S_-Group_Generic_Zombie,2,3,S_-_Group_Zom_Badass_Only,1,1" />
  <property name="SleeperVolumeGameStageAdjust" value=",,,,,,," />
  <property name="SleeperIsLootVolume" value="False,False,False,False,False,False,False,False" />
  <property name="SleeperIsBossVolume" value="False,False,False,False,False,False,False,False" />
  <property name="SleeperVolumeFlags" value="0,0,0,0,0,0,0,0" />
  <property name="SleeperVolumeGroupId" value="0,0,0,0,0,0,0,0" />
  <property name="ShowQuestClearCount" value="1" />
  <property name="SleeperIsQuestExclude" value="False,False,False,False,False,False,False,False" />
  <property name="Tags" value="wilderness" />
  <property name="PrefabSize" value="99, 26, 53" />
  <property name="SleeperVolumeTriggeredBy" value=" # # # # # # # " />
  <property name="QuestTags" value="clear, fetch, infested" />
  <property class="Stats">
    <property name="TotalVertices" value="1046994" />
    <property name="TotalTriangles" value="532339" />
    <property class="BlockEntities">
      <property name="Vertices" value="777611" />
      <property name="Triangles" value="359987" />
    </property>
    <property class="ChunkMeshes0">
      <property name="Vertices" value="199787" />
      <property name="Triangles" value="106276" />
    </property>
    <property class="ChunkMeshes1">
      <property name="Vertices" value="0" />
      <property name="Triangles" value="0" />
    </property>
    <property class="ChunkMeshes2">
      <property name="Vertices" value="6776" />
      <property name="Triangles" value="3388" />
    </property>
    <property class="ChunkMeshes3">
      <property name="Vertices" value="48498" />
      <property name="Triangles" value="39564" />
    </property>
    <property class="ChunkMeshes4">
      <property name="Vertices" value="0" />
      <property name="Triangles" value="0" />
    </property>
    <property class="ChunkMeshes5">
      <property name="Vertices" value="0" />
      <property name="Triangles" value="0" />
    </property>
    <property class="ChunkMeshes6">
      <property name="Vertices" value="14322" />
      <property name="Triangles" value="23124" />
    </property>
  </property>
  <property class="IndexedBlockOffsets">
    <property class="POILight">
      <property name="0" value="82, 2, 49" />
      <property name="1" value="86, 2, 49" />
    </property>
    <property class="TraderOnOff">
      <property name="0" value="89, 6, 29" />
      <property name="1" value="82, 6, 31" />
      <property name="2" value="84, 6, 32" />
      <property name="3" value="88, 2, 34" />
    </property>
    <property class="FetchContainer">
      <property name="0" value="48, 19, 17" />
    </property>
    <property class="quest_wood_trees">
      <property name="0" value="69, 2, 29" />
      <property name="1" value="66, 2, 38" />
    </property>
    <property class="Rally">
      <property name="0" value="49, 2, 51" />
    </property>
  </property>
</prefab>