﻿<?xml version="1.0" encoding="UTF-8"?>
<prefab>
  <property name="CopyAirBlocks" value="True" />
  <property name="AllowTopSoilDecorations" value="True" />
  <property name="TraderArea" value="False" />
  <property name="ExcludeDistantPOIMesh" value="False" />
  <property name="ExcludePOICulling" value="False" />
  <property name="DifficultyTier" value="5" />
  <property name="RotationToFaceNorth" value="2" />
  <property name="DistantPOIYOffset" value="0" />
  <property name="EditorGroups" value="Castle, Mega_structures" />
  <property name="SleeperVolumeStart" value="57, 10, 93#56, 15, 72#53, 15, 97#58, 16, 89#58, 29, 88#58, 22, 97#30, 15, 114#29, 15, 177#55, 13, 195#72, 23, 201#47, 16, 192#49, 16, 179#66, 24, 127#55, 24, 129#45, 39, 134#46, 45, 134#44, 47, 167#25, 13, 128#35, 18, 148#39, 41, 167#39, 32, 174#46, 33, 176#46, 24, 177#47, 37, 169#42, 41, 173#62, 28, 138#55, 33, 138#54, 31, 143#44, 21, 137#57, 16, 130#41, 10, 147#38, 32, 157#59, 31, 174#60, 41, 176#56, 49, 175#67, 15, 176#60, 24, 146#60, 40, 145#60, 30, 145#60, 52, 143#40, 46, 149#13, 9, 153#58, 16, 177#60, 19, 145#101, 5, 193#38, 11, 97#44, 25, 140#46, 15, 138#60, 45, 145#38, 27, 167#43, 49, 134#60, 36, 178" />
  <property name="SleeperVolumeSize" value="9, 4, 11#11, 3, 11#10, 3, 4#7, 3, 7#7, 3, 9#12, 3, 26#13, 8, 15#15, 3, 26#17, 3, 18#7, 4, 11#10, 5, 5#8, 4, 13#4, 2, 11#10, 7, 5#9, 5, 13#8, 2, 12#2, 6, 4#15, 5, 15#3, 3, 24#5, 8, 5#8, 4, 9#4, 3, 7#4, 3, 6#3, 5, 3#13, 7, 5#7, 6, 4#1, 5, 4#2, 5, 4#10, 3, 11#9, 7, 5#6, 10, 10#8, 3, 9#1, 5, 2#6, 3, 8#12, 3, 11#3, 8, 9#6, 5, 17#8, 3, 18#7, 3, 19#7, 4, 23#7, 3, 7#12, 5, 26#8, 3, 7#7, 3, 17#15, 9, 18#13, 3, 14#9, 2, 9#8, 2, 7#5, 3, 12#5, 12, 5#15, 5, 16#6, 3, 6" />
  <property name="SleeperVolumeGroup" value="GroupZomBadass,2,3,GroupZomSoldier,4,5,GroupGenericZombie,1,1,GroupGenericZombie,1,2,GroupGenericZombie,2,4,GroupGenericZombie,6,9,GroupGenericZombie,5,8,GroupGenericZombie,2,4,GroupGenericZombie,1,2,GroupGenericZombie,2,4,GroupZomBadassOnly,3,5,GroupZomBadass,7,10,GroupGenericZombie,1,2,GroupGenericZombie,2,4,ZomUtilityWorker,2,4,ZomUtilityWorker,2,3,GroupGenericZombie,2,2,GroupZomSoldier,2,2,GroupGenericZombie,2,4,GroupGenericZombie,2,4,GroupGenericZombie,1,3,GroupGenericZombie,1,1,GroupGenericZombie,2,4,GroupGenericZombie,1,1,GroupGenericZombie,3,5,GroupGenericZombie,2,4,GroupBikerBar,1,2,GroupBikerBar,1,2,GroupGenericZombie,3,5,GroupGenericZombie,1,3,GroupGenericZombie,5,7,GroupGenericZombie,2,3,GroupBikerBar,1,1,GroupGenericZombie,2,4,GroupGenericZombie,3,5,GroupGenericZombie,1,3,GroupGenericZombie,2,4,GroupGenericZombie,3,6,GroupGenericZombie,5,8,GroupZomBadass,3,5,GroupZomBadass,3,3,GroupGenericZombie,3,5,GroupGenericZombie,3,4,GroupGenericZombie,6,8,GroupGenericZombie,2,2,GroupGenericZombie,2,3,GroupGenericZombie,2,3,GroupGenericZombie,2,4,GroupGenericZombie,2,4,GroupGenericZombie,3,4,GroupGenericZombie,4,5,GroupGenericZombie,1,2" />
  <property name="SleeperVolumeGameStageAdjust" value=",,,,,,,,,,,,,,,,,,,,,,,,,,,,,,,,,,,,,,,,,,,,,,,,,,," />
  <property name="SleeperIsLootVolume" value="False,False,False,False,False,False,False,False,False,False,False,False,False,False,False,False,False,False,False,False,False,False,False,False,False,False,False,False,False,False,False,False,False,False,False,False,False,False,False,False,False,False,False,False,False,False,False,False,False,False,False,False" />
  <property name="SleeperIsQuestExclude" value="False,False,False,False,False,False,False,False,False,False,False,False,False,False,False,False,False,False,False,False,False,False,False,False,False,False,False,False,False,False,False,False,False,False,False,False,False,False,False,False,False,False,False,False,False,False,False,False,False,False,False,False" />
  <property name="SleeperVolumeFlags" value="0,0,0,0,0,0,0,0,0,0,0,0,0,0,0,0,0,0,0,0,0,0,0,0,0,0,0,0,0,0,0,0,0,0,0,0,0,0,0,0,0,0,0,0,0,0,0,0,0,0,0,0" />
  <property name="SleeperVolumeGroupId" value="0,0,0,0,0,0,0,0,0,0,0,0,0,0,0,0,0,0,0,0,0,0,0,0,0,0,0,0,0,0,0,0,0,0,0,0,0,0,0,0,0,0,0,0,0,0,0,0,0,0,0,0" />
  <property name="ShowQuestClearCount" value="3" />
  <property name="Zoning" value="none" />
  <property name="AllowedBiomes" value="pine_forest" />
  <property name="AllowedTownships" value="wilderness" />
  <property name="YOffset" value="-1" />
  <property name="Tags" value="wilderness, pine_forest" />
  <property name="POIMarkerSize" value="1, 1, 1#1, 1, 1#1, 1, 1" />
  <property name="POIMarkerStart" value="-1, 0, 57#-1, 0, 212#125, 0, 169" />
  <property name="POIMarkerGroup" value="1,2,1" />
  <property name="POIMarkerTags" value="##" />
  <property name="POIMarkerType" value="RoadExit,RoadExit,RoadExit" />
  <property name="POIMarkerPartToSpawn" value=",," />
  <property name="POIMarkerPartRotations" value="1,1,3" />
  <property name="POIMarkerPartSpawnChance" value="1,1,1" />
  <property name="PrefabSize" value="230, 72, 125" />
  <property name="SleeperVolumeTriggeredBy" value=" # # # # # # # # # # # # # # # # # # # # # # # # # # # # # # # # # # # # # # # # # # # # # # # # # # # " />
  <property name="QuestTags" value="pine_forest" />
  <property class="IndexedBlockOffsets">
    <property class="quest_stone_boulder">
      <property name="0" value="225, 1, 73" />
    </property>
    <property class="quest_wood_trees">
      <property name="0" value="225, 1, 112" />
    </property>
    <property class="quest_wood">
      <property name="0" value="102, 24, 63" />
      <property name="1" value="103, 24, 65" />
      <property name="2" value="104, 24, 61" />
    </property>
    <property class="quest_feather">
      <property name="0" value="150, 16, 52" />
      <property name="1" value="150, 16, 66" />
    </property>
    <property class="TraderOnOff">
      <property name="0" value="134, 11, 56" />
      <property name="1" value="126, 13, 62" />
      <property name="2" value="137, 16, 58" />
      <property name="3" value="139, 16, 63" />
      <property name="4" value="129, 17, 62" />
      <property name="5" value="131, 21, 61" />
      <property name="6" value="135, 21, 59" />
      <property name="7" value="140, 21, 62" />
      <property name="8" value="132, 23, 62" />
      <property name="9" value="137, 23, 64" />
      <property name="10" value="131, 25, 62" />
      <property name="11" value="139, 26, 62" />
      <property name="12" value="140, 29, 61" />
      <property name="13" value="140, 30, 62" />
    </property>
    <property class="challenge_mech_parts">
      <property name="0" value="145, 15, 59" />
    </property>
    <property class="challenge_gore">
      <property name="0" value="200, 8, 56" />
      <property name="1" value="191, 15, 56" />
      <property name="2" value="191, 15, 58" />
      <property name="3" value="194, 15, 60" />
      <property name="4" value="196, 15, 61" />
      <property name="5" value="203, 15, 57" />
    </property>
    <property class="challenge_stump">
      <property name="0" value="62, 15, 25" />
    </property>
    <property class="challenge_polymers">
      <property name="0" value="176, 15, 60" />
      <property name="1" value="179, 15, 58" />
      <property name="2" value="183, 15, 59" />
    </property>
    <property class="POILight">
      <property name="0" value="172, 1, 24" />
    </property>
    <property class="challenge_sinks">
      <property name="0" value="136, 15, 57" />
      <property name="1" value="130, 22, 58" />
      <property name="2" value="131, 22, 60" />
    </property>
    <property class="challenge_leather">
      <property name="0" value="114, 22, 60" />
      <property name="1" value="118, 22, 61" />
    </property>
    <property class="challenge_pallet">
      <property name="0" value="133, 21, 63" />
      <property name="1" value="133, 21, 64" />
    </property>
    <property class="challenge_steel">
      <property name="0" value="131, 22, 58" />
    </property>
    <property class="challenge_cars">
      <property name="0" value="175, 15, 59" />
    </property>
  </property>
  <property class="Stats">
    <property name="TotalVertices" value="5630273" />
    <property name="TotalTriangles" value="3186621" />
    <property class="BlockEntities">
      <property name="Vertices" value="4534662" />
      <property name="Triangles" value="2461254" />
    </property>
    <property class="ChunkMeshes0">
      <property name="Vertices" value="896070" />
      <property name="Triangles" value="487283" />
    </property>
    <property class="ChunkMeshes1">
      <property name="Vertices" value="0" />
      <property name="Triangles" value="0" />
    </property>
    <property class="ChunkMeshes2">
      <property name="Vertices" value="3912" />
      <property name="Triangles" value="2098" />
    </property>
    <property class="ChunkMeshes3">
      <property name="Vertices" value="73440" />
      <property name="Triangles" value="36720" />
    </property>
    <property class="ChunkMeshes4">
      <property name="Vertices" value="0" />
      <property name="Triangles" value="0" />
    </property>
    <property class="ChunkMeshes5">
      <property name="Vertices" value="122189" />
      <property name="Triangles" value="199266" />
    </property>
  </property>
</prefab>