﻿<?xml version="1.0" encoding="UTF-8"?>
<prefab>
  <property name="CopyAirBlocks" value="True" />
  <property name="AllowTopSoilDecorations" value="True" />
  <property name="TraderArea" value="False" />
  <property name="ExcludeDistantPOIMesh" value="False" />
  <property name="ExcludePOICulling" value="False" />
  <property name="QuestTags" value="clear, fetch" />
  <property name="DifficultyTier" value="1" />
  <property name="Zoning" value="Commercial" />
  <property name="RotationToFaceNorth" value="2" />
  <property name="YOffset" value="-1" />
  <property name="DistantPOIYOffset" value="0" />
  <property name="Condition" value="New" />
  <property name="AllowedBiomes" value="pine_forest" />
  <property name="AllowedTownships" value="town" />
  <property name="EditorGroups" value="commercial" />
  <property name="SleeperVolumeStart" value="-11, 1, -3#1, 1, 1#1, 1, 9" />
  <property name="SleeperVolumeSize" value="12, 3, 23#11, 3, 8#9, 7, 5" />
  <property name="SleeperVolumeGroup" value="GroupGenericZombie,1,1,GroupGenericZombie,1,1,GroupGenericZombie,2,3" />
  <property name="SleeperVolumeGameStageAdjust" value=",," />
  <property name="SleeperIsLootVolume" value="False,False,False" />
  <property name="SleeperIsQuestExclude" value="False,False,False" />
  <property name="SleeperVolumeFlags" value="0,0,0" />
  <property name="SleeperVolumeGroupId" value="0,0,0" />
  <property name="ShowQuestClearCount" value="1" />
  <property name="Tags" value="medieval, medieval25x25" />
  <property name="PrefabSize" value="13, 12, 16" />
  <property name="SleeperVolumeTriggeredBy" value=" # # " />
  <property class="IndexedBlockOffsets">
    <property class="Rally">
      <property name="0" value="1, 1, 1" />
    </property>
    <property class="quest_wood_trees">
      <property name="0" value="9, 2, 8" />
    </property>
    <property class="TraderOnOff">
      <property name="0" value="2, 1, 9" />
      <property name="1" value="8, 1, 15" />
    </property>
    <property class="FetchContainer">
      <property name="0" value="6, 1, 10" />
      <property name="1" value="2, 5, 11" />
    </property>
  </property>
  <property class="Stats">
    <property name="TotalVertices" value="71722" />
    <property name="TotalTriangles" value="31341" />
    <property class="BlockEntities">
      <property name="Vertices" value="61101" />
      <property name="Triangles" value="24536" />
    </property>
    <property class="ChunkMeshes0">
      <property name="Vertices" value="9777" />
      <property name="Triangles" value="5717" />
    </property>
    <property class="ChunkMeshes1">
      <property name="Vertices" value="0" />
      <property name="Triangles" value="0" />
    </property>
    <property class="ChunkMeshes2">
      <property name="Vertices" value="268" />
      <property name="Triangles" value="176" />
    </property>
    <property class="ChunkMeshes3">
      <property name="Vertices" value="0" />
      <property name="Triangles" value="0" />
    </property>
    <property class="ChunkMeshes4">
      <property name="Vertices" value="0" />
      <property name="Triangles" value="0" />
    </property>
    <property class="ChunkMeshes5">
      <property name="Vertices" value="576" />
      <property name="Triangles" value="912" />
    </property>
  </property>
</prefab>