﻿<?xml version="1.0" encoding="UTF-8"?>
<prefab>
  <property name="CopyAirBlocks" value="True" />
  <property name="AllowTopSoilDecorations" value="True" />
  <property name="YOffset" value="-2" />
  <property name="Zoning" value="Residential, ResidentialOld" />
  <property name="AllowedTownships" value="rural" />
  <property name="AllowedBiomes" value="snow,pine_forest" />
  <property name="ExcludeDistantPOIMesh" value="False" />
  <property name="ExcludePOICulling" value="False" />
  <property name="DistantPOIYOffset" value="0" />
  <property name="DifficultyTier" value="1" />
  <property name="TraderArea" value="False" />
  <property name="RotationToFaceNorth" value="2" />
  <property name="EditorGroups" value="rural" />
  <property name="ShowQuestClearCount" value="1" />
  <property name="SleeperVolumeSize" value="12, 9, 19" />
  <property name="SleeperVolumeStart" value="7, 2, 3" />
  <property name="SleeperVolumeGroupId" value="0" />
  <property name="SleeperVolumeGroup" value="S_-Group_Generic_Zombie,10,15" />
  <property name="SleeperIsLootVolume" value="False" />
  <property name="SleeperIsQuestExclude" value="False" />
  <property name="SleeperVolumeFlags" value="0" />
  <property name="Tags" value="medieval,medieval25x25" />
  <property name="QuestTags" value="clear,fetch" />
  <property name="PrefabSize" value="25, 19, 25" />
  <property class="Stats">
    <property name="TotalVertices" value="91101" />
    <property name="TotalTriangles" value="88093" />
    <property class="BlockEntities">
      <property name="Vertices" value="64106" />
      <property name="Triangles" value="72360" />
    </property>
    <property class="ChunkMeshes0">
      <property name="Vertices" value="23061" />
      <property name="Triangles" value="11561" />
    </property>
    <property class="ChunkMeshes1">
      <property name="Vertices" value="0" />
      <property name="Triangles" value="0" />
    </property>
    <property class="ChunkMeshes2">
      <property name="Vertices" value="736" />
      <property name="Triangles" value="368" />
    </property>
    <property class="ChunkMeshes3">
      <property name="Vertices" value="0" />
      <property name="Triangles" value="0" />
    </property>
    <property class="ChunkMeshes4">
      <property name="Vertices" value="1450" />
      <property name="Triangles" value="816" />
    </property>
    <property class="ChunkMeshes5">
      <property name="Vertices" value="24" />
      <property name="Triangles" value="12" />
    </property>
    <property class="ChunkMeshes6">
      <property name="Vertices" value="0" />
      <property name="Triangles" value="0" />
    </property>
    <property class="ChunkMeshes7">
      <property name="Vertices" value="1708" />
      <property name="Triangles" value="2968" />
    </property>
    <property class="ChunkMeshes8">
      <property name="Vertices" value="0" />
      <property name="Triangles" value="0" />
    </property>
    <property class="ChunkMeshes9">
      <property name="Vertices" value="16" />
      <property name="Triangles" value="8" />
    </property>
  </property>
  <property class="IndexedBlockOffsets">
    <property class="FetchContainer">
      <property name="0" value="12, 9, 19" />
    </property>
    <property class="Rally">
      <property name="0" value="13, 2, 1" />
    </property>
  </property>
</prefab>