﻿<?xml version="1.0" encoding="UTF-8"?>
<prefab>
  <property name="CopyAirBlocks" value="True" />
  <property name="ExcludeDistantPOIMesh" value="False" />
  <property name="ExcludePOICulling" value="False" />
  <property name="DistantPOIYOffset" value="0" />
  <property name="AllowTopSoilDecorations" value="False" />
  <property name="DifficultyTier" value="0" />
  <property name="ShowQuestClearCount" value="1" />
  <property name="TraderArea" value="False" />
  <property name="PrefabSize" value="20, 25, 20" />
  <property name="RotationToFaceNorth" value="2" />
  <property name="Zoning" value="none" />
  <property name="SleeperVolumeSize" value="10, 3, 9#13, 3, 9#15, 2, 11#15, 3, 11" />
  <property name="SleeperVolumeStart" value="5, 1, 6#3, 6, 6#3, 11, 5#3, 15, 5" />
  <property name="SleeperVolumeGroupId" value="0,0,0,0" />
  <property name="SleeperVolumeGroup" value="GroupGenericZombie,5,6,GroupGenericZombie,5,6,GroupBikerBar,5,6,GroupZomBadass,5,6" />
  <property name="SleeperIsLootVolume" value="False,False,False,False" />
  <property name="SleeperIsQuestExclude" value="False,False,False,False" />
  <property name="SleeperVolumeFlags" value="0,0,0,0" />
  <property name="YOffset" value="-1" />
  <property name="SleeperVolumeTriggeredBy" value=" # # # " />
  <property class="Stats">
    <property name="TotalVertices" value="184709" />
    <property name="TotalTriangles" value="81040" />
    <property class="BlockEntities">
      <property name="Vertices" value="150452" />
      <property name="Triangles" value="61306" />
    </property>
    <property class="ChunkMeshes0">
      <property name="Vertices" value="32611" />
      <property name="Triangles" value="17756" />
    </property>
    <property class="ChunkMeshes1">
      <property name="Vertices" value="0" />
      <property name="Triangles" value="0" />
    </property>
    <property class="ChunkMeshes2">
      <property name="Vertices" value="180" />
      <property name="Triangles" value="90" />
    </property>
    <property class="ChunkMeshes3">
      <property name="Vertices" value="536" />
      <property name="Triangles" value="268" />
    </property>
    <property class="ChunkMeshes4">
      <property name="Vertices" value="0" />
      <property name="Triangles" value="0" />
    </property>
    <property class="ChunkMeshes5">
      <property name="Vertices" value="930" />
      <property name="Triangles" value="1620" />
    </property>
  </property>
  <property class="IndexedBlockOffsets">
    <property class="quest_stone">
      <property name="0" value="17, 1, 15" />
    </property>
    <property class="quest_wood">
      <property name="0" value="18, 1, 13" />
      <property name="1" value="13, 1, 15" />
    </property>
    <property class="challenge_sinks">
      <property name="0" value="12, 11, 7" />
      <property name="1" value="10, 15, 8" />
      <property name="2" value="13, 15, 9" />
    </property>
    <property class="Rally">
      <property name="0" value="2, 1, 9" />
    </property>
    <property class="TraderOnOff">
      <property name="0" value="14, 15, 10" />
      <property name="1" value="11, 1, 14" />
    </property>
    <property class="challenge_gore">
      <property name="0" value="15, 15, 12" />
    </property>
    <property class="challenge_polymers">
      <property name="0" value="12, 15, 11" />
      <property name="1" value="12, 11, 12" />
      <property name="2" value="15, 1, 18" />
    </property>
    <property class="POILight">
      <property name="0" value="6, 8, 13" />
    </property>
    <property class="quest_wood_trees">
      <property name="0" value="17, 1, 4" />
    </property>
    <property class="challenge_mech_parts">
      <property name="0" value="13, 16, 8" />
    </property>
    <property class="FetchContainer">
      <property name="0" value="14, 16, 12" />
    </property>
    <property class="challenge_leather">
      <property name="0" value="10, 7, 13" />
      <property name="1" value="12, 11, 13" />
      <property name="2" value="13, 11, 13" />
      <property name="3" value="14, 11, 13" />
    </property>
  </property>
</prefab>