﻿<?xml version="1.0" encoding="UTF-8"?>
<prefab>
  <property name="CopyAirBlocks" value="True" />
  <property name="AllowTopSoilDecorations" value="True" />
  <property name="TraderArea" value="False" />
  <property name="ExcludeDistantPOIMesh" value="False" />
  <property name="ExcludePOICulling" value="False" />
  <property name="DifficultyTier" value="5" />
  <property name="Zoning" value="ResidentialOld, Rural" />
  <property name="AllowedBiomes" value="pine_forest" />
  <property name="AllowedTownships" value="rural" />
  <property name="RotationToFaceNorth" value="2" />
  <property name="YOffset" value="-16" />
  <property name="DistantPOIYOffset" value="0" />
  <property name="EditorGroups" value="rural" />
  <property name="SleeperVolumeStart" value="32, 32, 21#32, 27, 42#22, 27, 40#26, 27, 32#22, 27, 24#38, 27, 24#37, 27, 30#33, 17, 21#22, 17, 24#39, 17, 25#22, 17, 42#39, 17, 42#22, 22, 24#22, 22, 42#39, 22, 24#40, 22, 38#34, 22, 28#24, 22, 33#31, 22, 42#26, 17, 33#30, 17, 27#24, 35, 36#40, 32, 40#40, 32, 24#25, 32, 34#22, 32, 24#22, 32, 41#32, 32, 42#40, 17, 33#3, 29, 57#5, 17, 30#26, 17, 37#18, 17, 33#4, 16, 6#52, 16, 38#50, 16, 4#15, 16, 20#4, 16, 46#22, 16, 51#49, 4, 55#64, 1, 54" />
  <property name="SleeperVolumeSize" value="7, 3, 12#17, 3, 9#10, 4, 11#20, 3, 10#11, 4, 8#11, 3, 9#3, 4, 2#5, 4, 8#10, 3, 9#10, 3, 8#10, 3, 9#10, 3, 9#12, 3, 9#9, 3, 9#10, 3, 13#9, 3, 12#6, 3, 22#10, 3, 9#3, 3, 5#6, 3, 4#11, 5, 21#23, 2, 3#9, 2, 11#9, 3, 11#21, 3, 7#8, 2, 10#9, 2, 10#7, 3, 6#6, 3, 7#17, 22, 17#7, 5, 15#6, 3, 5#7, 3, 9#42, 6, 14#24, 4, 35#26, 4, 31#17, 3, 4#18, 3, 27#30, 4, 22#20, 5, 16#14, 3, 18" />
  <property name="SleeperVolumeGroup" value="GroupZomBadassOnly,1,1,GroupGenericZombie,2,3,ZomBusinessman,1,1,ZomBusinessman,10,15,GroupZomBadassOnly,2,3,GroupGenericZombie,1,2,GroupZomBadassOnly,1,1,ZomJanitorOnly,1,2,GroupGenericZombie,1,2,GroupZomBadass,2,3,GroupGenericZombie,1,1,ZomBusinessman,1,2,GroupZomBadass,2,3,GroupZomBadass,2,2,GroupGenericZombie,3,4,GroupGenericZombie,2,3,GroupGenericZombie,3,4,GroupGenericZombie,2,3,GroupGenericZombie,1,1,GroupGenericZombie,1,1,GroupZomBadass,8,10,GroupZomBadassOnly,10,12,GroupGenericZombie,2,3,GroupGenericZombie,1,1,GroupGenericZombie,4,5,GroupGenericZombie,2,3,GroupGenericZombie,1,2,GroupGenericZombie,1,1,GroupZomBadassOnly,1,1,GroupGenericZombie,5,6,GroupGenericZombie,2,2,GroupGenericZombie,1,1,ZomJanitorOnly,1,2,GroupGenericZombie,2,3,GroupGenericZombie,8,10,GroupGenericZombie,7,10,GroupGenericZombie,1,1,GroupGenericZombie,2,3,GroupGenericZombie,10,15,GroupZomBadassOnly,14,18,GroupZomBadassOnly,5,6" />
  <property name="SleeperVolumeGameStageAdjust" value=",,,,,,,,,,,,,,,,,,,,,,,,,,,,,,,,,,,,,,,," />
  <property name="SleeperIsLootVolume" value="False,False,False,False,False,False,False,False,False,False,False,False,False,False,False,False,False,False,False,False,False,False,False,False,False,False,False,False,False,False,False,False,False,False,False,False,False,False,False,False,False" />
  <property name="SleeperIsQuestExclude" value="False,False,False,False,False,False,False,False,False,False,False,False,False,False,False,False,False,False,False,False,False,False,False,False,False,False,False,False,False,False,False,False,False,False,False,False,False,False,False,False,False" />
  <property name="SleeperVolumeFlags" value="0,0,0,0,0,0,0,0,0,0,0,0,0,0,0,0,0,0,0,0,0,0,0,0,0,0,0,0,0,0,0,0,0,0,0,0,0,0,0,0,0" />
  <property name="SleeperVolumeGroupId" value="0,0,0,0,0,0,0,0,0,3,3,0,0,0,0,0,1,1,1,0,0,2,2,2,0,0,0,0,3,0,0,3,0,4,0,0,4,0,0,6,6" />
  <property name="ShowQuestClearCount" value="3" />
  <property name="Tags" value="rural, pine_forest" />
  <property name="PrefabSize" value="77, 51, 80" />
  <property name="SleeperVolumeTriggeredBy" value=" # # # # # # # # # # # # # # # # # # # # # # # # # # # # # # # # # # # # # # # # " />
  <property name="QuestTags" value="pine_forest" />
  <property class="IndexedBlockOffsets">
    <property class="quest_wood">
      <property name="0" value="72, 16, 61" />
      <property name="1" value="72, 16, 62" />
    </property>
    <property class="POILight">
      <property name="0" value="65, 11, 65" />
      <property name="1" value="64, 13, 58" />
      <property name="2" value="64, 13, 65" />
      <property name="3" value="57, 16, 63" />
    </property>
    <property class="quest_wood_trees">
      <property name="0" value="59, 16, 73" />
    </property>
    <property class="challenge_polymers">
      <property name="0" value="62, 48, 70" />
      <property name="1" value="66, 48, 72" />
    </property>
    <property class="challenge_stump">
      <property name="0" value="6, 16, 65" />
    </property>
    <property class="quest_feather">
      <property name="0" value="67, 48, 71" />
      <property name="1" value="68, 48, 70" />
    </property>
    <property class="challenge_sinks">
      <property name="0" value="40, 17, 58" />
    </property>
    <property class="challenge_gore">
      <property name="0" value="63, 48, 70" />
      <property name="1" value="63, 48, 71" />
      <property name="2" value="65, 48, 71" />
      <property name="3" value="68, 48, 71" />
    </property>
    <property class="challenge_mech_parts">
      <property name="0" value="65, 11, 64" />
    </property>
    <property class="challenge_leather">
      <property name="0" value="46, 17, 56" />
      <property name="1" value="47, 17, 56" />
      <property name="2" value="48, 17, 56" />
      <property name="3" value="49, 17, 54" />
      <property name="4" value="49, 17, 55" />
      <property name="5" value="49, 17, 56" />
    </property>
    <property class="TraderOnOff">
      <property name="0" value="62, 17, 38" />
      <property name="1" value="62, 17, 44" />
      <property name="2" value="62, 17, 47" />
      <property name="3" value="65, 17, 38" />
      <property name="4" value="65, 17, 45" />
      <property name="5" value="68, 17, 38" />
      <property name="6" value="68, 17, 44" />
      <property name="7" value="68, 17, 47" />
    </property>
    <property class="challenge_cars">
      <property name="0" value="53, 16, 16" />
      <property name="1" value="55, 16, 11" />
    </property>
  </property>
  <property class="Stats">
    <property name="TotalVertices" value="2654758" />
    <property name="TotalTriangles" value="1494433" />
    <property class="BlockEntities">
      <property name="Vertices" value="2122738" />
      <property name="Triangles" value="1160704" />
    </property>
    <property class="ChunkMeshes0">
      <property name="Vertices" value="465328" />
      <property name="Triangles" value="272501" />
    </property>
    <property class="ChunkMeshes1">
      <property name="Vertices" value="9920" />
      <property name="Triangles" value="4960" />
    </property>
    <property class="ChunkMeshes2">
      <property name="Vertices" value="3072" />
      <property name="Triangles" value="1536" />
    </property>
    <property class="ChunkMeshes3">
      <property name="Vertices" value="28608" />
      <property name="Triangles" value="14304" />
    </property>
    <property class="ChunkMeshes4">
      <property name="Vertices" value="0" />
      <property name="Triangles" value="0" />
    </property>
    <property class="ChunkMeshes5">
      <property name="Vertices" value="25092" />
      <property name="Triangles" value="40428" />
    </property>
  </property>
</prefab>