﻿<?xml version="1.0" encoding="UTF-8"?>
<prefab>
  <property name="CopyAirBlocks" value="True" />
  <property name="AllowTopSoilDecorations" value="True" />
  <property name="TraderArea" value="False" />
  <property name="ExcludeDistantPOIMesh" value="False" />
  <property name="ExcludePOICulling" value="False" />
  <property name="DifficultyTier" value="2" />
  <property name="RotationToFaceNorth" value="2" />
  <property name="DistantPOIYOffset" value="0" />
  <property name="StaticSpawner.Size" value="32,2,32" />
  <property name="EditorGroups" value="industrial" />
  <property name="ShowQuestClearCount" value="1" />
  <property name="Zoning" value="Industrial" />
  <property name="AllowedTownships" value="town" />
  <property name="AllowedBiomes" value="pine_forest" />
  <property name="YOffset" value="-2" />
  <property name="SleeperVolumeSize" value="17, 3, 9#8, 3, 16#16, 3, 5#5, 3, 20#11, 3, 11#13, 4, 12#14, 4, 14" />
  <property name="SleeperVolumeStart" value="2, 3, 0#0, 2, 9#8, 3, 20#19, 2, 0#8, 3, 9#7, 6, 8#7, 10, 7" />
  <property name="SleeperVolumeGroupId" value="0,0,0,0,0,0,0" />
  <property name="SleeperVolumeGroup" value="ZomBurnt,4,4,GroupGenericZombie,1,2,GroupGenericZombie,1,2,ZomBurnt,1,2,GroupGhostTown,3,3,GroupGenericZombie,3,3,GroupLabWorker,3,4" />
  <property name="SleeperIsLootVolume" value="False,False,False,False,False,False,False" />
  <property name="SleeperIsQuestExclude" value="False,False,False,False,False,False,False" />
  <property name="SleeperVolumeFlags" value="0,0,0,0,0,0,0" />
  <property name="QuestTags" value="clear, fetch" />
  <property name="Tags" value="medieval, medievalvillage, medieval25x25" />
  <property name="PrefabSize" value="25, 18, 25" />
  <property name="SleeperVolumeTriggeredBy" value=" # # # # # # " />
  <property class="Stats">
    <property name="TotalVertices" value="242856" />
    <property name="TotalTriangles" value="231216" />
    <property class="BlockEntities">
      <property name="Vertices" value="186061" />
      <property name="Triangles" value="197854" />
    </property>
    <property class="ChunkMeshes0">
      <property name="Vertices" value="52943" />
      <property name="Triangles" value="30804" />
    </property>
    <property class="ChunkMeshes1">
      <property name="Vertices" value="0" />
      <property name="Triangles" value="0" />
    </property>
    <property class="ChunkMeshes2">
      <property name="Vertices" value="104" />
      <property name="Triangles" value="84" />
    </property>
    <property class="ChunkMeshes3">
      <property name="Vertices" value="8" />
      <property name="Triangles" value="4" />
    </property>
    <property class="ChunkMeshes4">
      <property name="Vertices" value="3068" />
      <property name="Triangles" value="2134" />
    </property>
    <property class="ChunkMeshes5">
      <property name="Vertices" value="672" />
      <property name="Triangles" value="336" />
    </property>
  </property>
  <property class="IndexedBlockOffsets">
    <property class="POILight">
      <property name="0" value="20, 3, 23" />
    </property>
    <property class="Rally">
      <property name="0" value="21, 3, 0" />
    </property>
    <property class="TraderOnOff">
      <property name="0" value="15, 7, 12" />
      <property name="1" value="14, 11, 16" />
      <property name="2" value="14, 3, 17" />
    </property>
    <property class="challenge_sinks">
      <property name="0" value="18, 7, 10" />
    </property>
    <property class="FetchContainer">
      <property name="0" value="18, 12, 14" />
      <property name="1" value="17, 8, 17" />
    </property>
  </property>
</prefab>