﻿<?xml version="1.0" encoding="UTF-8"?>
<prefab>
  <property name="CopyAirBlocks" value="True" />
  <property name="AllowTopSoilDecorations" value="True" />
  <property name="TraderArea" value="False" />
  <property name="ExcludeDistantPOIMesh" value="False" />
  <property name="ExcludePOICulling" value="False" />
  <property name="QuestTags" value="clear, fetch, infested" />
  <property name="DifficultyTier" value="5" />
  <property name="Zoning" value="none" />
  <property name="RotationToFaceNorth" value="2" />
  <property name="YOffset" value="-8" />
  <property name="DistantPOIYOffset" value="0" />
  <property name="SleeperVolumeStart" value="24, 33, 63#17, 2, 68#45, 16, 63#14, 27, 26#41, 30, 54#56, 26, 64#42, 20, 70#26, 34, 35#17, 21, 43#57, 19, 19#52, 15, 25#46, 14, 11#30, 17, 16#26, 15, 32#35, 37, 31#34, 27, 45#35, 21, 45#35, 17, 51#23, 17, 51#22, 27, 53#20, 27, 46#20, 21, 37#33, 19, 21#37, 21, 33#19, 21, 50#39, 21, 28#65, 15, 50#37, 21, 52#75, 22, 26#69, 22, 64#47, 26, 13#46, 30, 12#37, 27, 30#29, 29, 34#28, 41, 43#28, 41, 36#28, 46, 34#-1, 2, 59#70, 15, 69" />
  <property name="SleeperVolumeSize" value="2, 1, 3#24, 4, 17#23, 3, 9#18, 6, 12#29, 6, 21#2, 1, 7#6, 9, 4#16, 3, 14#6, 3, 10#19, 3, 4#20, 4, 25#11, 5, 9#16, 3, 11#21, 5, 15#6, 3, 7#20, 3, 8#10, 5, 8#10, 3, 6#10, 3, 6#23, 3, 6#12, 1, 7#5, 3, 6#9, 5, 5#14, 4, 12#6, 4, 9#17, 4, 5#15, 3, 15#15, 4, 13#15, 4, 22#13, 3, 13#12, 3, 12#12, 3, 23#6, 2, 9#13, 4, 15#15, 3, 5#15, 3, 7#15, 3, 15#41, 4, 9#7, 7, 8" />
  <property name="SleeperVolumeGroup" value="GroupGenericZombie,3,3,zombieMutated,7,8,ZomLumberJack,3,4,animalZombieVulture,2,3,GroupGenericZombie,3,4,GroupGenericZombie,2,2,ZomFatCops,1,1,GroupGenericZombie,6,7,GroupBikerBar,2,3,GroupGenericZombie,3,4,GroupGenericZombie,4,5,GroupZomBadass,1,2,GroupZomSoldier,2,3,GroupGenericZombie,3,5,GroupGenericZombie,3,4,ZomJanitorOnly,3,4,GroupGenericZombie,1,1,ZomJanitorOnly,1,2,GroupGenericZombie,1,3,zombieBurnt,3,4,zombieBurnt,4,5,GroupZomSoldier,1,2,zombieLumberjack,2,3,GroupGenericZombie,2,3,ZomFatCops,1,2,GroupBikerBar,2,3,animalZombieDog,7,8,zombieMoe,2,3,zombieBurnt,5,6,zombieBurnt,3,4,GroupSpecialInfected,3,4,GroupGenericZombie,2,3,zombieBurnt,5,6,zombieLab,6,7,zombieLumberjack,4,5,GroupSpecialInfected,4,5,zombieSpider,3,4,zombieFatCop,9,10,GroupGenericZombie,1,2" />
  <property name="SleeperVolumeGameStageAdjust" value=",,,,,,,,,,,,,,,,,,,,,,,,,,,,,,,,,,,,,,,,,,," />
  <property name="SleeperIsLootVolume" value="False,False,False,False,False,False,False,False,False,False,False,False,False,False,False,False,False,False,False,False,False,False,False,False,False,False,False,False,False,False,False,False,False,False,False,False,False,False,False" />
  <property name="SleeperIsQuestExclude" value="True,False,False,False,False,False,True,False,False,False,False,False,False,False,False,False,False,False,False,False,False,False,False,False,False,False,False,False,False,False,False,False,False,False,False,False,False,False,False" />
  <property name="SleeperVolumeFlags" value="2,2,2,2,2,2,2,2,2,0,0,0,0,2,0,2,2,2,0,2,0,0,0,2,0,2,0,0,0,0,0,2,0,0,2,2,2,2,0" />
  <property name="SleeperVolumeGroupId" value="1,0,0,0,0,2,0,0,0,0,0,0,0,0,0,0,0,0,0,0,4,0,0,0,0,0,0,0,0,0,0,0,0,0,0,0,0,0,0" />
  <property name="ShowQuestClearCount" value="3" />
  <property name="PrefabSize" value="84, 48, 116" />
  <property name="SleeperVolumeTriggeredBy" value=" # # # # # # # # # # # # # # # # # # # # # # # # # # # # # # # # # # # # # # " />
  <property class="IndexedBlockOffsets">
    <property class="challenge_stump">
      <property name="0" value="78, 8, 111" />
    </property>
    <property class="quest_wood">
      <property name="0" value="78, 8, 104" />
    </property>
    <property class="quest_wood_trees">
      <property name="0" value="74, 8, 102" />
    </property>
    <property class="quest_stone">
      <property name="0" value="81, 8, 74" />
      <property name="1" value="78, 9, 75" />
      <property name="2" value="77, 8, 83" />
    </property>
    <property class="quest_feather">
      <property name="0" value="76, 14, 55" />
    </property>
    <property class="TraderOnOff">
      <property name="0" value="80, 8, 78" />
    </property>
    <property class="challenge_gore">
      <property name="0" value="82, 8, 104" />
    </property>
    <property class="challenge_polymers">
      <property name="0" value="60, 17, 90" />
    </property>
    <property class="POILight">
      <property name="0" value="60, 23, 58" />
      <property name="1" value="65, 19, 58" />
      <property name="2" value="69, 19, 58" />
      <property name="3" value="65, 18, 60" />
      <property name="4" value="72, 18, 60" />
      <property name="5" value="60, 23, 62" />
      <property name="6" value="65, 18, 64" />
      <property name="7" value="72, 18, 64" />
      <property name="8" value="65, 18, 66" />
      <property name="9" value="69, 18, 66" />
    </property>
    <property class="FetchContainer">
      <property name="0" value="59, 18, 75" />
      <property name="1" value="66, 3, 75" />
    </property>
    <property class="challenge_sinks">
      <property name="0" value="71, 16, 51" />
    </property>
    <property class="challenge_mech_parts">
      <property name="0" value="73, 22, 46" />
    </property>
    <property class="Rally">
      <property name="0" value="40, 8, 3" />
    </property>
    <property class="challenge_cars">
      <property name="0" value="63, 8, 6" />
    </property>
    <property class="challenge_leather">
      <property name="0" value="50, 21, 76" />
      <property name="1" value="51, 21, 76" />
      <property name="2" value="52, 21, 76" />
      <property name="3" value="52, 21, 77" />
      <property name="4" value="52, 21, 78" />
    </property>
    <property class="challenge_steel">
      <property name="0" value="72, 16, 46" />
    </property>
    <property class="challenge_pallet">
      <property name="0" value="47, 27, 69" />
      <property name="1" value="49, 27, 71" />
      <property name="2" value="48, 27, 72" />
    </property>
  </property>
  <property class="Stats">
    <property name="TotalVertices" value="2528563" />
    <property name="TotalTriangles" value="1174637" />
    <property class="BlockEntities">
      <property name="Vertices" value="2029916" />
      <property name="Triangles" value="863142" />
    </property>
    <property class="ChunkMeshes0">
      <property name="Vertices" value="426361" />
      <property name="Triangles" value="233347" />
    </property>
    <property class="ChunkMeshes1">
      <property name="Vertices" value="31360" />
      <property name="Triangles" value="15680" />
    </property>
    <property class="ChunkMeshes2">
      <property name="Vertices" value="1688" />
      <property name="Triangles" value="864" />
    </property>
    <property class="ChunkMeshes3">
      <property name="Vertices" value="2960" />
      <property name="Triangles" value="1480" />
    </property>
    <property class="ChunkMeshes4">
      <property name="Vertices" value="0" />
      <property name="Triangles" value="0" />
    </property>
    <property class="ChunkMeshes5">
      <property name="Vertices" value="36278" />
      <property name="Triangles" value="60124" />
    </property>
  </property>
</prefab>