﻿<?xml version="1.0" encoding="UTF-8"?>
<prefab>
  <property name="CopyAirBlocks" value="True" />
  <property name="ExcludeDistantPOIMesh" value="False" />
  <property name="ExcludePOICulling" value="False" />
  <property name="DistantPOIYOffset" value="0" />
  <property name="AllowTopSoilDecorations" value="True" />
  <property name="DifficultyTier" value="1" />
  <property name="ShowQuestClearCount" value="1" />
  <property name="TraderArea" value="False" />
  <property name="RotationToFaceNorth" value="2" />
  <property name="Zoning" value="ResidentialOld" />
  <property name="AllowedBiomes" value="burnt_forest,wasteland" />
  <property name="AllowedTownships" value="wilderness" />
  <property name="QuestTags" value="clear, fetch" />
  <property name="YOffset" value="-4" />
  <property name="EditorGroups" value="Wilderness" />
  <property name="Tags" value="medieval, medieval60x60" />
  <property name="SleeperVolumeSize" value="56, 15, 49" />
  <property name="SleeperVolumeStart" value="1, 4, 7" />
  <property name="SleeperVolumeGroupId" value="0" />
  <property name="SleeperVolumeGroup" value="GroupGenericZombie,12,15" />
  <property name="SleeperIsLootVolume" value="False" />
  <property name="SleeperIsQuestExclude" value="False" />
  <property name="SleeperVolumeFlags" value="0" />
  <property name="PrefabSize" value="60, 18, 60" />
  <property name="SleeperVolumeTriggeredBy" value=" " />
  <property class="IndexedBlockOffsets">
    <property class="POILight">
      <property name="0" value="30, 9, 16" />
    </property>
    <property class="TraderOnOff">
      <property name="0" value="29, 6, 16" />
    </property>
    <property class="quest_feather">
      <property name="0" value="23, 5, 19" />
    </property>
    <property class="quest_wood">
      <property name="0" value="40, 4, 18" />
      <property name="1" value="38, 7, 23" />
      <property name="2" value="42, 6, 26" />
    </property>
    <property class="FetchContainer">
      <property name="0" value="31, 7, 47" />
    </property>
    <property class="quest_stone">
      <property name="0" value="44, 8, 43" />
    </property>
  </property>
  <property class="Stats">
    <property name="TotalVertices" value="260298" />
    <property name="TotalTriangles" value="146725" />
    <property class="BlockEntities">
      <property name="Vertices" value="221601" />
      <property name="Triangles" value="112059" />
    </property>
    <property class="ChunkMeshes0">
      <property name="Vertices" value="22481" />
      <property name="Triangles" value="10494" />
    </property>
    <property class="ChunkMeshes1">
      <property name="Vertices" value="0" />
      <property name="Triangles" value="0" />
    </property>
    <property class="ChunkMeshes2">
      <property name="Vertices" value="0" />
      <property name="Triangles" value="0" />
    </property>
    <property class="ChunkMeshes3">
      <property name="Vertices" value="2664" />
      <property name="Triangles" value="1332" />
    </property>
    <property class="ChunkMeshes4">
      <property name="Vertices" value="0" />
      <property name="Triangles" value="0" />
    </property>
    <property class="ChunkMeshes5">
      <property name="Vertices" value="13552" />
      <property name="Triangles" value="22840" />
    </property>
  </property>
</prefab>