﻿<?xml version="1.0" encoding="UTF-8"?>
<prefab>
  <property name="CopyAirBlocks" value="True" />
  <property name="AllowTopSoilDecorations" value="True" />
  <property name="TraderArea" value="False" />
  <property name="ExcludeDistantPOIMesh" value="False" />
  <property name="ExcludePOICulling" value="False" />
  <property name="QuestTags" value="clear, fetch, infested" />
  <property name="DifficultyTier" value="1" />
  <property name="Zoning" value="Residential" />
  <property name="RotationToFaceNorth" value="2" />
  <property name="YOffset" value="-4" />
  <property name="DistantPOIYOffset" value="0" />
  <property name="AllowedBiomes" value="snow,pine_forest" />
  <property name="AllowedTownships" value="rural,town,wilderness" />
  <property name="EditorGroups" value="Wilderness, house new, house old, rural" />
  <property name="SleeperVolumeStart" value="14, 0, 15#14, 4, 15#13, 7, 14#17, 15, 14#17, 22, 13#4, 4, 5#4, 4, 31#41, 4, 15#4, 4, 15" />
  <property name="SleeperVolumeSize" value="17, 3, 16#17, 3, 16#19, 8, 19#11, 7, 19#10, 13, 20#38, 3, 10#38, 3, 10#1, 3, 16#1, 3, 16" />
  <property name="SleeperVolumeGroup" value="S_-Group_Generic_Zombie,2,3,S_-Group_Generic_Zombie,1,2,S_-Group_Generic_Zombie,2,3,S_-Group_Generic_Zombie,1,2,S_-Group_Generic_Zombie,1,2,S_-Group_Generic_Zombie,1,2,S_-Group_Generic_Zombie,1,2,S_-Group_Generic_Zombie,0,0,S_-Group_Generic_Zombie,1,2" />
  <property name="SleeperVolumeGameStageAdjust" value=",,,,,,,," />
  <property name="SleeperIsLootVolume" value="False,False,False,False,False,False,False,False,False" />
  <property name="SleeperIsQuestExclude" value="False,False,False,False,False,False,False,False,False" />
  <property name="SleeperVolumeFlags" value="0,0,0,0,0,2,2,2,2" />
  <property name="SleeperVolumeGroupId" value="0,0,0,0,0,1,2,1,2" />
  <property name="ShowQuestClearCount" value="0" />
  <property name="PrefabSize" value="45, 35, 45" />
  <property name="Tags" value="wilderness,residential,rural" />
  <property name="SleeperVolumeTriggeredBy" value=" # # # # # # # # " />
  <property class="IndexedBlockOffsets">
    <property class="POILight">
      <property name="0" value="23, 5, 14" />
    </property>
    <property class="TraderOnOff">
      <property name="0" value="22, 18, 26" />
      <property name="1" value="22, 4, 30" />
    </property>
    <property class="FetchContainer">
      <property name="0" value="25, 10, 28" />
    </property>
    <property class="Rally">
      <property name="0" value="22, 4, 5" />
    </property>
  </property>
  <property class="Stats">
    <property name="TotalVertices" value="2329248" />
    <property name="TotalTriangles" value="1086523" />
    <property class="BlockEntities">
      <property name="Vertices" value="2214497" />
      <property name="Triangles" value="1008068" />
    </property>
    <property class="ChunkMeshes0">
      <property name="Vertices" value="97221" />
      <property name="Triangles" value="60663" />
    </property>
    <property class="ChunkMeshes1">
      <property name="Vertices" value="0" />
      <property name="Triangles" value="0" />
    </property>
    <property class="ChunkMeshes2">
      <property name="Vertices" value="232" />
      <property name="Triangles" value="116" />
    </property>
    <property class="ChunkMeshes3">
      <property name="Vertices" value="11004" />
      <property name="Triangles" value="7336" />
    </property>
    <property class="ChunkMeshes4">
      <property name="Vertices" value="0" />
      <property name="Triangles" value="0" />
    </property>
    <property class="ChunkMeshes5">
      <property name="Vertices" value="0" />
      <property name="Triangles" value="0" />
    </property>
    <property class="ChunkMeshes6">
      <property name="Vertices" value="6294" />
      <property name="Triangles" value="10340" />
    </property>
  </property>
</prefab>