﻿<?xml version="1.0" encoding="UTF-8"?>
<prefab>
  <property name="CopyAirBlocks" value="True" />
  <property name="ExcludeDistantPOIMesh" value="False" />
  <property name="ExcludePOICulling" value="False" />
  <property name="DistantPOIYOffset" value="0" />
  <property name="AllowTopSoilDecorations" value="False" />
  <property name="DifficultyTier" value="1" />
  <property name="ShowQuestClearCount" value="1" />
  <property name="TraderArea" value="False" />
  <property name="RotationToFaceNorth" value="2" />
  <property name="Zoning" value="none" />
  <property name="PrefabSize" value="87, 44, 39" />
  <property name="YOffset" value="-3" />
  <property name="Tags" value="medieval, medievalvillage, medieval100x100" />
  <property name="SleeperVolumeSize" value="24, 18, 35#68, 3, 16#59, 10, 13" />
  <property name="SleeperVolumeStart" value="30, 18, 1#2, 1, 10#5, 4, 12" />
  <property name="SleeperVolumeGroupId" value="1,1,0" />
  <property name="SleeperVolumeGroup" value="GroupGenericZombie,1,2,GroupGenericZombie,0,0,GroupGhostTown,7,12" />
  <property name="SleeperIsLootVolume" value="False,False,False" />
  <property name="SleeperIsQuestExclude" value="False,False,False" />
  <property name="SleeperVolumeFlags" value="2,2,0" />
  <property name="SleeperVolumeTriggeredBy" value=" # # " />
  <property class="Stats">
    <property name="TotalVertices" value="381069" />
    <property name="TotalTriangles" value="207355" />
    <property class="BlockEntities">
      <property name="Vertices" value="49962" />
      <property name="Triangles" value="19061" />
    </property>
    <property class="ChunkMeshes0">
      <property name="Vertices" value="130733" />
      <property name="Triangles" value="77990" />
    </property>
    <property class="ChunkMeshes1">
      <property name="Vertices" value="190912" />
      <property name="Triangles" value="95456" />
    </property>
    <property class="ChunkMeshes2">
      <property name="Vertices" value="0" />
      <property name="Triangles" value="0" />
    </property>
    <property class="ChunkMeshes3">
      <property name="Vertices" value="0" />
      <property name="Triangles" value="0" />
    </property>
    <property class="ChunkMeshes4">
      <property name="Vertices" value="0" />
      <property name="Triangles" value="0" />
    </property>
    <property class="ChunkMeshes5">
      <property name="Vertices" value="9462" />
      <property name="Triangles" value="14848" />
    </property>
  </property>
  <property class="IndexedBlockOffsets">
    <property class="TraderOnOff">
      <property name="0" value="16, 4, 18" />
    </property>
  </property>
</prefab>