﻿<?xml version="1.0" encoding="UTF-8"?>
<prefab>
  <property name="CopyAirBlocks" value="False" />
  <property name="AllowTopSoilDecorations" value="False" />
  <property name="TraderArea" value="False" />
  <property name="ExcludeDistantPOIMesh" value="False" />
  <property name="Zoning" value="any" />
  <property name="DistantPOIYOffset" value="0" />
  <property name="SleeperVolumeStart" value="3, 1, 53#8, 1, 19#8, 5, 47#3, 5, 16#2, 9, 11#2, 13, 44#0, 10, 18#3, 13, 6#3, 15, 6#1, 15, 43#1, 19, 43#6, 43, 12" />
  <property name="SleeperVolumeSize" value="13, 3, 13#3, 4, 34#8, 3, 19#13, 4, 50#15, 4, 56#14, 3, 22#19, 6, 29#13, 3, 15#13, 5, 15#17, 5, 25#17, 5, 25#7, 12, 48" />
  <property name="SleeperVolumeGroup" value="GroupZomBadassOnly,3,4,DefaultMed,-1,-1,LootRoomL,-1,-1,GroupGenericZombie,5,6,GroupGenericZombie,3,4,DefaultL,-1,-1,GroupGenericZombie,3,4,GroupZomBadass,3,4,GroupGenericZombie,2,3,GroupGenericZombie,3,4,GroupGenericZombie,3,4,GroupGenericZombie,2,3" />
  <property name="SleeperVolumeGameStageAdjust" value="hard,,medium,,,,,medium,,,," />
  <property name="SleeperIsLootVolume" value="True,False,True,False,False,False,False,True,False,False,False,False" />
  <property name="ExcludePOICulling" value="False" />
  <property name="DifficultyTier" value="5" />
  <property name="QuestTags" value="clear, fetch, hidden_cache" />
  <property name="SleeperIsBossVolume" value="True,False,False,False,False,False,False,True,False,False,False,False" />
  <property name="SleeperVolumeGroupId" value="0,0,0,0,0,0,0,0,0,0,0,0" />
  <property name="SleeperVolumeFlags" value="0,0,0,0,0,0,0,0,0,0,0,0" />
  <property name="RotationToFaceNorth" value="2" />
  <property name="ShowQuestClearCount" value="1" />
  <property name="SleeperIsQuestExclude" value="False,False,False,False,False,False,False,False,False,False,False,False" />
  <property name="SleeperVolumeTriggeredBy" value=" # # # # # # # # # # # " />
  <property name="PrefabSize" value="19, 59, 70" />
  <property class="Stats">
    <property name="TotalVertices" value="412677" />
    <property name="TotalTriangles" value="171986" />
    <property class="BlockEntities">
      <property name="Vertices" value="263341" />
      <property name="Triangles" value="85885" />
    </property>
    <property class="ChunkMeshes0">
      <property name="Vertices" value="147964" />
      <property name="Triangles" value="85405" />
    </property>
    <property class="ChunkMeshes1">
      <property name="Vertices" value="0" />
      <property name="Triangles" value="0" />
    </property>
    <property class="ChunkMeshes2">
      <property name="Vertices" value="1360" />
      <property name="Triangles" value="680" />
    </property>
    <property class="ChunkMeshes3">
      <property name="Vertices" value="0" />
      <property name="Triangles" value="0" />
    </property>
    <property class="ChunkMeshes4">
      <property name="Vertices" value="0" />
      <property name="Triangles" value="0" />
    </property>
    <property class="ChunkMeshes5">
      <property name="Vertices" value="12" />
      <property name="Triangles" value="16" />
    </property>
  </property>
  <property class="IndexedBlockOffsets">
    <property class="FetchContainer">
      <property name="0" value="9, 12, 61" />
      <property name="1" value="12, 1, 64" />
      <property name="2" value="15, 6, 65" />
      <property name="3" value="9, 20, 66" />
    </property>
    <property class="TraderOnOff">
      <property name="0" value="10, 5, 58" />
      <property name="1" value="13, 1, 62" />
    </property>
    <property class="Rally">
      <property name="0" value="1, 7, 24" />
    </property>
    <property class="challenge_sinks">
      <property name="0" value="11, 1, 63" />
    </property>
    <property class="challenge_steel">
      <property name="0" value="10, 53, 55" />
    </property>
  </property>
</prefab>