﻿<?xml version="1.0" encoding="UTF-8"?>
<prefab>
  <property name="CopyAirBlocks" value="True" />
  <property name="ExcludeDistantPOIMesh" value="False" />
  <property name="ExcludePOICulling" value="False" />
  <property name="DistantPOIYOffset" value="0" />
  <property name="AllowTopSoilDecorations" value="True" />
  <property name="DifficultyTier" value="4" />
  <property name="TraderArea" value="False" />
  <property name="ShowQuestClearCount" value="2" />
  <property name="RotationToFaceNorth" value="0" />
  <property name="Zoning" value="none" />
  <property name="SleeperVolumeSize" value="9, 3, 10#14, 8, 13#19, 6, 18#7, 2, 24#14, 3, 8#8, 3, 24#14, 2, 7" />
  <property name="SleeperVolumeStart" value="6, 1, 4#3, 4, 3#0, 17, 0#17, 1, -4#3, 1, 15#-5, 1, -4#3, 1, -4" />
  <property name="SleeperVolumeGroupId" value="0,0,0,0,0,0,0" />
  <property name="SleeperVolumeGroup" value="zombieBurnt,8,9,zombieBurnt,9,10,GroupSpecialInfected,9,10,zombieSoldier,3,4,zombieSoldier,2,3,zombieSoldier,3,4,zombieSoldier,1,2" />
  <property name="SleeperIsLootVolume" value="False,False,False,False,False,False,False" />
  <property name="SleeperIsQuestExclude" value="False,False,False,False,False,False,False" />
  <property name="SleeperVolumeFlags" value="0,0,2,0,0,0,0" />
  <property name="YOffset" value="-1" />
  <property name="QuestTags" value="clear, fetch, infested" />
  <property name="PrefabSize" value="20, 33, 18" />
  <property name="SleeperVolumeTriggeredBy" value=" # # # # # # " />
  <property class="Stats">
    <property name="TotalVertices" value="302297" />
    <property name="TotalTriangles" value="142707" />
    <property class="BlockEntities">
      <property name="Vertices" value="151721" />
      <property name="Triangles" value="60089" />
    </property>
    <property class="ChunkMeshes0">
      <property name="Vertices" value="148886" />
      <property name="Triangles" value="80662" />
    </property>
    <property class="ChunkMeshes1">
      <property name="Vertices" value="0" />
      <property name="Triangles" value="0" />
    </property>
    <property class="ChunkMeshes2">
      <property name="Vertices" value="0" />
      <property name="Triangles" value="0" />
    </property>
    <property class="ChunkMeshes3">
      <property name="Vertices" value="736" />
      <property name="Triangles" value="368" />
    </property>
    <property class="ChunkMeshes4">
      <property name="Vertices" value="0" />
      <property name="Triangles" value="0" />
    </property>
    <property class="ChunkMeshes5">
      <property name="Vertices" value="954" />
      <property name="Triangles" value="1588" />
    </property>
  </property>
  <property class="IndexedBlockOffsets">
    <property class="quest_wood">
      <property name="0" value="16, 1, 14" />
    </property>
    <property class="quest_stone">
      <property name="0" value="18, 1, 15" />
    </property>
    <property class="FetchContainer">
      <property name="0" value="17, 20, 9" />
      <property name="1" value="10, 20, 16" />
    </property>
    <property class="quest_feather">
      <property name="0" value="1, 1, 15" />
    </property>
    <property class="challenge_polymers">
      <property name="0" value="14, 2, 10" />
      <property name="1" value="12, 2, 11" />
      <property name="2" value="13, 9, 12" />
    </property>
    <property class="POILight">
      <property name="0" value="12, 3, 15" />
    </property>
    <property class="challenge_gore">
      <property name="0" value="12, 9, 11" />
      <property name="1" value="17, 1, 12" />
    </property>
    <property class="Rally">
      <property name="0" value="17, 1, 16" />
    </property>
  </property>
</prefab>