﻿<?xml version="1.0" encoding="UTF-8"?>
<prefab>
  <property name="CopyAirBlocks" value="True" />
  <property name="ExcludeDistantPOIMesh" value="False" />
  <property name="ExcludePOICulling" value="False" />
  <property name="DistantPOIYOffset" value="0" />
  <property name="AllowTopSoilDecorations" value="True" />
  <property name="DifficultyTier" value="5" />
  <property name="TraderArea" value="False" />
  <property name="ShowQuestClearCount" value="3" />
  <property name="RotationToFaceNorth" value="2" />
  <property name="Zoning" value="none" />
  <property name="AllowedBiomes" value="snow" />
  <property name="AllowedTownships" value="wilderness" />
  <property name="YOffset" value="-1" />
  <property name="EditorGroups" value="Castle" />
  <property name="SleeperVolumeSize" value="6, 3, 7#10, 3, 8#46, 25, 13#43, 4, 62#26, 3, 22#30, 4, 51#30, 7, 51#30, 3, 54#9, 5, 8#19, 4, 36#19, 4, 36#19, 4, 36#19, 4, 36#10, 4, 6#3, 5, 4" />
  <property name="SleeperVolumeStart" value="36, 5, 36#26, 5, 36#4, 1, 6#6, 0, 19#5, 5, 23#12, 12, 29#12, 5, 29#12, 16, 29#27, 19, 36#12, 24, 44#12, 28, 44#12, 32, 44#12, 37, 44#31, 19, 29#27, 20, 52" />
  <property name="SleeperVolumeGroupId" value="1,1,0,0,0,0,0,0,0,0,0,0,0,0,0" />
  <property name="SleeperVolumeGroup" value="GroupGenericZombie,15,20,GroupGenericZombie,1,2,GroupGenericZombie,12,15,GroupGenericZombie,8,10,GroupGenericZombie,2,3,GroupGenericZombie,3,5,GroupGenericZombie,10,10,GroupGenericZombie,10,10,GroupGenericZombie,10,15,GroupGenericZombie,5,8,GroupGenericZombie,1,1,GroupGenericZombie,1,1,GroupGenericZombie,8,10,GroupGenericZombie,1,1,GroupGenericZombie,1,1" />
  <property name="SleeperIsLootVolume" value="True,True,False,False,False,False,False,False,False,False,False,False,False,False,False" />
  <property name="SleeperIsQuestExclude" value="False,False,False,False,False,False,False,False,False,False,False,False,False,False,False" />
  <property name="SleeperVolumeFlags" value="2,2,0,0,0,0,0,0,2,0,0,0,0,0,0" />
  <property name="Tags" value="snow, wilderness" />
  <property name="POIMarkerSize" value="2, 1, 1" />
  <property name="POIMarkerStart" value="27, 0, -1" />
  <property name="POIMarkerGroup" value="new" />
  <property name="POIMarkerTags" value="" />
  <property name="POIMarkerType" value="RoadExit" />
  <property name="POIMarkerPartToSpawn" value="" />
  <property name="POIMarkerPartRotations" value="2" />
  <property name="POIMarkerPartSpawnChance" value="1" />
  <property name="PrefabSize" value="53, 66, 85" />
  <property name="SleeperVolumeTriggeredBy" value=" # # # # # # # # # # # # # # " />
  <property name="QuestTags" value="snow" />
  <property class="Stats">
    <property name="TotalVertices" value="1069330" />
    <property name="TotalTriangles" value="507557" />
    <property class="BlockEntities">
      <property name="Vertices" value="752483" />
      <property name="Triangles" value="335346" />
    </property>
    <property class="ChunkMeshes0">
      <property name="Vertices" value="312959" />
      <property name="Triangles" value="165945" />
    </property>
    <property class="ChunkMeshes1">
      <property name="Vertices" value="0" />
      <property name="Triangles" value="0" />
    </property>
    <property class="ChunkMeshes2">
      <property name="Vertices" value="100" />
      <property name="Triangles" value="50" />
    </property>
    <property class="ChunkMeshes3">
      <property name="Vertices" value="240" />
      <property name="Triangles" value="120" />
    </property>
    <property class="ChunkMeshes4">
      <property name="Vertices" value="0" />
      <property name="Triangles" value="0" />
    </property>
    <property class="ChunkMeshes5">
      <property name="Vertices" value="3548" />
      <property name="Triangles" value="6096" />
    </property>
  </property>
  <property class="IndexedBlockOffsets">
    <property class="challenge_steel">
      <property name="0" value="43, 14, 12" />
    </property>
    <property class="TraderOnOff">
      <property name="0" value="34, 5, 44" />
      <property name="1" value="30, 17, 47" />
      <property name="2" value="34, 2, 51" />
      <property name="3" value="35, 2, 51" />
      <property name="4" value="26, 10, 53" />
      <property name="5" value="26, 17, 53" />
      <property name="6" value="26, 27, 53" />
    </property>
    <property class="challenge_mech_parts">
      <property name="0" value="21, 37, 56" />
    </property>
    <property class="challenge_polymers">
      <property name="0" value="35, 2, 46" />
      <property name="1" value="37, 17, 50" />
      <property name="2" value="29, 17, 53" />
    </property>
    <property class="POILight">
      <property name="0" value="20, 38, 57" />
      <property name="1" value="24, 15, 57" />
    </property>
    <property class="challenge_sinks">
      <property name="0" value="36, 10, 45" />
      <property name="1" value="36, 10, 50" />
      <property name="2" value="28, 17, 54" />
    </property>
    <property class="challenge_gore">
      <property name="0" value="42, 2, 39" />
      <property name="1" value="43, 2, 40" />
      <property name="2" value="42, 2, 41" />
    </property>
  </property>
</prefab>