﻿<?xml version="1.0" encoding="UTF-8"?>
<prefab>
  <property name="CopyAirBlocks" value="True" />
  <property name="AllowTopSoilDecorations" value="True" />
  <property name="TraderArea" value="False" />
  <property name="ExcludeDistantPOIMesh" value="False" />
  <property name="ExcludePOICulling" value="False" />
  <property name="QuestTags" value="clear, fetch" />
  <property name="DifficultyTier" value="1" />
  <property name="Zoning" value="Rural, ResidentialOld" />
  <property name="AllowedBiomes" value="pine_forest" />
  <property name="AllowedTownships" value="rural" />
  <property name="RotationToFaceNorth" value="2" />
  <property name="YOffset" value="-4" />
  <property name="DistantPOIYOffset" value="0" />
  <property name="Condition" value="Old" />
  <property name="Age" value="Old" />
  <property name="StaticSpawner.Size" value="32,2,32" />
  <property name="EditorGroups" value="rural" />
  <property name="SleeperVolumeStart" value="11, 4, 6#5, 1, 5#11, 5, 15#6, 8, 6#10, 12, 6" />
  <property name="SleeperVolumeSize" value="23, 4, 9#32, 3, 35#14, 2, 18#29, 4, 32#25, 4, 26" />
  <property name="SleeperVolumeGroup" value="GroupGenericZombie,1,1,ZomLumberJack,2,2,GroupGenericZombie,5,6,GroupGenericZombie,2,2,GroupGenericZombie,3,4" />
  <property name="SleeperVolumeGameStageAdjust" value=",,,,,,,,,,,,,," />
  <property name="SleeperIsLootVolume" value="False,False,False,False,False" />
  <property name="SleeperIsQuestExclude" value="False,False,False,False,False" />
  <property name="SleeperVolumeFlags" value="0,0,0,0,0" />
  <property name="SleeperVolumeGroupId" value="0,0,0,0,0" />
  <property name="ShowQuestClearCount" value="1" />
  <property name="Tags" value="medieval, medieval42x42" />
  <property name="PrefabSize" value="42, 24, 42" />
  <property name="SleeperVolumeTriggeredBy" value=" # # # # " />
  <property class="IndexedBlockOffsets">
    <property class="quest_stone">
      <property name="0" value="37, 4, 24" />
    </property>
    <property class="POILight">
      <property name="0" value="28, 8, 17" />
    </property>
    <property class="quest_wood_trees">
      <property name="0" value="40, 4, 40" />
    </property>
    <property class="TraderOnOff">
      <property name="0" value="21, 1, 29" />
      <property name="1" value="26, 1, 25" />
      <property name="2" value="21, 5, 31" />
      <property name="3" value="21, 6, 35" />
      <property name="4" value="26, 6, 30" />
      <property name="5" value="30, 6, 30" />
      <property name="6" value="32, 6, 28" />
      <property name="7" value="21, 14, 31" />
    </property>
    <property class="quest_wood">
      <property name="0" value="37, 4, 11" />
    </property>
    <property class="FetchContainer">
      <property name="0" value="24, 17, 23" />
    </property>
    <property class="quest_feather">
      <property name="0" value="24, 13, 29" />
    </property>
    <property class="Rally">
      <property name="0" value="40, 4, 1" />
    </property>
  </property>
  <property class="Stats">
    <property name="TotalVertices" value="360725" />
    <property name="TotalTriangles" value="185646" />
    <property class="BlockEntities">
      <property name="Vertices" value="293034" />
      <property name="Triangles" value="144349" />
    </property>
    <property class="ChunkMeshes0">
      <property name="Vertices" value="60277" />
      <property name="Triangles" value="31361" />
    </property>
    <property class="ChunkMeshes1">
      <property name="Vertices" value="0" />
      <property name="Triangles" value="0" />
    </property>
    <property class="ChunkMeshes2">
      <property name="Vertices" value="0" />
      <property name="Triangles" value="0" />
    </property>
    <property class="ChunkMeshes3">
      <property name="Vertices" value="1832" />
      <property name="Triangles" value="916" />
    </property>
    <property class="ChunkMeshes4">
      <property name="Vertices" value="0" />
      <property name="Triangles" value="0" />
    </property>
    <property class="ChunkMeshes5">
      <property name="Vertices" value="5582" />
      <property name="Triangles" value="9020" />
    </property>
  </property>
</prefab>