﻿<?xml version="1.0" encoding="UTF-8"?>
<prefab>
  <property name="CopyAirBlocks" value="True" />
  <property name="ExcludeDistantPOIMesh" value="False" />
  <property name="ExcludePOICulling" value="False" />
  <property name="DistantPOIYOffset" value="0" />
  <property name="AllowTopSoilDecorations" value="True" />
  <property name="DifficultyTier" value="2" />
  <property name="ShowQuestClearCount" value="1" />
  <property name="TraderArea" value="False" />
  <property name="RotationToFaceNorth" value="2" />
  <property name="Zoning" value="ResidentialOld, Residential" />
  <property name="QuestTags" value="clear,fetch" />
  <property name="YOffset" value="-2" />
  <property name="SleeperVolumeSize" value="20, 5, 17#15, 3, 16#13, 23, 13" />
  <property name="SleeperVolumeStart" value="31, 2, 29#30, 2, 9#10, 2, 16" />
  <property name="SleeperVolumeGroupId" value="0,0,0" />
  <property name="SleeperVolumeGroup" value="S_-Group_Generic_Zombie,5,8,S_-Group_Generic_Zombie,2,3,S_-Group_Generic_Zombie,12,19" />
  <property name="SleeperIsLootVolume" value="False,False,False" />
  <property name="SleeperIsQuestExclude" value="False,False,False" />
  <property name="SleeperVolumeFlags" value="0,0,0" />
  <property name="EditorGroups" value="house old" />
  <property name="Tags" value="medieval,medieval60x60" />
  <property name="PrefabSize" value="60, 36, 60" />
  <property class="Stats">
    <property name="TotalVertices" value="670662" />
    <property name="TotalTriangles" value="655673" />
    <property class="BlockEntities">
      <property name="Vertices" value="549575" />
      <property name="Triangles" value="577748" />
    </property>
    <property class="ChunkMeshes0">
      <property name="Vertices" value="102121" />
      <property name="Triangles" value="55270" />
    </property>
    <property class="ChunkMeshes1">
      <property name="Vertices" value="0" />
      <property name="Triangles" value="0" />
    </property>
    <property class="ChunkMeshes2">
      <property name="Vertices" value="32" />
      <property name="Triangles" value="16" />
    </property>
    <property class="ChunkMeshes3">
      <property name="Vertices" value="40" />
      <property name="Triangles" value="20" />
    </property>
    <property class="ChunkMeshes4">
      <property name="Vertices" value="2031" />
      <property name="Triangles" value="1627" />
    </property>
    <property class="ChunkMeshes5">
      <property name="Vertices" value="4320" />
      <property name="Triangles" value="2160" />
    </property>
    <property class="ChunkMeshes6">
      <property name="Vertices" value="0" />
      <property name="Triangles" value="0" />
    </property>
    <property class="ChunkMeshes7">
      <property name="Vertices" value="9256" />
      <property name="Triangles" value="15552" />
    </property>
    <property class="ChunkMeshes8">
      <property name="Vertices" value="3251" />
      <property name="Triangles" value="3262" />
    </property>
    <property class="ChunkMeshes9">
      <property name="Vertices" value="36" />
      <property name="Triangles" value="18" />
    </property>
  </property>
  <property class="IndexedBlockOffsets">
    <property class="Rally">
      <property name="0" value="0, 2, 0" />
    </property>
    <property class="FetchContainer">
      <property name="0" value="44, 2, 36" />
      <property name="1" value="34, 2, 38" />
      <property name="2" value="43, 2, 41" />
      <property name="3" value="36, 2, 43" />
    </property>
    <property class="POILight">
      <property name="0" value="46, 6, 36" />
      <property name="1" value="46, 6, 39" />
    </property>
    <property class="quest_stone">
      <property name="0" value="37, 2, 15" />
      <property name="1" value="39, 2, 15" />
      <property name="2" value="35, 2, 16" />
      <property name="3" value="36, 3, 19" />
    </property>
  </property>
</prefab>