﻿<?xml version="1.0" encoding="UTF-8"?>
<prefab>
  <property name="CopyAirBlocks" value="True" />
  <property name="ExcludeDistantPOIMesh" value="False" />
  <property name="ExcludePOICulling" value="False" />
  <property name="DistantPOIYOffset" value="0" />
  <property name="AllowTopSoilDecorations" value="True" />
  <property name="DifficultyTier" value="3" />
  <property name="ShowQuestClearCount" value="2" />
  <property name="TraderArea" value="False" />
  <property name="RotationToFaceNorth" value="2" />
  <property name="Zoning" value="ResidentialOld" />
  <property name="QuestTags" value="clear, fetch" />
  <property name="YOffset" value="-2" />
  <property name="EditorGroups" value="rural" />
  <property name="Tags" value="medieval, medieval42x42" />
  <property name="SleeperVolumeSize" value="24, 11, 13#39, 4, 10#5, 3, 33#26, 3, 15#26, 4, 5#32, 3, 18" />
  <property name="SleeperVolumeStart" value="16, 2, 10#0, 2, 0#5, 7, 5#11, 3, 23#11, 8, 33#5, 13, 20" />
  <property name="SleeperVolumeGroupId" value="0,0,0,0,0,0" />
  <property name="SleeperVolumeGroup" value="GroupGenericZombie,1,2,GroupGenericZombie,2,2,GroupGenericZombie,4,6,GroupGenericZombie,10,14,GroupGenericZombie,2,4,GroupGenericZombie,12,17" />
  <property name="SleeperIsLootVolume" value="False,False,False,False,False,False" />
  <property name="SleeperIsQuestExclude" value="False,False,False,False,False,False" />
  <property name="SleeperVolumeFlags" value="0,0,0,0,0,0" />
  <property name="PrefabSize" value="42, 25, 42" />
  <property name="SleeperVolumeTriggeredBy" value=" # # # # # " />
  <property class="Stats">
    <property name="TotalVertices" value="483459" />
    <property name="TotalTriangles" value="194161" />
    <property class="BlockEntities">
      <property name="Vertices" value="386329" />
      <property name="Triangles" value="136496" />
    </property>
    <property class="ChunkMeshes0">
      <property name="Vertices" value="91782" />
      <property name="Triangles" value="49697" />
    </property>
    <property class="ChunkMeshes1">
      <property name="Vertices" value="0" />
      <property name="Triangles" value="0" />
    </property>
    <property class="ChunkMeshes2">
      <property name="Vertices" value="432" />
      <property name="Triangles" value="216" />
    </property>
    <property class="ChunkMeshes3">
      <property name="Vertices" value="0" />
      <property name="Triangles" value="0" />
    </property>
    <property class="ChunkMeshes4">
      <property name="Vertices" value="0" />
      <property name="Triangles" value="0" />
    </property>
    <property class="ChunkMeshes5">
      <property name="Vertices" value="4916" />
      <property name="Triangles" value="7752" />
    </property>
  </property>
  <property class="IndexedBlockOffsets">
    <property class="POILight">
      <property name="0" value="26, 5, 7" />
    </property>
    <property class="challenge_polymers">
      <property name="0" value="21, 18, 21" />
      <property name="1" value="21, 19, 21" />
      <property name="2" value="22, 3, 24" />
      <property name="3" value="24, 3, 24" />
      <property name="4" value="25, 3, 24" />
      <property name="5" value="26, 4, 24" />
      <property name="6" value="26, 5, 24" />
      <property name="7" value="35, 15, 24" />
      <property name="8" value="34, 8, 34" />
      <property name="9" value="23, 8, 36" />
      <property name="10" value="31, 9, 36" />
    </property>
    <property class="challenge_mech_parts">
      <property name="0" value="22, 4, 35" />
    </property>
    <property class="challenge_sinks">
      <property name="0" value="25, 13, 24" />
      <property name="1" value="26, 13, 24" />
      <property name="2" value="35, 13, 31" />
      <property name="3" value="35, 13, 32" />
    </property>
    <property class="FetchContainer">
      <property name="0" value="34, 3, 24" />
      <property name="1" value="35, 18, 29" />
    </property>
    <property class="challenge_pallet">
      <property name="0" value="11, 3, 24" />
      <property name="1" value="11, 4, 24" />
      <property name="2" value="11, 3, 27" />
    </property>
    <property class="challenge_leather">
      <property name="0" value="9, 13, 25" />
      <property name="1" value="6, 13, 34" />
    </property>
    <property class="TraderOnOff">
      <property name="0" value="25, 13, 25" />
    </property>
    <property class="challenge_steel">
      <property name="0" value="30, 10, 36" />
    </property>
    <property class="Rally">
      <property name="0" value="41, 2, 0" />
    </property>
  </property>
</prefab>