﻿<?xml version="1.0" encoding="UTF-8"?>
<prefab>
  <property name="CopyAirBlocks" value="True" />
  <property name="AllowTopSoilDecorations" value="True" />
  <property name="TraderArea" value="False" />
  <property name="ExcludeDistantPOIMesh" value="False" />
  <property name="ExcludePOICulling" value="False" />
  <property name="DifficultyTier" value="5" />
  <property name="RotationToFaceNorth" value="2" />
  <property name="YOffset" value="-4" />
  <property name="Zoning" value="downtown" />
  <property name="AllowedBiomes" value="snow,desert" />
  <property name="AllowedTownships" value="city" />
  <property name="DistantPOIYOffset" value="0" />
  <property name="SleeperVolumeStart" value="41, 4, 39#34, 4, 60#31, 4, 35#40, 4, 31#59, 4, 39#32, 6, 18#34, 11, 18#24, 6, 13#18, 6, 18#15, 21, 16#10, 28, 13#18, 6, 31#17, 2, 36#17, 11, 32#17, 6, 53#17, 5, 63#24, 6, 77#17, 6, 75#22, 11, 76#54, 5, 76#65, 5, 76#76, 5, 55#77, 12, 54#55, 12, 77#77, 5, 39#71, 0, 19#67, 5, 17#55, 5, 18#76, 10, 29#68, 10, 17" />
  <property name="SleeperVolumeSize" value="18, 8, 19#31, 3, 8#8, 9, 24#25, 3, 7#9, 3, 21#12, 3, 5#11, 3, 7#7, 3, 11#6, 3, 13#8, 6, 8#17, 5, 15#5, 3, 13#6, 2, 8#7, 3, 13#7, 9, 9#6, 9, 4#22, 3, 6#6, 4, 8#24, 3, 7#10, 4, 7#9, 3, 7#5, 3, 27#5, 3, 22#19, 3, 6#4, 3, 7#15, 3, 11#8, 4, 6#10, 9, 5#6, 4, 16#14, 3, 10" />
  <property name="SleeperVolumeGroup" value="GroupGenericZombie,3,4,GroupGenericZombie,3,3,GroupGenericZombie,2,3,GroupGenericZombie,3,3,GroupZomBadass,1,1,GroupGenericZombie,1,1,GroupZomBadass,1,1,GroupZomSoldier,1,1,ZomBusinessman,1,1,GroupGenericZombie,2,2,GroupZomBadass,5,6,GroupGenericZombie,1,1,GroupLabWorker,2,3,GroupGenericZombie,2,3,GroupGenericZombie,2,3,GroupGenericZombie,2,2,GroupGenericZombie,5,5,ZomUtilityWorker,1,1,GroupZomBadass,9,10,GroupGenericZombie,1,1,GroupGenericZombie,2,2,GroupGenericZombie,3,3,GroupBikerBar,4,4,GroupZomBadass,6,6,ZomFatCops,1,1,ZomFatCops,2,3,GroupZomBadassOnly,2,2,ZomBusinessman,3,3,GroupZomBadass,3,4,GroupLabWorker,2,2" />
  <property name="SleeperVolumeGameStageAdjust" value=",,,,,,,,,,,,,,,,,,,,,,,,,,,,," />
  <property name="SleeperIsLootVolume" value="False,False,False,False,False,False,False,False,False,False,False,False,False,False,False,False,False,False,False,False,False,False,False,False,False,False,False,False,False,False" />
  <property name="SleeperIsQuestExclude" value="False,False,False,False,False,False,False,False,False,False,False,False,False,False,False,False,False,False,False,False,False,False,False,False,False,False,False,False,False,False" />
  <property name="SleeperVolumeFlags" value="0,0,0,0,0,0,0,0,0,0,0,0,0,0,0,0,0,0,0,0,0,0,0,0,0,0,0,0,0,0" />
  <property name="SleeperVolumeGroupId" value="0,0,0,0,0,0,0,0,0,0,0,0,0,0,0,0,0,0,0,0,0,0,0,0,0,0,0,0,0,0" />
  <property name="ShowQuestClearCount" value="3" />
  <property name="EditorGroups" value="downtown" />
  <property name="Tags" value="megacity, cpmegacommercial" />
  <property name="QuestTags" value="clear, fetch" />
  <property name="PrefabSize" value="100, 37, 100" />
  <property name="SleeperVolumeTriggeredBy" value=" # # # # # # # # # # # # # # # # # # # # # # # # # # # # # " />
  <property class="IndexedBlockOffsets">
    <property class="challenge_polymers">
      <property name="0" value="83, 4, 82" />
      <property name="1" value="85, 4, 82" />
      <property name="2" value="83, 4, 83" />
      <property name="3" value="85, 4, 86" />
    </property>
    <property class="POILight">
      <property name="0" value="77, 10, 66" />
      <property name="1" value="80, 10, 66" />
      <property name="2" value="68, 7, 67" />
      <property name="3" value="67, 7, 68" />
      <property name="4" value="77, 10, 68" />
      <property name="5" value="77, 10, 70" />
      <property name="6" value="80, 10, 70" />
      <property name="7" value="77, 10, 72" />
      <property name="8" value="80, 10, 72" />
      <property name="9" value="80, 10, 73" />
      <property name="10" value="77, 10, 75" />
      <property name="11" value="80, 10, 75" />
      <property name="12" value="73, 10, 77" />
      <property name="13" value="67, 10, 79" />
      <property name="14" value="70, 10, 79" />
      <property name="15" value="70, 13, 80" />
      <property name="16" value="73, 10, 81" />
    </property>
    <property class="challenge_leather">
      <property name="0" value="79, 5, 67" />
      <property name="1" value="80, 5, 67" />
      <property name="2" value="73, 12, 80" />
      <property name="3" value="73, 12, 81" />
    </property>
    <property class="challenge_mech_parts">
      <property name="0" value="69, 12, 81" />
    </property>
    <property class="quest_wood">
      <property name="0" value="75, 4, 66" />
      <property name="1" value="75, 4, 67" />
      <property name="2" value="75, 4, 68" />
      <property name="3" value="75, 4, 69" />
      <property name="4" value="75, 4, 70" />
      <property name="5" value="75, 4, 74" />
      <property name="6" value="66, 4, 75" />
      <property name="7" value="68, 4, 75" />
      <property name="8" value="70, 4, 75" />
      <property name="9" value="71, 4, 75" />
      <property name="10" value="72, 4, 75" />
      <property name="11" value="73, 4, 75" />
      <property name="12" value="74, 4, 75" />
    </property>
    <property class="challenge_gore">
      <property name="0" value="77, 13, 66" />
      <property name="1" value="77, 13, 68" />
      <property name="2" value="77, 13, 70" />
      <property name="3" value="77, 13, 72" />
      <property name="4" value="77, 13, 74" />
      <property name="5" value="78, 13, 74" />
    </property>
    <property class="FetchContainer">
      <property name="0" value="72, 12, 81" />
    </property>
    <property class="TraderOnOff">
      <property name="0" value="76, 5, 72" />
      <property name="1" value="79, 12, 76" />
      <property name="2" value="80, 5, 76" />
      <property name="3" value="68, 12, 79" />
      <property name="4" value="74, 12, 79" />
    </property>
    <property class="challenge_sinks">
      <property name="0" value="80, 12, 67" />
      <property name="1" value="80, 12, 69" />
      <property name="2" value="80, 12, 71" />
      <property name="3" value="80, 12, 73" />
      <property name="4" value="75, 5, 77" />
      <property name="5" value="79, 5, 77" />
      <property name="6" value="73, 17, 79" />
      <property name="7" value="78, 17, 79" />
    </property>
    <property class="Rally">
      <property name="0" value="49, 4, 14" />
    </property>
    <property class="challenge_stump">
      <property name="0" value="36, 4, 43" />
      <property name="1" value="36, 4, 47" />
    </property>
    <property class="quest_wood_trees">
      <property name="0" value="37, 5, 45" />
    </property>
    <property class="quest_feather">
      <property name="0" value="52, 7, 36" />
    </property>
  </property>
  <property class="Stats">
    <property name="TotalVertices" value="2771008" />
    <property name="TotalTriangles" value="1458105" />
    <property class="BlockEntities">
      <property name="Vertices" value="2114737" />
      <property name="Triangles" value="1024134" />
    </property>
    <property class="ChunkMeshes0">
      <property name="Vertices" value="599045" />
      <property name="Triangles" value="387945" />
    </property>
    <property class="ChunkMeshes1">
      <property name="Vertices" value="37696" />
      <property name="Triangles" value="18848" />
    </property>
    <property class="ChunkMeshes2">
      <property name="Vertices" value="3656" />
      <property name="Triangles" value="1846" />
    </property>
    <property class="ChunkMeshes3">
      <property name="Vertices" value="144" />
      <property name="Triangles" value="72" />
    </property>
    <property class="ChunkMeshes4">
      <property name="Vertices" value="0" />
      <property name="Triangles" value="0" />
    </property>
    <property class="ChunkMeshes5">
      <property name="Vertices" value="15730" />
      <property name="Triangles" value="25260" />
    </property>
  </property>
</prefab>