﻿<?xml version="1.0" encoding="UTF-8"?>
<prefab>
  <property name="CopyAirBlocks" value="True" />
  <property name="ExcludeDistantPOIMesh" value="False" />
  <property name="ExcludePOICulling" value="False" />
  <property name="DistantPOIYOffset" value="0" />
  <property name="AllowTopSoilDecorations" value="True" />
  <property name="DifficultyTier" value="5" />
  <property name="TraderArea" value="False" />
  <property name="RotationToFaceNorth" value="2" />
  <property name="EditorGroups" value="rural" />
  <property name="ShowQuestClearCount" value="1" />
  <property name="Zoning" value="none" />
  <property name="SleeperVolumeSize" value="48, 3, 23#20, 3, 13#16, 3, 13#48, 3, 11#11, 4, 13#12, 12, 12#14, 3, 14#14, 6, 16#14, 6, 16#1, 1, 16#52, 2, 1#1, 2, 50#51, 2, 1#1, 2, 49" />
  <property name="SleeperVolumeStart" value="-6, 1, -19#22, 1, 4#-6, 1, 4#-6, 1, 17#10, 1, 4#10, 5, 5#9, 17, 4#9, 20, 4#9, 26, 3#16, 37, 3#-8, 1, -21#-8, 1, -20#-7, 1, 29#43, 1, -20" />
  <property name="SleeperVolumeGroupId" value="0,0,0,0,0,0,0,0,0,1,1,1,1,1" />
  <property name="SleeperVolumeGroup" value="GroupGenericZombie,10,12,GroupGenericZombie,2,3,GroupGenericZombie,3,4,GroupGenericZombie,2,3,GroupGenericZombie,5,6,GroupGenericZombie,12,15,GroupGenericZombie,7,9,GroupGenericZombie,13,16,GroupGenericZombie,6,8,ZomBurnt,10,12,ZomBurnt,0,0,ZomBurnt,0,0,ZomBurnt,0,0,ZomBurnt,0,0" />
  <property name="SleeperIsLootVolume" value="False,False,False,False,False,False,False,False,False,False,False,False,False,False" />
  <property name="SleeperIsQuestExclude" value="False,False,False,False,False,False,False,False,False,False,False,False,False,False" />
  <property name="SleeperVolumeFlags" value="0,0,0,0,0,0,0,0,0,2,2,2,2,2" />
  <property name="YOffset" value="-1" />
  <property name="QuestTags" value="clear, fetch" />
  <property name="SleeperVolumeTriggeredBy" value=" # # # # # # # # # # # # # " />
  <property name="PrefabSize" value="32, 42, 24" />
  <property class="Stats">
    <property name="TotalVertices" value="253293" />
    <property name="TotalTriangles" value="173544" />
    <property class="BlockEntities">
      <property name="Vertices" value="101835" />
      <property name="Triangles" value="78061" />
    </property>
    <property class="ChunkMeshes0">
      <property name="Vertices" value="141106" />
      <property name="Triangles" value="88067" />
    </property>
    <property class="ChunkMeshes1">
      <property name="Vertices" value="0" />
      <property name="Triangles" value="0" />
    </property>
    <property class="ChunkMeshes2">
      <property name="Vertices" value="160" />
      <property name="Triangles" value="80" />
    </property>
    <property class="ChunkMeshes3">
      <property name="Vertices" value="8088" />
      <property name="Triangles" value="4044" />
    </property>
    <property class="ChunkMeshes4">
      <property name="Vertices" value="0" />
      <property name="Triangles" value="0" />
    </property>
    <property class="ChunkMeshes5">
      <property name="Vertices" value="2104" />
      <property name="Triangles" value="3292" />
    </property>
  </property>
  <property class="IndexedBlockOffsets">
    <property class="FetchContainer">
      <property name="0" value="19, 30, 7" />
      <property name="1" value="20, 29, 16" />
    </property>
    <property class="challenge_polymers">
      <property name="0" value="19, 2, 8" />
      <property name="1" value="20, 2, 9" />
      <property name="2" value="20, 2, 10" />
    </property>
    <property class="TraderOnOff">
      <property name="0" value="15, 2, 5" />
      <property name="1" value="16, 2, 5" />
    </property>
  </property>
</prefab>