﻿<?xml version="1.0" encoding="UTF-8"?>
<prefab>
  <property name="CopyAirBlocks" value="True" />
  <property name="ExcludeDistantPOIMesh" value="False" />
  <property name="ExcludePOICulling" value="False" />
  <property name="DistantPOIYOffset" value="0" />
  <property name="AllowTopSoilDecorations" value="True" />
  <property name="DifficultyTier" value="2" />
  <property name="ShowQuestClearCount" value="1" />
  <property name="TraderArea" value="False" />
  <property name="RotationToFaceNorth" value="2" />
  <property name="YOffset" value="-5" />
  <property name="Zoning" value="Rural, ResidentialOld" />
  <property name="AllowedTownships" value="rural" />
  <property name="AllowedBiomes" value="snow,desert" />
  <property name="SleeperVolumeSize" value="17, 1, 25#3, 2, 1#8, 7, 6#8, 7, 6#10, 3, 9#14, 3, 19#6, 3, 12#23, 4, 14#6, 5, 14#13, 4, 25" />
  <property name="SleeperVolumeStart" value="21, 10, 7#35, 5, 19#13, 5, 24#13, 5, 9#11, 5, 15#21, 5, 10#10, 2, 14#14, 22, 17#19, 14, 10#13, 14, 7" />
  <property name="SleeperVolumeGroupId" value="1,1,0,0,0,0,0,2,2,0" />
  <property name="SleeperVolumeGroup" value="GroupGenericZombie,3,3,GroupGenericZombie,0,0,GroupGenericZombie,5,5,GroupGenericZombie,3,3,GroupGenericZombie,2,2,GroupGenericZombie,5,5,GroupGenericZombie,2,2,GroupZomBadassOnly,2,2,GroupZomBadassOnly,0,0,GroupGenericZombie,1,2" />
  <property name="SleeperIsLootVolume" value="False,False,False,False,False,False,False,False,True,True" />
  <property name="SleeperIsQuestExclude" value="False,False,False,False,False,False,False,False,False,False" />
  <property name="SleeperVolumeFlags" value="2,2,0,0,0,0,0,0,0,2" />
  <property name="QuestTags" value="clear, fetch" />
  <property name="EditorGroups" value="rural" />
  <property name="Tags" value="snow, countrytown, diagonal" />
  <property name="PrefabSize" value="42, 31, 42" />
  <property name="SleeperVolumeTriggeredBy" value=" # # # # # # # # # " />
  <property class="Stats">
    <property name="TotalVertices" value="166588" />
    <property name="TotalTriangles" value="76368" />
    <property class="BlockEntities">
      <property name="Vertices" value="107123" />
      <property name="Triangles" value="37506" />
    </property>
    <property class="ChunkMeshes0">
      <property name="Vertices" value="51285" />
      <property name="Triangles" value="28328" />
    </property>
    <property class="ChunkMeshes1">
      <property name="Vertices" value="0" />
      <property name="Triangles" value="0" />
    </property>
    <property class="ChunkMeshes2">
      <property name="Vertices" value="2364" />
      <property name="Triangles" value="1182" />
    </property>
    <property class="ChunkMeshes3">
      <property name="Vertices" value="0" />
      <property name="Triangles" value="0" />
    </property>
    <property class="ChunkMeshes4">
      <property name="Vertices" value="0" />
      <property name="Triangles" value="0" />
    </property>
    <property class="ChunkMeshes5">
      <property name="Vertices" value="5816" />
      <property name="Triangles" value="9352" />
    </property>
  </property>
  <property class="IndexedBlockOffsets">
    <property class="Rally">
      <property name="0" value="20, 5, 1" />
    </property>
    <property class="TraderOnOff">
      <property name="0" value="16, 2, 30" />
      <property name="1" value="19, 2, 30" />
      <property name="2" value="22, 2, 30" />
      <property name="3" value="15, 3, 31" />
      <property name="4" value="15, 3, 32" />
      <property name="5" value="9, 15, 23" />
    </property>
    <property class="FetchContainer">
      <property name="0" value="31, 10, 28" />
    </property>
    <property class="challenge_polymers">
      <property name="0" value="20, 6, 30" />
    </property>
  </property>
</prefab>