﻿<?xml version="1.0" encoding="UTF-8"?>
<prefab>
  <property name="CopyAirBlocks" value="True" />
  <property name="ExcludeDistantPOIMesh" value="False" />
  <property name="ExcludePOICulling" value="False" />
  <property name="DistantPOIYOffset" value="0" />
  <property name="AllowTopSoilDecorations" value="True" />
  <property name="DifficultyTier" value="5" />
  <property name="ShowQuestClearCount" value="3" />
  <property name="TraderArea" value="False" />
  <property name="PrefabSize" value="60, 40, 60" />
  <property name="RotationToFaceNorth" value="2" />
  <property name="Zoning" value="none" />
  <property name="YOffset" value="-1" />
  <property name="SleeperVolumeSize" value="11, 3, 13#7, 4, 7#6, 2, 8#35, 5, 9#25, 2, 7#23, 3, 20#17, 2, 17#18, 3, 19#16, 3, 11#4, 3, 11#8, 3, 26#18, 3, 17#16, 3, 7#28, 3, 17" />
  <property name="SleeperVolumeStart" value="3, 22, 33#30, 21, 45#3, 16, 44#7, 10, 44#3, 16, 36#5, 9, 20#0, 2, 38#-1, 2, 19#22, 2, 16#39, 2, 18#29, 10, 20#18, 2, 27#20, 2, 45#-1, 16, 18" />
  <property name="SleeperVolumeGroupId" value="0,0,0,0,0,0,0,0,0,0,0,0,0,0" />
  <property name="SleeperVolumeGroup" value="GroupZomPoliceCarHorde,12,12,zombieJanitorFeral,6,6,zombieBikerFeral,4,4,GroupBikerBar,10,10,GroupLabWorker,11,11,GroupSpecialInfected,7,7,zombieWightRadiated,6,6,zombieNurseFeral,11,11,GroupZomBadass,10,10,GroupZomPoliceCarHorde,8,8,GroupZomSoldier,15,15,GroupBikerBar,15,15,ZomUtilityWorker,15,15,GroupZomPoliceCarHorde,22,22" />
  <property name="SleeperIsLootVolume" value="False,False,False,False,False,False,False,False,False,False,False,False,False,False" />
  <property name="SleeperIsQuestExclude" value="False,False,False,False,False,False,False,False,False,False,False,False,False,False" />
  <property name="SleeperVolumeFlags" value="2,0,2,2,2,2,2,2,0,2,2,2,2,2" />
  <property name="SleeperVolumeTriggeredBy" value=" # # # # # # # # # # # # # " />
  <property name="EditorGroups" value="Wilderness, rural" />
  <property name="Tags" value="wilderness, wildernesspoi" />
  <property name="QuestTags" value="clear, fetch, restore_power, infested" />
  <property class="IndexedBlockOffsets">
    <property class="quest_wood_trees">
      <property name="0" value="49, 10, 3" />
      <property name="1" value="53, 10, 3" />
      <property name="2" value="48, 13, 12" />
      <property name="3" value="52, 13, 12" />
    </property>
    <property class="quest_wood">
      <property name="0" value="20, 1, 15" />
      <property name="1" value="21, 1, 15" />
      <property name="2" value="22, 1, 15" />
      <property name="3" value="23, 1, 15" />
    </property>
    <property class="POILight">
      <property name="0" value="46, 10, 56" />
      <property name="1" value="50, 10, 56" />
      <property name="2" value="48, 13, 49" />
      <property name="3" value="52, 17, 56" />
    </property>
    <property class="Rally">
      <property name="0" value="18, 1, 4" />
    </property>
    <property class="TraderOnOff">
      <property name="0" value="47, 2, 46" />
      <property name="1" value="50, 2, 46" />
    </property>
    <property class="challenge_polymers">
      <property name="0" value="52, 11, 54" />
    </property>
    <property class="challenge_mech_parts">
      <property name="0" value="40, 2, 51" />
      <property name="1" value="41, 10, 47" />
      <property name="2" value="41, 10, 48" />
      <property name="3" value="41, 10, 49" />
      <property name="4" value="41, 10, 50" />
      <property name="5" value="41, 10, 51" />
    </property>
    <property class="challenge_steel">
      <property name="0" value="41, 2, 56" />
      <property name="1" value="42, 2, 56" />
      <property name="2" value="43, 2, 56" />
      <property name="3" value="44, 2, 56" />
      <property name="4" value="32, 10, 55" />
    </property>
    <property class="challenge_sinks">
      <property name="0" value="46, 2, 40" />
      <property name="1" value="47, 2, 41" />
      <property name="2" value="47, 2, 43" />
      <property name="3" value="50, 2, 40" />
      <property name="4" value="50, 2, 43" />
      <property name="5" value="51, 2, 41" />
    </property>
    <property class="challenge_pallet">
      <property name="0" value="30, 10, 31" />
      <property name="1" value="31, 11, 31" />
      <property name="2" value="30, 12, 31" />
    </property>
    <property class="FetchContainer">
      <property name="0" value="18, 22, 44" />
    </property>
    <property class="QuestRestorePower">
      <property name="0" value="51, 2, 51" />
    </property>
  </property>
  <property class="Stats">
    <property name="TotalVertices" value="1247228" />
    <property name="TotalTriangles" value="563123" />
    <property class="BlockEntities">
      <property name="Vertices" value="996487" />
      <property name="Triangles" value="393366" />
    </property>
    <property class="ChunkMeshes0">
      <property name="Vertices" value="231647" />
      <property name="Triangles" value="141871" />
    </property>
    <property class="ChunkMeshes1">
      <property name="Vertices" value="1024" />
      <property name="Triangles" value="512" />
    </property>
    <property class="ChunkMeshes2">
      <property name="Vertices" value="2532" />
      <property name="Triangles" value="1370" />
    </property>
    <property class="ChunkMeshes3">
      <property name="Vertices" value="0" />
      <property name="Triangles" value="0" />
    </property>
    <property class="ChunkMeshes4">
      <property name="Vertices" value="0" />
      <property name="Triangles" value="0" />
    </property>
    <property class="ChunkMeshes5">
      <property name="Vertices" value="15538" />
      <property name="Triangles" value="26004" />
    </property>
  </property>
</prefab>