﻿<?xml version="1.0" encoding="UTF-8"?>
<prefab>
  <property name="CopyAirBlocks" value="True" />
  <property name="ExcludeDistantPOIMesh" value="False" />
  <property name="ExcludePOICulling" value="False" />
  <property name="DistantPOIYOffset" value="0" />
  <property name="AllowTopSoilDecorations" value="False" />
  <property name="DifficultyTier" value="0" />
  <property name="ShowQuestClearCount" value="1" />
  <property name="TraderArea" value="False" />
  <property name="PrefabSize" value="52, 16, 37" />
  <property name="RotationToFaceNorth" value="2" />
  <property name="Zoning" value="none" />
  <property name="SleeperVolumeSize" value="28, 3, 21#26, 3, 21#23, 3, 20" />
  <property name="SleeperVolumeStart" value="0, 1, -1#28, 1, -1#4, 1, 20" />
  <property name="SleeperVolumeGroupId" value="0,0,0" />
  <property name="SleeperVolumeGroup" value="zombieBurnt,6,7,zombieBurnt,6,7,GroupZomSoldier,5,6" />
  <property name="SleeperIsLootVolume" value="False,False,False" />
  <property name="SleeperIsQuestExclude" value="False,False,False" />
  <property name="SleeperVolumeFlags" value="0,0,0" />
  <property name="YOffset" value="-1" />
  <property name="SleeperVolumeTriggeredBy" value=" # # " />
  <property class="Stats">
    <property name="TotalVertices" value="373152" />
    <property name="TotalTriangles" value="183949" />
    <property class="BlockEntities">
      <property name="Vertices" value="276091" />
      <property name="Triangles" value="121852" />
    </property>
    <property class="ChunkMeshes0">
      <property name="Vertices" value="91097" />
      <property name="Triangles" value="53617" />
    </property>
    <property class="ChunkMeshes1">
      <property name="Vertices" value="0" />
      <property name="Triangles" value="0" />
    </property>
    <property class="ChunkMeshes2">
      <property name="Vertices" value="0" />
      <property name="Triangles" value="0" />
    </property>
    <property class="ChunkMeshes3">
      <property name="Vertices" value="864" />
      <property name="Triangles" value="432" />
    </property>
    <property class="ChunkMeshes4">
      <property name="Vertices" value="0" />
      <property name="Triangles" value="0" />
    </property>
    <property class="ChunkMeshes5">
      <property name="Vertices" value="5100" />
      <property name="Triangles" value="8048" />
    </property>
  </property>
  <property class="IndexedBlockOffsets">
    <property class="quest_stone">
      <property name="0" value="49, 1, 35" />
    </property>
    <property class="quest_wood">
      <property name="0" value="44, 1, 34" />
    </property>
    <property class="quest_feather">
      <property name="0" value="48, 1, 16" />
    </property>
    <property class="challenge_mech_parts">
      <property name="0" value="45, 1, 14" />
    </property>
    <property class="challenge_polymers">
      <property name="0" value="48, 1, 19" />
      <property name="1" value="42, 1, 25" />
      <property name="2" value="48, 1, 26" />
      <property name="3" value="46, 1, 33" />
    </property>
    <property class="POILight">
      <property name="0" value="33, 2, 19" />
    </property>
    <property class="challenge_cars">
      <property name="0" value="44, 1, 30" />
    </property>
    <property class="quest_wood_trees">
      <property name="0" value="2, 1, 34" />
    </property>
    <property class="challenge_gore">
      <property name="0" value="51, 1, 7" />
    </property>
    <property class="FetchContainer">
      <property name="0" value="29, 1, 11" />
    </property>
    <property class="Rally">
      <property name="0" value="49, 1, 21" />
    </property>
  </property>
</prefab>