﻿<?xml version="1.0" encoding="UTF-8"?>
<prefab>
  <property name="CopyAirBlocks" value="True" />
  <property name="ExcludeDistantPOIMesh" value="False" />
  <property name="ExcludePOICulling" value="False" />
  <property name="DistantPOIYOffset" value="0" />
  <property name="AllowTopSoilDecorations" value="True" />
  <property name="QuestTags" value="clear, fetch" />
  <property name="DifficultyTier" value="5" />
  <property name="ShowQuestClearCount" value="3" />
  <property name="TraderArea" value="False" />
  <property name="RotationToFaceNorth" value="2" />
  <property name="AllowedBiomes" value="burnt_forest,snow,pine_forest,desert,wasteland" />
  <property name="YOffset" value="-10" />
  <property name="SleeperVolumeSize" value="18, 3, 12#9, 4, 9#9, 4, 8#5, 5, 13#9, 5, 9#7, 7, 6#7, 10, 6#25, 3, 25#9, 4, 9#7, 6, 6#23, 9, 18#3, 9, 24#14, 6, 12#13, 8, 11#13, 5, 4#13, 5, 9#12, 4, 15#5, 4, 6#11, 2, 15#5, 5, 15#4, 4, 5#5, 12, 5#8, 4, 12#10, 9, 7#5, 3, 6#6, 4, 5#9, 3, 7#13, 4, 9#24, 3, 16#12, 3, 29" />
  <property name="SleeperVolumeStart" value="33, 10, 60#34, 13, 62#34, 17, 63#36, 17, 50#34, 21, 62#41, 11, 45#41, 18, 45#8, 10, 47#40, 34, 43#41, 28, 45#41, 25, 27#47, 16, 20#50, 19, 19#50, 11, 20#50, 11, 31#50, 11, 35#36, 11, 29#36, 11, 44#36, 19, 29#40, 18, 14#42, 24, 10#41, 12, 9#39, 9, 17#57, 11, 7#56, 7, 47#27, 14, 40#26, 11, 39#50, 19, 33#51, 10, 44#63, 10, 15" />
  <property name="SleeperVolumeGroupId" value="0,0,0,0,0,0,0,0,0,0,0,0,0,0,0,0,0,0,0,0,0,0,0,0,0,0,0,0,0,0" />
  <property name="SleeperVolumeGroup" value="GroupGenericZombie,3,4,GroupGenericZombie,2,3,GroupGenericZombie,2,3,GroupGenericZombie,2,3,GroupGenericZombie,1,2,ZomJanitorOnly,1,2,GroupGenericZombie,4,5,GroupGenericZombie,4,5,GroupGenericZombie,1,2,GroupGenericZombie,1,2,GroupGenericZombie,2,3,GroupGenericZombie,1,2,GroupGenericZombie,2,3,GroupGenericZombie,2,3,GroupGenericZombie,1,2,GroupGenericZombie,1,2,GroupGenericZombie,5,6,ZomBurnt,1,2,GroupGenericZombie,3,4,GroupGenericZombie,1,2,GroupZomSoldier,1,2,GroupGenericZombie,2,3,GroupGenericZombie,3,4,GroupGenericZombie,5,6,GroupZomBadass,3,4,ZomJanitorOnly,1,2,ZomJanitorOnly,1,2,GroupZomBadass,3,4,ZomJanitorOnly,1,2,GroupGenericZombie,1,2" />
  <property name="SleeperIsLootVolume" value="False,False,False,False,False,False,False,False,False,False,False,False,False,False,False,False,False,False,False,False,False,False,False,False,False,False,False,False,False,False" />
  <property name="SleeperIsQuestExclude" value="False,False,False,False,False,False,False,False,False,False,False,False,False,False,False,False,False,False,False,False,False,False,False,False,False,False,False,False,False,False" />
  <property name="SleeperVolumeFlags" value="0,0,0,0,0,0,0,0,0,0,0,0,0,0,2,0,0,0,0,0,0,0,0,0,0,0,0,0,0,0" />
  <property name="Tags" value="medieval, medievalvillage, medieval80x80" />
  <property name="Zoning" value="none" />
  <property name="SleeperVolumeTriggeredBy" value=" # # # # # # # # # # # # # # # # # # # # # # # # # # # # # " />
  <property name="PrefabSize" value="80, 50, 80" />
  <property class="Stats">
    <property name="TotalVertices" value="1589119" />
    <property name="TotalTriangles" value="819546" />
    <property class="BlockEntities">
      <property name="Vertices" value="1240070" />
      <property name="Triangles" value="579645" />
    </property>
    <property class="ChunkMeshes0">
      <property name="Vertices" value="325307" />
      <property name="Triangles" value="204155" />
    </property>
    <property class="ChunkMeshes1">
      <property name="Vertices" value="0" />
      <property name="Triangles" value="0" />
    </property>
    <property class="ChunkMeshes2">
      <property name="Vertices" value="3432" />
      <property name="Triangles" value="2622" />
    </property>
    <property class="ChunkMeshes3">
      <property name="Vertices" value="120" />
      <property name="Triangles" value="60" />
    </property>
    <property class="ChunkMeshes4">
      <property name="Vertices" value="0" />
      <property name="Triangles" value="0" />
    </property>
    <property class="ChunkMeshes5">
      <property name="Vertices" value="20190" />
      <property name="Triangles" value="33064" />
    </property>
  </property>
  <property class="IndexedBlockOffsets">
    <property class="Rally">
      <property name="0" value="3, 11, 39" />
    </property>
    <property class="quest_wood_trees">
      <property name="0" value="62, 10, 12" />
    </property>
    <property class="challenge_polymers">
      <property name="0" value="69, 17, 59" />
      <property name="1" value="71, 11, 64" />
    </property>
    <property class="TraderOnOff">
      <property name="0" value="69, 11, 58" />
    </property>
    <property class="challenge_mech_parts">
      <property name="0" value="36, 11, 27" />
    </property>
    <property class="challenge_leather">
      <property name="0" value="42, 20, 60" />
    </property>
    <property class="quest_feather">
      <property name="0" value="57, 20, 56" />
      <property name="1" value="69, 19, 61" />
      <property name="2" value="69, 19, 67" />
    </property>
    <property class="challenge_gore">
      <property name="0" value="58, 22, 56" />
      <property name="1" value="59, 13, 56" />
      <property name="2" value="69, 16, 59" />
      <property name="3" value="71, 15, 64" />
    </property>
    <property class="FetchContainer">
      <property name="0" value="59, 20, 56" />
      <property name="1" value="69, 16, 67" />
    </property>
    <property class="challenge_sinks">
      <property name="0" value="60, 10, 43" />
    </property>
    <property class="POILight">
      <property name="0" value="42, 23, 56" />
    </property>
  </property>
</prefab>