﻿<?xml version="1.0" encoding="UTF-8"?>
<prefab>
  <property name="CopyAirBlocks" value="True" />
  <property name="ExcludeDistantPOIMesh" value="False" />
  <property name="ExcludePOICulling" value="False" />
  <property name="DistantPOIYOffset" value="0" />
  <property name="AllowTopSoilDecorations" value="False" />
  <property name="DifficultyTier" value="0" />
  <property name="ShowQuestClearCount" value="1" />
  <property name="TraderArea" value="False" />
  <property name="PrefabSize" value="23, 16, 14" />
  <property name="RotationToFaceNorth" value="2" />
  <property name="Zoning" value="none" />
  <property name="YOffset" value="-1" />
  <property name="SleeperVolumeSize" value="15, 2, 5#18, 3, 10#18, 3, 9" />
  <property name="SleeperVolumeStart" value="4, 1, 4#3, 4, 2#3, 8, 2" />
  <property name="SleeperVolumeGroupId" value="0,0,0" />
  <property name="SleeperVolumeGroup" value="zombieBurnt,5,6,GroupAbandonedHouse,6,7,GroupSpecialInfected,5,6" />
  <property name="SleeperIsLootVolume" value="False,False,False" />
  <property name="SleeperIsQuestExclude" value="False,False,False" />
  <property name="SleeperVolumeFlags" value="0,0,2" />
  <property name="SleeperVolumeTriggeredBy" value=" # # " />
  <property class="Stats">
    <property name="TotalVertices" value="204197" />
    <property name="TotalTriangles" value="89901" />
    <property class="BlockEntities">
      <property name="Vertices" value="165884" />
      <property name="Triangles" value="68278" />
    </property>
    <property class="ChunkMeshes0">
      <property name="Vertices" value="36877" />
      <property name="Triangles" value="20001" />
    </property>
    <property class="ChunkMeshes1">
      <property name="Vertices" value="0" />
      <property name="Triangles" value="0" />
    </property>
    <property class="ChunkMeshes2">
      <property name="Vertices" value="304" />
      <property name="Triangles" value="190" />
    </property>
    <property class="ChunkMeshes3">
      <property name="Vertices" value="448" />
      <property name="Triangles" value="224" />
    </property>
    <property class="ChunkMeshes4">
      <property name="Vertices" value="0" />
      <property name="Triangles" value="0" />
    </property>
    <property class="ChunkMeshes5">
      <property name="Vertices" value="684" />
      <property name="Triangles" value="1208" />
    </property>
  </property>
  <property class="IndexedBlockOffsets">
    <property class="quest_stone">
      <property name="0" value="20, 1, 11" />
      <property name="1" value="13, 1, 12" />
    </property>
    <property class="quest_wood">
      <property name="0" value="19, 1, 10" />
      <property name="1" value="13, 1, 11" />
    </property>
    <property class="challenge_sinks">
      <property name="0" value="21, 4, 3" />
      <property name="1" value="21, 4, 5" />
    </property>
    <property class="FetchContainer">
      <property name="0" value="5, 8, 3" />
    </property>
    <property class="challenge_polymers">
      <property name="0" value="16, 8, 7" />
      <property name="1" value="11, 1, 8" />
      <property name="2" value="14, 8, 8" />
      <property name="3" value="18, 8, 9" />
    </property>
    <property class="challenge_gore">
      <property name="0" value="16, 1, 8" />
      <property name="1" value="11, 1, 11" />
    </property>
    <property class="TraderOnOff">
      <property name="0" value="11, 1, 9" />
    </property>
    <property class="challenge_leather">
      <property name="0" value="8, 4, 7" />
      <property name="1" value="6, 4, 9" />
    </property>
    <property class="Rally">
      <property name="0" value="15, 1, 1" />
    </property>
  </property>
</prefab>