﻿<?xml version="1.0" encoding="UTF-8"?>
<prefab>
  <property name="CopyAirBlocks" value="True" />
  <property name="AllowTopSoilDecorations" value="True" />
  <property name="TraderArea" value="False" />
  <property name="ExcludeDistantPOIMesh" value="False" />
  <property name="ExcludePOICulling" value="False" />
  <property name="DifficultyTier" value="2" />
  <property name="QuestTags" value="clear, fetch" />
  <property name="Zoning" value="Rural, ResidentialOld" />
  <property name="AllowedBiomes" value="snow" />
  <property name="AllowedTownships" value="rural" />
  <property name="DistantPOIYOffset" value="0" />
  <property name="StaticSpawner.Size" value="32,2,32" />
  <property name="EditorGroups" value="rural" />
  <property name="SleeperVolumeStart" value="6, 2, 14#18, 2, 14#5, 8, 11#0, 2, 3#33, 2, 14" />
  <property name="SleeperVolumeSize" value="12, 6, 16#15, 6, 15#28, 8, 18#41, 6, 11#8, 3, 26" />
  <property name="SleeperVolumeGroup" value="GroupGhostTown,2,3,GroupGenericZombie,5,6,GroupZomBadassOnly,7,10,GroupGhostTown,1,1,GroupGenericZombie,1,1" />
  <property name="SleeperVolumeGameStageAdjust" value="350,400,350" />
  <property name="SleeperIsLootVolume" value="False,False,False,False,False" />
  <property name="SleeperIsBossVolume" value="False,False,False,False" />
  <property name="SleeperVolumeFlags" value="0,0,0,0,0" />
  <property name="SleeperVolumeGroupId" value="0,0,0,0,0" />
  <property name="YOffset" value="-2" />
  <property name="RotationToFaceNorth" value="0" />
  <property name="ShowQuestClearCount" value="1" />
  <property name="SleeperIsQuestExclude" value="False,False,False,False,False" />
  <property name="Tags" value="medieval, medieval42x42" />
  <property name="PrefabSize" value="42, 20, 42" />
  <property name="SleeperVolumeTriggeredBy" value=" # # # # " />
  <property class="Stats">
    <property name="TotalVertices" value="365817" />
    <property name="TotalTriangles" value="216806" />
    <property class="BlockEntities">
      <property name="Vertices" value="290622" />
      <property name="Triangles" value="171755" />
    </property>
    <property class="ChunkMeshes0">
      <property name="Vertices" value="61925" />
      <property name="Triangles" value="32827" />
    </property>
    <property class="ChunkMeshes1">
      <property name="Vertices" value="0" />
      <property name="Triangles" value="0" />
    </property>
    <property class="ChunkMeshes2">
      <property name="Vertices" value="744" />
      <property name="Triangles" value="372" />
    </property>
    <property class="ChunkMeshes3">
      <property name="Vertices" value="7344" />
      <property name="Triangles" value="3672" />
    </property>
    <property class="ChunkMeshes4">
      <property name="Vertices" value="0" />
      <property name="Triangles" value="0" />
    </property>
    <property class="ChunkMeshes5">
      <property name="Vertices" value="5182" />
      <property name="Triangles" value="8180" />
    </property>
  </property>
  <property class="IndexedBlockOffsets">
    <property class="quest_stone_boulder">
      <property name="0" value="4, 3, 8" />
    </property>
    <property class="quest_wood_trees">
      <property name="0" value="37, 2, 37" />
    </property>
    <property class="quest_wood">
      <property name="0" value="40, 2, 37" />
      <property name="1" value="41, 2, 37" />
    </property>
    <property class="quest_feather">
      <property name="0" value="19, 2, 10" />
      <property name="1" value="9, 5, 15" />
    </property>
    <property class="FetchContainer">
      <property name="0" value="31, 10, 17" />
    </property>
    <property class="TraderOnOff">
      <property name="0" value="30, 3, 21" />
      <property name="1" value="31, 4, 27" />
    </property>
    <property class="Rally">
      <property name="0" value="10, 2, 40" />
    </property>
  </property>
</prefab>