﻿<?xml version="1.0" encoding="UTF-8"?>
<prefab>
  <property name="CopyAirBlocks" value="True" />
  <property name="AllowTopSoilDecorations" value="True" />
  <property name="TraderArea" value="False" />
  <property name="ExcludeDistantPOIMesh" value="False" />
  <property name="ExcludePOICulling" value="False" />
  <property name="DifficultyTier" value="5" />
  <property name="Zoning" value="none" />
  <property name="RotationToFaceNorth" value="0" />
  <property name="YOffset" value="-1" />
  <property name="DistantPOIYOffset" value="0" />
  <property name="AllowedBiomes" value="snow" />
  <property name="AllowedTownships" value="wilderness" />
  <property name="EditorGroups" value="Castle" />
  <property name="SleeperVolumeStart" value="64, 99, 45#59, 73, 46#0, 61, 11#86, 61, 46#73, 43, 18#10, 42, 1#65, 43, 47#31, 61, 62#43, 104, 52#26, 93, 46#27, 73, 47#31, 43, 47#1, 61, 46#54, 43, 47#54, 61, 46#31, 43, 62#10, 43, 98#58, 43, 98#45, 43, 115#34, 31, 65#47, 31, 65#29, 31, 31#25, 1, 63#77, 10, 26#7, 1, 8" />
  <property name="SleeperVolumeSize" value="22, 17, 21#27, 26, 19#111, 3, 35#25, 3, 82#28, 18, 29#63, 19, 46#21, 30, 15#55, 12, 36#11, 43, 12#33, 11, 23#27, 20, 21#23, 30, 15#30, 12, 82#11, 11, 15#11, 8, 16#53, 18, 36#48, 3, 17#43, 3, 17#26, 21, 21#13, 3, 27#34, 11, 17#45, 11, 34#56, 29, 30#17, 6, 27#70, 29, 55" />
  <property name="SleeperVolumeGroup" value="GroupGenericZombie,5,7,GroupGenericZombie,3,4,GroupGenericZombie,8,10,GroupGenericZombie,3,4,GroupGenericZombie,5,6,GroupGenericZombie,15,18,GroupGenericZombie,8,10,GroupGenericZombie,25,30,GroupGenericZombie,10,12,GroupGenericZombie,5,6,GroupGenericZombie,12,15,GroupGenericZombie,8,10,GroupGenericZombie,5,6,GroupGenericZombie,5,6,GroupGenericZombie,7,7,GroupGenericZombie,15,22,GroupGenericZombie,2,2,GroupGenericZombie,2,2,GroupGenericZombie,2,2,GroupGenericZombie,4,4,GroupGenericZombie,2,2,GroupGenericZombie,2,2,GroupGenericZombie,5,6,GroupGenericZombie,3,4,GroupGenericZombie,20,27" />
  <property name="SleeperVolumeGameStageAdjust" value=",,,,,,,,,,,,,,,,,,,,,,,," />
  <property name="SleeperIsLootVolume" value="False,False,False,False,False,False,False,False,False,False,False,False,False,False,False,False,False,False,False,False,False,False,False,False,False" />
  <property name="SleeperIsQuestExclude" value="False,False,False,False,False,False,False,False,False,False,False,False,False,False,False,False,False,False,False,False,False,False,False,False,False" />
  <property name="SleeperVolumeFlags" value="0,0,0,0,0,0,0,0,0,0,0,0,0,0,2,0,2,0,0,0,0,0,0,0,0" />
  <property name="SleeperVolumeGroupId" value="0,0,0,0,0,0,0,0,0,0,0,0,0,0,0,0,0,0,0,0,0,0,0,0,0" />
  <property name="ShowQuestClearCount" value="3" />
  <property name="POIMarkerSize" value="1, 1, 1#1, 1, 1" />
  <property name="POIMarkerStart" value="73, 0, 161#42, 0, 161" />
  <property name="POIMarkerGroup" value="1,2" />
  <property name="POIMarkerTags" value="#" />
  <property name="POIMarkerType" value="RoadExit,RoadExit" />
  <property name="POIMarkerPartToSpawn" value="," />
  <property name="POIMarkerPartRotations" value="0,0" />
  <property name="POIMarkerPartSpawnChance" value="1,1" />
  <property name="PrefabSize" value="112, 151, 161" />
  <property name="Tags" value="wilderness" />
  <property name="SleeperVolumeTriggeredBy" value=" # # # # # # # # # # # # # # # # # # # # # # # # " />
  <property name="QuestTags" value="snow" />
  <property class="IndexedBlockOffsets">
    <property class="challenge_pallet">
      <property name="0" value="99, 44, 67" />
      <property name="1" value="100, 44, 67" />
      <property name="2" value="100, 45, 67" />
      <property name="3" value="100, 44, 68" />
    </property>
    <property class="quest_wood_trees">
      <property name="0" value="94, 43, 114" />
      <property name="1" value="88, 43, 115" />
    </property>
    <property class="TraderOnOff">
      <property name="0" value="73, 31, 69" />
    </property>
    <property class="challenge_gore">
      <property name="0" value="82, 49, 91" />
      <property name="1" value="82, 43, 92" />
      <property name="2" value="74, 49, 93" />
      <property name="3" value="78, 49, 93" />
    </property>
    <property class="challenge_mech_parts">
      <property name="0" value="97, 43, 18" />
    </property>
    <property class="POILight">
      <property name="0" value="35, 82, 63" />
    </property>
    <property class="challenge_polymers">
      <property name="0" value="93, 43, 18" />
      <property name="1" value="94, 43, 18" />
      <property name="2" value="96, 43, 18" />
      <property name="3" value="98, 43, 18" />
      <property name="4" value="93, 43, 20" />
      <property name="5" value="93, 43, 30" />
      <property name="6" value="100, 43, 31" />
    </property>
    <property class="challenge_steel">
      <property name="0" value="66, 61, 44" />
    </property>
    <property class="challenge_leather">
      <property name="0" value="58, 49, 43" />
    </property>
    <property class="challenge_cars">
      <property name="0" value="97, 43, 25" />
    </property>
  </property>
  <property class="Stats">
    <property name="TotalVertices" value="2624699" />
    <property name="TotalTriangles" value="1757072" />
    <property class="BlockEntities">
      <property name="Vertices" value="1737220" />
      <property name="Triangles" value="1137562" />
    </property>
    <property class="ChunkMeshes0">
      <property name="Vertices" value="744799" />
      <property name="Triangles" value="425678" />
    </property>
    <property class="ChunkMeshes1">
      <property name="Vertices" value="31560" />
      <property name="Triangles" value="15780" />
    </property>
    <property class="ChunkMeshes2">
      <property name="Vertices" value="832" />
      <property name="Triangles" value="416" />
    </property>
    <property class="ChunkMeshes3">
      <property name="Vertices" value="0" />
      <property name="Triangles" value="0" />
    </property>
    <property class="ChunkMeshes4">
      <property name="Vertices" value="0" />
      <property name="Triangles" value="0" />
    </property>
    <property class="ChunkMeshes5">
      <property name="Vertices" value="110288" />
      <property name="Triangles" value="177636" />
    </property>
  </property>
</prefab>