﻿<?xml version="1.0" encoding="UTF-8"?>
<prefab>
  <property name="CopyAirBlocks" value="True" />
  <property name="ExcludeDistantPOIMesh" value="False" />
  <property name="ExcludePOICulling" value="False" />
  <property name="DistantPOIYOffset" value="0" />
  <property name="AllowTopSoilDecorations" value="False" />
  <property name="DifficultyTier" value="4" />
  <property name="ShowQuestClearCount" value="1" />
  <property name="QuestTags" value="clear, fetch, hidden_cache" />
  <property name="TraderArea" value="False" />
  <property name="RotationToFaceNorth" value="2" />
  <property name="Zoning" value="none" />
  <property name="SleeperVolumeSize" value="6, 3, 8#7, 3, 14#15, 3, 6#9, 3, 6#8, 3, 6#5, 3, 16#15, 3, 8#6, 10, 9#10, 3, 4#9, 3, 4#9, 3, 9#6, 3, 14#7, 3, 15#15, 3, 8#10, 4, 13#9, 3, 8#7, 3, 15#8, 4, 15#12, 3, 6#9, 7, 11#10, 3, 8#10, 3, 14#7, 3, 6#15, 3, 4#6, 3, 15#8, 3, 5#20, 3, 14" />
  <property name="SleeperVolumeStart" value="32, 2, 45#12, 1, 28#30, 1, 22#22, 2, 1#23, 1, 12#7, 1, 14#34, 1, 29#12, 1, 3#37, 1, 54#34, 7, 54#20, 7, 48#47, 7, 45#49, 7, 22#30, 7, 21#11, 7, 30#7, 7, 12#24, 13, 4#11, 13, 18#12, 13, 38#46, 23, 48#44, 14, 49#22, 1, 23#38, 3, 10#35, 3, 18#47, 3, 2#34, 3, 1#30, 8, 6" />
  <property name="SleeperVolumeGroupId" value="0,0,0,0,0,0,0,0,0,0,0,0,0,0,0,0,0,0,0,0,0,0,0,0,0,0,0" />
  <property name="SleeperVolumeGroup" value="GroupGenericZombie,5,6,GroupGenericZombie,5,6,zombieUtilityWorker,6,7,GroupGenericZombie,5,6,zombieBusinessMan,5,6,animalZombieDog,5,6,animalSnake,5,6,GroupBikerBar,5,6,GroupGenericZombie,5,6,GroupGenericZombie,5,6,zombieBurnt,5,6,zombieSoldier,5,6,GroupGenericZombie,5,6,zombieLumberjack,5,6,zombieSoldier,5,6,zombieBurnt,5,6,GroupSpecialInfected,5,6,animalZombieVulture,5,6,zombieSpider,5,6,GroupGenericZombie,5,6,GroupGenericZombie,5,6,animalSnake,5,6,GroupGenericZombie,5,6,GroupZomBadass,5,6,GroupZomBadass,6,7,GroupZomBadass,5,6,animalZombieVulture,5,6" />
  <property name="SleeperIsLootVolume" value="False,False,False,False,False,False,False,False,False,False,False,False,False,False,False,False,False,False,False,False,False,False,False,False,False,False,False" />
  <property name="SleeperIsQuestExclude" value="False,False,False,False,False,False,False,False,False,False,False,False,False,False,False,False,False,False,False,False,False,False,False,False,False,False,False" />
  <property name="SleeperVolumeFlags" value="2,0,2,2,0,2,2,2,0,2,2,0,2,2,2,2,2,2,0,2,0,2,2,2,2,2,2" />
  <property name="EditorGroups" value="alone" />
  <property name="PrefabSize" value="60, 32, 60" />
  <property name="YOffset" value="-1" />
  <property name="SleeperVolumeTriggeredBy" value=" # # # # # # # # # # # # # # # # # # # # # # # # # # " />
  <property class="Stats">
    <property name="TotalVertices" value="1605707" />
    <property name="TotalTriangles" value="723659" />
    <property class="BlockEntities">
      <property name="Vertices" value="1371496" />
      <property name="Triangles" value="589750" />
    </property>
    <property class="ChunkMeshes0">
      <property name="Vertices" value="221677" />
      <property name="Triangles" value="117013" />
    </property>
    <property class="ChunkMeshes1">
      <property name="Vertices" value="512" />
      <property name="Triangles" value="256" />
    </property>
    <property class="ChunkMeshes2">
      <property name="Vertices" value="664" />
      <property name="Triangles" value="332" />
    </property>
    <property class="ChunkMeshes3">
      <property name="Vertices" value="2304" />
      <property name="Triangles" value="1152" />
    </property>
    <property class="ChunkMeshes4">
      <property name="Vertices" value="0" />
      <property name="Triangles" value="0" />
    </property>
    <property class="ChunkMeshes5">
      <property name="Vertices" value="9054" />
      <property name="Triangles" value="15156" />
    </property>
  </property>
  <property class="IndexedBlockOffsets">
    <property class="challenge_cars">
      <property name="0" value="24, 1, 2" />
    </property>
    <property class="POILight">
      <property name="0" value="51, 17, 35" />
    </property>
    <property class="challenge_polymers">
      <property name="0" value="51, 3, 34" />
      <property name="1" value="51, 3, 35" />
      <property name="2" value="56, 9, 34" />
    </property>
    <property class="quest_wood">
      <property name="0" value="46, 1, 50" />
      <property name="1" value="52, 1, 54" />
    </property>
    <property class="challenge_gore">
      <property name="0" value="57, 1, 47" />
    </property>
    <property class="challenge_sinks">
      <property name="0" value="40, 3, 42" />
    </property>
    <property class="FetchContainer">
      <property name="0" value="42, 9, 41" />
    </property>
    <property class="quest_wood_trees">
      <property name="0" value="37, 3, 37" />
    </property>
    <property class="quest_stone">
      <property name="0" value="47, 1, 48" />
      <property name="1" value="58, 1, 54" />
    </property>
    <property class="quest_feather">
      <property name="0" value="46, 1, 41" />
    </property>
    <property class="TraderOnOff">
      <property name="0" value="54, 3, 33" />
      <property name="1" value="54, 9, 33" />
      <property name="2" value="57, 9, 35" />
      <property name="3" value="52, 15, 35" />
    </property>
    <property class="challenge_steel">
      <property name="0" value="21, 9, 8" />
    </property>
    <property class="challenge_mech_parts">
      <property name="0" value="26, 3, 21" />
    </property>
    <property class="challenge_leather">
      <property name="0" value="22, 8, 47" />
      <property name="1" value="24, 8, 47" />
    </property>
    <property class="Rally">
      <property name="0" value="41, 1, 2" />
    </property>
    <property class="challenge_stump">
      <property name="0" value="59, 1, 44" />
    </property>
    <property class="quest_stone_boulder">
      <property name="0" value="49, 1, 46" />
    </property>
  </property>
</prefab>