﻿<?xml version="1.0" encoding="UTF-8"?>
<prefab>
  <property name="CopyAirBlocks" value="True" />
  <property name="AllowTopSoilDecorations" value="True" />
  <property name="TraderArea" value="False" />
  <property name="ExcludeDistantPOIMesh" value="False" />
  <property name="ExcludePOICulling" value="False" />
  <property name="QuestTags" value="clear, fetch" />
  <property name="DifficultyTier" value="5" />
  <property name="Zoning" value="none" />
  <property name="AllowedBiomes" value="snow" />
  <property name="AllowedTownships" value="wilderness" />
  <property name="RotationToFaceNorth" value="2" />
  <property name="YOffset" value="-4" />
  <property name="DistantPOIYOffset" value="0" />
  <property name="Condition" value="New" />
  <property name="EditorGroups" value="Castle" />
  <property name="SleeperVolumeStart" value="4, 12, 15#4, 1, 15#52, 9, 61#6, 4, 15#6, 4, 105#114, 4, 105#114, 4, 15" />
  <property name="SleeperVolumeSize" value="136, 14, 115#136, 11, 115#39, 3, 22#23, 18, 23#23, 18, 23#23, 18, 23#23, 18, 23" />
  <property name="SleeperVolumeGroup" value="GroupGhostTown,25,40,GroupGenericZombie,35,43,GroupZomBadassOnly,20,30,GroupZomBadass,9,10,GroupZomBadass,9,10,GroupZomBadass,9,10,GroupZomBadass,15,20" />
  <property name="SleeperVolumeGameStageAdjust" value=",,,,,," />
  <property name="SleeperIsLootVolume" value="False,False,True,True,True,True,True" />
  <property name="SleeperIsQuestExclude" value="False,False,False,False,False,False,False" />
  <property name="SleeperVolumeFlags" value="0,0,2,0,0,0,0" />
  <property name="SleeperVolumeGroupId" value="0,1,2,0,0,0,0" />
  <property name="ShowQuestClearCount" value="3" />
  <property name="Tags" value="snow, wilderness" />
  <property name="POIMarkerSize" value="1, 1, 1" />
  <property name="POIMarkerStart" value="71, 3, -1" />
  <property name="POIMarkerGroup" value="1" />
  <property name="POIMarkerTags" value="" />
  <property name="POIMarkerType" value="RoadExit" />
  <property name="POIMarkerPartToSpawn" value="" />
  <property name="POIMarkerPartRotations" value="2" />
  <property name="POIMarkerPartSpawnChance" value="1" />
  <property name="PrefabSize" value="143, 29, 134" />
  <property name="SleeperVolumeTriggeredBy" value=" # # # # # # " />
  <property class="IndexedBlockOffsets">
    <property class="FetchContainer">
      <property name="0" value="126, 10, 70" />
    </property>
    <property class="challenge_sinks">
      <property name="0" value="52, 9, 69" />
      <property name="1" value="52, 9, 72" />
    </property>
    <property class="TraderOnOff">
      <property name="0" value="93, 4, 84" />
      <property name="1" value="93, 4, 92" />
    </property>
    <property class="Rally">
      <property name="0" value="72, 5, 1" />
    </property>
    <property class="challenge_steel">
      <property name="0" value="124, 17, 118" />
    </property>
  </property>
  <property class="Stats">
    <property name="TotalVertices" value="8425678" />
    <property name="TotalTriangles" value="4950800" />
    <property class="BlockEntities">
      <property name="Vertices" value="7594032" />
      <property name="Triangles" value="4395324" />
    </property>
    <property class="ChunkMeshes0">
      <property name="Vertices" value="774498" />
      <property name="Triangles" value="462984" />
    </property>
    <property class="ChunkMeshes1">
      <property name="Vertices" value="0" />
      <property name="Triangles" value="0" />
    </property>
    <property class="ChunkMeshes2">
      <property name="Vertices" value="0" />
      <property name="Triangles" value="0" />
    </property>
    <property class="ChunkMeshes3">
      <property name="Vertices" value="24" />
      <property name="Triangles" value="12" />
    </property>
    <property class="ChunkMeshes4">
      <property name="Vertices" value="0" />
      <property name="Triangles" value="0" />
    </property>
    <property class="ChunkMeshes5">
      <property name="Vertices" value="57124" />
      <property name="Triangles" value="92480" />
    </property>
  </property>
</prefab>