﻿<?xml version="1.0" encoding="UTF-8"?>
<prefab>
  <property name="CopyAirBlocks" value="True" />
  <property name="ExcludeDistantPOIMesh" value="False" />
  <property name="ExcludePOICulling" value="False" />
  <property name="DistantPOIYOffset" value="0" />
  <property name="AllowTopSoilDecorations" value="True" />
  <property name="DifficultyTier" value="3" />
  <property name="TraderArea" value="False" />
  <property name="ShowQuestClearCount" value="2" />
  <property name="RotationToFaceNorth" value="0" />
  <property name="Zoning" value="Rural, ResidentialOld" />
  <property name="AllowedTownships" value="rural" />
  <property name="AllowedBiomes" value="pine_forest" />
  <property name="SleeperVolumeSize" value="5, 9, 5#5, 6, 9#7, 3, 7#7, 3, 7#6, 5, 7#8, 5, 26#7, 4, 16#5, 3, 10#6, 5, 9" />
  <property name="SleeperVolumeStart" value="12, 10, 9#12, 4, 8#17, 1, 8#17, 4, 8#24, 1, 8#24, 6, 8#23, 11, 8#12, 1, 8#24, 1, 24" />
  <property name="SleeperVolumeGroupId" value="0,0,0,0,0,0,0,0,0" />
  <property name="SleeperVolumeGroup" value="GroupGenericZombie,2,3,GroupGenericZombie,5,6,GroupGenericZombie,3,3,GroupGenericZombie,2,2,GroupGenericZombie,4,5,GroupGenericZombie,4,6,GroupGenericZombie,8,8,GroupGenericZombie,2,2,GroupGenericZombie,3,3" />
  <property name="SleeperIsLootVolume" value="False,False,False,False,False,False,False,False,False" />
  <property name="SleeperIsQuestExclude" value="False,False,False,False,False,False,False,False,False" />
  <property name="SleeperVolumeFlags" value="0,0,0,0,0,0,0,0,0" />
  <property name="EditorGroups" value="rural" />
  <property name="QuestTags" value="clear, fetch" />
  <property name="YOffset" value="-1" />
  <property name="Tags" value="medieval, medieval42x42" />
  <property name="PrefabSize" value="42, 26, 42" />
  <property name="SleeperVolumeTriggeredBy" value=" # # # # # # # # " />
  <property class="Stats">
    <property name="TotalVertices" value="257223" />
    <property name="TotalTriangles" value="128959" />
    <property class="BlockEntities">
      <property name="Vertices" value="113877" />
      <property name="Triangles" value="40763" />
    </property>
    <property class="ChunkMeshes0">
      <property name="Vertices" value="141906" />
      <property name="Triangles" value="85832" />
    </property>
    <property class="ChunkMeshes1">
      <property name="Vertices" value="0" />
      <property name="Triangles" value="0" />
    </property>
    <property class="ChunkMeshes2">
      <property name="Vertices" value="0" />
      <property name="Triangles" value="0" />
    </property>
    <property class="ChunkMeshes3">
      <property name="Vertices" value="168" />
      <property name="Triangles" value="84" />
    </property>
    <property class="ChunkMeshes4">
      <property name="Vertices" value="0" />
      <property name="Triangles" value="0" />
    </property>
    <property class="ChunkMeshes5">
      <property name="Vertices" value="1272" />
      <property name="Triangles" value="2280" />
    </property>
  </property>
  <property class="IndexedBlockOffsets">
    <property class="POILight">
      <property name="0" value="41, 1, 41" />
    </property>
    <property class="FetchContainer">
      <property name="0" value="28, 9, 25" />
    </property>
    <property class="TraderOnOff">
      <property name="0" value="28, 1, 30" />
    </property>
    <property class="Rally">
      <property name="0" value="22, 1, 41" />
    </property>
  </property>
</prefab>