﻿<?xml version="1.0" encoding="UTF-8"?>
<prefab>
  <property name="CopyAirBlocks" value="True" />
  <property name="ExcludeDistantPOIMesh" value="False" />
  <property name="ExcludePOICulling" value="False" />
  <property name="DistantPOIYOffset" value="0" />
  <property name="AllowTopSoilDecorations" value="True" />
  <property name="DifficultyTier" value="2" />
  <property name="TraderArea" value="False" />
  <property name="ShowQuestClearCount" value="1" />
  <property name="RotationToFaceNorth" value="0" />
  <property name="Zoning" value="none" />
  <property name="YOffset" value="-2" />
  <property name="SleeperVolumeSize" value="10, 4, 18#8, 3, 16#8, 4, 13#18, 5, 6" />
  <property name="SleeperVolumeStart" value="11, 13, 4#12, 8, 4#12, 3, 6#2, 2, 8" />
  <property name="SleeperVolumeGroupId" value="0,0,0,0" />
  <property name="SleeperVolumeGroup" value="GroupZomBadass,2,3,GroupNightClub,4,5,zombieYo,2,3,zombieMoe,3,4" />
  <property name="SleeperIsLootVolume" value="False,False,False,False" />
  <property name="SleeperIsQuestExclude" value="False,False,False,False" />
  <property name="SleeperVolumeFlags" value="0,0,0,2" />
  <property name="QuestTags" value="clear, fetch" />
  <property name="Tags" value="wilderness" />
  <property name="PrefabSize" value="25, 24, 25" />
  <property name="SleeperVolumeTriggeredBy" value=" # # # " />
  <property class="Stats">
    <property name="TotalVertices" value="362748" />
    <property name="TotalTriangles" value="162097" />
    <property class="BlockEntities">
      <property name="Vertices" value="302748" />
      <property name="Triangles" value="125054" />
    </property>
    <property class="ChunkMeshes0">
      <property name="Vertices" value="57244" />
      <property name="Triangles" value="33487" />
    </property>
    <property class="ChunkMeshes1">
      <property name="Vertices" value="0" />
      <property name="Triangles" value="0" />
    </property>
    <property class="ChunkMeshes2">
      <property name="Vertices" value="128" />
      <property name="Triangles" value="64" />
    </property>
    <property class="ChunkMeshes3">
      <property name="Vertices" value="880" />
      <property name="Triangles" value="440" />
    </property>
    <property class="ChunkMeshes4">
      <property name="Vertices" value="0" />
      <property name="Triangles" value="0" />
    </property>
    <property class="ChunkMeshes5">
      <property name="Vertices" value="1748" />
      <property name="Triangles" value="3052" />
    </property>
  </property>
  <property class="IndexedBlockOffsets">
    <property class="quest_stone">
      <property name="0" value="22, 2, 14" />
      <property name="1" value="12, 2, 20" />
      <property name="2" value="20, 2, 22" />
    </property>
    <property class="quest_wood">
      <property name="0" value="24, 2, 12" />
      <property name="1" value="19, 2, 20" />
    </property>
    <property class="quest_feather">
      <property name="0" value="12, 2, 1" />
      <property name="1" value="23, 2, 8" />
    </property>
    <property class="TraderOnOff">
      <property name="0" value="20, 3, 12" />
      <property name="1" value="15, 4, 18" />
      <property name="2" value="16, 4, 18" />
    </property>
    <property class="challenge_polymers">
      <property name="0" value="21, 2, 22" />
    </property>
    <property class="challenge_gore">
      <property name="0" value="18, 13, 15" />
      <property name="1" value="15, 8, 20" />
    </property>
    <property class="challenge_sinks">
      <property name="0" value="18, 13, 13" />
      <property name="1" value="13, 8, 17" />
      <property name="2" value="13, 9, 17" />
      <property name="3" value="13, 13, 17" />
      <property name="4" value="13, 14, 17" />
      <property name="5" value="13, 8, 18" />
      <property name="6" value="13, 13, 18" />
    </property>
    <property class="POILight">
      <property name="0" value="18, 13, 12" />
      <property name="1" value="20, 5, 15" />
      <property name="2" value="13, 4, 19" />
      <property name="3" value="18, 4, 19" />
    </property>
    <property class="quest_wood_trees">
      <property name="0" value="23, 2, 1" />
    </property>
    <property class="challenge_leather">
      <property name="0" value="13, 8, 14" />
      <property name="1" value="18, 8, 18" />
    </property>
    <property class="FetchContainer">
      <property name="0" value="12, 15, 7" />
      <property name="1" value="12, 9, 11" />
    </property>
    <property class="Rally">
      <property name="0" value="23, 2, 20" />
    </property>
  </property>
</prefab>