﻿<?xml version="1.0" encoding="UTF-8"?>
<prefab>
  <property name="CopyAirBlocks" value="True" />
  <property name="ExcludeDistantPOIMesh" value="False" />
  <property name="ExcludePOICulling" value="False" />
  <property name="DistantPOIYOffset" value="0" />
  <property name="AllowTopSoilDecorations" value="True" />
  <property name="DifficultyTier" value="2" />
  <property name="ShowQuestClearCount" value="1" />
  <property name="TraderArea" value="False" />
  <property name="RotationToFaceNorth" value="2" />
  <property name="Zoning" value="ResidentialOld" />
  <property name="AllowedBiomes" value="pine_forest" />
  <property name="AllowedTownships" value="rural" />
  <property name="QuestTags" value="clear, fetch" />
  <property name="YOffset" value="-5" />
  <property name="SleeperVolumeSize" value="27, 6, 26#28, 3, 27#14, 3, 16#12, 6, 14#14, 3, 17" />
  <property name="SleeperVolumeStart" value="16, 10, 13#16, 6, 13#16, 7, 40#17, 1, 40#16, 13, 39" />
  <property name="SleeperVolumeGroupId" value="0,0,0,0,0" />
  <property name="SleeperVolumeGroup" value="GroupGenericZombie,8,10,GroupGenericZombie,5,6,GroupGenericZombie,1,2,GroupGenericZombie,1,2,GroupGenericZombie,1,2" />
  <property name="SleeperIsLootVolume" value="False,False,False,False,False" />
  <property name="SleeperIsQuestExclude" value="False,False,False,False,False" />
  <property name="SleeperVolumeFlags" value="0,0,0,0,0" />
  <property name="Tags" value="medieval, medieval60x60, medievalvillage" />
  <property name="EditorGroups" value="rural" />
  <property name="PrefabSize" value="60, 28, 60" />
  <property name="SleeperVolumeTriggeredBy" value=" # # # # " />
  <property class="Stats">
    <property name="TotalVertices" value="576229" />
    <property name="TotalTriangles" value="301196" />
    <property class="BlockEntities">
      <property name="Vertices" value="324566" />
      <property name="Triangles" value="139943" />
    </property>
    <property class="ChunkMeshes0">
      <property name="Vertices" value="239941" />
      <property name="Triangles" value="143767" />
    </property>
    <property class="ChunkMeshes1">
      <property name="Vertices" value="0" />
      <property name="Triangles" value="0" />
    </property>
    <property class="ChunkMeshes2">
      <property name="Vertices" value="1268" />
      <property name="Triangles" value="634" />
    </property>
    <property class="ChunkMeshes3">
      <property name="Vertices" value="696" />
      <property name="Triangles" value="348" />
    </property>
    <property class="ChunkMeshes4">
      <property name="Vertices" value="0" />
      <property name="Triangles" value="0" />
    </property>
    <property class="ChunkMeshes5">
      <property name="Vertices" value="9758" />
      <property name="Triangles" value="16504" />
    </property>
  </property>
  <property class="IndexedBlockOffsets">
    <property class="Rally">
      <property name="0" value="20, 5, 1" />
    </property>
    <property class="FetchContainer">
      <property name="0" value="38, 17, 24" />
    </property>
    <property class="challenge_polymers">
      <property name="0" value="35, 17, 22" />
    </property>
    <property class="challenge_elec_parts">
      <property name="0" value="19, 10, 26" />
    </property>
    <property class="challenge_leather">
      <property name="0" value="18, 14, 48" />
    </property>
    <property class="challenge_gore">
      <property name="0" value="22, 8, 46" />
      <property name="1" value="22, 8, 47" />
      <property name="2" value="24, 7, 47" />
    </property>
    <property class="POILight">
      <property name="0" value="36, 10, 19" />
      <property name="1" value="31, 10, 27" />
    </property>
    <property class="quest_wood_trees">
      <property name="0" value="50, 5, 4" />
    </property>
    <property class="quest_wood">
      <property name="0" value="51, 5, 16" />
      <property name="1" value="46, 6, 19" />
    </property>
  </property>
</prefab>