﻿<?xml version="1.0" encoding="UTF-8"?>
<prefab>
  <property name="CopyAirBlocks" value="True" />
  <property name="AllowTopSoilDecorations" value="True" />
  <property name="TraderArea" value="False" />
  <property name="ExcludeDistantPOIMesh" value="False" />
  <property name="ExcludePOICulling" value="False" />
  <property name="QuestTags" value="clear, fetch" />
  <property name="DifficultyTier" value="5" />
  <property name="Zoning" value="none" />
  <property name="AllowedBiomes" value="pine_forest" />
  <property name="AllowedTownships" value="wilderness" />
  <property name="RotationToFaceNorth" value="2" />
  <property name="YOffset" value="-7" />
  <property name="DistantPOIYOffset" value="0" />
  <property name="EditorGroups" value="Castle" />
  <property name="SleeperVolumeStart" value="85, 8, 42#75, 14, 76#63, 8, 66#102, 8, 50#118, 13, 58#130, 14, 58#117, 11, 65#102, 11, 89#129, 10, 89#129, 14, 89#128, 20, 91#63, 15, 65#66, 20, 66#91, 7, 67#84, 10, 74#100, 7, 74#103, 15, 74#84, 14, 84#84, 11, 84#84, 19, 87#90, 21, 76#82, 21, 76#81, 29, 83#85, 21, 67#93, 27, 76#87, 6, 84#87, 2, 68#85, 2, 74#27, 5, 89#15, 5, 100#14, 8, 101#75, 8, 42#85, 8, 49#85, 13, 40#86, 8, 40#72, 13, 42#83, 19, 40#68, 16, 48#64, 8, 48#130, 11, 58#79, 7, 0#14, 14, 102#91, 16, 68" />
  <property name="SleeperVolumeSize" value="15, 5, 7#9, 5, 14#20, 6, 28#16, 12, 24#12, 3, 5#10, 8, 7#22, 7, 24#27, 5, 14#10, 4, 12#11, 6, 11#9, 15, 9#11, 4, 22#9, 4, 23#5, 6, 6#18, 8, 10#17, 8, 15#14, 12, 11#19, 5, 10#18, 3, 11#7, 10, 8#13, 3, 14#9, 8, 11#12, 4, 7#18, 8, 9#10, 10, 10#14, 2, 7#15, 3, 21#4, 3, 16#12, 4, 28#12, 3, 17#13, 6, 13#10, 4, 25#12, 15, 18#19, 6, 9#6, 11, 2#13, 6, 6#11, 5, 9#7, 4, 12#10, 8, 17#10, 3, 8#19, 14, 40#9, 3, 11#5, 3, 5" />
  <property name="SleeperVolumeGroup" value="GroupZomBadassOnly,1,5,ZomFatCops,1,2,GroupZomBadassOnly,6,11,GroupZomBadassOnly,8,11,GroupZomBadassOnly,1,2,GroupZomBadassOnly,1,4,GroupZomBadassOnly,3,8,GroupZomBadassOnly,2,5,GroupZomBadassOnly,1,4,GroupZomBadassOnly,2,4,GroupLabWorker,1,1,GroupZomBadassOnly,4,8,GroupZomBadassOnly,7,9,GroupZomBadassOnly,1,2,GroupZomBadassOnly,9,13,GroupZomBadassOnly,5,12,GroupGenericZombie,5,11,GroupZomBadassOnly,1,5,GroupZomBadassOnly,1,2,GroupGenericZombie,1,1,GroupZomBadassOnly,2,6,GroupZomBadassOnly,2,5,ZomFatCops,1,2,ZomFatCops,7,9,GroupZomBadassOnly,8,16,GroupZomBadassOnly,1,1,GroupZomBadassOnly,10,13,GroupLabWorker,1,1,ZomFatCops,1,2,GroupZomBadassOnly,2,5,GroupZomSoldier,2,5,GroupZomBadassOnly,1,3,GroupGenericZombie,2,5,GroupZomBadassOnly,5,13,ZomBurnt,3,4,GroupZomSoldier,2,4,GroupZomBadassOnly,2,2,ZomFatCops,1,2,GroupZomBadassOnly,1,4,GroupZomBadassOnly,2,3,GroupZomBadass,6,13,ZomBurnt,1,2,GroupGenericZombie,5,6" />
  <property name="SleeperVolumeGameStageAdjust" value=",,,,,,,,,,,,,,,,,,,,,,,,,,,,,,,,,,,,,,,,,," />
  <property name="SleeperIsLootVolume" value="False,False,False,False,False,False,False,False,False,False,True,False,False,False,False,False,False,False,False,False,True,True,False,True,True,False,False,False,True,False,False,False,False,False,False,False,False,False,False,False,False,True,False" />
  <property name="SleeperIsQuestExclude" value="False,False,False,False,False,False,False,False,False,False,False,False,False,False,False,False,False,False,False,False,False,False,False,False,False,False,False,False,False,False,False,False,False,False,False,False,False,False,False,False,False,False,False" />
  <property name="SleeperVolumeFlags" value="0,0,0,0,0,0,0,0,0,0,2,0,2,0,0,0,0,0,0,0,0,2,0,0,0,0,0,0,2,0,0,0,0,0,0,0,0,0,0,0,0,0,0" />
  <property name="SleeperVolumeGroupId" value="0,0,0,0,0,0,0,0,0,0,0,0,0,0,0,0,0,0,0,0,0,0,0,0,0,0,0,0,0,0,0,0,0,0,0,0,0,0,0,0,0,0,0" />
  <property name="ShowQuestClearCount" value="3" />
  <property name="Tags" value="wilderness, pine_forest" />
  <property name="POIMarkerSize" value="1, 1, 1" />
  <property name="POIMarkerStart" value="88, 6, -1" />
  <property name="POIMarkerGroup" value="1" />
  <property name="POIMarkerTags" value="" />
  <property name="POIMarkerType" value="RoadExit" />
  <property name="POIMarkerPartToSpawn" value="" />
  <property name="POIMarkerPartRotations" value="2" />
  <property name="POIMarkerPartSpawnChance" value="1" />
  <property name="PrefabSize" value="167, 41, 138" />
  <property name="SleeperVolumeTriggeredBy" value=" # # # # # # # # # # # # # # # # # # # # # # # # # # # # # # # # # # # # # # # # # # " />
  <property class="IndexedBlockOffsets">
    <property class="quest_wood_trees">
      <property name="0" value="153, 8, 24" />
      <property name="1" value="148, 7, 27" />
      <property name="2" value="156, 8, 32" />
      <property name="3" value="157, 8, 36" />
    </property>
    <property class="quest_feather">
      <property name="0" value="163, 7, 124" />
    </property>
    <property class="challenge_sinks">
      <property name="0" value="115, 12, 78" />
      <property name="1" value="115, 13, 78" />
      <property name="2" value="115, 12, 80" />
      <property name="3" value="115, 13, 80" />
    </property>
    <property class="TraderOnOff">
      <property name="0" value="137, 11, 89" />
      <property name="1" value="134, 11, 94" />
      <property name="2" value="138, 15, 94" />
    </property>
    <property class="FetchContainer">
      <property name="0" value="135, 27, 94" />
    </property>
    <property class="Rally">
      <property name="0" value="54, 7, 3" />
    </property>
    <property class="challenge_polymers">
      <property name="0" value="137, 15, 86" />
    </property>
    <property class="challenge_gore">
      <property name="0" value="136, 15, 96" />
    </property>
    <property class="challenge_mech_parts">
      <property name="0" value="111, 12, 79" />
    </property>
    <property class="quest_wood">
      <property name="0" value="131, 11, 85" />
      <property name="1" value="132, 11, 85" />
      <property name="2" value="133, 11, 85" />
      <property name="3" value="134, 11, 85" />
      <property name="4" value="135, 11, 85" />
      <property name="5" value="135, 11, 86" />
      <property name="6" value="135, 11, 87" />
    </property>
    <property class="challenge_stump">
      <property name="0" value="112, 11, 91" />
      <property name="1" value="111, 11, 97" />
    </property>
    <property class="POILight">
      <property name="0" value="100, 13, 74" />
      <property name="1" value="109, 20, 79" />
    </property>
    <property class="challenge_leather">
      <property name="0" value="134, 27, 98" />
    </property>
  </property>
  <property class="Stats">
    <property name="TotalVertices" value="44847804" />
    <property name="TotalTriangles" value="18399866" />
    <property class="BlockEntities">
      <property name="Vertices" value="43763120" />
      <property name="Triangles" value="17756553" />
    </property>
    <property class="ChunkMeshes0">
      <property name="Vertices" value="381940" />
      <property name="Triangles" value="210269" />
    </property>
    <property class="ChunkMeshes1">
      <property name="Vertices" value="629064" />
      <property name="Triangles" value="314532" />
    </property>
    <property class="ChunkMeshes2">
      <property name="Vertices" value="0" />
      <property name="Triangles" value="0" />
    </property>
    <property class="ChunkMeshes3">
      <property name="Vertices" value="816" />
      <property name="Triangles" value="408" />
    </property>
    <property class="ChunkMeshes4">
      <property name="Vertices" value="0" />
      <property name="Triangles" value="0" />
    </property>
    <property class="ChunkMeshes5">
      <property name="Vertices" value="72864" />
      <property name="Triangles" value="118104" />
    </property>
  </property>
</prefab>