﻿<?xml version="1.0" encoding="UTF-8"?>
<prefab>
  <property name="CopyAirBlocks" value="True" />
  <property name="AllowTopSoilDecorations" value="True" />
  <property name="TraderArea" value="False" />
  <property name="ExcludeDistantPOIMesh" value="False" />
  <property name="ExcludePOICulling" value="False" />
  <property name="QuestTags" value="clear, fetch, infested" />
  <property name="DifficultyTier" value="2" />
  <property name="Zoning" value="Industrial, none" />
  <property name="RotationToFaceNorth" value="3" />
  <property name="YOffset" value="-1" />
  <property name="DistantPOIYOffset" value="0" />
  <property name="EditorGroups" value="rural, industrial" />
  <property name="TraderAreaProtect" value="37, 48, 31" />
  <property name="TraderAreaTeleportSize" value="37, 48, 31" />
  <property name="TraderAreaTeleportCenter" value="0, 0, 0" />
  <property name="SleeperVolumeStart" value="1, 1, 1#5, 4, 5" />
  <property name="SleeperVolumeSize" value="23, 3, 23#16, 10, 15" />
  <property name="SleeperVolumeGroup" value="S_-_Group_Zom_Soldier,12,16,S_-_Group_Zom_Soldier,8,10" />
  <property name="SleeperVolumeGameStageAdjust" value="," />
  <property name="SleeperIsLootVolume" value="True,True" />
  <property name="SleeperIsQuestExclude" value="False,False" />
  <property name="SleeperVolumeFlags" value="0,0" />
  <property name="SleeperVolumeGroupId" value="0,0" />
  <property name="ShowQuestClearCount" value="0" />
  <property name="PrefabSize" value="25, 15, 25" />
  <property name="Tags" value="industrial,countryresidential" />
  <property name="ThemeTags" value="gas" />
  <property name="ThemeDistance" value="500" />
  <property name="SleeperVolumeTriggeredBy" value=" # " />
  <property class="IndexedBlockOffsets">
    <property class="TraderOnOff">
      <property name="0" value="8, 1, 9" />
    </property>
    <property class="Rally">
      <property name="0" value="1, 1, 12" />
    </property>
    <property class="FetchContainer">
      <property name="0" value="12, 8, 12" />
    </property>
    <property class="quest_feather">
      <property name="0" value="17, 9, 12" />
    </property>
  </property>
  <property class="Stats">
    <property name="TotalVertices" value="128932" />
    <property name="TotalTriangles" value="67241" />
    <property class="BlockEntities">
      <property name="Vertices" value="83239" />
      <property name="Triangles" value="32945" />
    </property>
    <property class="ChunkMeshes0">
      <property name="Vertices" value="43773" />
      <property name="Triangles" value="31496" />
    </property>
    <property class="ChunkMeshes1">
      <property name="Vertices" value="0" />
      <property name="Triangles" value="0" />
    </property>
    <property class="ChunkMeshes2">
      <property name="Vertices" value="0" />
      <property name="Triangles" value="0" />
    </property>
    <property class="ChunkMeshes3">
      <property name="Vertices" value="480" />
      <property name="Triangles" value="240" />
    </property>
    <property class="ChunkMeshes4">
      <property name="Vertices" value="0" />
      <property name="Triangles" value="0" />
    </property>
    <property class="ChunkMeshes5">
      <property name="Vertices" value="0" />
      <property name="Triangles" value="0" />
    </property>
    <property class="ChunkMeshes6">
      <property name="Vertices" value="1440" />
      <property name="Triangles" value="2560" />
    </property>
  </property>
</prefab>