﻿<?xml version="1.0" encoding="UTF-8"?>
<prefab>
  <property name="CopyAirBlocks" value="True" />
  <property name="AllowTopSoilDecorations" value="True" />
  <property name="TraderArea" value="False" />
  <property name="ExcludeDistantPOIMesh" value="False" />
  <property name="ExcludePOICulling" value="False" />
  <property name="QuestTags" value="clear, fetch" />
  <property name="DifficultyTier" value="1" />
  <property name="Zoning" value="ResidentialOld, wilderness" />
  <property name="AllowedBiomes" value="snow" />
  <property name="AllowedTownships" value="wilderness" />
  <property name="RotationToFaceNorth" value="2" />
  <property name="YOffset" value="-2" />
  <property name="DistantPOIYOffset" value="0" />
  <property name="EditorGroups" value="Wilderness" />
  <property name="SleeperVolumeStart" value="0, 2, 0#2, 11, 3" />
  <property name="SleeperVolumeSize" value="23, 3, 27#19, 13, 22" />
  <property name="SleeperVolumeGroup" value="ZomUtilityWorker,3,5,GroupLabWorker,5,7" />
  <property name="SleeperVolumeGameStageAdjust" value="," />
  <property name="SleeperIsLootVolume" value="False,False" />
  <property name="SleeperIsQuestExclude" value="False,False" />
  <property name="SleeperVolumeFlags" value="0,0" />
  <property name="SleeperVolumeGroupId" value="0,0" />
  <property name="ShowQuestClearCount" value="1" />
  <property name="Tags" value="snow, wilderness" />
  <property name="POIMarkerSize" value="1, 1, 1#1, 1, 1" />
  <property name="POIMarkerStart" value="11, 1, -1#16, 1, 27" />
  <property name="POIMarkerGroup" value="1,2" />
  <property name="POIMarkerTags" value="#" />
  <property name="POIMarkerType" value="RoadExit,RoadExit" />
  <property name="POIMarkerPartToSpawn" value="," />
  <property name="POIMarkerPartRotations" value="2,0" />
  <property name="POIMarkerPartSpawnChance" value="1,1" />
  <property name="PrefabSize" value="23, 24, 27" />
  <property name="SleeperVolumeTriggeredBy" value=" # " />
  <property class="IndexedBlockOffsets">
    <property class="POILight">
      <property name="0" value="19, 13, 23" />
    </property>
    <property class="challenge_sinks">
      <property name="0" value="11, 11, 15" />
      <property name="1" value="11, 17, 16" />
      <property name="2" value="11, 17, 17" />
    </property>
    <property class="FetchContainer">
      <property name="0" value="11, 15, 13" />
      <property name="1" value="11, 23, 15" />
    </property>
    <property class="Rally">
      <property name="0" value="21, 3, 1" />
    </property>
    <property class="TraderOnOff">
      <property name="0" value="17, 11, 15" />
      <property name="1" value="18, 11, 15" />
    </property>
  </property>
  <property class="Stats">
    <property name="TotalVertices" value="190143" />
    <property name="TotalTriangles" value="98345" />
    <property class="BlockEntities">
      <property name="Vertices" value="77213" />
      <property name="Triangles" value="23385" />
    </property>
    <property class="ChunkMeshes0">
      <property name="Vertices" value="111274" />
      <property name="Triangles" value="72080" />
    </property>
    <property class="ChunkMeshes1">
      <property name="Vertices" value="0" />
      <property name="Triangles" value="0" />
    </property>
    <property class="ChunkMeshes2">
      <property name="Vertices" value="0" />
      <property name="Triangles" value="0" />
    </property>
    <property class="ChunkMeshes3">
      <property name="Vertices" value="0" />
      <property name="Triangles" value="0" />
    </property>
    <property class="ChunkMeshes4">
      <property name="Vertices" value="0" />
      <property name="Triangles" value="0" />
    </property>
    <property class="ChunkMeshes5">
      <property name="Vertices" value="1656" />
      <property name="Triangles" value="2880" />
    </property>
  </property>
</prefab>