﻿<?xml version="1.0" encoding="UTF-8"?>
<prefab>
  <property name="CopyAirBlocks" value="True" />
  <property name="ExcludeDistantPOIMesh" value="False" />
  <property name="ExcludePOICulling" value="False" />
  <property name="DistantPOIYOffset" value="0" />
  <property name="AllowTopSoilDecorations" value="True" />
  <property name="DifficultyTier" value="3" />
  <property name="ShowQuestClearCount" value="2" />
  <property name="TraderArea" value="False" />
  <property name="PrefabSize" value="60, 181, 60" />
  <property name="RotationToFaceNorth" value="2" />
  <property name="Zoning" value="none" />
  <property name="TraderAreaProtect" value="20,0,20" />
  <property name="TraderAreaTeleportSize" value="16, 5, 16" />
  <property name="TraderAreaTeleportCenter" value="64, 69, 38" />
  <property name="YOffset" value="-2" />
  <property name="Tags" value="desert, snow, downtown, pine_forest" />
  <property name="SleeperVolumeSize" value="12, 3, 14#11, 3, 9#10, 3, 14#36, 5, 36#53, 5, 53#15, 9, 15" />
  <property name="SleeperVolumeStart" value="13, 28, 23#24, 28, 37#35, 28, 23#12, 28, 12#1, 2, 4#23, 64, 22" />
  <property name="SleeperVolumeGroupId" value="0,0,0,0,0,0" />
  <property name="SleeperVolumeGroup" value="animalChicken,6,8,GroupNightClub,2,3,GroupLabWorker,2,4,GroupGenericZombie,6,12,GroupGenericZombie,14,14,zombieBikerFeral,4,4" />
  <property name="SleeperIsLootVolume" value="True,True,True,False,False,False" />
  <property name="SleeperIsQuestExclude" value="False,False,False,False,False,False" />
  <property name="SleeperVolumeFlags" value="1,0,0,0,0,2" />
  <property name="QuestTags" value="clear, fetch" />
  <property name="EditorGroups" value="Skyscraper" />
  <property name="SleeperVolumeTriggeredBy" value=" # # # # # " />
  <property class="Stats">
    <property name="TotalVertices" value="555450" />
    <property name="TotalTriangles" value="345431" />
    <property class="BlockEntities">
      <property name="Vertices" value="207198" />
      <property name="Triangles" value="77861" />
    </property>
    <property class="ChunkMeshes0">
      <property name="Vertices" value="327124" />
      <property name="Triangles" value="255142" />
    </property>
    <property class="ChunkMeshes1">
      <property name="Vertices" value="10496" />
      <property name="Triangles" value="5248" />
    </property>
    <property class="ChunkMeshes2">
      <property name="Vertices" value="9288" />
      <property name="Triangles" value="4780" />
    </property>
    <property class="ChunkMeshes3">
      <property name="Vertices" value="0" />
      <property name="Triangles" value="0" />
    </property>
    <property class="ChunkMeshes4">
      <property name="Vertices" value="0" />
      <property name="Triangles" value="0" />
    </property>
    <property class="ChunkMeshes5">
      <property name="Vertices" value="1344" />
      <property name="Triangles" value="2400" />
    </property>
  </property>
  <property class="IndexedBlockOffsets">
    <property class="FetchContainer">
      <property name="0" value="43, 29, 33" />
      <property name="1" value="34, 29, 42" />
    </property>
    <property class="POILight">
      <property name="0" value="42, 31, 30" />
      <property name="1" value="31, 17, 31" />
      <property name="2" value="31, 25, 31" />
      <property name="3" value="33, 7, 31" />
      <property name="4" value="34, 73, 31" />
      <property name="5" value="39, 31, 31" />
      <property name="6" value="32, 50, 32" />
      <property name="7" value="39, 31, 33" />
      <property name="8" value="42, 31, 33" />
      <property name="9" value="31, 73, 34" />
      <property name="10" value="31, 31, 41" />
    </property>
    <property class="challenge_polymers">
      <property name="0" value="32, 71, 34" />
    </property>
    <property class="challenge_steel">
      <property name="0" value="34, 70, 31" />
      <property name="1" value="34, 28, 45" />
    </property>
    <property class="TraderOnOff">
      <property name="0" value="33, 4, 29" />
    </property>
    <property class="Rally">
      <property name="0" value="30, 2, 0" />
    </property>
    <property class="challenge_sinks">
      <property name="0" value="45, 29, 34" />
      <property name="1" value="44, 28, 30" />
      <property name="2" value="45, 29, 30" />
    </property>
  </property>
</prefab>