﻿<?xml version="1.0" encoding="UTF-8"?>
<prefab>
  <property name="CopyAirBlocks" value="True" />
  <property name="AllowTopSoilDecorations" value="True" />
  <property name="TraderArea" value="False" />
  <property name="ExcludeDistantPOIMesh" value="False" />
  <property name="ExcludePOICulling" value="False" />
  <property name="DifficultyTier" value="1" />
  <property name="Zoning" value="None" />
  <property name="RotationToFaceNorth" value="3" />
  <property name="YOffset" value="-1" />
  <property name="DistantPOIYOffset" value="0" />
  <property name="AllowedBiomes" value="burnt_forest,desert,wasteland,radiated" />
  <property name="AllowedTownships" value="rural,town,wilderness" />
  <property name="DisallowedBiomes" value="snow,plains,pine_forest,forest,city,city_wasteland,water" />
  <property name="EditorGroups" value="Wilderness, industrial, commercial, downtown" />
  <property name="SleeperVolumeStart" value="8, 1, 4#8, 1, 13" />
  <property name="SleeperVolumeSize" value="10, 3, 9#10, 3, 8" />
  <property name="SleeperVolumeGroup" value="S_Zom_Utility_Worker,2,2,S_Zom_Utility_Worker,2,2" />
  <property name="SleeperVolumeGameStageAdjust" value="," />
  <property name="SleeperIsLootVolume" value="False,False" />
  <property name="SleeperIsBossVolume" value="False,False" />
  <property name="SleeperVolumeFlags" value="0,0" />
  <property name="SleeperVolumeGroupId" value="0,0" />
  <property name="ShowQuestClearCount" value="1" />
  <property name="SleeperIsQuestExclude" value="False,False" />
  <property name="PrefabSize" value="25, 7, 25" />
  <property name="Tags" value="none" />
  <property name="SleeperVolumeTriggeredBy" value=" # " />
  <property name="QuestTags" value="clear, fetch, infested" />
  <property class="Stats">
    <property name="TotalVertices" value="91654" />
    <property name="TotalTriangles" value="37244" />
    <property class="BlockEntities">
      <property name="Vertices" value="83761" />
      <property name="Triangles" value="29579" />
    </property>
    <property class="ChunkMeshes0">
      <property name="Vertices" value="6337" />
      <property name="Triangles" value="4969" />
    </property>
    <property class="ChunkMeshes1">
      <property name="Vertices" value="0" />
      <property name="Triangles" value="0" />
    </property>
    <property class="ChunkMeshes2">
      <property name="Vertices" value="0" />
      <property name="Triangles" value="0" />
    </property>
    <property class="ChunkMeshes3">
      <property name="Vertices" value="0" />
      <property name="Triangles" value="0" />
    </property>
    <property class="ChunkMeshes4">
      <property name="Vertices" value="0" />
      <property name="Triangles" value="0" />
    </property>
    <property class="ChunkMeshes5">
      <property name="Vertices" value="0" />
      <property name="Triangles" value="0" />
    </property>
    <property class="ChunkMeshes6">
      <property name="Vertices" value="1556" />
      <property name="Triangles" value="2696" />
    </property>
  </property>
  <property class="IndexedBlockOffsets">
    <property class="Rally">
      <property name="0" value="3, 1, 3" />
    </property>
    <property class="FetchContainer">
      <property name="0" value="11, 6, 9" />
    </property>
  </property>
</prefab>