﻿<?xml version="1.0" encoding="UTF-8"?>
<prefab>
  <property name="CopyAirBlocks" value="True" />
  <property name="AllowTopSoilDecorations" value="False" />
  <property name="Zoning" value="NavOnly" />
  <property name="TraderArea" value="False" />
  <property name="ExcludeDistantPOIMesh" value="False" />
  <property name="SleeperVolumeSize" value="17, 17, 61#16, 8, 20#21, 13, 26" />
  <property name="SleeperVolumeStart" value="-3, 0, 10#14, 9, 26#15, 4, 0" />
  <property name="SleeperVolumeGroup" value="ZomUtilityWorker,6,6,ZomUtilityWorker,1,2,ZomUtilityWorker,4,5" />
  <property name="SleeperVolumeGameStageAdjust" value=",,medium" />
  <property name="SleeperIsLootVolume" value="False,False,False" />
  <property name="DistantPOIYOffset" value="0" />
  <property name="EditorGroups" value="navezgane only" />
  <property name="SleeperIsBossVolume" value="False,False,False" />
  <property name="DifficultyTier" value="0" />
  <property name="ExcludePOICulling" value="False" />
  <property name="SleeperVolumeGroupId" value="0,0,0" />
  <property name="RotationToFaceNorth" value="0" />
  <property name="SleeperVolumeFlags" value="0,0,0" />
  <property name="ShowQuestClearCount" value="1" />
  <property name="SleeperIsQuestExclude" value="False,False,False" />
  <property name="PrefabSize" value="36, 17, 71" />
  <property name="Tags" value="navonly" />
  <property name="SleeperVolumeTriggeredBy" value=" # # " />
  <property name="InfoVolumeSize" value="40, 20, 74" />
  <property name="InfoVolumeStart" value="-5, -1, 1" />
  <property class="Stats">
    <property name="TotalVertices" value="244928" />
    <property name="TotalTriangles" value="152414" />
    <property class="BlockEntities">
      <property name="Vertices" value="59377" />
      <property name="Triangles" value="31459" />
    </property>
    <property class="ChunkMeshes0">
      <property name="Vertices" value="173087" />
      <property name="Triangles" value="101719" />
    </property>
    <property class="ChunkMeshes1">
      <property name="Vertices" value="0" />
      <property name="Triangles" value="0" />
    </property>
    <property class="ChunkMeshes2">
      <property name="Vertices" value="0" />
      <property name="Triangles" value="0" />
    </property>
    <property class="ChunkMeshes3">
      <property name="Vertices" value="0" />
      <property name="Triangles" value="0" />
    </property>
    <property class="ChunkMeshes4">
      <property name="Vertices" value="0" />
      <property name="Triangles" value="0" />
    </property>
    <property class="ChunkMeshes5">
      <property name="Vertices" value="12464" />
      <property name="Triangles" value="19236" />
    </property>
  </property>
  <property class="IndexedBlockOffsets">
    <property class="TraderOnOff">
      <property name="0" value="5, 1, 67" />
      <property name="1" value="10, 13, 67" />
    </property>
  </property>
</prefab>