﻿<?xml version="1.0" encoding="UTF-8"?>
<prefab>
  <property name="CopyAirBlocks" value="True" />
  <property name="ExcludeDistantPOIMesh" value="False" />
  <property name="ExcludePOICulling" value="False" />
  <property name="DistantPOIYOffset" value="0" />
  <property name="AllowTopSoilDecorations" value="True" />
  <property name="DifficultyTier" value="0" />
  <property name="ShowQuestClearCount" value="1" />
  <property name="TraderArea" value="False" />
  <property name="YOffset" value="-3" />
  <property name="PrefabSize" value="19, 6, 19" />
  <property name="RotationToFaceNorth" value="2" />
  <property name="Zoning" value="none" />
  <property name="Tags" value="desert, snow, downtown, pine_forest" />
  <property class="Stats">
    <property name="TotalVertices" value="13853" />
    <property name="TotalTriangles" value="9769" />
    <property class="BlockEntities">
      <property name="Vertices" value="1561" />
      <property name="Triangles" value="1625" />
    </property>
    <property class="ChunkMeshes0">
      <property name="Vertices" value="2226" />
      <property name="Triangles" value="1644" />
    </property>
    <property class="ChunkMeshes1">
      <property name="Vertices" value="8832" />
      <property name="Triangles" value="4416" />
    </property>
    <property class="ChunkMeshes2">
      <property name="Vertices" value="0" />
      <property name="Triangles" value="0" />
    </property>
    <property class="ChunkMeshes3">
      <property name="Vertices" value="0" />
      <property name="Triangles" value="0" />
    </property>
    <property class="ChunkMeshes4">
      <property name="Vertices" value="0" />
      <property name="Triangles" value="0" />
    </property>
    <property class="ChunkMeshes5">
      <property name="Vertices" value="1234" />
      <property name="Triangles" value="2084" />
    </property>
  </property>
  <property class="IndexedBlockOffsets">
    <property class="quest_wood_trees">
      <property name="0" value="6, 4, 13" />
    </property>
    <property class="quest_stone_boulder">
      <property name="0" value="15, 3, 3" />
    </property>
  </property>
</prefab>