﻿<?xml version="1.0" encoding="UTF-8"?>
<prefab>
  <property name="CopyAirBlocks" value="True" />
  <property name="AllowTopSoilDecorations" value="True" />
  <property name="TraderArea" value="False" />
  <property name="ExcludeDistantPOIMesh" value="False" />
  <property name="ExcludePOICulling" value="False" />
  <property name="DifficultyTier" value="1" />
  <property name="Zoning" value="Industrial, Residential" />
  <property name="RotationToFaceNorth" value="2" />
  <property name="YOffset" value="-1" />
  <property name="DistantPOIYOffset" value="0" />
  <property name="AllowedTownships" value="rural,wilderness" />
  <property name="EditorGroups" value="Wilderness" />
  <property name="ShowQuestClearCount" value="1" />
  <property name="PrefabSize" value="17, 22, 16" />
  <property name="Tags" value="wilderness" />
  <property class="Stats">
    <property name="TotalVertices" value="34739" />
    <property name="TotalTriangles" value="34098" />
    <property class="BlockEntities">
      <property name="Vertices" value="33887" />
      <property name="Triangles" value="32830" />
    </property>
    <property class="ChunkMeshes0">
      <property name="Vertices" value="80" />
      <property name="Triangles" value="40" />
    </property>
    <property class="ChunkMeshes1">
      <property name="Vertices" value="0" />
      <property name="Triangles" value="0" />
    </property>
    <property class="ChunkMeshes2">
      <property name="Vertices" value="0" />
      <property name="Triangles" value="0" />
    </property>
    <property class="ChunkMeshes3">
      <property name="Vertices" value="0" />
      <property name="Triangles" value="0" />
    </property>
    <property class="ChunkMeshes4">
      <property name="Vertices" value="24" />
      <property name="Triangles" value="12" />
    </property>
    <property class="ChunkMeshes5">
      <property name="Vertices" value="0" />
      <property name="Triangles" value="0" />
    </property>
    <property class="ChunkMeshes6">
      <property name="Vertices" value="748" />
      <property name="Triangles" value="1216" />
    </property>
  </property>
  <property class="IndexedBlockOffsets">
    <property class="Rally">
      <property name="0" value="2, 1, 1" />
    </property>
    <property class="quest_wood_trees">
      <property name="0" value="14, 1, 12" />
    </property>
    <property class="quest_wood">
      <property name="0" value="11, 1, 11" />
    </property>
  </property>
</prefab>