﻿<?xml version="1.0" encoding="UTF-8"?>
<prefab>
  <property name="Zoning" value="ResidentialOld" />
  <property name="AllowedTownships" value="city,town,rural,wilderness" />
  <property name="RotationToFaceNorth" value="3" />
  <property name="CopyAirBlocks" value="True" />
  <property name="ExcludeDistantPOIMesh" value="False" />
  <property name="DistantPOIYOffset" value="0" />
  <property name="AllowTopSoilDecorations" value="False" />
  <property name="TraderArea" value="False" />
  <property name="YOffset" value="-7" />
  <property name="DifficultyTier" value="1" />
  <property name="ExcludePOICulling" value="False" />
  <property name="Tags" value="rural, gateway, nocheckpoint" />
  <property name="POIMarkerSize" value="3, 13, 4#3, 13, 4#3, 13, 6" />
  <property name="POIMarkerStart" value="-3, 6, 18#-3, 6, 38#-3, 6, 46" />
  <property name="POIMarkerGroup" value="driveway,driveway2,driveway3" />
  <property name="POIMarkerTags" value="rural#rural#rural" />
  <property name="POIMarkerType" value="PartSpawn,PartSpawn,PartSpawn" />
  <property name="POIMarkerPartToSpawn" value="part_driveway_rural_03,part_driveway_rural_03,part_driveway_rural_01" />
  <property name="POIMarkerPartRotations" value="3,3,3" />
  <property name="POIMarkerPartSpawnChance" value="1,1,1" />
  <property name="PrefabSize" value="100, 33, 100" />
  <property name="SleeperVolumeTriggeredBy" value=" # # # # # # # # # # # # # # # # # # " />
  <property class="Stats">
    <property name="TotalVertices" value="1330851" />
    <property name="TotalTriangles" value="679036" />
    <property class="BlockEntities">
      <property name="Vertices" value="964333" />
      <property name="Triangles" value="452860" />
    </property>
    <property class="ChunkMeshes0">
      <property name="Vertices" value="185768" />
      <property name="Triangles" value="99298" />
    </property>
    <property class="ChunkMeshes1">
      <property name="Vertices" value="146496" />
      <property name="Triangles" value="73248" />
    </property>
    <property class="ChunkMeshes2">
      <property name="Vertices" value="64" />
      <property name="Triangles" value="32" />
    </property>
    <property class="ChunkMeshes3">
      <property name="Vertices" value="1798" />
      <property name="Triangles" value="1574" />
    </property>
    <property class="ChunkMeshes4">
      <property name="Vertices" value="72" />
      <property name="Triangles" value="36" />
    </property>
    <property class="ChunkMeshes5">
      <property name="Vertices" value="0" />
      <property name="Triangles" value="0" />
    </property>
    <property class="ChunkMeshes6">
      <property name="Vertices" value="32320" />
      <property name="Triangles" value="51988" />
    </property>
  </property>
  <property class="IndexedBlockOffsets">
    <property class="POILight">
      <property name="0" value="37, 3, 51" />
      <property name="1" value="37, 1, 52" />
      <property name="2" value="37, 3, 57" />
      <property name="3" value="37, 2, 65" />
    </property>
    <property class="quest_wood_trees">
      <property name="0" value="87, 7, 82" />
    </property>
    <property class="quest_wood">
      <property name="0" value="29, 11, 64" />
      <property name="1" value="30, 11, 64" />
      <property name="2" value="31, 11, 64" />
      <property name="3" value="32, 11, 64" />
    </property>
    <property class="FetchContainer">
      <property name="0" value="21, 24, 72" />
      <property name="1" value="25, 19, 72" />
      <property name="2" value="27, 19, 72" />
      <property name="3" value="22, 14, 77" />
      <property name="4" value="24, 24, 77" />
    </property>
    <property class="challenge_officechairs">
      <property name="0" value="14, 17, 67" />
      <property name="1" value="12, 12, 75" />
    </property>
    <property class="TraderOnOff">
      <property name="0" value="36, 8, 36" />
      <property name="1" value="35, 12, 37" />
      <property name="2" value="37, 8, 40" />
    </property>
    <property class="challenge_pallet">
      <property name="0" value="24, 7, 82" />
      <property name="1" value="19, 7, 83" />
      <property name="2" value="19, 8, 87" />
      <property name="3" value="24, 7, 87" />
    </property>
    <property class="challenge_sinks">
      <property name="0" value="35, 8, 34" />
      <property name="1" value="35, 8, 35" />
    </property>
    <property class="Rally">
      <property name="0" value="26, 7, 31" />
    </property>
    <property class="challenge_gore">
      <property name="0" value="75, 3, 37" />
      <property name="1" value="71, 3, 40" />
    </property>
    <property class="challenge_vending">
      <property name="0" value="34, 8, 16" />
      <property name="1" value="35, 8, 16" />
    </property>
  </property>
</prefab>