﻿<?xml version="1.0" encoding="UTF-8"?>
<prefab>
  <property name="CopyAirBlocks" value="True" />
  <property name="ExcludeDistantPOIMesh" value="False" />
  <property name="ExcludePOICulling" value="False" />
  <property name="DistantPOIYOffset" value="0" />
  <property name="AllowTopSoilDecorations" value="False" />
  <property name="DifficultyTier" value="4" />
  <property name="DuplicateRepeatDistance" value="10000" />
  <property name="TraderArea" value="False" />
  <property name="PrefabSize" value="100, 33, 100" />
  <property name="RotationToFaceNorth" value="2" />
  <property name="YOffset" value="-10" />
  <property name="POIMarkerSize" value="13, 13, 3" />
  <property name="POIMarkerStart" value="47, 9, -3" />
  <property name="POIMarkerGroup" value="driveway" />
  <property name="POIMarkerTags" value="rural" />
  <property name="POIMarkerType" value="PartSpawn" />
  <property name="POIMarkerPartToSpawn" value="part_driveway_rural_07" />
  <property name="POIMarkerPartRotations" value="2" />
  <property name="POIMarkerPartSpawnChance" value="1" />
  <property name="Tags" value="rural" />
  <property name="TriggerVolumeSize" value="1, 3, 3" />
  <property name="TriggerVolumeStart" value="52, 3, 39" />
  <property name="TriggerVolumeTriggers" value="5" />
  <property name="EditorGroups" value="house new" />
  <property name="SVS47" value="sound light_bay1" />
  <property name="SVS46" value="sleep 0.5^sound explosion_buzzer1^sleep 1^trigger 13^sleep 0.2^trigger 14" />
  <property name="SVS45" value="sleep 1^sound elevator_ding4^sleep 0.5^trigger 12^sleep 2^trigger 10^sound explosion_buzzer1^sleep 1^trigger 11" />
  <property class="Stats">
    <property name="TotalVertices" value="1966373" />
    <property name="TotalTriangles" value="839021" />
    <property class="BlockEntities">
      <property name="Vertices" value="1493114" />
      <property name="Triangles" value="526196" />
    </property>
    <property class="ChunkMeshes0">
      <property name="Vertices" value="398739" />
      <property name="Triangles" value="231501" />
    </property>
    <property class="ChunkMeshes1">
      <property name="Vertices" value="24000" />
      <property name="Triangles" value="12000" />
    </property>
    <property class="ChunkMeshes2">
      <property name="Vertices" value="7884" />
      <property name="Triangles" value="4028" />
    </property>
    <property class="ChunkMeshes3">
      <property name="Vertices" value="2648" />
      <property name="Triangles" value="1324" />
    </property>
    <property class="ChunkMeshes4">
      <property name="Vertices" value="0" />
      <property name="Triangles" value="0" />
    </property>
    <property class="ChunkMeshes5">
      <property name="Vertices" value="39988" />
      <property name="Triangles" value="63972" />
    </property>
  </property>
  <property class="IndexedBlockOffsets">
    <property class="quest_wood">
      <property name="0" value="82, 13, 44" />
      <property name="1" value="84, 13, 44" />
    </property>
    <property class="POILight">
      <property name="0" value="88, 14, 52" />
    </property>
    <property class="quest_wood_trees">
      <property name="0" value="95, 10, 95" />
    </property>
    <property class="challenge_polymers">
      <property name="0" value="82, 13, 73" />
      <property name="1" value="82, 13, 76" />
    </property>
    <property class="TraderOnOff">
      <property name="0" value="66, 13, 44" />
    </property>
    <property class="challenge_sinks">
      <property name="0" value="68, 10, 46" />
    </property>
    <property class="FetchContainer">
      <property name="0" value="51, 18, 50" />
      <property name="1" value="51, 2, 55" />
    </property>
    <property class="challenge_gore">
      <property name="0" value="96, 10, 74" />
    </property>
    <property class="challenge_pallet">
      <property name="0" value="42, 12, 35" />
    </property>
    <property class="challenge_mech_parts">
      <property name="0" value="59, 13, 45" />
      <property name="1" value="51, 2, 49" />
    </property>
    <property class="QuestRestorePower">
      <property name="0" value="51, 14, 88" />
    </property>
    <property class="quest_feather">
      <property name="0" value="61, 27, 34" />
    </property>
    <property class="challenge_steel">
      <property name="0" value="51, 13, 84" />
    </property>
    <property class="challenge_leather">
      <property name="0" value="58, 22, 47" />
    </property>
    <property class="challenge_cars">
      <property name="0" value="57, 12, 26" />
    </property>
    <property class="challenge_elec_parts">
      <property name="0" value="77, 13, 88" />
    </property>
    <property class="Rally">
      <property name="0" value="96, 10, 38" />
    </property>
  </property>
</prefab>