﻿<?xml version="1.0" encoding="UTF-8"?>
<prefab>
  <property name="CopyAirBlocks" value="True" />
  <property name="DifficultyTier" value="0" />
  <property name="ExcludeDistantPOIMesh" value="False" />
  <property name="ExcludePOICulling" value="False" />
  <property name="DistantPOIYOffset" value="0" />
  <property name="AllowTopSoilDecorations" value="False" />
  <property name="ShowQuestClearCount" value="1" />
  <property name="TraderArea" value="False" />
  <property name="RotationToFaceNorth" value="0" />
  <property name="YOffset" value="-11" />
  <property name="Zoning" value="none" />
  <property name="PrefabSize" value="150, 30, 150" />
  <property class="Stats">
    <property name="TotalVertices" value="575459" />
    <property name="TotalTriangles" value="355309" />
    <property class="BlockEntities">
      <property name="Vertices" value="210867" />
      <property name="Triangles" value="69620" />
    </property>
    <property class="ChunkMeshes0">
      <property name="Vertices" value="219052" />
      <property name="Triangles" value="134497" />
    </property>
    <property class="ChunkMeshes1">
      <property name="Vertices" value="77184" />
      <property name="Triangles" value="38592" />
    </property>
    <property class="ChunkMeshes2">
      <property name="Vertices" value="0" />
      <property name="Triangles" value="0" />
    </property>
    <property class="ChunkMeshes3">
      <property name="Vertices" value="0" />
      <property name="Triangles" value="0" />
    </property>
    <property class="ChunkMeshes4">
      <property name="Vertices" value="0" />
      <property name="Triangles" value="0" />
    </property>
    <property class="ChunkMeshes5">
      <property name="Vertices" value="68356" />
      <property name="Triangles" value="112600" />
    </property>
  </property>
  <property class="IndexedBlockOffsets">
    <property class="POILight">
      <property name="0" value="127, 20, 128" />
    </property>
    <property class="challenge_barrels">
      <property name="0" value="10, 11, 98" />
      <property name="1" value="2, 11, 104" />
    </property>
    <property class="TraderOnOff">
      <property name="0" value="15, 11, 102" />
    </property>
    <property class="challenge_cars">
      <property name="0" value="132, 11, 134" />
    </property>
    <property class="quest_wood_trees">
      <property name="0" value="127, 11, 143" />
    </property>
    <property class="quest_feather">
      <property name="0" value="45, 18, 61" />
    </property>
  </property>
</prefab>