﻿<?xml version="1.0" encoding="UTF-8"?>
<prefab>
  <property name="CopyAirBlocks" value="True" />
  <property name="ExcludeDistantPOIMesh" value="False" />
  <property name="ExcludePOICulling" value="False" />
  <property name="DistantPOIYOffset" value="0" />
  <property name="AllowTopSoilDecorations" value="False" />
  <property name="DifficultyTier" value="4" />
  <property name="TraderArea" value="False" />
  <property name="PrefabSize" value="100, 35, 100" />
  <property name="RotationToFaceNorth" value="2" />
  <property name="YOffset" value="-12" />
  <property name="Tags" value="wilderness" />
  <property name="POIMarkerSize" value="7, 1, 3" />
  <property name="POIMarkerStart" value="6, 11, -2" />
  <property name="POIMarkerGroup" value="roadexit" />
  <property name="POIMarkerTags" value="" />
  <property name="POIMarkerType" value="RoadExit" />
  <property name="POIMarkerPartToSpawn" value="" />
  <property name="POIMarkerPartRotations" value="2" />
  <property name="POIMarkerPartSpawnChance" value="1" />
  <property name="TriggerVolumeSize" value="10, 5, 17#15, 6, 16" />
  <property name="TriggerVolumeStart" value="26, 3, 49#28, 5, 69" />
  <property name="TriggerVolumeTriggers" value="4#4" />
  <property name="ShowQuestClearCount" value="1" />
  <property class="Stats">
    <property name="TotalVertices" value="617886" />
    <property name="TotalTriangles" value="367647" />
    <property class="BlockEntities">
      <property name="Vertices" value="506982" />
      <property name="Triangles" value="256441" />
    </property>
    <property class="ChunkMeshes0">
      <property name="Vertices" value="60238" />
      <property name="Triangles" value="37934" />
    </property>
    <property class="ChunkMeshes1">
      <property name="Vertices" value="7296" />
      <property name="Triangles" value="3648" />
    </property>
    <property class="ChunkMeshes2">
      <property name="Vertices" value="252" />
      <property name="Triangles" value="168" />
    </property>
    <property class="ChunkMeshes3">
      <property name="Vertices" value="0" />
      <property name="Triangles" value="0" />
    </property>
    <property class="ChunkMeshes4">
      <property name="Vertices" value="0" />
      <property name="Triangles" value="0" />
    </property>
    <property class="ChunkMeshes5">
      <property name="Vertices" value="43118" />
      <property name="Triangles" value="69456" />
    </property>
  </property>
  <property class="IndexedBlockOffsets">
    <property class="quest_wood_trees">
      <property name="0" value="90, 12, 90" />
    </property>
    <property class="challenge_gore">
      <property name="0" value="58, 14, 16" />
    </property>
    <property class="challenge_polymers">
      <property name="0" value="65, 7, 67" />
    </property>
    <property class="POILight">
      <property name="0" value="58, 26, 50" />
      <property name="1" value="53, 20, 52" />
      <property name="2" value="65, 9, 55" />
      <property name="3" value="54, 9, 56" />
      <property name="4" value="53, 16, 62" />
      <property name="5" value="53, 24, 62" />
      <property name="6" value="62, 23, 62" />
      <property name="7" value="58, 15, 64" />
      <property name="8" value="64, 8, 64" />
    </property>
    <property class="FetchContainer">
      <property name="0" value="65, 7, 69" />
    </property>
    <property class="challenge_leather">
      <property name="0" value="24, 11, 61" />
    </property>
    <property class="challenge_pallet">
      <property name="0" value="65, 7, 68" />
    </property>
    <property class="challenge_mech_parts">
      <property name="0" value="66, 13, 11" />
    </property>
    <property class="TraderOnOff">
      <property name="0" value="55, 14, 22" />
    </property>
    <property class="challenge_steel">
      <property name="0" value="58, 14, 12" />
      <property name="1" value="58, 14, 13" />
    </property>
    <property class="QuestRestorePower">
      <property name="0" value="66, 13, 10" />
    </property>
    <property class="quest_feather">
      <property name="0" value="67, 27, 64" />
    </property>
  </property>
</prefab>