﻿<?xml version="1.0" encoding="UTF-8"?>
<prefab>
  <property name="CopyAirBlocks" value="True" />
  <property name="ExcludeDistantPOIMesh" value="False" />
  <property name="ExcludePOICulling" value="False" />
  <property name="DistantPOIYOffset" value="0" />
  <property name="AllowTopSoilDecorations" value="False" />
  <property name="DifficultyTier" value="4" />

  <property name="TraderArea" value="False" />
  <property name="EditorGroups" value="house new" />
  <property name="YOffset" value="-16" />
  <property name="POIMarkerSize" value="11, 13, 3" />
  <property name="POIMarkerStart" value="63, 15, -3" />
  <property name="POIMarkerGroup" value="driveway" />
  <property name="POIMarkerTags" value="rural" />
  <property name="POIMarkerType" value="PartSpawn" />
  <property name="POIMarkerPartToSpawn" value="part_driveway_rural_13" />
  <property name="POIMarkerPartRotations" value="2" />
  <property name="POIMarkerPartSpawnChance" value="1" />
  <property name="Tags" value="rural" />
  <property name="PrefabSize" value="100, 36, 100" />
  <property name="TriggerVolumeSize" value="13, 3, 11" />
  <property name="TriggerVolumeStart" value="65, 10, 61" />
  <property name="TriggerVolumeTriggers" value="9" />
  <property class="Stats">
    <property name="TotalVertices" value="2085504" />
    <property name="TotalTriangles" value="927220" />
    <property class="BlockEntities">
      <property name="Vertices" value="1621135" />
      <property name="Triangles" value="601199" />
    </property>
    <property class="ChunkMeshes0">
      <property name="Vertices" value="409093" />
      <property name="Triangles" value="256845" />
    </property>
    <property class="ChunkMeshes1">
      <property name="Vertices" value="13568" />
      <property name="Triangles" value="6784" />
    </property>
    <property class="ChunkMeshes2">
      <property name="Vertices" value="2154" />
      <property name="Triangles" value="1168" />
    </property>
    <property class="ChunkMeshes3">
      <property name="Vertices" value="240" />
      <property name="Triangles" value="120" />
    </property>
    <property class="ChunkMeshes4">
      <property name="Vertices" value="0" />
      <property name="Triangles" value="0" />
    </property>
    <property class="ChunkMeshes5">
      <property name="Vertices" value="39314" />
      <property name="Triangles" value="61104" />
    </property>
  </property>
  <property class="IndexedBlockOffsets">
    <property class="quest_wood_trees">
      <property name="0" value="82, 16, 52" />
    </property>
    <property class="quest_wood">
      <property name="0" value="74, 16, 52" />
      <property name="1" value="74, 16, 57" />
    </property>
    <property class="challenge_polymers">
      <property name="0" value="83, 11, 84" />
    </property>
    <property class="POILight">
      <property name="0" value="82, 13, 84" />
      <property name="1" value="83, 18, 84" />
    </property>
    <property class="challenge_sinks">
      <property name="0" value="82, 21, 84" />
      <property name="1" value="82, 13, 91" />
      <property name="2" value="82, 10, 95" />
    </property>
    <property class="challenge_mech_parts">
      <property name="0" value="86, 16, 84" />
    </property>
    <property class="FetchContainer">
      <property name="0" value="83, 2, 68" />
    </property>
    <property class="TraderOnOff">
      <property name="0" value="82, 10, 90" />
    </property>
    <property class="challenge_pallet">
      <property name="0" value="76, 10, 98" />
    </property>
    <property class="challenge_gore">
      <property name="0" value="83, 16, 84" />
      <property name="1" value="85, 16, 95" />
    </property>
    <property class="challenge_leather">
      <property name="0" value="83, 10, 92" />
      <property name="1" value="83, 10, 93" />
    </property>
    <property class="quest_stone_boulder">
      <property name="0" value="36, 16, 93" />
    </property>
    <property class="quest_feather">
      <property name="0" value="59, 22, 59" />
    </property>
    <property class="challenge_cars">
      <property name="0" value="69, 11, 67" />
    </property>
    <property class="challenge_steel">
      <property name="0" value="83, 16, 87" />
      <property name="1" value="83, 10, 88" />
    </property>
    <property class="Rally">
      <property name="0" value="76, 16, 58" />
    </property>
    <property class="QuestRestorePower">
      <property name="0" value="69, 3, 69" />
    </property>
  </property>
</prefab>