﻿<?xml version="1.0" encoding="UTF-8"?>
<prefab>
  <property name="CopyAirBlocks" value="True" />
  <property name="ExcludeDistantPOIMesh" value="False" />
  <property name="ExcludePOICulling" value="False" />
  <property name="DistantPOIYOffset" value="0" />
  <property name="AllowTopSoilDecorations" value="False" />
  <property name="DifficultyTier" value="1" />
  <property name="DuplicateRepeatDistance" value="7000" />
  <property name="TraderArea" value="False" />
  <property name="RotationToFaceNorth" value="2" />
  <property name="Zoning" value="none" />
  <property name="YOffset" value="-4" />
  <property name="Tags" value="rural" />
  <property name="POIMarkerSize" value="10, 13, 3#4, 2, 6#6, 2, 4#6, 2, 4" />
  <property name="POIMarkerStart" value="45, 3, -3#62, 4, 66#60, 4, 6#31, 4, 37" />
  <property name="POIMarkerGroup" value="driveway,TRASH1,TRASH2,TRASH3" />
  <property name="POIMarkerTags" value="rural###" />
  <property name="POIMarkerType" value="PartSpawn,PartSpawn,PartSpawn,PartSpawn" />
  <property name="POIMarkerPartToSpawn" value="part_driveway_rural_05,part_dumpster,part_dumpster,part_dumpster" />
  <property name="POIMarkerPartRotations" value="2,2,1,1" />
  <property name="POIMarkerPartSpawnChance" value="1,1,1,1" />
  <property name="PrefabSize" value="100, 26, 100" />
  <property class="Stats">
    <property name="TotalVertices" value="982926" />
    <property name="TotalTriangles" value="442854" />
    <property class="BlockEntities">
      <property name="Vertices" value="682136" />
      <property name="Triangles" value="254214" />
    </property>
    <property class="ChunkMeshes0">
      <property name="Vertices" value="263238" />
      <property name="Triangles" value="138644" />
    </property>
    <property class="ChunkMeshes1">
      <property name="Vertices" value="7424" />
      <property name="Triangles" value="3712" />
    </property>
    <property class="ChunkMeshes2">
      <property name="Vertices" value="1328" />
      <property name="Triangles" value="796" />
    </property>
    <property class="ChunkMeshes3">
      <property name="Vertices" value="272" />
      <property name="Triangles" value="136" />
    </property>
    <property class="ChunkMeshes4">
      <property name="Vertices" value="0" />
      <property name="Triangles" value="0" />
    </property>
    <property class="ChunkMeshes5">
      <property name="Vertices" value="28528" />
      <property name="Triangles" value="45352" />
    </property>
  </property>
  <property class="IndexedBlockOffsets">
    <property class="TraderOnOff">
      <property name="0" value="82, 9, 51" />
    </property>
    <property class="POILight">
      <property name="0" value="92, 7, 54" />
      <property name="1" value="92, 4, 55" />
      <property name="2" value="87, 4, 63" />
    </property>
    <property class="challenge_gore">
      <property name="0" value="49, 4, 13" />
    </property>
    <property class="challenge_sinks">
      <property name="0" value="93, 5, 51" />
    </property>
    <property class="challenge_polymers">
      <property name="0" value="69, 4, 72" />
    </property>
    <property class="QuestRestorePower">
      <property name="0" value="93, 4, 51" />
    </property>
    <property class="challenge_pallet">
      <property name="0" value="93, 4, 53" />
    </property>
    <property class="FetchContainer">
      <property name="0" value="94, 4, 59" />
    </property>
    <property class="quest_wood_trees">
      <property name="0" value="86, 6, 86" />
    </property>
    <property class="quest_wood">
      <property name="0" value="36, 4, 34" />
      <property name="1" value="37, 4, 34" />
      <property name="2" value="38, 4, 34" />
      <property name="3" value="39, 4, 34" />
      <property name="4" value="40, 4, 34" />
    </property>
    <property class="quest_feather">
      <property name="0" value="45, 11, 85" />
    </property>
    <property class="challenge_mech_parts">
      <property name="0" value="77, 9, 42" />
    </property>
    <property class="challenge_cars">
      <property name="0" value="81, 4, 34" />
    </property>
  </property>
</prefab>