﻿<?xml version="1.0" encoding="UTF-8"?>
<prefab>
  <property name="CopyAirBlocks" value="True" />
  <property name="ExcludeDistantPOIMesh" value="False" />
  <property name="ExcludePOICulling" value="False" />
  <property name="DistantPOIYOffset" value="0" />
  <property name="AllowTopSoilDecorations" value="False" />
  <property name="DifficultyTier" value="5" />
  <property name="DuplicateRepeatDistance" value="8000" />
  <property name="ShowQuestClearCount" value="1" />
  <property name="TraderArea" value="False" />
  <property name="PrefabSize" value="100, 28, 100" />
  <property name="RotationToFaceNorth" value="2" />
  <property name="Zoning" value="none" />
  <property name="YOffset" value="-7" />
  <property name="EditorGroups" value="commercial" />
  <property name="Tags" value="commercial" />

  <property class="Stats">
    <property name="TotalVertices" value="2133203" />
    <property name="TotalTriangles" value="912429" />
    <property class="BlockEntities">
      <property name="Vertices" value="1616297" />
      <property name="Triangles" value="576038" />
    </property>
    <property class="ChunkMeshes0">
      <property name="Vertices" value="408902" />
      <property name="Triangles" value="246307" />
    </property>
    <property class="ChunkMeshes1">
      <property name="Vertices" value="66048" />
      <property name="Triangles" value="33024" />
    </property>
    <property class="ChunkMeshes2">
      <property name="Vertices" value="7400" />
      <property name="Triangles" value="4004" />
    </property>
    <property class="ChunkMeshes3">
      <property name="Vertices" value="2336" />
      <property name="Triangles" value="1168" />
    </property>
    <property class="ChunkMeshes4">
      <property name="Vertices" value="0" />
      <property name="Triangles" value="0" />
    </property>
    <property class="ChunkMeshes5">
      <property name="Vertices" value="32220" />
      <property name="Triangles" value="51888" />
    </property>
  </property>
  <property class="IndexedBlockOffsets">
    <property class="quest_wood_trees">
      <property name="0" value="96, 7, 96" />
    </property>
    <property class="POILight">
      <property name="0" value="95, 7, 53" />
    </property>
    <property class="challenge_gore">
      <property name="0" value="74, 8, 34" />
    </property>
    <property class="FetchContainer">
      <property name="0" value="67, 15, 38" />
      <property name="1" value="73, 8, 46" />
      <property name="2" value="67, 17, 48" />
    </property>
    <property class="challenge_sinks">
      <property name="0" value="70, 8, 34" />
      <property name="1" value="70, 13, 34" />
      <property name="2" value="76, 13, 35" />
      <property name="3" value="70, 8, 39" />
      <property name="4" value="72, 18, 39" />
      <property name="5" value="72, 19, 39" />
      <property name="6" value="73, 20, 39" />
      <property name="7" value="73, 20, 41" />
      <property name="8" value="76, 8, 43" />
      <property name="9" value="76, 13, 43" />
      <property name="10" value="76, 8, 44" />
      <property name="11" value="76, 13, 44" />
      <property name="12" value="70, 13, 46" />
      <property name="13" value="68, 9, 47" />
    </property>
    <property class="challenge_polymers">
      <property name="0" value="78, 7, 96" />
    </property>
    <property class="TraderOnOff">
      <property name="0" value="67, 13, 40" />
      <property name="1" value="68, 13, 40" />
      <property name="2" value="74, 8, 40" />
      <property name="3" value="68, 8, 42" />
      <property name="4" value="68, 13, 42" />
      <property name="5" value="73, 8, 42" />
    </property>
    <property class="quest_feather">
      <property name="0" value="53, 18, 49" />
    </property>
    <property class="challenge_leather">
      <property name="0" value="31, 8, 68" />
    </property>
    <property class="challenge_pallet">
      <property name="0" value="43, 2, 51" />
      <property name="1" value="41, 3, 52" />
    </property>
    <property class="challenge_mech_parts">
      <property name="0" value="52, 13, 50" />
    </property>
    <property class="quest_wood">
      <property name="0" value="93, 7, 89" />
      <property name="1" value="93, 7, 92" />
      <property name="2" value="92, 7, 93" />
      <property name="3" value="88, 7, 94" />
    </property>
    <property class="Rally">
      <property name="0" value="25, 7, 64" />
    </property>
    <property class="challenge_cars">
      <property name="0" value="43, 8, 18" />
    </property>
    <property class="challenge_steel">
      <property name="0" value="54, 8, 54" />
    </property>
  </property>
</prefab>