﻿<?xml version="1.0" encoding="UTF-8"?>
<prefab>
  <property name="CopyAirBlocks" value="True" />
  <property name="ExcludeDistantPOIMesh" value="False" />
  <property name="ExcludePOICulling" value="False" />
  <property name="DistantPOIYOffset" value="0" />
  <property name="AllowTopSoilDecorations" value="False" />
  <property name="DifficultyTier" value="5" />
  <property name="ShowQuestClearCount" value="1" />
  <property name="TraderArea" value="False" />
  <property name="PrefabSize" value="100, 36, 100" />
  <property name="RotationToFaceNorth" value="2" />
  <property name="YOffset" value="-8" />

  <property class="Stats">
    <property name="TotalVertices" value="3087278" />
    <property name="TotalTriangles" value="1355979" />
    <property class="BlockEntities">
      <property name="Vertices" value="2306607" />
      <property name="Triangles" value="838689" />
    </property>
    <property class="ChunkMeshes0">
      <property name="Vertices" value="718181" />
      <property name="Triangles" value="444330" />
    </property>
    <property class="ChunkMeshes1">
      <property name="Vertices" value="8000" />
      <property name="Triangles" value="4000" />
    </property>
    <property class="ChunkMeshes2">
      <property name="Vertices" value="7178" />
      <property name="Triangles" value="3756" />
    </property>
    <property class="ChunkMeshes3">
      <property name="Vertices" value="10168" />
      <property name="Triangles" value="5084" />
    </property>
    <property class="ChunkMeshes4">
      <property name="Vertices" value="0" />
      <property name="Triangles" value="0" />
    </property>
    <property class="ChunkMeshes5">
      <property name="Vertices" value="37144" />
      <property name="Triangles" value="60120" />
    </property>
  </property>
  <property class="IndexedBlockOffsets">
    <property class="quest_wood">
      <property name="0" value="67, 10, 85" />
      <property name="1" value="67, 10, 87" />
      <property name="2" value="67, 10, 89" />
      <property name="3" value="67, 10, 91" />
      <property name="4" value="67, 10, 93" />
      <property name="5" value="67, 10, 95" />
    </property>
    <property class="POILight">
      <property name="0" value="98, 10, 86" />
    </property>
    <property class="challenge_polymers">
      <property name="0" value="90, 12, 56" />
      <property name="1" value="89, 11, 59" />
    </property>
    <property class="challenge_mech_parts">
      <property name="0" value="88, 8, 96" />
    </property>
    <property class="challenge_sinks">
      <property name="0" value="90, 9, 97" />
    </property>
    <property class="challenge_pallet">
      <property name="0" value="91, 8, 92" />
    </property>
    <property class="quest_wood_trees">
      <property name="0" value="96, 8, 73" />
    </property>
    <property class="challenge_leather">
      <property name="0" value="69, 12, 42" />
      <property name="1" value="69, 22, 42" />
    </property>
    <property class="FetchContainer">
      <property name="0" value="82, 6, 85" />
    </property>
    <property class="TraderOnOff">
      <property name="0" value="67, 4, 82" />
      <property name="1" value="70, 10, 95" />
    </property>
    <property class="QuestRestorePower">
      <property name="0" value="89, 8, 97" />
    </property>
    <property class="challenge_steel">
      <property name="0" value="83, 12, 69" />
    </property>
    <property class="challenge_gore">
      <property name="0" value="90, 6, 82" />
      <property name="1" value="87, 6, 83" />
      <property name="2" value="85, 6, 84" />
    </property>
    <property class="quest_feather">
      <property name="0" value="70, 27, 48" />
    </property>
    <property class="challenge_cars">
      <property name="0" value="92, 8, 4" />
    </property>
    <property class="Rally">
      <property name="0" value="78, 11, 49" />
    </property>
  </property>
</prefab>