﻿<?xml version="1.0" encoding="UTF-8"?>
<prefab>
  <property name="CopyAirBlocks" value="True" />
  <property name="ExcludeDistantPOIMesh" value="False" />
  <property name="ExcludePOICulling" value="False" />
  <property name="DistantPOIYOffset" value="0" />
  <property name="AllowTopSoilDecorations" value="False" />
  <property name="DifficultyTier" value="3" />
  <property name="TraderArea" value="False" />
  <property name="YOffset" value="-2" />
  <property name="PrefabSize" value="42, 17, 42" />
  <property name="RotationToFaceNorth" value="2" />
  <property name="Zoning" value="none" />
  <property name="POIMarkerSize" value="20, 13, 1" />
  <property name="POIMarkerStart" value="11, 1, -1" />
  <property name="POIMarkerGroup" value="driveway" />
  <property name="POIMarkerTags" value="" />
  <property name="POIMarkerType" value="PartSpawn" />
  <property name="POIMarkerPartToSpawn" value="part_driveway_industrial_05" />
  <property name="POIMarkerPartRotations" value="2" />
  <property name="POIMarkerPartSpawnChance" value="1" />
  <property name="TriggerVolumeSize" value="10, 3, 2" />
  <property name="TriggerVolumeStart" value="2, 3, 16" />
  <property name="TriggerVolumeTriggers" value="2" />
  <property name="ShowQuestClearCount" value="1" />
  <property class="Stats">
    <property name="TotalVertices" value="591610" />
    <property name="TotalTriangles" value="240091" />
    <property class="BlockEntities">
      <property name="Vertices" value="406504" />
      <property name="Triangles" value="131350" />
    </property>
    <property class="ChunkMeshes0">
      <property name="Vertices" value="177192" />
      <property name="Triangles" value="98861" />
    </property>
    <property class="ChunkMeshes1">
      <property name="Vertices" value="0" />
      <property name="Triangles" value="0" />
    </property>
    <property class="ChunkMeshes2">
      <property name="Vertices" value="2498" />
      <property name="Triangles" value="1516" />
    </property>
    <property class="ChunkMeshes3">
      <property name="Vertices" value="208" />
      <property name="Triangles" value="104" />
    </property>
    <property class="ChunkMeshes4">
      <property name="Vertices" value="0" />
      <property name="Triangles" value="0" />
    </property>
    <property class="ChunkMeshes5">
      <property name="Vertices" value="5208" />
      <property name="Triangles" value="8260" />
    </property>
  </property>
  <property class="IndexedBlockOffsets">
    <property class="POILight">
      <property name="0" value="38, 6, 37" />
    </property>
    <property class="challenge_sinks">
      <property name="0" value="38, 6, 25" />
      <property name="1" value="39, 2, 36" />
    </property>
    <property class="challenge_pallet">
      <property name="0" value="38, 2, 28" />
    </property>
    <property class="FetchContainer">
      <property name="0" value="39, 2, 26" />
    </property>
    <property class="TraderOnOff">
      <property name="0" value="25, 2, 38" />
    </property>
    <property class="challenge_polymers">
      <property name="0" value="29, 2, 38" />
    </property>
    <property class="challenge_mech_parts">
      <property name="0" value="38, 2, 5" />
    </property>
    <property class="challenge_cars">
      <property name="0" value="17, 2, 8" />
    </property>
    <property class="challenge_gore">
      <property name="0" value="22, 2, 5" />
    </property>
    <property class="quest_feather">
      <property name="0" value="40, 8, 25" />
    </property>
    <property class="challenge_leather">
      <property name="0" value="37, 2, 39" />
    </property>
  </property>
</prefab>