﻿<?xml version="1.0" encoding="UTF-8"?>
<prefab>
  <property name="CopyAirBlocks" value="True" />
  <property name="ExcludeDistantPOIMesh" value="False" />
  <property name="ExcludePOICulling" value="False" />
  <property name="DistantPOIYOffset" value="0" />
  <property name="AllowTopSoilDecorations" value="False" />
  <property name="DifficultyTier" value="2" />
  <property name="TraderArea" value="False" />
  <property name="YOffset" value="-2" />
  <property name="RotationToFaceNorth" value="2" />
  <property name="POIMarkerSize" value="3, 1, 3" />
  <property name="POIMarkerStart" value="27, 1, -3" />
  <property name="POIMarkerGroup" value="new" />
  <property name="POIMarkerTags" value="" />
  <property name="POIMarkerType" value="RoadExit" />
  <property name="POIMarkerPartToSpawn" value="" />
  <property name="POIMarkerPartRotations" value="2" />
  <property name="POIMarkerPartSpawnChance" value="1" />
  <property name="PrefabSize" value="60, 24, 60" />
  <property name="Tags" value="wilderness" />
  <property name="DuplicateRepeatDistance" value="2000" />
  <property name="EditorGroups" value="Wilderness" />
  <property class="Stats">
    <property name="TotalVertices" value="804038" />
    <property name="TotalTriangles" value="327719" />
    <property class="BlockEntities">
      <property name="Vertices" value="638337" />
      <property name="Triangles" value="223533" />
    </property>
    <property class="ChunkMeshes0">
      <property name="Vertices" value="154637" />
      <property name="Triangles" value="87358" />
    </property>
    <property class="ChunkMeshes1">
      <property name="Vertices" value="0" />
      <property name="Triangles" value="0" />
    </property>
    <property class="ChunkMeshes2">
      <property name="Vertices" value="1624" />
      <property name="Triangles" value="900" />
    </property>
    <property class="ChunkMeshes3">
      <property name="Vertices" value="0" />
      <property name="Triangles" value="0" />
    </property>
    <property class="ChunkMeshes4">
      <property name="Vertices" value="0" />
      <property name="Triangles" value="0" />
    </property>
    <property class="ChunkMeshes5">
      <property name="Vertices" value="9440" />
      <property name="Triangles" value="15928" />
    </property>
  </property>
  <property class="IndexedBlockOffsets">
    <property class="quest_stone_boulder">
      <property name="0" value="55, 2, 4" />
    </property>
    <property class="quest_wood_trees">
      <property name="0" value="47, 2, 5" />
      <property name="1" value="57, 2, 10" />
    </property>
    <property class="POILight">
      <property name="0" value="51, 6, 46" />
      <property name="1" value="49, 6, 48" />
      <property name="2" value="52, 6, 48" />
      <property name="3" value="52, 6, 50" />
      <property name="4" value="47, 8, 52" />
      <property name="5" value="51, 6, 52" />
    </property>
    <property class="FetchContainer">
      <property name="0" value="49, 4, 46" />
    </property>
    <property class="challenge_pallet">
      <property name="0" value="47, 7, 50" />
    </property>
    <property class="TraderOnOff">
      <property name="0" value="47, 4, 49" />
    </property>
    <property class="challenge_officechairs">
      <property name="0" value="14, 11, 23" />
    </property>
    <property class="challenge_gore">
      <property name="0" value="54, 2, 14" />
    </property>
    <property class="challenge_barrels">
      <property name="0" value="46, 7, 50" />
    </property>
    <property class="quest_feather">
      <property name="0" value="18, 7, 56" />
    </property>
    <property class="challenge_cars">
      <property name="0" value="50, 2, 23" />
    </property>
    <property class="challenge_sinks">
      <property name="0" value="46, 4, 46" />
      <property name="1" value="53, 5, 47" />
      <property name="2" value="49, 4, 48" />
      <property name="3" value="48, 4, 53" />
    </property>
    <property class="QuestRestorePower">
      <property name="0" value="14, 3, 48" />
    </property>
    <property class="quest_wood">
      <property name="0" value="33, 3, 36" />
      <property name="1" value="37, 3, 36" />
      <property name="2" value="35, 3, 37" />
    </property>
    <property class="Rally">
      <property name="0" value="52, 2, 13" />
    </property>
  </property>
</prefab>