﻿<?xml version="1.0" encoding="UTF-8"?>
<prefab>
  <property name="CopyAirBlocks" value="True" />
  <property name="ExcludeDistantPOIMesh" value="False" />
  <property name="ExcludePOICulling" value="False" />
  <property name="DistantPOIYOffset" value="0" />
  <property name="AllowTopSoilDecorations" value="False" />
  <property name="DifficultyTier" value="3" />
  <property name="TraderArea" value="False" />
  <property name="YOffset" value="-1" />
  <property name="RotationToFaceNorth" value="2" />
  <property class="IndexedBlockOffsets">
    <property class="FetchContainer">
      <property name="0" value="23, 11, 1" />
      <property name="1" value="17, 11, 7" />
    </property>
    <property class="POILight">
      <property name="0" value="13, 9, 12" />
      <property name="1" value="15, 9, 12" />
      <property name="2" value="17, 9, 12" />
      <property name="3" value="21, 2, 12" />
      <property name="4" value="15, 14, 13" />
      <property name="5" value="20, 14, 13" />
      <property name="6" value="21, 9, 13" />
      <property name="7" value="14, 4, 14" />
      <property name="8" value="17, 4, 14" />
      <property name="9" value="17, 8, 14" />
      <property name="10" value="20, 4, 14" />
      <property name="11" value="14, 9, 15" />
      <property name="12" value="17, 8, 16" />
      <property name="13" value="20, 14, 16" />
      <property name="14" value="21, 9, 16" />
      <property name="15" value="22, 7, 16" />
      <property name="16" value="16, 4, 17" />
      <property name="17" value="14, 9, 18" />
      <property name="18" value="17, 9, 18" />
      <property name="19" value="21, 4, 18" />
      <property name="20" value="21, 8, 18" />
      <property name="21" value="14, 9, 20" />
      <property name="22" value="15, 4, 21" />
      <property name="23" value="18, 4, 21" />
      <property name="24" value="14, 7, 22" />
      <property name="25" value="14, 9, 22" />
      <property name="26" value="17, 9, 22" />
      <property name="27" value="18, 4, 22" />
    </property>
    <property class="challenge_polymers">
      <property name="0" value="17, 1, 13" />
      <property name="1" value="20, 6, 13" />
      <property name="2" value="13, 8, 14" />
      <property name="3" value="13, 8, 16" />
      <property name="4" value="14, 11, 22" />
    </property>
    <property class="challenge_pallet">
      <property name="0" value="4, 1, 19" />
    </property>
    <property class="TraderOnOff">
      <property name="0" value="14, 1, 14" />
      <property name="1" value="18, 6, 14" />
      <property name="2" value="19, 6, 15" />
      <property name="3" value="15, 11, 16" />
      <property name="4" value="16, 1, 19" />
      <property name="5" value="19, 1, 19" />
      <property name="6" value="24, 1, 20" />
    </property>
    <property class="challenge_mech_parts">
      <property name="0" value="20, 1, 12" />
      <property name="1" value="22, 1, 13" />
      <property name="2" value="14, 6, 15" />
      <property name="3" value="21, 1, 16" />
      <property name="4" value="16, 6, 19" />
      <property name="5" value="14, 6, 20" />
      <property name="6" value="16, 6, 21" />
    </property>
    <property class="challenge_sinks">
      <property name="0" value="17, 12, 12" />
      <property name="1" value="19, 11, 12" />
      <property name="2" value="13, 12, 13" />
      <property name="3" value="13, 6, 14" />
      <property name="4" value="13, 7, 14" />
      <property name="5" value="15, 6, 14" />
      <property name="6" value="19, 11, 14" />
      <property name="7" value="21, 11, 14" />
      <property name="8" value="13, 6, 15" />
      <property name="9" value="13, 7, 15" />
      <property name="10" value="13, 6, 16" />
      <property name="11" value="13, 7, 16" />
      <property name="12" value="14, 6, 16" />
      <property name="13" value="15, 6, 16" />
      <property name="14" value="21, 12, 16" />
      <property name="15" value="13, 1, 20" />
      <property name="16" value="18, 2, 21" />
      <property name="17" value="20, 2, 21" />
      <property name="18" value="13, 1, 22" />
      <property name="19" value="18, 2, 22" />
    </property>
    <property class="challenge_leather">
      <property name="0" value="18, 6, 19" />
    </property>
    <property class="challenge_steel">
      <property name="0" value="13, 11, 14" />
    </property>
    <property class="Rally">
      <property name="0" value="22, 1, 19" />
    </property>
  </property>
  <property class="Stats">
    <property name="TotalVertices" value="512833" />
    <property name="TotalTriangles" value="193958" />
    <property class="BlockEntities">
      <property name="Vertices" value="407080" />
      <property name="Triangles" value="135756" />
    </property>
    <property class="ChunkMeshes0">
      <property name="Vertices" value="103045" />
      <property name="Triangles" value="56194" />
    </property>
    <property class="ChunkMeshes1">
      <property name="Vertices" value="0" />
      <property name="Triangles" value="0" />
    </property>
    <property class="ChunkMeshes2">
      <property name="Vertices" value="2100" />
      <property name="Triangles" value="1144" />
    </property>
    <property class="ChunkMeshes3">
      <property name="Vertices" value="192" />
      <property name="Triangles" value="96" />
    </property>
    <property class="ChunkMeshes4">
      <property name="Vertices" value="0" />
      <property name="Triangles" value="0" />
    </property>
    <property class="ChunkMeshes5">
      <property name="Vertices" value="416" />
      <property name="Triangles" value="768" />
    </property>
  </property>
</prefab>