﻿<?xml version="1.0" encoding="UTF-8"?>
<prefab>
  <property name="CopyAirBlocks" value="True" />
  <property name="AllowTopSoilDecorations" value="True" />
  <property name="Zoning" value="ResidentialOld" />
  <property name="YOffset" value="-1" />
  <property name="RotationToFaceNorth" value="2" />
  <property name="AllowedTownships" value="none" />
  <property name="TraderArea" value="False" />
  <property name="ExcludeDistantPOIMesh" value="False" />
  <property name="DistantPOIYOffset" value="0" />
  <property name="SleeperIsBossVolume" value="False" />
  <property name="DifficultyTier" value="1" />
  <property name="ExcludePOICulling" value="False" />
  <property name="PrefabSize" value="42, 31, 42" />
  <property class="Stats">
    <property name="TotalVertices" value="277534" />
    <property name="TotalTriangles" value="134582" />
    <property class="BlockEntities">
      <property name="Vertices" value="196888" />
      <property name="Triangles" value="84233" />
    </property>
    <property class="ChunkMeshes0">
      <property name="Vertices" value="76124" />
      <property name="Triangles" value="44017" />
    </property>
    <property class="ChunkMeshes1">
      <property name="Vertices" value="0" />
      <property name="Triangles" value="0" />
    </property>
    <property class="ChunkMeshes2">
      <property name="Vertices" value="830" />
      <property name="Triangles" value="644" />
    </property>
    <property class="ChunkMeshes3">
      <property name="Vertices" value="0" />
      <property name="Triangles" value="0" />
    </property>
    <property class="ChunkMeshes4">
      <property name="Vertices" value="0" />
      <property name="Triangles" value="0" />
    </property>
    <property class="ChunkMeshes5">
      <property name="Vertices" value="3692" />
      <property name="Triangles" value="5688" />
    </property>
  </property>
  <property class="IndexedBlockOffsets">
    <property class="quest_wood_trees">
      <property name="0" value="3, 1, 38" />
    </property>
    <property class="challenge_polymers">
      <property name="0" value="4, 2, 30" />
    </property>
    <property class="POILight">
      <property name="0" value="38, 11, 38" />
    </property>
    <property class="challenge_mech_parts">
      <property name="0" value="16, 8, 12" />
      <property name="1" value="17, 3, 16" />
    </property>
    <property class="TraderOnOff">
      <property name="0" value="23, 10, 25" />
      <property name="1" value="23, 10, 32" />
    </property>
    <property class="challenge_sinks">
      <property name="0" value="25, 2, 21" />
    </property>
    <property class="challenge_gore">
      <property name="0" value="23, 8, 21" />
    </property>
    <property class="challenge_leather">
      <property name="0" value="13, 8, 17" />
    </property>
    <property class="FetchContainer">
      <property name="0" value="18, 12, 33" />
      <property name="1" value="18, 3, 35" />
    </property>
    <property class="Rally">
      <property name="0" value="30, 1, 2" />
    </property>
  </property>
</prefab>