﻿<?xml version="1.0" encoding="UTF-8"?>
<prefab>
  <property name="CopyAirBlocks" value="True" />
  <property name="ExcludeDistantPOIMesh" value="False" />
  <property name="ExcludePOICulling" value="False" />
  <property name="DistantPOIYOffset" value="0" />
  <property name="AllowTopSoilDecorations" value="False" />
  <property name="DifficultyTier" value="3" />
  <property name="ShowQuestClearCount" value="1" />
  <property name="TraderArea" value="False" />
  <property name="YOffset" value="-1" />
  <property name="RotationToFaceNorth" value="2" />
  <property name="Zoning" value="none" />
  <property name="EditorGroups" value="downtown" />
  <property name="PrefabSize" value="25, 25, 25" />
  <property name="Tags" value="downtown" />
  <property name="TriggerVolumeSize" value="7, 2, 5" />
  <property name="TriggerVolumeStart" value="9, 12, 6" />
  <property name="TriggerVolumeTriggers" value="1" />
  <property class="Stats">
    <property name="TotalVertices" value="448449" />
    <property name="TotalTriangles" value="187328" />
    <property class="BlockEntities">
      <property name="Vertices" value="347922" />
      <property name="Triangles" value="129193" />
    </property>
    <property class="ChunkMeshes0">
      <property name="Vertices" value="97057" />
      <property name="Triangles" value="55347" />
    </property>
    <property class="ChunkMeshes1">
      <property name="Vertices" value="0" />
      <property name="Triangles" value="0" />
    </property>
    <property class="ChunkMeshes2">
      <property name="Vertices" value="2614" />
      <property name="Triangles" value="1508" />
    </property>
    <property class="ChunkMeshes3">
      <property name="Vertices" value="192" />
      <property name="Triangles" value="96" />
    </property>
    <property class="ChunkMeshes4">
      <property name="Vertices" value="0" />
      <property name="Triangles" value="0" />
    </property>
    <property class="ChunkMeshes5">
      <property name="Vertices" value="664" />
      <property name="Triangles" value="1184" />
    </property>
  </property>
  <property class="IndexedBlockOffsets">
    <property class="challenge_gore">
      <property name="0" value="5, 1, 17" />
    </property>
    <property class="quest_wood_trees">
      <property name="0" value="21, 1, 4" />
    </property>
    <property class="TraderOnOff">
      <property name="0" value="15, 1, 14" />
      <property name="1" value="15, 7, 14" />
      <property name="2" value="19, 13, 15" />
      <property name="3" value="18, 1, 19" />
      <property name="4" value="21, 1, 19" />
      <property name="5" value="14, 7, 20" />
      <property name="6" value="19, 7, 22" />
      <property name="7" value="19, 13, 22" />
    </property>
    <property class="POILight">
      <property name="0" value="15, 4, 12" />
      <property name="1" value="15, 10, 12" />
      <property name="2" value="15, 16, 12" />
      <property name="3" value="12, 15, 13" />
      <property name="4" value="22, 14, 15" />
      <property name="5" value="14, 4, 16" />
      <property name="6" value="15, 10, 16" />
      <property name="7" value="15, 16, 16" />
      <property name="8" value="20, 4, 16" />
      <property name="9" value="21, 10, 16" />
      <property name="10" value="21, 16, 16" />
      <property name="11" value="20, 8, 18" />
      <property name="12" value="22, 14, 18" />
      <property name="13" value="13, 2, 20" />
      <property name="14" value="13, 14, 20" />
      <property name="15" value="17, 4, 20" />
      <property name="16" value="22, 8, 20" />
      <property name="17" value="14, 4, 21" />
      <property name="18" value="14, 10, 21" />
      <property name="19" value="14, 16, 21" />
      <property name="20" value="17, 16, 21" />
      <property name="21" value="20, 16, 21" />
      <property name="22" value="21, 4, 21" />
      <property name="23" value="21, 10, 21" />
      <property name="24" value="22, 2, 22" />
    </property>
    <property class="quest_wood">
      <property name="0" value="21, 1, 12" />
    </property>
    <property class="challenge_polymers">
      <property name="0" value="18, 13, 15" />
      <property name="1" value="22, 7, 15" />
      <property name="2" value="16, 7, 16" />
      <property name="3" value="17, 19, 16" />
      <property name="4" value="21, 14, 19" />
      <property name="5" value="15, 1, 22" />
      <property name="6" value="17, 7, 22" />
    </property>
    <property class="challenge_mech_parts">
      <property name="0" value="10, 7, 16" />
      <property name="1" value="7, 1, 24" />
    </property>
    <property class="challenge_sinks">
      <property name="0" value="22, 13, 16" />
      <property name="1" value="21, 8, 18" />
      <property name="2" value="17, 1, 20" />
      <property name="3" value="18, 2, 20" />
      <property name="4" value="13, 2, 21" />
      <property name="5" value="13, 14, 21" />
      <property name="6" value="14, 8, 21" />
      <property name="7" value="15, 7, 21" />
      <property name="8" value="17, 1, 21" />
      <property name="9" value="20, 13, 21" />
      <property name="10" value="21, 13, 21" />
      <property name="11" value="15, 7, 22" />
      <property name="12" value="20, 14, 22" />
      <property name="13" value="17, 2, 24" />
    </property>
    <property class="FetchContainer">
      <property name="0" value="13, 17, 12" />
      <property name="1" value="12, 20, 19" />
      <property name="2" value="21, 13, 19" />
      <property name="3" value="17, 15, 22" />
    </property>
    <property class="Rally">
      <property name="0" value="12, 1, 8" />
    </property>
    <property class="challenge_leather">
      <property name="0" value="17, 13, 16" />
      <property name="1" value="17, 13, 17" />
    </property>
  </property>
</prefab>