﻿<?xml version="1.0" encoding="UTF-8"?>
<prefab>
  <property name="CopyAirBlocks" value="True" />
  <property name="ExcludeDistantPOIMesh" value="False" />
  <property name="ExcludePOICulling" value="False" />
  <property name="DistantPOIYOffset" value="0" />
  <property name="AllowTopSoilDecorations" value="False" />
  <property name="DifficultyTier" value="0" />
  <property name="ShowQuestClearCount" value="1" />
  <property name="TraderArea" value="False" />
  <property name="PrefabSize" value="42, 10, 42" />
  <property name="RotationToFaceNorth" value="2" />
  <property name="Zoning" value="none" />
  <property name="YOffset" value="-1" />
  <property name="Tags" value="residential" />
  <property class="Stats">
    <property name="TotalVertices" value="106347" />
    <property name="TotalTriangles" value="113196" />
    <property class="BlockEntities">
      <property name="Vertices" value="97851" />
      <property name="Triangles" value="107808" />
    </property>
    <property class="ChunkMeshes0">
      <property name="Vertices" value="7872" />
      <property name="Triangles" value="5076" />
    </property>
    <property class="ChunkMeshes1">
      <property name="Vertices" value="0" />
      <property name="Triangles" value="0" />
    </property>
    <property class="ChunkMeshes2">
      <property name="Vertices" value="0" />
      <property name="Triangles" value="0" />
    </property>
    <property class="ChunkMeshes3">
      <property name="Vertices" value="0" />
      <property name="Triangles" value="0" />
    </property>
    <property class="ChunkMeshes4">
      <property name="Vertices" value="0" />
      <property name="Triangles" value="0" />
    </property>
    <property class="ChunkMeshes5">
      <property name="Vertices" value="624" />
      <property name="Triangles" value="312" />
    </property>
    <property class="ChunkMeshes6">
      <property name="Vertices" value="0" />
      <property name="Triangles" value="0" />
    </property>
  </property>
  <property class="IndexedBlockOffsets">
    <property class="quest_wood">
      <property name="0" value="38, 1, 26" />
      <property name="1" value="39, 1, 36" />
    </property>
    <property class="quest_stone">
      <property name="0" value="39, 1, 40" />
    </property>
  </property>
</prefab>