﻿<?xml version="1.0" encoding="UTF-8"?>
<prefab>
  <property name="CopyAirBlocks" value="True" />
  <property name="DifficultyTier" value="0" />
  <property name="ExcludeDistantPOIMesh" value="False" />
  <property name="ExcludePOICulling" value="False" />
  <property name="DistantPOIYOffset" value="0" />
  <property name="AllowTopSoilDecorations" value="False" />
  <property name="ShowQuestClearCount" value="1" />
  <property name="TraderArea" value="False" />
  <property name="RotationToFaceNorth" value="0" />
  <property name="YOffset" value="-16" />
  <property name="POIMarkerSize" value="42, 0, 42#42, 0, 42#25, 0, 25#42, 0, 42#11, 5, 7#1, 1, 1#1, 1, 1" />
  <property name="POIMarkerStart" value="25, 16, 0#82, 16, 82#82, 16, 0#29, 16, 82#88, 20, 141#23, 25, 137#73, 22, 28" />
  <property name="POIMarkerGroup" value="1,3,4,11,food,light1,light2" />
  <property name="POIMarkerTags" value="######" />
  <property name="POIMarkerType" value="POISpawn,POISpawn,POISpawn,POISpawn,PartSpawn,PartSpawn,PartSpawn" />
  <property name="POIMarkerPartToSpawn" value=",,,,part_kiosk_foodtrailer_01,part_streetlight_double,part_trafficlight_single" />
  <property name="POIMarkerPartRotations" value="0,1,1,3,2,3,2" />
  <property name="POIMarkerPartSpawnChance" value="1,1,1,1,0.4,0.2,0.2" />
  <property name="PrefabSize" value="150, 40, 150" />
  <property name="Tags" value="streettile, hideui, rwgonly" />
  <property class="Stats">
    <property name="TotalVertices" value="887715" />
    <property name="TotalTriangles" value="526805" />
    <property class="BlockEntities">
      <property name="Vertices" value="408824" />
      <property name="Triangles" value="179394" />
    </property>
    <property class="ChunkMeshes0">
      <property name="Vertices" value="390819" />
      <property name="Triangles" value="218253" />
    </property>
    <property class="ChunkMeshes1">
      <property name="Vertices" value="2884" />
      <property name="Triangles" value="1442" />
    </property>
    <property class="ChunkMeshes2">
      <property name="Vertices" value="2324" />
      <property name="Triangles" value="1592" />
    </property>
    <property class="ChunkMeshes3">
      <property name="Vertices" value="1008" />
      <property name="Triangles" value="504" />
    </property>
    <property class="ChunkMeshes4">
      <property name="Vertices" value="0" />
      <property name="Triangles" value="0" />
    </property>
    <property class="ChunkMeshes5">
      <property name="Vertices" value="81856" />
      <property name="Triangles" value="125620" />
    </property>
  </property>
  <property class="IndexedBlockOffsets">
    <property class="challenge_steel">
      <property name="0" value="2, 22, 2" />
    </property>
    <property class="POILight">
      <property name="0" value="145, 16, 145" />
    </property>
    <property class="challenge_sinks">
      <property name="0" value="137, 16, 11" />
      <property name="1" value="137, 16, 12" />
      <property name="2" value="123, 11, 21" />
      <property name="3" value="123, 12, 21" />
      <property name="4" value="123, 11, 22" />
      <property name="5" value="123, 12, 22" />
    </property>
    <property class="TraderOnOff">
      <property name="0" value="146, 17, 23" />
    </property>
    <property class="quest_wood_trees">
      <property name="0" value="136, 17, 145" />
    </property>
    <property class="challenge_cars">
      <property name="0" value="147, 16, 110" />
    </property>
    <property class="challenge_mech_parts">
      <property name="0" value="123, 11, 19" />
    </property>
    <property class="challenge_gore">
      <property name="0" value="94, 17, 11" />
    </property>
    <property class="challenge_polymers">
      <property name="0" value="142, 16, 22" />
      <property name="1" value="142, 16, 23" />
    </property>
    <property class="challenge_pallet">
      <property name="0" value="146, 17, 5" />
    </property>
  </property>
</prefab>