﻿<?xml version="1.0" encoding="UTF-8"?>
<prefab>
  <property name="CopyAirBlocks" value="True" />
  <property name="AllowTopSoilDecorations" value="True" />
  <property name="YOffset" value="-11" />
  <property name="AllowedTownships" value="wilderness" />
  <property name="RotationToFaceNorth" value="2" />
  <property name="ExcludeDistantPOIMesh" value="True" />
  <property name="TraderArea" value="False" />
  <property name="DistantPOIYOffset" value="0" />
  <property name="DifficultyTier" value="1" />
  <property name="ExcludePOICulling" value="False" />
  <property name="SleeperVolumeGroupId" value="0" />
  <property name="SleeperVolumeFlags" value="0" />
  <property name="ShowQuestClearCount" value="1" />
  <property name="SleeperIsQuestExclude" value="False" />
  <property name="PrefabSize" value="33, 14, 54" />
  <property name="SleeperVolumeTriggeredBy" value=" " />
  <property class="Stats">
    <property name="TotalVertices" value="115855" />
    <property name="TotalTriangles" value="80702" />
    <property class="BlockEntities">
      <property name="Vertices" value="114251" />
      <property name="Triangles" value="79670" />
    </property>
    <property class="ChunkMeshes0">
      <property name="Vertices" value="1604" />
      <property name="Triangles" value="1032" />
    </property>
    <property class="ChunkMeshes1">
      <property name="Vertices" value="0" />
      <property name="Triangles" value="0" />
    </property>
    <property class="ChunkMeshes2">
      <property name="Vertices" value="0" />
      <property name="Triangles" value="0" />
    </property>
    <property class="ChunkMeshes3">
      <property name="Vertices" value="0" />
      <property name="Triangles" value="0" />
    </property>
    <property class="ChunkMeshes4">
      <property name="Vertices" value="0" />
      <property name="Triangles" value="0" />
    </property>
    <property class="ChunkMeshes5">
      <property name="Vertices" value="0" />
      <property name="Triangles" value="0" />
    </property>
    <property class="ChunkMeshes6">
      <property name="Vertices" value="0" />
      <property name="Triangles" value="0" />
    </property>
  </property>
  <property class="IndexedBlockOffsets">
    <property class="quest_wood_trees">
      <property name="0" value="25, 12, 39" />
    </property>
    <property class="quest_stone_boulder">
      <property name="0" value="20, 11, 49" />
    </property>
    <property class="Rally">
      <property name="0" value="17, 2, 14" />
    </property>
    <property class="TraderOnOff">
      <property name="0" value="16, 4, 21" />
    </property>
  </property>
</prefab>