﻿<?xml version="1.0" encoding="UTF-8"?>
<prefab>
  <property name="CopyAirBlocks" value="True" />
  <property name="ExcludeDistantPOIMesh" value="False" />
  <property name="ExcludePOICulling" value="False" />
  <property name="DistantPOIYOffset" value="0" />
  <property name="AllowTopSoilDecorations" value="False" />
  <property name="DifficultyTier" value="2" />
  <property name="ShowQuestClearCount" value="1" />
  <property name="TraderArea" value="False" />
  <property name="YOffset" value="-2" />
  <property name="RotationToFaceNorth" value="2" />
  <property name="POIMarkerSize" value="13, 13, 1" />
  <property name="POIMarkerStart" value="10, 1, -1" />
  <property name="POIMarkerGroup" value="driveway" />
  <property name="POIMarkerTags" value="industrial" />
  <property name="POIMarkerType" value="PartSpawn" />
  <property name="POIMarkerPartToSpawn" value="part_driveway_industrial_02" />
  <property name="POIMarkerPartRotations" value="2" />
  <property name="POIMarkerPartSpawnChance" value="1" />
  <property name="PrefabSize" value="42, 14, 42" />
  <property class="Stats">
    <property name="TotalVertices" value="478994" />
    <property name="TotalTriangles" value="197766" />
    <property class="BlockEntities">
      <property name="Vertices" value="387753" />
      <property name="Triangles" value="140600" />
    </property>
    <property class="ChunkMeshes0">
      <property name="Vertices" value="85205" />
      <property name="Triangles" value="48444" />
    </property>
    <property class="ChunkMeshes1">
      <property name="Vertices" value="0" />
      <property name="Triangles" value="0" />
    </property>
    <property class="ChunkMeshes2">
      <property name="Vertices" value="0" />
      <property name="Triangles" value="0" />
    </property>
    <property class="ChunkMeshes3">
      <property name="Vertices" value="732" />
      <property name="Triangles" value="458" />
    </property>
    <property class="ChunkMeshes4">
      <property name="Vertices" value="152" />
      <property name="Triangles" value="76" />
    </property>
    <property class="ChunkMeshes5">
      <property name="Vertices" value="0" />
      <property name="Triangles" value="0" />
    </property>
    <property class="ChunkMeshes6">
      <property name="Vertices" value="5152" />
      <property name="Triangles" value="8188" />
    </property>
  </property>
  <property class="IndexedBlockOffsets">
    <property class="POILight">
      <property name="0" value="27, 8, 22" />
      <property name="1" value="28, 5, 23" />
      <property name="2" value="22, 12, 24" />
      <property name="3" value="32, 4, 24" />
      <property name="4" value="33, 5, 26" />
      <property name="5" value="33, 3, 28" />
      <property name="6" value="28, 5, 30" />
      <property name="7" value="33, 5, 30" />
      <property name="8" value="27, 4, 33" />
      <property name="9" value="31, 4, 34" />
      <property name="10" value="33, 5, 34" />
    </property>
    <property class="TraderOnOff">
      <property name="0" value="32, 2, 34" />
    </property>
    <property class="FetchContainer">
      <property name="0" value="32, 2, 28" />
      <property name="1" value="25, 2, 31" />
      <property name="2" value="29, 2, 32" />
      <property name="3" value="35, 1, 35" />
    </property>
    <property class="quest_feather">
      <property name="0" value="31, 7, 3" />
    </property>
    <property class="Rally">
      <property name="0" value="29, 2, 6" />
    </property>
  </property>
</prefab>