﻿<?xml version="1.0" encoding="UTF-8"?>
<prefab>
  <property name="CopyAirBlocks" value="True" />
  <property name="ExcludeDistantPOIMesh" value="False" />
  <property name="ExcludePOICulling" value="False" />
  <property name="DistantPOIYOffset" value="0" />
  <property name="AllowTopSoilDecorations" value="False" />
  <property name="DifficultyTier" value="0" />
  <property name="ShowQuestClearCount" value="1" />
  <property name="TraderArea" value="False" />
  <property name="YOffset" value="-3" />
  <property name="RotationToFaceNorth" value="2" />
  <property name="PrefabSize" value="25, 10, 25" />
  <property name="SleeperVolumeTriggeredBy" value=" " />
  <property class="Stats">
    <property name="TotalVertices" value="113460" />
    <property name="TotalTriangles" value="38503" />
    <property class="BlockEntities">
      <property name="Vertices" value="103013" />
      <property name="Triangles" value="30387" />
    </property>
    <property class="ChunkMeshes0">
      <property name="Vertices" value="8407" />
      <property name="Triangles" value="4516" />
    </property>
    <property class="ChunkMeshes1">
      <property name="Vertices" value="0" />
      <property name="Triangles" value="0" />
    </property>
    <property class="ChunkMeshes2">
      <property name="Vertices" value="0" />
      <property name="Triangles" value="0" />
    </property>
    <property class="ChunkMeshes3">
      <property name="Vertices" value="0" />
      <property name="Triangles" value="0" />
    </property>
    <property class="ChunkMeshes4">
      <property name="Vertices" value="0" />
      <property name="Triangles" value="0" />
    </property>
    <property class="ChunkMeshes5">
      <property name="Vertices" value="2040" />
      <property name="Triangles" value="3600" />
    </property>
  </property>
  <property class="IndexedBlockOffsets">
    <property class="TraderOnOff">
      <property name="0" value="12, 3, 1" />
      <property name="1" value="16, 3, 2" />
    </property>
    <property class="challenge_cars">
      <property name="0" value="16, 2, 7" />
    </property>
  </property>
</prefab>