﻿<?xml version="1.0" encoding="UTF-8"?>
<prefab>
  <property name="CopyAirBlocks" value="True" />
  <property name="ExcludeDistantPOIMesh" value="False" />
  <property name="ExcludePOICulling" value="False" />
  <property name="DistantPOIYOffset" value="0" />
  <property name="AllowTopSoilDecorations" value="False" />
  <property name="DifficultyTier" value="0" />
  <property name="TraderArea" value="False" />
  <property name="RotationToFaceNorth" value="2" />
  <property name="YOffset" value="-2" />
  <property name="Zoning" value="none" />
  <property name="Tags" value="downtown, inter02downtowntile" />
  <property name="POIMarkerSize" value="11, 5, 7#11, 5, 7#5, 4, 6#3, 4, 2" />
  <property name="POIMarkerStart" value="8, 2, 1#39, 2, 51#32, 2, 11#45, 2, 0" />
  <property name="POIMarkerGroup" value="coffee,food,kiosk,new" />
  <property name="POIMarkerTags" value="###" />
  <property name="POIMarkerType" value="PartSpawn,PartSpawn,PartSpawn,PartSpawn" />
  <property name="POIMarkerPartToSpawn" value="part_coffee_stand,part_kiosk_foodtrailer_01,part_kiosk_01,part_kiosk_sign_02" />
  <property name="POIMarkerPartRotations" value="2,0,3,2" />
  <property name="POIMarkerPartSpawnChance" value="1,1,1,1" />
  <property name="PrefabSize" value="60, 22, 60" />
  <property name="DuplicateRepeatDistance" value="1000" />
  <property name="ThemeTags" value="downtownpark" />
  <property name="ThemeRepeatDistance" value="500" />
  <property name="EditorGroups" value="downtown" />
  <property class="Stats">
    <property name="TotalVertices" value="402954" />
    <property name="TotalTriangles" value="261139" />
    <property class="BlockEntities">
      <property name="Vertices" value="344439" />
      <property name="Triangles" value="208297" />
    </property>
    <property class="ChunkMeshes0">
      <property name="Vertices" value="49291" />
      <property name="Triangles" value="37134" />
    </property>
    <property class="ChunkMeshes1">
      <property name="Vertices" value="0" />
      <property name="Triangles" value="0" />
    </property>
    <property class="ChunkMeshes2">
      <property name="Vertices" value="126" />
      <property name="Triangles" value="76" />
    </property>
    <property class="ChunkMeshes3">
      <property name="Vertices" value="0" />
      <property name="Triangles" value="0" />
    </property>
    <property class="ChunkMeshes4">
      <property name="Vertices" value="0" />
      <property name="Triangles" value="0" />
    </property>
    <property class="ChunkMeshes5">
      <property name="Vertices" value="9098" />
      <property name="Triangles" value="15632" />
    </property>
  </property>
  <property class="IndexedBlockOffsets">
    <property class="quest_wood_trees">
      <property name="0" value="54, 3, 52" />
    </property>
    <property class="POILight">
      <property name="0" value="53, 2, 27" />
    </property>
    <property class="TraderOnOff">
      <property name="0" value="7, 1, 53" />
    </property>
    <property class="challenge_sinks">
      <property name="0" value="5, 1, 46" />
      <property name="1" value="5, 1, 47" />
      <property name="2" value="10, 1, 47" />
      <property name="3" value="5, 1, 48" />
      <property name="4" value="10, 1, 49" />
      <property name="5" value="5, 1, 50" />
      <property name="6" value="10, 1, 51" />
      <property name="7" value="5, 1, 52" />
    </property>
    <property class="challenge_vending">
      <property name="0" value="12, 1, 46" />
      <property name="1" value="12, 1, 47" />
    </property>
    <property class="quest_wood">
      <property name="0" value="34, 2, 58" />
      <property name="1" value="35, 2, 58" />
      <property name="2" value="36, 2, 58" />
    </property>
    <property class="challenge_gore">
      <property name="0" value="26, 1, 33" />
    </property>
  </property>
</prefab>