﻿<?xml version="1.0" encoding="UTF-8"?>
<prefab>
  <property name="CopyAirBlocks" value="True" />
  <property name="DifficultyTier" value="0" />
  <property name="ExcludeDistantPOIMesh" value="False" />
  <property name="ExcludePOICulling" value="False" />
  <property name="DistantPOIYOffset" value="0" />
  <property name="AllowTopSoilDecorations" value="False" />
  <property name="TraderArea" value="False" />
  <property name="YOffset" value="-9" />
  <property name="RotationToFaceNorth" value="0" />
  <property name="Zoning" value="none" />
  <property name="PrefabSize" value="150, 28, 150" />
  <property name="Tags" value="streettile, rwgonly" />
  <property name="SleeperVolumeTriggeredBy" value=" " />
  <property class="Stats">
    <property name="TotalVertices" value="197315" />
    <property name="TotalTriangles" value="160152" />
    <property class="BlockEntities">
      <property name="Vertices" value="102931" />
      <property name="Triangles" value="38964" />
    </property>
    <property class="ChunkMeshes0">
      <property name="Vertices" value="32638" />
      <property name="Triangles" value="20328" />
    </property>
    <property class="ChunkMeshes1">
      <property name="Vertices" value="0" />
      <property name="Triangles" value="0" />
    </property>
    <property class="ChunkMeshes2">
      <property name="Vertices" value="32" />
      <property name="Triangles" value="16" />
    </property>
    <property class="ChunkMeshes3">
      <property name="Vertices" value="0" />
      <property name="Triangles" value="0" />
    </property>
    <property class="ChunkMeshes4">
      <property name="Vertices" value="0" />
      <property name="Triangles" value="0" />
    </property>
    <property class="ChunkMeshes5">
      <property name="Vertices" value="61714" />
      <property name="Triangles" value="100844" />
    </property>
  </property>
  <property class="IndexedBlockOffsets">
    <property class="POILight">
      <property name="0" value="106, 18, 39" />
    </property>
    <property class="quest_wood_trees">
      <property name="0" value="81, 9, 21" />
    </property>
    <property class="challenge_cars">
      <property name="0" value="130, 9, 44" />
    </property>
  </property>
</prefab>