﻿<?xml version="1.0" encoding="UTF-8"?>
<prefab>
  <property name="CopyAirBlocks" value="True" />
  <property name="ExcludeDistantPOIMesh" value="False" />
  <property name="ExcludePOICulling" value="False" />
  <property name="DistantPOIYOffset" value="0" />
  <property name="AllowTopSoilDecorations" value="False" />
  <property name="DifficultyTier" value="0" />
  <property name="ShowQuestClearCount" value="1" />
  <property name="TraderArea" value="False" />
  <property name="PrefabSize" value="28, 14, 76" />
  <property name="RotationToFaceNorth" value="2" />
  <property name="Zoning" value="none" />
  <property class="Stats">
    <property name="TotalVertices" value="146755" />
    <property name="TotalTriangles" value="83178" />
    <property class="BlockEntities">
      <property name="Vertices" value="63573" />
      <property name="Triangles" value="18545" />
    </property>
    <property class="ChunkMeshes0">
      <property name="Vertices" value="69664" />
      <property name="Triangles" value="41701" />
    </property>
    <property class="ChunkMeshes1">
      <property name="Vertices" value="0" />
      <property name="Triangles" value="0" />
    </property>
    <property class="ChunkMeshes2">
      <property name="Vertices" value="0" />
      <property name="Triangles" value="0" />
    </property>
    <property class="ChunkMeshes3">
      <property name="Vertices" value="0" />
      <property name="Triangles" value="0" />
    </property>
    <property class="ChunkMeshes4">
      <property name="Vertices" value="0" />
      <property name="Triangles" value="0" />
    </property>
    <property class="ChunkMeshes5">
      <property name="Vertices" value="13518" />
      <property name="Triangles" value="22932" />
    </property>
  </property>
  <property class="IndexedBlockOffsets">
    <property class="POILight">
      <property name="0" value="15, 8, 72" />
    </property>
    <property class="challenge_sinks">
      <property name="0" value="20, 4, 69" />
    </property>
    <property class="challenge_polymers">
      <property name="0" value="15, 3, 48" />
    </property>
    <property class="TraderOnOff">
      <property name="0" value="21, 3, 38" />
    </property>
  </property>
</prefab>