﻿<?xml version="1.0" encoding="UTF-8"?>
<prefab>
  <property name="CopyAirBlocks" value="True" />
  <property name="ExcludeDistantPOIMesh" value="False" />
  <property name="ExcludePOICulling" value="False" />
  <property name="DistantPOIYOffset" value="0" />
  <property name="AllowTopSoilDecorations" value="False" />
  <property name="DifficultyTier" value="0" />
  <property name="ShowQuestClearCount" value="1" />
  <property name="TraderArea" value="False" />
  <property name="PrefabSize" value="34, 13, 25" />
  <property name="RotationToFaceNorth" value="2" />
  <property name="Zoning" value="none" />
  <property class="IndexedBlockOffsets">
    <property class="challenge_sinks">
      <property name="0" value="27, 8, 13" />
      <property name="1" value="27, 8, 20" />
    </property>
    <property class="POILight">
      <property name="0" value="31, 7, 15" />
      <property name="1" value="31, 7, 18" />
      <property name="2" value="26, 7, 15" />
    </property>
  </property>
  <property class="Stats">
    <property name="TotalVertices" value="46998" />
    <property name="TotalTriangles" value="32372" />
    <property class="BlockEntities">
      <property name="Vertices" value="5576" />
      <property name="Triangles" value="1448" />
    </property>
    <property class="ChunkMeshes0">
      <property name="Vertices" value="35828" />
      <property name="Triangles" value="21284" />
    </property>
    <property class="ChunkMeshes1">
      <property name="Vertices" value="0" />
      <property name="Triangles" value="0" />
    </property>
    <property class="ChunkMeshes2">
      <property name="Vertices" value="0" />
      <property name="Triangles" value="0" />
    </property>
    <property class="ChunkMeshes3">
      <property name="Vertices" value="0" />
      <property name="Triangles" value="0" />
    </property>
    <property class="ChunkMeshes4">
      <property name="Vertices" value="0" />
      <property name="Triangles" value="0" />
    </property>
    <property class="ChunkMeshes5">
      <property name="Vertices" value="5594" />
      <property name="Triangles" value="9640" />
    </property>
  </property>
</prefab>