﻿<?xml version="1.0" encoding="UTF-8"?>
<prefab>
  <property name="CopyAirBlocks" value="True" />
  <property name="ExcludeDistantPOIMesh" value="False" />
  <property name="ExcludePOICulling" value="False" />
  <property name="DistantPOIYOffset" value="0" />
  <property name="AllowTopSoilDecorations" value="False" />
  <property name="DifficultyTier" value="0" />
  <property name="ShowQuestClearCount" value="1" />
  <property name="TraderArea" value="False" />
  <property name="PrefabSize" value="68, 10, 68" />
  <property name="RotationToFaceNorth" value="2" />
  <property name="Zoning" value="none" />
  <property name="YOffset" value="-2" />
  <property name="EditorGroups" value="parts" />
  <property name="Tags" value="part, hideui" />
  <property class="Stats">
    <property name="TotalVertices" value="93822" />
    <property name="TotalTriangles" value="65860" />
    <property class="BlockEntities">
      <property name="Vertices" value="8348" />
      <property name="Triangles" value="2300" />
    </property>
    <property class="ChunkMeshes0">
      <property name="Vertices" value="66522" />
      <property name="Triangles" value="33076" />
    </property>
    <property class="ChunkMeshes1">
      <property name="Vertices" value="0" />
      <property name="Triangles" value="0" />
    </property>
    <property class="ChunkMeshes2">
      <property name="Vertices" value="0" />
      <property name="Triangles" value="0" />
    </property>
    <property class="ChunkMeshes3">
      <property name="Vertices" value="0" />
      <property name="Triangles" value="0" />
    </property>
    <property class="ChunkMeshes4">
      <property name="Vertices" value="0" />
      <property name="Triangles" value="0" />
    </property>
    <property class="ChunkMeshes5">
      <property name="Vertices" value="18952" />
      <property name="Triangles" value="30484" />
    </property>
  </property>
  <property class="IndexedBlockOffsets">
    <property class="POILight">
      <property name="0" value="53, 6, 58" />
      <property name="1" value="59, 6, 58" />
      <property name="2" value="65, 6, 58" />
      <property name="3" value="53, 6, 62" />
      <property name="4" value="59, 6, 62" />
      <property name="5" value="65, 6, 62" />
    </property>
  </property>
</prefab>