﻿<?xml version="1.0" encoding="UTF-8"?>
<prefab>
  <property name="CopyAirBlocks" value="True" />
  <property name="ExcludeDistantPOIMesh" value="False" />
  <property name="ExcludePOICulling" value="False" />
  <property name="DistantPOIYOffset" value="0" />
  <property name="AllowTopSoilDecorations" value="False" />
  <property name="DifficultyTier" value="0" />
  <property name="ShowQuestClearCount" value="1" />
  <property name="TraderArea" value="False" />
  <property name="PrefabSize" value="24, 14, 30" />
  <property name="RotationToFaceNorth" value="2" />
  <property name="Zoning" value="none" />
  <property name="TriggerVolumeSize" value="10, 3, 11#15, 3, 9" />
  <property name="TriggerVolumeStart" value="9, 3, 126#10, 3, 127" />
  <property name="TriggerVolumeTriggers" value="2#3" />
  <property name="SleeperVolumeSize" value="14, 3, 19#20, 3, 25#14, 3, 19#14, 3, 29#3, 3, 22#16, 6, 16" />
  <property name="SleeperVolumeStart" value="-2, 3, 0#4, 3, 10#5, 3, 41#5, 3, 60#19, 3, 72#3, 3, 66" />
  <property name="SleeperVolumeGroupId" value="0,0,0,0,0,0" />
  <property name="SleeperVolumeGroup" value="S_-_Group_Hospital,2,2,S_-Group_Generic_Zombie,2,2,S_Zom_Utility_Worker,2,2,S_-Group_Generic_Zombie,2,2,S_Zom_Utility_Worker,1,1,S_Zom_Spider_Only,1,1" />
  <property name="SleeperIsLootVolume" value="False,True,False,True,False,False" />
  <property name="SleeperIsQuestExclude" value="False,False,False,False,False,False" />
  <property name="SleeperVolumeFlags" value="0,0,0,0,0,0" />
  <property name="SleeperVolumeTriggeredBy" value=" # # # # # " />
  <property class="Stats">
    <property name="TotalVertices" value="213820" />
    <property name="TotalTriangles" value="78674" />
    <property class="BlockEntities">
      <property name="Vertices" value="202574" />
      <property name="Triangles" value="69832" />
    </property>
    <property class="ChunkMeshes0">
      <property name="Vertices" value="8978" />
      <property name="Triangles" value="4830" />
    </property>
    <property class="ChunkMeshes1">
      <property name="Vertices" value="0" />
      <property name="Triangles" value="0" />
    </property>
    <property class="ChunkMeshes2">
      <property name="Vertices" value="0" />
      <property name="Triangles" value="0" />
    </property>
    <property class="ChunkMeshes3">
      <property name="Vertices" value="0" />
      <property name="Triangles" value="0" />
    </property>
    <property class="ChunkMeshes4">
      <property name="Vertices" value="0" />
      <property name="Triangles" value="0" />
    </property>
    <property class="ChunkMeshes5">
      <property name="Vertices" value="0" />
      <property name="Triangles" value="0" />
    </property>
    <property class="ChunkMeshes6">
      <property name="Vertices" value="2268" />
      <property name="Triangles" value="4012" />
    </property>
  </property>
  <property class="IndexedBlockOffsets">
    <property class="POILight">
      <property name="0" value="11, 10, 23" />
    </property>
  </property>
</prefab>