﻿<?xml version="1.0" encoding="UTF-8"?>
<prefab>
  <property name="CopyAirBlocks" value="True" />
  <property name="ExcludeDistantPOIMesh" value="False" />
  <property name="ExcludePOICulling" value="False" />
  <property name="DistantPOIYOffset" value="0" />
  <property name="AllowTopSoilDecorations" value="False" />
  <property name="DifficultyTier" value="0" />
  <property name="ShowQuestClearCount" value="1" />
  <property name="TraderArea" value="False" />
  <property name="PrefabSize" value="28, 14, 65" />
  <property name="RotationToFaceNorth" value="2" />
  <property name="Zoning" value="none" />
  <property name="TriggerVolumeSize" value="10, 3, 11#15, 3, 9" />
  <property name="TriggerVolumeStart" value="11, 3, 96#12, 3, 97" />
  <property name="TriggerVolumeTriggers" value="2#3" />
  <property name="SleeperVolumeSize" value="14, 3, 19#20, 3, 25#14, 3, 19#14, 3, 29#3, 3, 22#16, 6, 16" />
  <property name="SleeperVolumeStart" value="0, 3, -30#6, 3, -20#7, 3, 11#7, 3, 30#21, 3, 42#5, 3, 36" />
  <property name="SleeperVolumeGroupId" value="0,0,0,0,0,0" />
  <property name="SleeperVolumeGroup" value="GroupHospital,2,2,GroupGenericZombie,2,2,ZomUtilityWorker,2,2,GroupGenericZombie,2,2,ZomUtilityWorker,1,1,ZomSpiderOnly,1,1" />
  <property name="SleeperIsLootVolume" value="False,True,False,True,False,False" />
  <property name="SleeperIsQuestExclude" value="False,False,False,False,False,False" />
  <property name="SleeperVolumeFlags" value="0,0,0,0,0,0" />
  <property name="SleeperVolumeTriggeredBy" value=" # # # # # " />
  <property class="Stats">
    <property name="TotalVertices" value="333283" />
    <property name="TotalTriangles" value="138668" />
    <property class="BlockEntities">
      <property name="Vertices" value="251960" />
      <property name="Triangles" value="75482" />
    </property>
    <property class="ChunkMeshes0">
      <property name="Vertices" value="69077" />
      <property name="Triangles" value="42758" />
    </property>
    <property class="ChunkMeshes1">
      <property name="Vertices" value="0" />
      <property name="Triangles" value="0" />
    </property>
    <property class="ChunkMeshes2">
      <property name="Vertices" value="0" />
      <property name="Triangles" value="0" />
    </property>
    <property class="ChunkMeshes3">
      <property name="Vertices" value="0" />
      <property name="Triangles" value="0" />
    </property>
    <property class="ChunkMeshes4">
      <property name="Vertices" value="0" />
      <property name="Triangles" value="0" />
    </property>
    <property class="ChunkMeshes5">
      <property name="Vertices" value="12246" />
      <property name="Triangles" value="20428" />
    </property>
  </property>
  <property class="IndexedBlockOffsets">
    <property class="POILight">
      <property name="0" value="21, 6, 53" />
      <property name="1" value="20, 5, 60" />
      <property name="2" value="22, 5, 59" />
      <property name="3" value="15, 8, 55" />
      <property name="4" value="15, 8, 61" />
    </property>
    <property class="challenge_polymers">
      <property name="0" value="17, 3, 2" />
      <property name="1" value="14, 3, 15" />
    </property>
    <property class="challenge_cars">
      <property name="0" value="16, 3, 56" />
    </property>
    <property class="challenge_mech_parts">
      <property name="0" value="23, 3, 52" />
    </property>
    <property class="challenge_sinks">
      <property name="0" value="23, 3, 59" />
      <property name="1" value="20, 4, 61" />
      <property name="2" value="23, 4, 59" />
    </property>
    <property class="TraderOnOff">
      <property name="0" value="22, 3, 52" />
      <property name="1" value="21, 3, 60" />
    </property>
    <property class="challenge_pallet">
      <property name="0" value="15, 5, 48" />
    </property>
  </property>
</prefab>