﻿<?xml version="1.0" encoding="UTF-8"?>
<prefab>
  <property name="CopyAirBlocks" value="True" />
  <property name="ExcludeDistantPOIMesh" value="False" />
  <property name="ExcludePOICulling" value="False" />
  <property name="DistantPOIYOffset" value="0" />
  <property name="AllowTopSoilDecorations" value="False" />
  <property name="DifficultyTier" value="0" />
  <property name="ShowQuestClearCount" value="1" />
  <property name="TraderArea" value="False" />
  <property name="PrefabSize" value="28, 14, 76" />
  <property name="RotationToFaceNorth" value="2" />
  <property name="Zoning" value="none" />
  <property name="SleeperVolumeSize" value="17, 10, 76" />
  <property name="SleeperVolumeStart" value="6, 2, 0" />
  <property name="SleeperVolumeGroupId" value="0" />
  <property name="SleeperVolumeGroup" value="GroupGenericZombie,2,4" />
  <property name="SleeperIsLootVolume" value="False" />
  <property name="SleeperIsQuestExclude" value="False" />
  <property name="SleeperVolumeFlags" value="2" />
  <property name="SleeperVolumeTriggeredBy" value=" " />
  <property class="Stats">
    <property name="TotalVertices" value="235743" />
    <property name="TotalTriangles" value="122562" />
    <property class="BlockEntities">
      <property name="Vertices" value="152645" />
      <property name="Triangles" value="57977" />
    </property>
    <property class="ChunkMeshes0">
      <property name="Vertices" value="69580" />
      <property name="Triangles" value="41653" />
    </property>
    <property class="ChunkMeshes1">
      <property name="Vertices" value="0" />
      <property name="Triangles" value="0" />
    </property>
    <property class="ChunkMeshes2">
      <property name="Vertices" value="0" />
      <property name="Triangles" value="0" />
    </property>
    <property class="ChunkMeshes3">
      <property name="Vertices" value="0" />
      <property name="Triangles" value="0" />
    </property>
    <property class="ChunkMeshes4">
      <property name="Vertices" value="0" />
      <property name="Triangles" value="0" />
    </property>
    <property class="ChunkMeshes5">
      <property name="Vertices" value="13518" />
      <property name="Triangles" value="22932" />
    </property>
  </property>
  <property class="IndexedBlockOffsets">
    <property class="POILight">
      <property name="0" value="15, 8, 72" />
    </property>
    <property class="challenge_sinks">
      <property name="0" value="20, 4, 69" />
    </property>
    <property class="TraderOnOff">
      <property name="0" value="21, 3, 38" />
    </property>
  </property>
</prefab>