﻿<?xml version="1.0" encoding="UTF-8"?>
<prefab>
  <property name="CopyAirBlocks" value="True" />
  <property name="ExcludeDistantPOIMesh" value="False" />
  <property name="ExcludePOICulling" value="False" />
  <property name="DistantPOIYOffset" value="0" />
  <property name="AllowTopSoilDecorations" value="False" />
  <property name="DifficultyTier" value="0" />
  <property name="ShowQuestClearCount" value="1" />
  <property name="TraderArea" value="False" />
  <property name="PrefabSize" value="16, 53, 182" />
  <property name="RotationToFaceNorth" value="2" />
  <property name="Zoning" value="none" />
  <property name="YOffset" value="-42" />
  <property class="Stats">
    <property name="TotalVertices" value="176367" />
    <property name="TotalTriangles" value="144483" />
    <property class="BlockEntities">
      <property name="Vertices" value="1352" />
      <property name="Triangles" value="344" />
    </property>
    <property class="ChunkMeshes0">
      <property name="Vertices" value="125127" />
      <property name="Triangles" value="63171" />
    </property>
    <property class="ChunkMeshes1">
      <property name="Vertices" value="0" />
      <property name="Triangles" value="0" />
    </property>
    <property class="ChunkMeshes2">
      <property name="Vertices" value="0" />
      <property name="Triangles" value="0" />
    </property>
    <property class="ChunkMeshes3">
      <property name="Vertices" value="0" />
      <property name="Triangles" value="0" />
    </property>
    <property class="ChunkMeshes4">
      <property name="Vertices" value="0" />
      <property name="Triangles" value="0" />
    </property>
    <property class="ChunkMeshes5">
      <property name="Vertices" value="49888" />
      <property name="Triangles" value="80968" />
    </property>
  </property>
  <property class="IndexedBlockOffsets">
    <property class="challenge_sinks">
      <property name="0" value="11, 48, 170" />
    </property>
    <property class="POILight">
      <property name="0" value="7, 49, 174" />
      <property name="1" value="8, 49, 178" />
    </property>
  </property>
</prefab>