<config>
	
	

	
	<append xpath="/rwgmixer">
	
	<!--PEP weights -->
	<prefab_spawn_adjust partial_name="PEP_10Story_Bldg002_Grey" min_count="1" bias="1"/>
	<prefab_spawn_adjust partial_name="PEP_10Story_Bldg003_Grey" min_count="1" bias="1"/>
	<prefab_spawn_adjust partial_name="PEP_3BlockStores_Leo_Liuos" min_count="1" bias="1"/>
	<prefab_spawn_adjust partial_name="PEP_4Apartments_TopMinder" min_count="1" bias="1"/>
	<prefab_spawn_adjust partial_name="PEP_7EndStore_Jackelmyer" min_count="1" bias="1"/>
	<prefab_spawn_adjust partial_name="PEP_8Story_Bldg006_Grey" min_count="1" bias="1"/>
	<prefab_spawn_adjust partial_name="PEP_9Story_Bldg004_Grey" min_count="1" bias="1"/>
	<prefab_spawn_adjust partial_name="PEP_A16_cave_02" min_count="1" bias="1"/>
	<prefab_spawn_adjust partial_name="PEP_A16_fire_station_01" min_count="1" bias="1"/>
	<prefab_spawn_adjust partial_name="PEP_A16_houseblue1" min_count="1" bias="1"/>
	<prefab_spawn_adjust partial_name="PEP_A16_housebrick1" min_count="1" bias="1"/>
	<prefab_spawn_adjust partial_name="PEP_A16_housegreen1" min_count="1" bias="1"/>
	<prefab_spawn_adjust partial_name="PEP_A16_houseranchblue1" min_count="1" bias="1"/>
	<prefab_spawn_adjust partial_name="PEP_A16_houseranchtan1" min_count="1" bias="1"/>
	<prefab_spawn_adjust partial_name="PEP_A16_houseranchtan2" min_count="1" bias="1"/>
	<prefab_spawn_adjust partial_name="PEP_A16_houseranchwhite1" min_count="1" bias="1"/>
	<prefab_spawn_adjust partial_name="PEP_A16_housestucco2" min_count="1" bias="1"/>
	<prefab_spawn_adjust partial_name="PEP_A16_housestucco3" min_count="1" bias="1"/>
	<prefab_spawn_adjust partial_name="PEP_A16_housetan2" min_count="1" bias="1"/>
	<prefab_spawn_adjust partial_name="PEP_A16_housetanpyramid2" min_count="1" bias="1"/>
	<prefab_spawn_adjust partial_name="PEP_A16_housewhite1" min_count="1" bias="1"/>
	<prefab_spawn_adjust partial_name="PEP_A16_housewhite1basement" min_count="1" bias="1"/>
	<prefab_spawn_adjust partial_name="PEP_A16_housewhite2" min_count="1" bias="1"/>
	<prefab_spawn_adjust partial_name="PEP_A16_housewhitepyramid1" min_count="1" bias="1"/>
	<prefab_spawn_adjust partial_name="PEP_A16_housewhitepyramid2" min_count="1" bias="1"/>
	<prefab_spawn_adjust partial_name="PEP_A18_store_book_lg_01" min_count="1" bias="1"/>
	<prefab_spawn_adjust partial_name="PEP_A18_store_book_sm_01" min_count="1" bias="1"/>
	<prefab_spawn_adjust partial_name="PEP_A18_store_grocery_lg_01" min_count="1" bias="1"/>
	<prefab_spawn_adjust partial_name="PEP_A18_store_grocery_sm_01" min_count="1" bias="1"/>
	<prefab_spawn_adjust partial_name="PEP_A18_store_gun_lg_01" min_count="1" bias="1"/>
	<prefab_spawn_adjust partial_name="PEP_A18_store_gun_sm_01" min_count="1" bias="1"/>
	<prefab_spawn_adjust partial_name="PEP_A18_store_hardware_lg_01" min_count="1" bias="1"/>
	<prefab_spawn_adjust partial_name="PEP_A18_store_hardware_sm_01" min_count="1" bias="1"/>
	<prefab_spawn_adjust partial_name="PEP_A18_store_pharmacy_sm_01" min_count="1" bias="1"/>
	<prefab_spawn_adjust partial_name="PEP_A19_bar_theater_01" min_count="1" bias="1"/>
	<prefab_spawn_adjust partial_name="PEP_A19_bombshelter_lg_01" min_count="1" bias="1"/>
	<prefab_spawn_adjust partial_name="PEP_A19_Crack_A_Tower" min_count="1" bias="1"/>
	<prefab_spawn_adjust partial_name="PEP_A19_fire_station_02" min_count="1" bias="1"/>
	<prefab_spawn_adjust partial_name="PEP_A19_house_old_spanish_01" min_count="1" bias="1"/>
	<prefab_spawn_adjust partial_name="PEP_A19_school_daycare_01" min_count="1" bias="1"/>
	<prefab_spawn_adjust partial_name="PEP_A19_school_k6_01" min_count="1" bias="1"/>
	<prefab_spawn_adjust partial_name="PEP_A19_store_pawn_01" min_count="1" bias="1"/>
	<prefab_spawn_adjust partial_name="PEP_A20_water_tower_01" min_count="1" bias="1"/>
	<prefab_spawn_adjust partial_name="PEP_A20_water_tower_02" min_count="1" bias="1"/>
	<prefab_spawn_adjust partial_name="PEP_A20_water_tower_03" min_count="1" bias="1"/>
	<prefab_spawn_adjust partial_name="PEP_Abandoned_Missle_Silo_Zyncosa" min_count="1" bias="1"/>
	<prefab_spawn_adjust partial_name="PEP_Adam_House_Z1_DMC" min_count="1" bias="1"/>
	<prefab_spawn_adjust partial_name="PEP_AmityvilleHorrorHouse_Swolk" min_count="1" bias="1"/>
	<prefab_spawn_adjust partial_name="PEP_AnarchyHighriseLab_NLEagle" min_count="1" bias="1"/>
	<prefab_spawn_adjust partial_name="PEP_Ancient_Apache_Ground__BLAPLAYGIRL" min_count="1" bias="1"/>
	<prefab_spawn_adjust partial_name="PEP_ancient_tomb_bigstep70" min_count="1" bias="1"/>
	<prefab_spawn_adjust partial_name="PEP_Apartment_Gertle" min_count="1" bias="1"/>
	<prefab_spawn_adjust partial_name="PEP_Apartment_Spider" min_count="1" bias="1"/>
	<prefab_spawn_adjust partial_name="PEP_Apartment_Stores_Laz_Man" min_count="1" bias="1"/>
	<prefab_spawn_adjust partial_name="PEP_Apartments_Batman" min_count="1" bias="1"/>
	<prefab_spawn_adjust partial_name="PEP_Apaxco_Industrial_(Gouki-KrunchEdit)" min_count="1" bias="1"/>
	<prefab_spawn_adjust partial_name="PEP_army_camp_universal" min_count="1" bias="1"/>
	<prefab_spawn_adjust partial_name="PEP_Asylum_Wsiegel" min_count="1" bias="1"/>
	<prefab_spawn_adjust partial_name="PEP_Badonkadonk_CaptainandMental" min_count="1" bias="1"/>
	<prefab_spawn_adjust partial_name="PEP_Bank_Guppycur" min_count="1" bias="1"/>
	<prefab_spawn_adjust partial_name="PEP_Bank_Limodor" min_count="1" bias="1"/>
	<prefab_spawn_adjust partial_name="PEP_Baskins_Nauti_Angel" min_count="1" bias="1"/>
	<prefab_spawn_adjust partial_name="PEP_Bike_Shop_War3zuk" min_count="1" bias="1"/>
	<prefab_spawn_adjust partial_name="PEP_Bills_1_Theodryck" min_count="1" bias="1"/>
	<prefab_spawn_adjust partial_name="PEP_BloodFalls_Cave_Stample" min_count="1" bias="1"/>
	<prefab_spawn_adjust partial_name="PEP_Blue_House_TopMinder_and_Pille" min_count="1" bias="1"/>
	<prefab_spawn_adjust partial_name="PEP_Book_Stop_Hydroponic" min_count="1" bias="1"/>
	<prefab_spawn_adjust partial_name="PEP_Boxing_Gym_Voltralux" min_count="1" bias="1"/>
	<prefab_spawn_adjust partial_name="PEP_BoxingGym_KamR" min_count="1" bias="1"/>
	<prefab_spawn_adjust partial_name="PEP_bridgesideapartmentsA16_Batman" min_count="1" bias="1"/>
	<prefab_spawn_adjust partial_name="PEP_Brownstones_House_Laz_Man" min_count="1" bias="1"/>
	<prefab_spawn_adjust partial_name="PEP_Bunker_01_Zyncosa" min_count="1" bias="1"/>
	<prefab_spawn_adjust partial_name="PEP_Bunker_04_Zyncosa" min_count="1" bias="1"/>
	<prefab_spawn_adjust partial_name="PEP_Bunker_05_Zyncosa" min_count="1" bias="1"/>
	<prefab_spawn_adjust partial_name="PEP_Bunker_06_Zyncosa" min_count="1" bias="1"/>
	<prefab_spawn_adjust partial_name="PEP_Bunker_Pille" min_count="1" bias="1"/>
	<prefab_spawn_adjust partial_name="PEP_Bunker_SteelAxe" min_count="1" bias="1"/>
	<prefab_spawn_adjust partial_name="PEP_Bunker01_Small_NLBEKrunchEdit" min_count="1" bias="1"/>
	<prefab_spawn_adjust partial_name="PEP_Bunker02_Medium_NLBEKrunch" min_count="1" bias="1"/>
	<prefab_spawn_adjust partial_name="PEP_Bunker03_Medium_NLBEKrunch" min_count="1" bias="1"/>
	<prefab_spawn_adjust partial_name="PEP_Bunker04_Medium_NLBEKrunch" min_count="1" bias="1"/>
	<prefab_spawn_adjust partial_name="PEP_Bunker05_Large_NLBEKrunch" min_count="1" bias="1"/>
	<prefab_spawn_adjust partial_name="PEP_burialshrine_snake0567" min_count="1" bias="1"/>
	<prefab_spawn_adjust partial_name="PEP_Bus_Depot_Hydroponic" min_count="1" bias="1"/>
	<prefab_spawn_adjust partial_name="PEP_Business_Strip_Old_Deverezieaux" min_count="1" bias="1"/>
	<prefab_spawn_adjust partial_name="PEP_Cabin_Camp_Alice" min_count="1" bias="1"/>
	<prefab_spawn_adjust partial_name="PEP_Cabin_Sudo" min_count="1" bias="1"/>
	<prefab_spawn_adjust partial_name="PEP_Camping_Loop_Deverezieaux" min_count="1" bias="1"/>
	<prefab_spawn_adjust partial_name="PEP_CanucksCoffee_Genosis" min_count="1" bias="1"/>
	<prefab_spawn_adjust partial_name="PEP_Canyon_Cave_War3zuk" min_count="1" bias="1"/>
	<prefab_spawn_adjust partial_name="PEP_Car_Dealership_new_p1ut0nium" min_count="1" bias="1"/>
	<prefab_spawn_adjust partial_name="PEP_Car_Dealership_old_P1ut0nium" min_count="1" bias="1"/>
	<prefab_spawn_adjust partial_name="PEP_Castle_Zyncosa" min_count="1" bias="1"/>
	<prefab_spawn_adjust partial_name="PEP_Cave_01_Zyncosa" min_count="1" bias="1"/>
	<prefab_spawn_adjust partial_name="PEP_Cave1_NAGGcommunity" min_count="1" bias="1"/>
	<prefab_spawn_adjust partial_name="PEP_CDC_Mission_TheFootpad" min_count="1" bias="1"/>
	<prefab_spawn_adjust partial_name="PEP_ChemicalDepot_Lemonpie" min_count="1" bias="1"/>
	<prefab_spawn_adjust partial_name="PEP_Chernobyl_MazBurt" min_count="1" bias="1"/>
	<prefab_spawn_adjust partial_name="PEP_Church_01_LazMan" min_count="1" bias="1"/>
	<prefab_spawn_adjust partial_name="PEP_City_Bunker_Cerberus" min_count="1" bias="1"/>
	<prefab_spawn_adjust partial_name="PEP_cityhouse3_Kam" min_count="1" bias="1"/>
	<prefab_spawn_adjust partial_name="PEP_CityPark_01_OctoberFire" min_count="1" bias="1"/>
	<prefab_spawn_adjust partial_name="PEP_CityPark_02_OctoberFire" min_count="1" bias="1"/>
	<prefab_spawn_adjust partial_name="PEP_CityPark_Spider" min_count="1" bias="1"/>
	<prefab_spawn_adjust partial_name="PEP_Cliff_House_War3zuk" min_count="1" bias="1"/>
	<prefab_spawn_adjust partial_name="PEP_Community_Centre_Voltralux" min_count="1" bias="1"/>
	<prefab_spawn_adjust partial_name="PEP_ConvenienceStore1_Guppycur" min_count="1" bias="1"/>
	<prefab_spawn_adjust partial_name="PEP_Coronado_cornfield_crash_Slaan" min_count="1" bias="1"/>
	<prefab_spawn_adjust partial_name="PEP_Coronado_cornfield_missle_silo_Slaan" min_count="1" bias="1"/>
	<prefab_spawn_adjust partial_name="PEP_Coronado_farmedField_Slaan" min_count="1" bias="1"/>
	<prefab_spawn_adjust partial_name="PEP_Coronado_farmSheds_Slaan" min_count="1" bias="1"/>
	<prefab_spawn_adjust partial_name="PEP_Coronado_shamway_plant_Slaan" min_count="1" bias="1"/>
	<prefab_spawn_adjust partial_name="PEP_CountyJail_Volar" min_count="1" bias="1"/>
	<prefab_spawn_adjust partial_name="PEP_CQC_HOUSE_Evilracc0on" min_count="1" bias="1"/>
	<prefab_spawn_adjust partial_name="PEP_Crystal_Creek_Voltralux" min_count="1" bias="1"/>
	<prefab_spawn_adjust partial_name="PEP_cult_Evilracc0on" min_count="1" bias="1"/>
	<prefab_spawn_adjust partial_name="PEP_Dark_Mausoleum32_LuckyStar" min_count="1" bias="1"/>
	<prefab_spawn_adjust partial_name="PEP_Dave_Home_2_DMC" min_count="1" bias="1"/>
	<prefab_spawn_adjust partial_name="PEP_deerstand_2_axebeard" min_count="1" bias="1"/>
	<prefab_spawn_adjust partial_name="PEP_Doctors_Office_Bostonlondon" min_count="1" bias="1"/>
	<prefab_spawn_adjust partial_name="PEP_donut_shop_bigstep70" min_count="1" bias="1"/>
	<prefab_spawn_adjust partial_name="PEP_Dormerhouse_TopMinder" min_count="1" bias="1"/>
	<prefab_spawn_adjust partial_name="PEP_Downtown_Filler_Deverezieaux" min_count="1" bias="1"/>
	<prefab_spawn_adjust partial_name="PEP_Downtown_Theatre_Deverezieaux" min_count="1" bias="1"/>
	<prefab_spawn_adjust partial_name="PEP_drivethru_bigstep70" min_count="1" bias="1"/>
	<prefab_spawn_adjust partial_name="PEP_exfarmstead_owl79" min_count="1" bias="1"/>
	<prefab_spawn_adjust partial_name="PEP_Experimentalhouse_TopMinder" min_count="1" bias="1"/>
	<prefab_spawn_adjust partial_name="PEP_Farm_BigC90210" min_count="1" bias="1"/>
	<prefab_spawn_adjust partial_name="PEP_Flagstonemansion_sm_elitelex" min_count="1" bias="1"/>
	<prefab_spawn_adjust partial_name="PEP_fp_house_medium_002_Frank_Souza" min_count="1" bias="1"/>
	<prefab_spawn_adjust partial_name="PEP_Frat_house_EvilRacc0on" min_count="1" bias="1"/>
	<prefab_spawn_adjust partial_name="PEP_FuneralHome_Wsiegel" min_count="1" bias="1"/>
	<prefab_spawn_adjust partial_name="PEP_FuneralParlor_Zombieman" min_count="1" bias="1"/>
	<prefab_spawn_adjust partial_name="PEP_GasnWash32_LuckyStar" min_count="1" bias="1"/>
	<prefab_spawn_adjust partial_name="PEP_GasStation_Warsaken" min_count="1" bias="1"/>
	<prefab_spawn_adjust partial_name="PEP_Glass_factory_big_Khyber" min_count="1" bias="1"/>
	<prefab_spawn_adjust partial_name="PEP_Goggle_Inc_Theodryck" min_count="1" bias="1"/>
	<prefab_spawn_adjust partial_name="PEP_Graveyard_Hydroponic" min_count="1" bias="1"/>
	<prefab_spawn_adjust partial_name="PEP_Graveyard_WillyBilly" min_count="1" bias="1"/>
	<prefab_spawn_adjust partial_name="PEP_greenhouse_01_FLESHUS" min_count="1" bias="1"/>
	<prefab_spawn_adjust partial_name="PEP_Guarantine_Post_NLEagle" min_count="1" bias="1"/>
	<prefab_spawn_adjust partial_name="PEP_Guildhall_ex_vanilla_ornate01" min_count="1" bias="1"/>
	<prefab_spawn_adjust partial_name="PEP_GunShopKendo_Voltralux" min_count="1" bias="1"/>
	<prefab_spawn_adjust partial_name="PEP_HarbingerLabs_Riahsaurus_Rex" min_count="1" bias="1"/>
	<prefab_spawn_adjust partial_name="PEP_Haulier_lg_Limodor" min_count="1" bias="1"/>
	<prefab_spawn_adjust partial_name="PEP_Haulier_md_Limodor" min_count="1" bias="1"/>
	<prefab_spawn_adjust partial_name="PEP_HBW_Metro_Station_Hydroponic" min_count="1" bias="1"/>
	<prefab_spawn_adjust partial_name="PEP_Hicks_Family_Diner_Hydroponic" min_count="1" bias="1"/>
	<prefab_spawn_adjust partial_name="PEP_hideout_axebeard" min_count="1" bias="1"/>
	<prefab_spawn_adjust partial_name="PEP_Hightop_Curbolt" min_count="1" bias="1"/>
	<prefab_spawn_adjust partial_name="PEP_HNHouse_Hernan" min_count="1" bias="1"/>
	<prefab_spawn_adjust partial_name="PEP_Hobbit_Limodor" min_count="1" bias="1"/>
	<prefab_spawn_adjust partial_name="PEP_homestead_Mana" min_count="1" bias="1"/>
	<prefab_spawn_adjust partial_name="PEP_Hospital_Deverezieaux" min_count="1" bias="1"/>
	<prefab_spawn_adjust partial_name="PEP_Hospital_Wsiegel" min_count="1" bias="1"/>
	<prefab_spawn_adjust partial_name="PEP_Hostel_TopMinder" min_count="1" bias="1"/>
	<prefab_spawn_adjust partial_name="PEP_Hotel_01_Zyncosa" min_count="1" bias="1"/>
	<prefab_spawn_adjust partial_name="PEP_House_LastI" min_count="1" bias="1"/>
	<prefab_spawn_adjust partial_name="PEP_house_modern_01_Kam" min_count="1" bias="1"/>
	<prefab_spawn_adjust partial_name="PEP_house_modern_02_Kam" min_count="1" bias="1"/>
	<prefab_spawn_adjust partial_name="PEP_house_modern_03_Kam" min_count="1" bias="1"/>
	<prefab_spawn_adjust partial_name="PEP_house_modern_05_Kam" min_count="1" bias="1"/>
	<prefab_spawn_adjust partial_name="PEP_house_old_tudor_06_Pille" min_count="1" bias="1"/>
	<prefab_spawn_adjust partial_name="PEP_house_suburb_01_LazMan" min_count="1" bias="1"/>
	<prefab_spawn_adjust partial_name="PEP_house3_Curbolt" min_count="1" bias="1"/>
	<prefab_spawn_adjust partial_name="PEP_Hunters_rest_Evilracc0on" min_count="1" bias="1"/>
	<prefab_spawn_adjust partial_name="PEP_Hydro_Plant_LuckyStar" min_count="1" bias="1"/>
	<prefab_spawn_adjust partial_name="PEP_Icarus_Labs_Alice" min_count="1" bias="1"/>
	<prefab_spawn_adjust partial_name="PEP_Industry_01_Zyncosa" min_count="1" bias="1"/>
	<prefab_spawn_adjust partial_name="PEP_Industry_02_Zyncosa" min_count="1" bias="1"/>
	<prefab_spawn_adjust partial_name="PEP_Industry_03_Zyncosa" min_count="1" bias="1"/>
	<prefab_spawn_adjust partial_name="PEP_InsaneAsylum_Genosis" min_count="1" bias="1"/>
	<prefab_spawn_adjust partial_name="PEP_Italo_Restaurant_axebeard" min_count="1" bias="1"/>
	<prefab_spawn_adjust partial_name="PEP_IZEA_market_Genosis" min_count="1" bias="1"/>
	<prefab_spawn_adjust partial_name="PEP_Jabel_Library_Jamminen" min_count="1" bias="1"/>
	<prefab_spawn_adjust partial_name="PEP_JoJos_JSDoctor" min_count="1" bias="1"/>
	<prefab_spawn_adjust partial_name="PEP_LakesideLodge_Kam" min_count="1" bias="1"/>
	<prefab_spawn_adjust partial_name="PEP_Liberty_Apartments_Voltralux" min_count="1" bias="1"/>
	<prefab_spawn_adjust partial_name="PEP_Library_NAGG" min_count="1" bias="1"/>
	<prefab_spawn_adjust partial_name="PEP_Library_War3zuk" min_count="1" bias="1"/>
	<prefab_spawn_adjust partial_name="PEP_Lighthouse_NAGG" min_count="1" bias="1"/>
	<prefab_spawn_adjust partial_name="PEP_Lost_Arms_Apartment_Deverezieaux" min_count="1" bias="1"/>
	<prefab_spawn_adjust partial_name="PEP_LumberMill_IceJudge" min_count="1" bias="1"/>
	<prefab_spawn_adjust partial_name="PEP_MafiaMuseum_Voltralux" min_count="1" bias="1"/>
	<prefab_spawn_adjust partial_name="PEP_Mall_DOD" min_count="1" bias="1"/>
	<prefab_spawn_adjust partial_name="PEP_Manhattan_001_EvilRacc0on" min_count="1" bias="1"/>
	<prefab_spawn_adjust partial_name="PEP_Manhattan_002_EvilRacc0on" min_count="1" bias="1"/>
	<prefab_spawn_adjust partial_name="PEP_Manhattan_003_EvilRacc0on" min_count="1" bias="1"/>
	<prefab_spawn_adjust partial_name="PEP_Manorhouse_WereWulfen" min_count="1" bias="1"/>
	<prefab_spawn_adjust partial_name="PEP_McDowell_restaurant_LazMan" min_count="1" bias="1"/>
	<prefab_spawn_adjust partial_name="PEP_Midwich_School_01_Dragoness" min_count="1" bias="1"/>
	<prefab_spawn_adjust partial_name="PEP_MilitaryBunker_OctoberFire" min_count="1" bias="1"/>
	<prefab_spawn_adjust partial_name="PEP_Mine1_NAGG_DaphyDuck91" min_count="1" bias="1"/>
	<prefab_spawn_adjust partial_name="PEP_Missle_Site_Zyncosa" min_count="1" bias="1"/>
	<prefab_spawn_adjust partial_name="PEP_Modern_Estate_Hernan" min_count="1" bias="1"/>
	<prefab_spawn_adjust partial_name="PEP_ModernArtGallery_Pille_TopMinder" min_count="1" bias="1"/>
	<prefab_spawn_adjust partial_name="PEP_Modernhouse02_TopMinder" min_count="1" bias="1"/>
	<prefab_spawn_adjust partial_name="PEP_modernvilla_owl79" min_count="1" bias="1"/>
	<prefab_spawn_adjust partial_name="PEP_MonsterFlexGym_Swolk" min_count="1" bias="1"/>
	<prefab_spawn_adjust partial_name="PEP_Motel_Limodor" min_count="1" bias="1"/>
	<prefab_spawn_adjust partial_name="PEP_MultiStore_ANT" min_count="1" bias="1"/>
	<prefab_spawn_adjust partial_name="PEP_nationalparkLodge_Laz_Man" min_count="1" bias="1"/>
	<prefab_spawn_adjust partial_name="PEP_Nicehouse_BigC90210" min_count="1" bias="1"/>
	<prefab_spawn_adjust partial_name="PEP_NSiteMissileSilo_Ephoie" min_count="1" bias="1"/>
	<prefab_spawn_adjust partial_name="PEP_Nuka_Factory_bdubyah" min_count="1" bias="1"/>
	<prefab_spawn_adjust partial_name="PEP_Nuket0wn_Limodor" min_count="1" bias="1"/>
	<prefab_spawn_adjust partial_name="PEP_Oasis_Apartments_Voltralux" min_count="1" bias="1"/>
	<prefab_spawn_adjust partial_name="PEP_Office_Wsiegel" min_count="1" bias="1"/>
	<prefab_spawn_adjust partial_name="PEP_Oldwest_Moonshiner_Evil_Raccoon" min_count="1" bias="1"/>
	<prefab_spawn_adjust partial_name="PEP_Oldwest_Saloon_Krunch" min_count="1" bias="1"/>
	<prefab_spawn_adjust partial_name="PEP_Orphanage_ex_vanilla_ornate02" min_count="1" bias="1"/>
	<prefab_spawn_adjust partial_name="PEP_Overlook_Hotel_Master_Quagmire1428" min_count="1" bias="1"/>
	<prefab_spawn_adjust partial_name="PEP_Paintballarena_Jackelmyer" min_count="1" bias="1"/>
	<prefab_spawn_adjust partial_name="PEP_Pantilehouse_TopMinder" min_count="1" bias="1"/>
	<prefab_spawn_adjust partial_name="PEP_Park_Bostonlondon" min_count="1" bias="1"/>
	<prefab_spawn_adjust partial_name="PEP_PetStore_Jackelmyer" min_count="1" bias="1"/>
	<prefab_spawn_adjust partial_name="PEP_PG_BusStstion_Dragoness" min_count="1" bias="1"/>
	<prefab_spawn_adjust partial_name="PEP_Plant_Wsiegel" min_count="1" bias="1"/>
	<prefab_spawn_adjust partial_name="PEP_Police_Small_GDragon123" min_count="1" bias="1"/>
	<prefab_spawn_adjust partial_name="PEP_powerplant_Kam" min_count="1" bias="1"/>
	<prefab_spawn_adjust partial_name="PEP_prefabhome1_Riahsaurus_Rex" min_count="1" bias="1"/>
	<prefab_spawn_adjust partial_name="PEP_Prison_Limodur" min_count="1" bias="1"/>
	<prefab_spawn_adjust partial_name="PEP_Prison1_Curbolt" min_count="1" bias="1"/>
	<prefab_spawn_adjust partial_name="PEP_PsyLab_byAlice" min_count="1" bias="1"/>
	<prefab_spawn_adjust partial_name="PEP_Public_Pool_Warsaken" min_count="1" bias="1"/>
	<prefab_spawn_adjust partial_name="PEP_Rave_Factory_byOrak" min_count="1" bias="1"/>
	<prefab_spawn_adjust partial_name="PEP_Recycling_Limodor" min_count="1" bias="1"/>
	<prefab_spawn_adjust partial_name="PEP_red_mesa_alpha_labs_Pille" min_count="1" bias="1"/>
	<prefab_spawn_adjust partial_name="PEP_RedCatDiner_Najax" min_count="1" bias="1"/>
	<prefab_spawn_adjust partial_name="PEP_Redhouse_TopMinder" min_count="1" bias="1"/>
	<prefab_spawn_adjust partial_name="PEP_Refinery_Zyncosa" min_count="1" bias="1"/>
	<prefab_spawn_adjust partial_name="PEP_remnant_waste_01_LazMan" min_count="1" bias="1"/>
	<prefab_spawn_adjust partial_name="PEP_remnant_waste_02_LazMan" min_count="1" bias="1"/>
	<prefab_spawn_adjust partial_name="PEP_ResearchStation_NLEagle" min_count="1" bias="1"/>
	<prefab_spawn_adjust partial_name="PEP_Resident_Evil_Mansion__Frantic_Dan" min_count="1" bias="1"/>
	<prefab_spawn_adjust partial_name="PEP_RoadHouse_Mana_Gobarg" min_count="1" bias="1"/>
	<prefab_spawn_adjust partial_name="PEP_RocketLaunchPad_Saeid" min_count="1" bias="1"/>
	<prefab_spawn_adjust partial_name="PEP_Roundhouse_TopMinder" min_count="1" bias="1"/>
	<prefab_spawn_adjust partial_name="PEP_Safehouse_Limodor" min_count="1" bias="1"/>
	<prefab_spawn_adjust partial_name="PEP_Saturn_Office_01_Doc_Saturn" min_count="1" bias="1"/>
	<prefab_spawn_adjust partial_name="PEP_Sawmill_Pille" min_count="1" bias="1"/>
	<prefab_spawn_adjust partial_name="PEP_SC_steakhouse01_Dragoness" min_count="1" bias="1"/>
	<prefab_spawn_adjust partial_name="PEP_Science_lab_kinklade" min_count="1" bias="1"/>
	<prefab_spawn_adjust partial_name="PEP_serial_killer_01_FLESHUS" min_count="1" bias="1"/>
	<prefab_spawn_adjust partial_name="PEP_Serial_Killer_02_Fleshus" min_count="1" bias="1"/>
	<prefab_spawn_adjust partial_name="PEP_sewer_layout_Evilracc0on" min_count="1" bias="1"/>
	<prefab_spawn_adjust partial_name="PEP_shantytown_Evilracc0on" min_count="1" bias="1"/>
	<prefab_spawn_adjust partial_name="PEP_ShoppingCenter_Galleria_Laz_Man" min_count="1" bias="1"/>
	<prefab_spawn_adjust partial_name="PEP_Shoppingcenter_TopMinder" min_count="1" bias="1"/>
	<prefab_spawn_adjust partial_name="PEP_Shrub_Conservatory_Werewulfen" min_count="1" bias="1"/>
	<prefab_spawn_adjust partial_name="PEP_SkiResort_Bar_NLEagle" min_count="1" bias="1"/>
	<prefab_spawn_adjust partial_name="PEP_Skyscraper_05_Pepps_Tower_Krunch" min_count="1" bias="1"/>
	<prefab_spawn_adjust partial_name="PEP_Skyscraper_07_Govt_Deverezieaux" min_count="1" bias="1"/>
	<prefab_spawn_adjust partial_name="PEP_SlavCo_SuperMarket_Hydroponic" min_count="1" bias="1"/>
	<prefab_spawn_adjust partial_name="PEP_SmallWoodhouse_TopMinder" min_count="1" bias="1"/>
	<prefab_spawn_adjust partial_name="PEP_Split_Level_CraterCreator" min_count="1" bias="1"/>
	<prefab_spawn_adjust partial_name="PEP_Stonehouse_TopMinder" min_count="1" bias="1"/>
	<prefab_spawn_adjust partial_name="PEP_Storage_ShoNuff" min_count="1" bias="1"/>
	<prefab_spawn_adjust partial_name="PEP_Store_Automotive_sm_Laz_Man" min_count="1" bias="1"/>
	<prefab_spawn_adjust partial_name="PEP_Strip_Mall_Large_shops_Hydroponic" min_count="1" bias="1"/>
	<prefab_spawn_adjust partial_name="PEP_StripClub_Wsiegel" min_count="1" bias="1"/>
	<prefab_spawn_adjust partial_name="PEP_stripmall_axebeard" min_count="1" bias="1"/>
	<prefab_spawn_adjust partial_name="PEP_SUBDAY_Swolk" min_count="1" bias="1"/>
	<prefab_spawn_adjust partial_name="PEP_SuperStore_Volar" min_count="1" bias="1"/>
	<prefab_spawn_adjust partial_name="PEP_Survivors_Camp_V2_DMC" min_count="1" bias="1"/>
	<prefab_spawn_adjust partial_name="PEP_TacoBele_Swolk" min_count="1" bias="1"/>
	<prefab_spawn_adjust partial_name="PEP_Tank_Garage_LuckyStar" min_count="1" bias="1"/>
	<prefab_spawn_adjust partial_name="PEP_Tavern_Limodor" min_count="1" bias="1"/>
	<prefab_spawn_adjust partial_name="PEP_TheMill_MoNKeYest1" min_count="1" bias="1"/>
	<prefab_spawn_adjust partial_name="PEP_timbershop_magoli" min_count="1" bias="1"/>
	<prefab_spawn_adjust partial_name="PEP_TittyTwister_Sorrowthief" min_count="1" bias="1"/>
	<prefab_spawn_adjust partial_name="PEP_Trailer_Sorrowthief" min_count="1" bias="1"/>
	<prefab_spawn_adjust partial_name="PEP_Trailerhousemix01" min_count="1" bias="1"/>
	<prefab_spawn_adjust partial_name="PEP_Trailerhousemix02" min_count="1" bias="1"/>
	<prefab_spawn_adjust partial_name="PEP_Trailerhousemix03" min_count="1" bias="1"/>
	<prefab_spawn_adjust partial_name="PEP_Trailerhousemix03_SandyBeaches" min_count="1" bias="1"/>
	<prefab_spawn_adjust partial_name="PEP_Trailerhousemix04" min_count="1" bias="1"/>
	<prefab_spawn_adjust partial_name="PEP_Trailerhousemix04_SandyBeaches" min_count="1" bias="1"/>
	<prefab_spawn_adjust partial_name="PEP_UFO_NAGG_Ryan" min_count="1" bias="1"/>
	<prefab_spawn_adjust partial_name="PEP_Umbrella_Corp_VoltraLux" min_count="1" bias="1"/>
	<prefab_spawn_adjust partial_name="PEP_UnionStation_BuLLeTZ" min_count="1" bias="1"/>
	<prefab_spawn_adjust partial_name="PEP_University_Deverezieaux" min_count="1" bias="1"/>
	<prefab_spawn_adjust partial_name="PEP_Vacant_Factory_ZorroKrunch" min_count="1" bias="1"/>
	<prefab_spawn_adjust partial_name="PEP_VaxClinic_Rifmaz" min_count="1" bias="1"/>
	<prefab_spawn_adjust partial_name="PEP_Vet_Clinic_Firecat" min_count="1" bias="1"/>
	<prefab_spawn_adjust partial_name="PEP_Villa_Limodor" min_count="1" bias="1"/>
	<prefab_spawn_adjust partial_name="PEP_Villa_TopMinder" min_count="1" bias="1"/>
	<prefab_spawn_adjust partial_name="PEP_Walcart_Swolk" min_count="1" bias="1"/>
	<prefab_spawn_adjust partial_name="PEP_Wank_Bank_Hydroponic" min_count="1" bias="1"/>
	<prefab_spawn_adjust partial_name="PEP_warehouse_NLEagle" min_count="1" bias="1"/>
	<prefab_spawn_adjust partial_name="PEP_WaterPark1_NAGGcommunity" min_count="1" bias="1"/>
	<prefab_spawn_adjust partial_name="PEP_Whine_N_Dine_Desi" min_count="1" bias="1"/>
	<prefab_spawn_adjust partial_name="PEP_Woodhouse_TopMinder" min_count="1" bias="1"/>
	<prefab_spawn_adjust partial_name="PEP_WWHouse_IceJudge" min_count="1" bias="1"/>
	<prefab_spawn_adjust partial_name="PEP_Zap_Arcade_Voltralux" min_count="1" bias="1"/>
	<prefab_spawn_adjust partial_name="PEP_ZombieZoo_Wsiegel" min_count="1" bias="1"/>
	<prefab_spawn_adjust partial_name="PEP_abandoned_trader_bob_lemonpie" min_count="1" bias="1"/>
	<prefab_spawn_adjust partial_name="PEP_abandoned_trader_hugh_Lemonpie" min_count="1" bias="1"/>
	<prefab_spawn_adjust partial_name="PEP_abandoned_trader_jen_lemonpie" min_count="1" bias="1"/>
	<prefab_spawn_adjust partial_name="PEP_abandoned_trader_joel_lemonpie" min_count="1" bias="1"/>
	<prefab_spawn_adjust partial_name="PEP_abandoned_trader_rekt_lemonpie" min_count="1" bias="1"/>


	<!--Vanilla weights -->
	<prefab_spawn_adjust partial_name="abandoned_house_01" min_count="1" bias="1"/>
	<prefab_spawn_adjust partial_name="abandoned_house_02" min_count="1" bias="1"/>
	<prefab_spawn_adjust partial_name="abandoned_house_03" min_count="1" bias="1"/>
	<prefab_spawn_adjust partial_name="abandoned_house_04" min_count="1" bias="1"/>
	<prefab_spawn_adjust partial_name="abandoned_house_05" min_count="1" bias="1"/>
	<prefab_spawn_adjust partial_name="abandoned_house_06" min_count="1" bias="1"/>
	<prefab_spawn_adjust partial_name="abandoned_house_07" min_count="1" bias="1"/>
	<prefab_spawn_adjust partial_name="abandoned_house_08" min_count="1" bias="1"/>
	<prefab_spawn_adjust partial_name="abandoned_house_09" min_count="1" bias="1"/>
	<prefab_spawn_adjust partial_name="abandoned_house_10" min_count="1" bias="1"/>
	<prefab_spawn_adjust partial_name="apartments_01" min_count="1" bias="1"/>
	<prefab_spawn_adjust partial_name="apartments_02" min_count="1" bias="1"/>
	<prefab_spawn_adjust partial_name="apartments_03" min_count="1" bias="1"/>
	<prefab_spawn_adjust partial_name="apartments_04" min_count="1" bias="1"/>
	<prefab_spawn_adjust partial_name="apartments_05" min_count="1" bias="1"/>
	<prefab_spawn_adjust partial_name="apartments_06" min_count="1" bias="1"/>
	<prefab_spawn_adjust partial_name="army_camp_01" min_count="1" bias="1"/>
	<prefab_spawn_adjust partial_name="army_camp_02" min_count="1" bias="1"/>
	<prefab_spawn_adjust partial_name="army_camp_03" min_count="1" bias="1"/>
	<prefab_spawn_adjust partial_name="army_camp_04" min_count="1" bias="1"/>
	<prefab_spawn_adjust partial_name="army_camp_05" min_count="1" bias="1"/>
	<prefab_spawn_adjust partial_name="army_camp_06" min_count="1" bias="1"/>
	<prefab_spawn_adjust partial_name="army_camp_07" min_count="1" bias="1"/>
	<prefab_spawn_adjust partial_name="army_camp_08" min_count="1" bias="1"/>
	<prefab_spawn_adjust partial_name="auto_mechanic_01" min_count="1" bias="1"/>
	<prefab_spawn_adjust partial_name="bank_01" min_count="1" bias="1"/>
	<prefab_spawn_adjust partial_name="bank_02" min_count="1" bias="1"/>
	<prefab_spawn_adjust partial_name="bar_01" min_count="1" bias="1"/>
	<prefab_spawn_adjust partial_name="barn_01" min_count="1" bias="1"/>
	<prefab_spawn_adjust partial_name="barn_02" min_count="1" bias="1"/>
	<prefab_spawn_adjust partial_name="barn_03" min_count="1" bias="1"/>
	<prefab_spawn_adjust partial_name="base_military_01" min_count="1" bias="1"/>
	<prefab_spawn_adjust partial_name="blueberryfield_sm" min_count="1" bias="1"/>
	<prefab_spawn_adjust partial_name="bluff01" min_count="1" bias="1"/>
	<prefab_spawn_adjust partial_name="body_shop_01" min_count="1" bias="1"/>
	<prefab_spawn_adjust partial_name="bombshelter_01" min_count="1" bias="1"/>
	<prefab_spawn_adjust partial_name="bombshelter_02" min_count="1" bias="1"/>
	<prefab_spawn_adjust partial_name="bowling_alley_01" min_count="1" bias="1"/>
	<prefab_spawn_adjust partial_name="bowling_alley_02" min_count="1" bias="1"/>
	<prefab_spawn_adjust partial_name="bridge_asphalt1" min_count="1" bias="1"/>
	<prefab_spawn_adjust partial_name="bridge_asphalt_broken" min_count="1" bias="1"/>
	<prefab_spawn_adjust partial_name="bridge_concrete1" min_count="1" bias="1"/>
	<prefab_spawn_adjust partial_name="bridge_concrete_1" min_count="1" bias="1"/>
	<prefab_spawn_adjust partial_name="bridge_concrete_2" min_count="1" bias="1"/>
	<prefab_spawn_adjust partial_name="bridge_wood1" min_count="1" bias="1"/>
	<prefab_spawn_adjust partial_name="bridge_wood2" min_count="1" bias="1"/>
	<prefab_spawn_adjust partial_name="bus_stop_01" min_count="1" bias="1"/>
	<prefab_spawn_adjust partial_name="bus_wreck_01" min_count="1" bias="1"/>
	<prefab_spawn_adjust partial_name="business_burnt_01" min_count="1" bias="1"/>
	<prefab_spawn_adjust partial_name="business_burnt_02" min_count="1" bias="1"/>
	<prefab_spawn_adjust partial_name="cabin_01" min_count="1" bias="1"/>
	<prefab_spawn_adjust partial_name="cabin_02" min_count="1" bias="1"/>
	<prefab_spawn_adjust partial_name="cabin_03" min_count="1" bias="1"/>
	<prefab_spawn_adjust partial_name="cabin_04" min_count="1" bias="1"/>
	<prefab_spawn_adjust partial_name="cabin_05" min_count="1" bias="1"/>
	<prefab_spawn_adjust partial_name="cabin_06" min_count="1" bias="1"/>
	<prefab_spawn_adjust partial_name="cabin_07" min_count="1" bias="1"/>
	<prefab_spawn_adjust partial_name="cabin_08" min_count="1" bias="1"/>
	<prefab_spawn_adjust partial_name="cabin_09" min_count="1" bias="1"/>
	<prefab_spawn_adjust partial_name="cabin_10" min_count="1" bias="1"/>
	<prefab_spawn_adjust partial_name="cabin_11" min_count="1" bias="1"/>
	<prefab_spawn_adjust partial_name="cabin_12" min_count="1" bias="1"/>
	<prefab_spawn_adjust partial_name="cabin_13" min_count="1" bias="1"/>
	<prefab_spawn_adjust partial_name="cabin_14" min_count="1" bias="1"/>
	<prefab_spawn_adjust partial_name="cabin_15" min_count="1" bias="1"/>
	<prefab_spawn_adjust partial_name="cabin_16" min_count="1" bias="1"/>
	<prefab_spawn_adjust partial_name="cabin_17" min_count="1" bias="1"/>
	<prefab_spawn_adjust partial_name="cabin_18" min_count="1" bias="1"/>
	<prefab_spawn_adjust partial_name="cabin_20" min_count="1" bias="1"/>
	<prefab_spawn_adjust partial_name="canyon_car_wreck" min_count="1" bias="1"/>
	<prefab_spawn_adjust partial_name="canyon_cliff_dwellings" min_count="1" bias="1"/>
	<prefab_spawn_adjust partial_name="canyon_gift_shop" min_count="1" bias="1"/>
	<prefab_spawn_adjust partial_name="canyon_gift_shop_parking" min_count="1" bias="1"/>
	<prefab_spawn_adjust partial_name="canyon_gift_shop_sign" min_count="1" bias="1"/>
	<prefab_spawn_adjust partial_name="canyon_mine" min_count="1" bias="1"/>
	<prefab_spawn_adjust partial_name="carlot_01" min_count="1" bias="1"/>
	<prefab_spawn_adjust partial_name="carlot_02" min_count="1" bias="1"/>
	<prefab_spawn_adjust partial_name="cave_01" min_count="1" bias="1"/>
	<prefab_spawn_adjust partial_name="cave_02" min_count="1" bias="1"/>
	<prefab_spawn_adjust partial_name="cave_03" min_count="1" bias="1"/>
	<prefab_spawn_adjust partial_name="cave_04" min_count="1" bias="1"/>
	<prefab_spawn_adjust partial_name="cave_05" min_count="1" bias="1"/>
	<prefab_spawn_adjust partial_name="cave_07" min_count="1" bias="1"/>
	<prefab_spawn_adjust partial_name="cave_09" min_count="1" bias="1"/>
	<prefab_spawn_adjust partial_name="cemetery_01" min_count="1" bias="1"/>
	<prefab_spawn_adjust partial_name="cemetery_02" min_count="1" bias="1"/>
	<prefab_spawn_adjust partial_name="church_01" min_count="1" bias="1"/>
	<prefab_spawn_adjust partial_name="church_02" min_count="1" bias="1"/>
	<prefab_spawn_adjust partial_name="church_sm_01" min_count="1" bias="1"/>
	<prefab_spawn_adjust partial_name="city_center_01" min_count="1" bias="1"/>
	<prefab_spawn_adjust partial_name="commercial_site_01" min_count="1" bias="1"/>
	<prefab_spawn_adjust partial_name="commercial_site_02" min_count="1" bias="1"/>
	<prefab_spawn_adjust partial_name="commercial_strip_01" min_count="1" bias="1"/>
	<prefab_spawn_adjust partial_name="commercial_strip_02" min_count="1" bias="1"/>
	<prefab_spawn_adjust partial_name="commercial_strip_03" min_count="1" bias="1"/>
	<prefab_spawn_adjust partial_name="commercial_strip_04" min_count="1" bias="1"/>
	<prefab_spawn_adjust partial_name="commercial_strip_05" min_count="1" bias="1"/>
	<prefab_spawn_adjust partial_name="commercial_strip_06" min_count="1" bias="1"/>
	<prefab_spawn_adjust partial_name="commercial_strip_07" min_count="1" bias="1"/>
	<prefab_spawn_adjust partial_name="commercial_strip_08" min_count="1" bias="1"/>
	<prefab_spawn_adjust partial_name="commercial_strip_09" min_count="1" bias="1"/>
	<prefab_spawn_adjust partial_name="commercial_strip_10" min_count="1" bias="1"/>
	<prefab_spawn_adjust partial_name="cornfield_lg" min_count="1" bias="1"/>
	<prefab_spawn_adjust partial_name="cornfield_med" min_count="1" bias="1"/>
	<prefab_spawn_adjust partial_name="cornfield_sm" min_count="1" bias="1"/>
	<prefab_spawn_adjust partial_name="country_junkyard_01" min_count="1" bias="1"/>
	<prefab_spawn_adjust partial_name="country_junkyard_02" min_count="1" bias="1"/>
	<prefab_spawn_adjust partial_name="countrytown_business_01" min_count="1" bias="1"/>
	<prefab_spawn_adjust partial_name="countrytown_business_02" min_count="1" bias="1"/>
	<prefab_spawn_adjust partial_name="countrytown_business_03" min_count="1" bias="1"/>
	<prefab_spawn_adjust partial_name="countrytown_business_04" min_count="1" bias="1"/>
	<prefab_spawn_adjust partial_name="countrytown_business_05" min_count="1" bias="1"/>
	<prefab_spawn_adjust partial_name="countrytown_business_06" min_count="1" bias="1"/>
	<prefab_spawn_adjust partial_name="countrytown_business_07" min_count="1" bias="1"/>
	<prefab_spawn_adjust partial_name="countrytown_business_08" min_count="1" bias="1"/>
	<prefab_spawn_adjust partial_name="countrytown_business_09" min_count="1" bias="1"/>
	<prefab_spawn_adjust partial_name="countrytown_business_10" min_count="1" bias="1"/>
	<prefab_spawn_adjust partial_name="countrytown_business_11" min_count="1" bias="1"/>
	<prefab_spawn_adjust partial_name="countrytown_business_12" min_count="1" bias="1"/>
	<prefab_spawn_adjust partial_name="countrytown_business_13" min_count="1" bias="1"/>
	<prefab_spawn_adjust partial_name="countrytown_business_14" min_count="1" bias="1"/>
	<prefab_spawn_adjust partial_name="countrytown_business_15" min_count="1" bias="1"/>
	<prefab_spawn_adjust partial_name="courthouse_med_01" min_count="1" bias="1"/>
	<prefab_spawn_adjust partial_name="culvert_01" min_count="1" bias="1"/>
	<prefab_spawn_adjust partial_name="deco_coal_vein" min_count="1" bias="1"/>
	<prefab_spawn_adjust partial_name="deco_iron_vein" min_count="1" bias="1"/>
	<prefab_spawn_adjust partial_name="deco_lead_vein" min_count="1" bias="1"/>
	<prefab_spawn_adjust partial_name="deco_nitrate_vein" min_count="1" bias="1"/>
	<prefab_spawn_adjust partial_name="deco_remnant_stone_01" min_count="1" bias="1"/>
	<prefab_spawn_adjust partial_name="deco_remnant_stone_02" min_count="1" bias="1"/>
	<prefab_spawn_adjust partial_name="deco_remnant_stone_03" min_count="1" bias="1"/>
	<prefab_spawn_adjust partial_name="deco_remnant_stone_04" min_count="1" bias="1"/>
	<prefab_spawn_adjust partial_name="deco_remnant_stone_05" min_count="1" bias="1"/>
	<prefab_spawn_adjust partial_name="deco_remnant_wood_01" min_count="1" bias="1"/>
	<prefab_spawn_adjust partial_name="deco_remnant_wood_02" min_count="1" bias="1"/>
	<prefab_spawn_adjust partial_name="deco_rubble_stone_01" min_count="1" bias="1"/>
	<prefab_spawn_adjust partial_name="deco_rubble_stone_02" min_count="1" bias="1"/>
	<prefab_spawn_adjust partial_name="deco_rubble_stone_03" min_count="1" bias="1"/>
	<prefab_spawn_adjust partial_name="deco_rubble_stone_04" min_count="1" bias="1"/>
	<prefab_spawn_adjust partial_name="deco_rubble_stone_05" min_count="1" bias="1"/>
	<prefab_spawn_adjust partial_name="deco_rubble_stone_06" min_count="1" bias="1"/>
	<prefab_spawn_adjust partial_name="deco_rubble_stone_07" min_count="1" bias="1"/>
	<prefab_spawn_adjust partial_name="deco_rubble_stone_08" min_count="1" bias="1"/>
	<prefab_spawn_adjust partial_name="deco_rubble_stone_09" min_count="1" bias="1"/>
	<prefab_spawn_adjust partial_name="deco_rubble_stone_10" min_count="1" bias="1"/>
	<prefab_spawn_adjust partial_name="deco_shale_vein" min_count="1" bias="1"/>
	<prefab_spawn_adjust partial_name="departure_bridge_01" min_count="1" bias="1"/>
	<prefab_spawn_adjust partial_name="departure_bridge_02" min_count="1" bias="1"/>
	<prefab_spawn_adjust partial_name="departure_bridge_1" min_count="1" bias="1"/>
	<prefab_spawn_adjust partial_name="departure_bridge_2" min_count="1" bias="1"/>
	<prefab_spawn_adjust partial_name="departure_city_blk_01" min_count="1" bias="1"/>
	<prefab_spawn_adjust partial_name="departure_city_blk_plaza" min_count="1" bias="1"/>
	<prefab_spawn_adjust partial_name="departure_city_sign" min_count="1" bias="1"/>
	<prefab_spawn_adjust partial_name="desert_arch" min_count="1" bias="1"/>
	<prefab_spawn_adjust partial_name="desert_form01" min_count="1" bias="1"/>
	<prefab_spawn_adjust partial_name="desert_form02" min_count="1" bias="1"/>
	<prefab_spawn_adjust partial_name="desert_town_blk_01" min_count="1" bias="1"/>
	<prefab_spawn_adjust partial_name="desert_town_blk_02" min_count="1" bias="1"/>
	<prefab_spawn_adjust partial_name="diersville_city_blk_01" min_count="1" bias="1"/>
	<prefab_spawn_adjust partial_name="diersville_city_blk_02" min_count="1" bias="1"/>
	<prefab_spawn_adjust partial_name="diersville_city_sign_01" min_count="1" bias="1"/>
	<prefab_spawn_adjust partial_name="diner_01" min_count="1" bias="1"/>
	<prefab_spawn_adjust partial_name="diner_02" min_count="1" bias="1"/>
	<prefab_spawn_adjust partial_name="diner_03" min_count="1" bias="1"/>
	<prefab_spawn_adjust partial_name="diner_04" min_count="1" bias="1"/>
	<prefab_spawn_adjust partial_name="diner_07" min_count="1" bias="1"/>
	<prefab_spawn_adjust partial_name="docks_01" min_count="1" bias="1"/>
	<prefab_spawn_adjust partial_name="docks_02" min_count="1" bias="1"/>
	<prefab_spawn_adjust partial_name="docks_03" min_count="1" bias="1"/>
	<prefab_spawn_adjust partial_name="docks_04" min_count="1" bias="1"/>
	<prefab_spawn_adjust partial_name="docks_05" min_count="1" bias="1"/>
	<prefab_spawn_adjust partial_name="downtown_building_01" min_count="1" bias="1"/>
	<prefab_spawn_adjust partial_name="downtown_building_02" min_count="1" bias="1"/>
	<prefab_spawn_adjust partial_name="downtown_building_03" min_count="1" bias="1"/>
	<prefab_spawn_adjust partial_name="downtown_building_04" min_count="1" bias="1"/>
	<prefab_spawn_adjust partial_name="downtown_building_05" min_count="1" bias="1"/>
	<prefab_spawn_adjust partial_name="downtown_business_06" min_count="1" bias="1"/>
	<prefab_spawn_adjust partial_name="downtown_business_07" min_count="1" bias="1"/>
	<prefab_spawn_adjust partial_name="downtown_filler_01" min_count="1" bias="1"/>
	<prefab_spawn_adjust partial_name="downtown_filler_02" min_count="1" bias="1"/>
	<prefab_spawn_adjust partial_name="downtown_filler_03" min_count="1" bias="1"/>
	<prefab_spawn_adjust partial_name="downtown_filler_04" min_count="1" bias="1"/>
	<prefab_spawn_adjust partial_name="downtown_filler_05" min_count="1" bias="1"/>
	<prefab_spawn_adjust partial_name="downtown_filler_06" min_count="1" bias="1"/>
	<prefab_spawn_adjust partial_name="downtown_filler_07" min_count="1" bias="1"/>
	<prefab_spawn_adjust partial_name="downtown_filler_08" min_count="1" bias="1"/>
	<prefab_spawn_adjust partial_name="downtown_filler_09" min_count="1" bias="1"/>
	<prefab_spawn_adjust partial_name="downtown_filler_11" min_count="1" bias="1"/>
	<prefab_spawn_adjust partial_name="downtown_filler_12" min_count="1" bias="1"/>
	<prefab_spawn_adjust partial_name="downtown_filler_13" min_count="1" bias="1"/>
	<prefab_spawn_adjust partial_name="downtown_filler_14" min_count="1" bias="1"/>
	<prefab_spawn_adjust partial_name="downtown_filler_15" min_count="1" bias="1"/>
	<prefab_spawn_adjust partial_name="downtown_filler_21" min_count="1" bias="1"/>
	<prefab_spawn_adjust partial_name="downtown_filler_22" min_count="1" bias="1"/>
	<prefab_spawn_adjust partial_name="downtown_filler_23" min_count="1" bias="1"/>
	<prefab_spawn_adjust partial_name="downtown_filler_24" min_count="1" bias="1"/>
	<prefab_spawn_adjust partial_name="downtown_filler_25" min_count="1" bias="1"/>
	<prefab_spawn_adjust partial_name="downtown_filler_26" min_count="1" bias="1"/>
	<prefab_spawn_adjust partial_name="downtown_filler_27" min_count="1" bias="1"/>
	<prefab_spawn_adjust partial_name="downtown_filler_29" min_count="1" bias="1"/>
	<prefab_spawn_adjust partial_name="downtown_filler_30" min_count="1" bias="1"/>
	<prefab_spawn_adjust partial_name="downtown_filler_31" min_count="1" bias="1"/>
	<prefab_spawn_adjust partial_name="downtown_filler_park_01" min_count="1" bias="1"/>
	<prefab_spawn_adjust partial_name="downtown_filler_park_02" min_count="1" bias="1"/>
	<prefab_spawn_adjust partial_name="downtown_filler_park_03" min_count="1" bias="1"/>
	<prefab_spawn_adjust partial_name="downtown_filler_park_04" min_count="1" bias="1"/>
	<prefab_spawn_adjust partial_name="downtown_filler_park_05" min_count="1" bias="1"/>
	<prefab_spawn_adjust partial_name="downtown_filler_plaza_01" min_count="1" bias="1"/>
	<prefab_spawn_adjust partial_name="downtown_filler_plaza_02" min_count="1" bias="1"/>
	<prefab_spawn_adjust partial_name="downtown_filler_plaza_03" min_count="1" bias="1"/>
	<prefab_spawn_adjust partial_name="downtown_filler_plaza_04" min_count="1" bias="1"/>
	<prefab_spawn_adjust partial_name="downtown_filler_plaza_05" min_count="1" bias="1"/>
	<prefab_spawn_adjust partial_name="downtown_park_01" min_count="1" bias="1"/>
	<prefab_spawn_adjust partial_name="downtown_park_02" min_count="1" bias="1"/>
	<prefab_spawn_adjust partial_name="downtown_park_03" min_count="1" bias="1"/>
	<prefab_spawn_adjust partial_name="downtown_parking_lot_01" min_count="1" bias="1"/>
	<prefab_spawn_adjust partial_name="downtown_strip_01" min_count="1" bias="1"/>
	<prefab_spawn_adjust partial_name="downtown_strip_02" min_count="1" bias="1"/>
	<prefab_spawn_adjust partial_name="downtown_strip_03" min_count="1" bias="1"/>
	<prefab_spawn_adjust partial_name="downtown_strip_04" min_count="1" bias="1"/>
	<prefab_spawn_adjust partial_name="downtown_strip_05" min_count="1" bias="1"/>
	<prefab_spawn_adjust partial_name="downtown_strip_06" min_count="1" bias="1"/>
	<prefab_spawn_adjust partial_name="downtown_strip_07" min_count="1" bias="1"/>
	<prefab_spawn_adjust partial_name="downtown_strip_08" min_count="1" bias="1"/>
	<prefab_spawn_adjust partial_name="downtown_strip_09" min_count="1" bias="1"/>
	<prefab_spawn_adjust partial_name="downtown_strip_10" min_count="1" bias="1"/>
	<prefab_spawn_adjust partial_name="downtown_strip_11" min_count="1" bias="1"/>
	<prefab_spawn_adjust partial_name="downtown_strip_12" min_count="1" bias="1"/>
	<prefab_spawn_adjust partial_name="factory_01" min_count="1" bias="1"/>
	<prefab_spawn_adjust partial_name="factory_02" min_count="1" bias="1"/>
	<prefab_spawn_adjust partial_name="factory_03" min_count="1" bias="1"/>
	<prefab_spawn_adjust partial_name="farm_01" min_count="1" bias="1"/>
	<prefab_spawn_adjust partial_name="farm_02" min_count="1" bias="1"/>
	<prefab_spawn_adjust partial_name="farm_03" min_count="1" bias="1"/>
	<prefab_spawn_adjust partial_name="farm_04" min_count="1" bias="1"/>
	<prefab_spawn_adjust partial_name="farm_05" min_count="1" bias="1"/>
	<prefab_spawn_adjust partial_name="farm_07" min_count="1" bias="1"/>
	<prefab_spawn_adjust partial_name="farm_08" min_count="1" bias="1"/>
	<prefab_spawn_adjust partial_name="farm_10" min_count="1" bias="1"/>
	<prefab_spawn_adjust partial_name="farm_11" min_count="1" bias="1"/>
	<prefab_spawn_adjust partial_name="farm_12" min_count="1" bias="1"/>
	<prefab_spawn_adjust partial_name="farm_13" min_count="1" bias="1"/>
	<prefab_spawn_adjust partial_name="farm_14" min_count="1" bias="1"/>
	<prefab_spawn_adjust partial_name="farm_15" min_count="1" bias="1"/>
	<prefab_spawn_adjust partial_name="farm_16" min_count="1" bias="1"/>
	<prefab_spawn_adjust partial_name="farm_17" min_count="1" bias="1"/>
	<prefab_spawn_adjust partial_name="fastfood_01" min_count="1" bias="1"/>
	<prefab_spawn_adjust partial_name="fastfood_02" min_count="1" bias="1"/>
	<prefab_spawn_adjust partial_name="fastfood_03" min_count="1" bias="1"/>
	<prefab_spawn_adjust partial_name="fastfood_04" min_count="1" bias="1"/>
	<prefab_spawn_adjust partial_name="fastfood_05" min_count="1" bias="1"/>
	<prefab_spawn_adjust partial_name="fastfood_06" min_count="1" bias="1"/>
	<prefab_spawn_adjust partial_name="fastfood_07" min_count="1" bias="1"/>
	<prefab_spawn_adjust partial_name="field_concert_01" min_count="1" bias="1"/>
	<prefab_spawn_adjust partial_name="fire_station_01" min_count="1" bias="1"/>
	<prefab_spawn_adjust partial_name="fire_station_02" min_count="1" bias="1"/>
	<prefab_spawn_adjust partial_name="fire_station_03" min_count="1" bias="1"/>
	<prefab_spawn_adjust partial_name="fire_station_04" min_count="1" bias="1"/>
	<prefab_spawn_adjust partial_name="football_stadium" min_count="1" bias="1"/>
	<prefab_spawn_adjust partial_name="funeral_home_01" min_count="1" bias="1"/>
	<prefab_spawn_adjust partial_name="gas_station_01" min_count="1" bias="1"/>
	<prefab_spawn_adjust partial_name="gas_station_02" min_count="1" bias="1"/>
	<prefab_spawn_adjust partial_name="gas_station_03" min_count="1" bias="1"/>
	<prefab_spawn_adjust partial_name="gas_station_04" min_count="1" bias="1"/>
	<prefab_spawn_adjust partial_name="gas_station_05" min_count="1" bias="1"/>
	<prefab_spawn_adjust partial_name="gas_station_06" min_count="1" bias="1"/>
	<prefab_spawn_adjust partial_name="gas_station_07" min_count="1" bias="1"/>
	<prefab_spawn_adjust partial_name="gas_station_08" min_count="1" bias="1"/>
	<prefab_spawn_adjust partial_name="gas_station_09" min_count="1" bias="1"/>
	<prefab_spawn_adjust partial_name="gas_station_10" min_count="1" bias="1"/>
	<prefab_spawn_adjust partial_name="gas_station_11" min_count="1" bias="1"/>
	<prefab_spawn_adjust partial_name="gas_station_12" min_count="1" bias="1"/>
	<prefab_spawn_adjust partial_name="gravestowne_city_blk_01" min_count="1" bias="1"/>
	<prefab_spawn_adjust partial_name="gravestowne_city_blk_half" min_count="1" bias="1"/>
	<prefab_spawn_adjust partial_name="gravestowne_city_blk_quarter" min_count="1" bias="1"/>
	<prefab_spawn_adjust partial_name="gravestowne_city_sign_01" min_count="1" bias="1"/>
	<prefab_spawn_adjust partial_name="gravestowne_street_crater_01" min_count="1" bias="1"/>
	<prefab_spawn_adjust partial_name="hospital_01" min_count="1" bias="1"/>
	<prefab_spawn_adjust partial_name="hotel_01" min_count="1" bias="1"/>
	<prefab_spawn_adjust partial_name="hotel_02" min_count="1" bias="1"/>
	<prefab_spawn_adjust partial_name="hotel_03" min_count="1" bias="1"/>
	<prefab_spawn_adjust partial_name="hotel_04" min_count="1" bias="1"/>
	<prefab_spawn_adjust partial_name="hotel_ostrich" min_count="1" bias="1"/>
	<prefab_spawn_adjust partial_name="house_burnt_01" min_count="1" bias="1"/>
	<prefab_spawn_adjust partial_name="house_burnt_02" min_count="1" bias="1"/>
	<prefab_spawn_adjust partial_name="house_burnt_03" min_count="1" bias="1"/>
	<prefab_spawn_adjust partial_name="house_burnt_04" min_count="1" bias="1"/>
	<prefab_spawn_adjust partial_name="house_burnt_05" min_count="1" bias="1"/>
	<prefab_spawn_adjust partial_name="house_burnt_06" min_count="1" bias="1"/>
	<prefab_spawn_adjust partial_name="house_construction_01" min_count="1" bias="1"/>
	<prefab_spawn_adjust partial_name="house_construction_02" min_count="1" bias="1"/>
	<prefab_spawn_adjust partial_name="house_construction_03" min_count="1" bias="1"/>
	<prefab_spawn_adjust partial_name="house_construction_04" min_count="1" bias="1"/>
	<prefab_spawn_adjust partial_name="house_construction_05" min_count="1" bias="1"/>
	<prefab_spawn_adjust partial_name="house_country_01" min_count="1" bias="1"/>
	<prefab_spawn_adjust partial_name="house_modern_01" min_count="1" bias="1"/>
	<prefab_spawn_adjust partial_name="house_modern_02" min_count="1" bias="1"/>
	<prefab_spawn_adjust partial_name="house_modern_03" min_count="1" bias="1"/>
	<prefab_spawn_adjust partial_name="house_modern_04" min_count="1" bias="1"/>
	<prefab_spawn_adjust partial_name="house_modern_05" min_count="1" bias="1"/>
	<prefab_spawn_adjust partial_name="house_modern_06" min_count="1" bias="1"/>
	<prefab_spawn_adjust partial_name="house_modern_07" min_count="1" bias="1"/>
	<prefab_spawn_adjust partial_name="house_modern_08" min_count="1" bias="1"/>
	<prefab_spawn_adjust partial_name="house_modern_09" min_count="1" bias="1"/>
	<prefab_spawn_adjust partial_name="house_modern_10" min_count="1" bias="1"/>
	<prefab_spawn_adjust partial_name="house_modern_11" min_count="1" bias="1"/>
	<prefab_spawn_adjust partial_name="house_modern_12" min_count="1" bias="1"/>
	<prefab_spawn_adjust partial_name="house_modern_13" min_count="1" bias="1"/>
	<prefab_spawn_adjust partial_name="house_modern_14" min_count="1" bias="1"/>
	<prefab_spawn_adjust partial_name="house_modern_15" min_count="1" bias="1"/>
	<prefab_spawn_adjust partial_name="house_modern_16" min_count="1" bias="1"/>
	<prefab_spawn_adjust partial_name="house_modern_17" min_count="1" bias="1"/>
	<prefab_spawn_adjust partial_name="house_modern_18" min_count="1" bias="1"/>
	<prefab_spawn_adjust partial_name="house_modern_19" min_count="1" bias="1"/>
	<prefab_spawn_adjust partial_name="house_modern_20" min_count="1" bias="1"/>
	<prefab_spawn_adjust partial_name="house_modern_21" min_count="1" bias="1"/>
	<prefab_spawn_adjust partial_name="house_modern_22" min_count="1" bias="1"/>
	<prefab_spawn_adjust partial_name="house_modern_23" min_count="1" bias="1"/>
	<prefab_spawn_adjust partial_name="house_modern_24" min_count="1" bias="1"/>
	<prefab_spawn_adjust partial_name="house_modern_25" min_count="1" bias="1"/>
	<prefab_spawn_adjust partial_name="house_modern_26" min_count="1" bias="1"/>
	<prefab_spawn_adjust partial_name="house_modern_27" min_count="1" bias="1"/>
	<prefab_spawn_adjust partial_name="house_modern_28" min_count="1" bias="1"/>
	<prefab_spawn_adjust partial_name="house_modern_29" min_count="1" bias="1"/>
	<prefab_spawn_adjust partial_name="house_modern_30" min_count="1" bias="1"/>
	<prefab_spawn_adjust partial_name="house_old_bungalow_01" min_count="1" bias="1"/>
	<prefab_spawn_adjust partial_name="house_old_bungalow_02" min_count="1" bias="1"/>
	<prefab_spawn_adjust partial_name="house_old_bungalow_03" min_count="1" bias="1"/>
	<prefab_spawn_adjust partial_name="house_old_bungalow_04" min_count="1" bias="1"/>
	<prefab_spawn_adjust partial_name="house_old_bungalow_05" min_count="1" bias="1"/>
	<prefab_spawn_adjust partial_name="house_old_bungalow_06" min_count="1" bias="1"/>
	<prefab_spawn_adjust partial_name="house_old_bungalow_07" min_count="1" bias="1"/>
	<prefab_spawn_adjust partial_name="house_old_bungalow_08" min_count="1" bias="1"/>
	<prefab_spawn_adjust partial_name="house_old_bungalow_09" min_count="1" bias="1"/>
	<prefab_spawn_adjust partial_name="house_old_bungalow_10" min_count="1" bias="1"/>
	<prefab_spawn_adjust partial_name="house_old_bungalow_11" min_count="1" bias="1"/>
	<prefab_spawn_adjust partial_name="house_old_bungalow_12" min_count="1" bias="1"/>
	<prefab_spawn_adjust partial_name="house_old_cottage_01_detail" min_count="1" bias="1"/>
	<prefab_spawn_adjust partial_name="house_old_cottage_01_path" min_count="1" bias="1"/>
	<prefab_spawn_adjust partial_name="house_old_cottage_01_sleeper" min_count="1" bias="1"/>
	<prefab_spawn_adjust partial_name="house_old_gambrel_01" min_count="1" bias="1"/>
	<prefab_spawn_adjust partial_name="house_old_gambrel_02" min_count="1" bias="1"/>
	<prefab_spawn_adjust partial_name="house_old_gambrel_03" min_count="1" bias="1"/>
	<prefab_spawn_adjust partial_name="house_old_gambrel_04" min_count="1" bias="1"/>
	<prefab_spawn_adjust partial_name="house_old_mansard_01" min_count="1" bias="1"/>
	<prefab_spawn_adjust partial_name="house_old_mansard_02" min_count="1" bias="1"/>
	<prefab_spawn_adjust partial_name="house_old_mansard_03" min_count="1" bias="1"/>
	<prefab_spawn_adjust partial_name="house_old_mansard_04" min_count="1" bias="1"/>
	<prefab_spawn_adjust partial_name="house_old_mansard_05" min_count="1" bias="1"/>
	<prefab_spawn_adjust partial_name="house_old_mansard_06" min_count="1" bias="1"/>
	<prefab_spawn_adjust partial_name="house_old_mansard_07" min_count="1" bias="1"/>
	<prefab_spawn_adjust partial_name="house_old_modular_01" min_count="1" bias="1"/>
	<prefab_spawn_adjust partial_name="house_old_modular_02" min_count="1" bias="1"/>
	<prefab_spawn_adjust partial_name="house_old_modular_03" min_count="1" bias="1"/>
	<prefab_spawn_adjust partial_name="house_old_modular_04" min_count="1" bias="1"/>
	<prefab_spawn_adjust partial_name="house_old_modular_05" min_count="1" bias="1"/>
	<prefab_spawn_adjust partial_name="house_old_modular_06" min_count="1" bias="1"/>
	<prefab_spawn_adjust partial_name="house_old_modular_07" min_count="1" bias="1"/>
	<prefab_spawn_adjust partial_name="house_old_modular_08" min_count="1" bias="1"/>
	<prefab_spawn_adjust partial_name="house_old_pyramid_01" min_count="1" bias="1"/>
	<prefab_spawn_adjust partial_name="house_old_pyramid_02" min_count="1" bias="1"/>
	<prefab_spawn_adjust partial_name="house_old_pyramid_03" min_count="1" bias="1"/>
	<prefab_spawn_adjust partial_name="house_old_pyramid_04" min_count="1" bias="1"/>
	<prefab_spawn_adjust partial_name="house_old_pyramid_05" min_count="1" bias="1"/>
	<prefab_spawn_adjust partial_name="house_old_ranch_01" min_count="1" bias="1"/>
	<prefab_spawn_adjust partial_name="house_old_ranch_02" min_count="1" bias="1"/>
	<prefab_spawn_adjust partial_name="house_old_ranch_03" min_count="1" bias="1"/>
	<prefab_spawn_adjust partial_name="house_old_ranch_04" min_count="1" bias="1"/>
	<prefab_spawn_adjust partial_name="house_old_ranch_05" min_count="1" bias="1"/>
	<prefab_spawn_adjust partial_name="house_old_ranch_06" min_count="1" bias="1"/>
	<prefab_spawn_adjust partial_name="house_old_ranch_07" min_count="1" bias="1"/>
	<prefab_spawn_adjust partial_name="house_old_ranch_08" min_count="1" bias="1"/>
	<prefab_spawn_adjust partial_name="house_old_ranch_09" min_count="1" bias="1"/>
	<prefab_spawn_adjust partial_name="house_old_ranch_10" min_count="1" bias="1"/>
	<prefab_spawn_adjust partial_name="house_old_ranch_11" min_count="1" bias="1"/>
	<prefab_spawn_adjust partial_name="house_old_ranch_12" min_count="1" bias="1"/>
	<prefab_spawn_adjust partial_name="house_old_ranch_13" min_count="1" bias="1"/>
	<prefab_spawn_adjust partial_name="house_old_tudor_01" min_count="1" bias="1"/>
	<prefab_spawn_adjust partial_name="house_old_tudor_02" min_count="1" bias="1"/>
	<prefab_spawn_adjust partial_name="house_old_tudor_03" min_count="1" bias="1"/>
	<prefab_spawn_adjust partial_name="house_old_tudor_04" min_count="1" bias="1"/>
	<prefab_spawn_adjust partial_name="house_old_tudor_05" min_count="1" bias="1"/>
	<prefab_spawn_adjust partial_name="house_old_tudor_06" min_count="1" bias="1"/>
	<prefab_spawn_adjust partial_name="house_old_victorian_01" min_count="1" bias="1"/>
	<prefab_spawn_adjust partial_name="house_old_victorian_02" min_count="1" bias="1"/>
	<prefab_spawn_adjust partial_name="house_old_victorian_03" min_count="1" bias="1"/>
	<prefab_spawn_adjust partial_name="house_old_victorian_04" min_count="1" bias="1"/>
	<prefab_spawn_adjust partial_name="house_old_victorian_05" min_count="1" bias="1"/>
	<prefab_spawn_adjust partial_name="house_old_victorian_06" min_count="1" bias="1"/>
	<prefab_spawn_adjust partial_name="house_old_victorian_07" min_count="1" bias="1"/>
	<prefab_spawn_adjust partial_name="house_old_victorian_08" min_count="1" bias="1"/>
	<prefab_spawn_adjust partial_name="house_old_victorian_09" min_count="1" bias="1"/>
	<prefab_spawn_adjust partial_name="house_old_victorian_10" min_count="1" bias="1"/>
	<prefab_spawn_adjust partial_name="house_old_victorian_11" min_count="1" bias="1"/>
	<prefab_spawn_adjust partial_name="house_old_victorian_12" min_count="1" bias="1"/>
	<prefab_spawn_adjust partial_name="housing_development_01" min_count="1" bias="1"/>
	<prefab_spawn_adjust partial_name="hwy_overpass_sign_01" min_count="1" bias="1"/>
	<prefab_spawn_adjust partial_name="indian_burial_grounds_01" min_count="1" bias="1"/>
	<prefab_spawn_adjust partial_name="industrial_business_08" min_count="1" bias="1"/>
	<prefab_spawn_adjust partial_name="installation_red_mesa" min_count="1" bias="1"/>
	<prefab_spawn_adjust partial_name="junkyard_01" min_count="1" bias="1"/>
	<prefab_spawn_adjust partial_name="lodge_01" min_count="1" bias="1"/>
	<prefab_spawn_adjust partial_name="lot_country_01" min_count="1" bias="1"/>
	<prefab_spawn_adjust partial_name="lot_country_02" min_count="1" bias="1"/>
	<prefab_spawn_adjust partial_name="lot_downtown_filler_01" min_count="1" bias="1"/>
	<prefab_spawn_adjust partial_name="lot_industrial_01" min_count="1" bias="1"/>
	<prefab_spawn_adjust partial_name="lot_industrial_02" min_count="1" bias="1"/>
	<prefab_spawn_adjust partial_name="lot_industrial_03" min_count="1" bias="1"/>
	<prefab_spawn_adjust partial_name="lot_industrial_04" min_count="1" bias="1"/>
	<prefab_spawn_adjust partial_name="lot_industrial_05" min_count="1" bias="1"/>
	<prefab_spawn_adjust partial_name="lot_industrial_06" min_count="1" bias="1"/>
	<prefab_spawn_adjust partial_name="lot_industrial_07" min_count="1" bias="1"/>
	<prefab_spawn_adjust partial_name="lot_industrial_08" min_count="1" bias="1"/>
	<prefab_spawn_adjust partial_name="lot_industrial_09" min_count="1" bias="1"/>
	<prefab_spawn_adjust partial_name="lot_industrial_10" min_count="1" bias="1"/>
	<prefab_spawn_adjust partial_name="lot_industrial_11" min_count="1" bias="1"/>
	<prefab_spawn_adjust partial_name="lot_industrial_12" min_count="1" bias="1"/>
	<prefab_spawn_adjust partial_name="lot_industrial_13" min_count="1" bias="1"/>
	<prefab_spawn_adjust partial_name="lot_industrial_14" min_count="1" bias="1"/>
	<prefab_spawn_adjust partial_name="lot_industrial_15" min_count="1" bias="1"/>
	<prefab_spawn_adjust partial_name="lot_industrial_16" min_count="1" bias="1"/>
	<prefab_spawn_adjust partial_name="lot_industrial_17" min_count="1" bias="1"/>
	<prefab_spawn_adjust partial_name="lot_industrial_18" min_count="1" bias="1"/>
	<prefab_spawn_adjust partial_name="lot_industrial_19" min_count="1" bias="1"/>
	<prefab_spawn_adjust partial_name="lot_industrial_20" min_count="1" bias="1"/>
	<prefab_spawn_adjust partial_name="lot_rural_filler_01" min_count="1" bias="1"/>
	<prefab_spawn_adjust partial_name="lot_rural_filler_02" min_count="1" bias="1"/>
	<prefab_spawn_adjust partial_name="lot_rural_filler_03" min_count="1" bias="1"/>
	<prefab_spawn_adjust partial_name="lot_rural_filler_04" min_count="1" bias="1"/>
	<prefab_spawn_adjust partial_name="lot_rural_filler_05" min_count="1" bias="1"/>
	<prefab_spawn_adjust partial_name="lot_rural_filler_06" min_count="1" bias="1"/>
	<prefab_spawn_adjust partial_name="lot_rural_filler_07" min_count="1" bias="1"/>
	<prefab_spawn_adjust partial_name="lot_rural_filler_08" min_count="1" bias="1"/>
	<prefab_spawn_adjust partial_name="lot_rural_filler_09" min_count="1" bias="1"/>
	<prefab_spawn_adjust partial_name="lot_rural_filler_10" min_count="1" bias="1"/>
	<prefab_spawn_adjust partial_name="lot_rural_filler_11" min_count="1" bias="1"/>
	<prefab_spawn_adjust partial_name="lot_rural_filler_12" min_count="1" bias="1"/>
	<prefab_spawn_adjust partial_name="lot_rural_filler_13" min_count="1" bias="1"/>
	<prefab_spawn_adjust partial_name="lot_rural_filler_14" min_count="1" bias="1"/>
	<prefab_spawn_adjust partial_name="lot_rural_filler_15" min_count="1" bias="1"/>
	<prefab_spawn_adjust partial_name="lot_rural_filler_16" min_count="1" bias="1"/>
	<prefab_spawn_adjust partial_name="lot_rural_filler_17" min_count="1" bias="1"/>
	<prefab_spawn_adjust partial_name="lot_rural_filler_18" min_count="1" bias="1"/>
	<prefab_spawn_adjust partial_name="lot_rural_filler_19" min_count="1" bias="1"/>
	<prefab_spawn_adjust partial_name="lot_rural_filler_20" min_count="1" bias="1"/>
	<prefab_spawn_adjust partial_name="lot_rural_filler_21" min_count="1" bias="1"/>
	<prefab_spawn_adjust partial_name="lot_rural_filler_22" min_count="1" bias="1"/>
	<prefab_spawn_adjust partial_name="lot_rural_filler_23" min_count="1" bias="1"/>
	<prefab_spawn_adjust partial_name="lot_rural_filler_24" min_count="1" bias="1"/>
	<prefab_spawn_adjust partial_name="lot_rural_filler_25" min_count="1" bias="1"/>
	<prefab_spawn_adjust partial_name="lot_rural_filler_26" min_count="1" bias="1"/>
	<prefab_spawn_adjust partial_name="lot_rural_filler_27" min_count="1" bias="1"/>
	<prefab_spawn_adjust partial_name="lot_rural_filler_28" min_count="1" bias="1"/>
	<prefab_spawn_adjust partial_name="lot_rural_filler_29" min_count="1" bias="1"/>
	<prefab_spawn_adjust partial_name="lot_rural_filler_30" min_count="1" bias="1"/>
	<prefab_spawn_adjust partial_name="lot_vacant_01" min_count="1" bias="1"/>
	<prefab_spawn_adjust partial_name="lot_vacant_02" min_count="1" bias="1"/>
	<prefab_spawn_adjust partial_name="lot_vacant_03" min_count="1" bias="1"/>
	<prefab_spawn_adjust partial_name="lot_vacant_04" min_count="1" bias="1"/>
	<prefab_spawn_adjust partial_name="lot_vacant_05" min_count="1" bias="1"/>
	<prefab_spawn_adjust partial_name="lot_vacant_06" min_count="1" bias="1"/>
	<prefab_spawn_adjust partial_name="lot_vacant_07" min_count="1" bias="1"/>
	<prefab_spawn_adjust partial_name="lot_vacant_08" min_count="1" bias="1"/>
	<prefab_spawn_adjust partial_name="lot_vacant_09" min_count="1" bias="1"/>
	<prefab_spawn_adjust partial_name="motel_01" min_count="1" bias="1"/>
	<prefab_spawn_adjust partial_name="motel_02" min_count="1" bias="1"/>
	<prefab_spawn_adjust partial_name="motel_03" min_count="1" bias="1"/>
	<prefab_spawn_adjust partial_name="motel_04" min_count="1" bias="1"/>
	<prefab_spawn_adjust partial_name="motel_05" min_count="1" bias="1"/>
	<prefab_spawn_adjust partial_name="navezgane_waterfall_01" min_count="1" bias="1"/>
	<prefab_spawn_adjust partial_name="nursing_home_01" min_count="1" bias="1"/>
	<prefab_spawn_adjust partial_name="office_01" min_count="1" bias="1"/>
	<prefab_spawn_adjust partial_name="office_02" min_count="1" bias="1"/>
	<prefab_spawn_adjust partial_name="office_03" min_count="1" bias="1"/>
	<prefab_spawn_adjust partial_name="office_04" min_count="1" bias="1"/>
	<prefab_spawn_adjust partial_name="office_05" min_count="1" bias="1"/>
	<prefab_spawn_adjust partial_name="office_06" min_count="1" bias="1"/>
	<prefab_spawn_adjust partial_name="office_07" min_count="1" bias="1"/>
	<prefab_spawn_adjust partial_name="oldwest_business_01" min_count="1" bias="1"/>
	<prefab_spawn_adjust partial_name="oldwest_business_02" min_count="1" bias="1"/>
	<prefab_spawn_adjust partial_name="oldwest_business_03" min_count="1" bias="1"/>
	<prefab_spawn_adjust partial_name="oldwest_business_04" min_count="1" bias="1"/>
	<prefab_spawn_adjust partial_name="oldwest_business_05" min_count="1" bias="1"/>
	<prefab_spawn_adjust partial_name="oldwest_business_06" min_count="1" bias="1"/>
	<prefab_spawn_adjust partial_name="oldwest_business_07" min_count="1" bias="1"/>
	<prefab_spawn_adjust partial_name="oldwest_business_08" min_count="1" bias="1"/>
	<prefab_spawn_adjust partial_name="oldwest_business_09" min_count="1" bias="1"/>
	<prefab_spawn_adjust partial_name="oldwest_business_10" min_count="1" bias="1"/>
	<prefab_spawn_adjust partial_name="oldwest_business_11" min_count="1" bias="1"/>
	<prefab_spawn_adjust partial_name="oldwest_business_12" min_count="1" bias="1"/>
	<prefab_spawn_adjust partial_name="oldwest_business_13" min_count="1" bias="1"/>
	<prefab_spawn_adjust partial_name="oldwest_business_14" min_count="1" bias="1"/>
	<prefab_spawn_adjust partial_name="oldwest_church" min_count="1" bias="1"/>
	<prefab_spawn_adjust partial_name="oldwest_coal_factory" min_count="1" bias="1"/>
	<prefab_spawn_adjust partial_name="oldwest_gallows" min_count="1" bias="1"/>
	<prefab_spawn_adjust partial_name="oldwest_jail" min_count="1" bias="1"/>
	<prefab_spawn_adjust partial_name="oldwest_stables" min_count="1" bias="1"/>
	<prefab_spawn_adjust partial_name="oldwest_strip_01" min_count="1" bias="1"/>
	<prefab_spawn_adjust partial_name="oldwest_strip_02" min_count="1" bias="1"/>
	<prefab_spawn_adjust partial_name="oldwest_strip_03" min_count="1" bias="1"/>
	<prefab_spawn_adjust partial_name="oldwest_strip_04" min_count="1" bias="1"/>
	<prefab_spawn_adjust partial_name="oldwest_watertower" min_count="1" bias="1"/>
	<prefab_spawn_adjust partial_name="park_01" min_count="1" bias="1"/>
	<prefab_spawn_adjust partial_name="park_02" min_count="1" bias="1"/>
	<prefab_spawn_adjust partial_name="park_03" min_count="1" bias="1"/>
	<prefab_spawn_adjust partial_name="park_basketball" min_count="1" bias="1"/>
	<prefab_spawn_adjust partial_name="park_plaza_01" min_count="1" bias="1"/>
	<prefab_spawn_adjust partial_name="park_plaza_02" min_count="1" bias="1"/>
	<prefab_spawn_adjust partial_name="parking_garage_01" min_count="1" bias="1"/>
	<prefab_spawn_adjust partial_name="parking_garage_02" min_count="1" bias="1"/>
	<prefab_spawn_adjust partial_name="parking_garage_03" min_count="1" bias="1"/>
	<prefab_spawn_adjust partial_name="parking_garage_04" min_count="1" bias="1"/>
	<prefab_spawn_adjust partial_name="parking_lot_01" min_count="1" bias="1"/>
	<prefab_spawn_adjust partial_name="parking_lot_02" min_count="1" bias="1"/>
	<prefab_spawn_adjust partial_name="parking_lot_03" min_count="1" bias="1"/>
	<prefab_spawn_adjust partial_name="perishton_bridge" min_count="1" bias="1"/>
	<prefab_spawn_adjust partial_name="perishton_church_parking" min_count="1" bias="1"/>
	<prefab_spawn_adjust partial_name="perishton_city_blk_01" min_count="1" bias="1"/>
	<prefab_spawn_adjust partial_name="perishton_city_blk_02" min_count="1" bias="1"/>
	<prefab_spawn_adjust partial_name="perishton_city_blk_03" min_count="1" bias="1"/>
	<prefab_spawn_adjust partial_name="perishton_city_blk_04" min_count="1" bias="1"/>
	<prefab_spawn_adjust partial_name="perishton_city_blk_05" min_count="1" bias="1"/>
	<prefab_spawn_adjust partial_name="perishton_city_blk_06" min_count="1" bias="1"/>
	<prefab_spawn_adjust partial_name="perishton_city_blk_plaza" min_count="1" bias="1"/>
	<prefab_spawn_adjust partial_name="perishton_city_sign_01" min_count="1" bias="1"/>
	<prefab_spawn_adjust partial_name="perishton_fence" min_count="1" bias="1"/>
	<prefab_spawn_adjust partial_name="perishton_median_01" min_count="1" bias="1"/>
	<prefab_spawn_adjust partial_name="perishton_median_02" min_count="1" bias="1"/>
	<prefab_spawn_adjust partial_name="perishton_median_03" min_count="1" bias="1"/>
	<prefab_spawn_adjust partial_name="perishton_outlet" min_count="1" bias="1"/>
	<prefab_spawn_adjust partial_name="perishton_riverdock" min_count="1" bias="1"/>
	<prefab_spawn_adjust partial_name="perishton_tile_downtown_straight" min_count="1" bias="1"/>
	<prefab_spawn_adjust partial_name="perishton_tunnel_01" min_count="1" bias="1"/>
	<prefab_spawn_adjust partial_name="perishton_tunnel_02" min_count="1" bias="1"/>
	<prefab_spawn_adjust partial_name="player_start1" min_count="1" bias="1"/>
	<prefab_spawn_adjust partial_name="player_start2" min_count="1" bias="1"/>
	<prefab_spawn_adjust partial_name="player_start3" min_count="1" bias="1"/>
	<prefab_spawn_adjust partial_name="player_start4" min_count="1" bias="1"/>
	<prefab_spawn_adjust partial_name="player_start5" min_count="1" bias="1"/>
	<prefab_spawn_adjust partial_name="player_start6" min_count="1" bias="1"/>
	<prefab_spawn_adjust partial_name="police_station_03" min_count="1" bias="1"/>
	<prefab_spawn_adjust partial_name="post_office_01" min_count="1" bias="1"/>
	<prefab_spawn_adjust partial_name="post_office_02" min_count="1" bias="1"/>
	<prefab_spawn_adjust partial_name="potatofield_sm" min_count="1" bias="1"/>
	<prefab_spawn_adjust partial_name="prison_01" min_count="1" bias="1"/>
	<prefab_spawn_adjust partial_name="prison_02" min_count="1" bias="1"/>
	<prefab_spawn_adjust partial_name="radio_station_01" min_count="1" bias="1"/>
	<prefab_spawn_adjust partial_name="radio_station_02" min_count="1" bias="1"/>
	<prefab_spawn_adjust partial_name="radio_station_03" min_count="1" bias="1"/>
	<prefab_spawn_adjust partial_name="ranger_station_01" min_count="1" bias="1"/>
	<prefab_spawn_adjust partial_name="ranger_station_02" min_count="1" bias="1"/>
	<prefab_spawn_adjust partial_name="ranger_station_03" min_count="1" bias="1"/>
	<prefab_spawn_adjust partial_name="ranger_station_04" min_count="1" bias="1"/>
	<prefab_spawn_adjust partial_name="ranger_station_05" min_count="1" bias="1"/>
	<prefab_spawn_adjust partial_name="ranger_station_06" min_count="1" bias="1"/>
	<prefab_spawn_adjust partial_name="ranger_station_07" min_count="1" bias="1"/>
	<prefab_spawn_adjust partial_name="remnant_burnt_01" min_count="1" bias="1"/>
	<prefab_spawn_adjust partial_name="remnant_burnt_02" min_count="1" bias="1"/>
	<prefab_spawn_adjust partial_name="remnant_burnt_03" min_count="1" bias="1"/>
	<prefab_spawn_adjust partial_name="remnant_burnt_04" min_count="1" bias="1"/>
	<prefab_spawn_adjust partial_name="remnant_burnt_05" min_count="1" bias="1"/>
	<prefab_spawn_adjust partial_name="remnant_burnt_06" min_count="1" bias="1"/>
	<prefab_spawn_adjust partial_name="remnant_burnt_07" min_count="1" bias="1"/>
	<prefab_spawn_adjust partial_name="remnant_burnt_08" min_count="1" bias="1"/>
	<prefab_spawn_adjust partial_name="remnant_burnt_09" min_count="1" bias="1"/>
	<prefab_spawn_adjust partial_name="remnant_burnt_10" min_count="1" bias="1"/>
	<prefab_spawn_adjust partial_name="remnant_business_01" min_count="1" bias="1"/>
	<prefab_spawn_adjust partial_name="remnant_business_02" min_count="1" bias="1"/>
	<prefab_spawn_adjust partial_name="remnant_business_03" min_count="1" bias="1"/>
	<prefab_spawn_adjust partial_name="remnant_business_04" min_count="1" bias="1"/>
	<prefab_spawn_adjust partial_name="remnant_business_05" min_count="1" bias="1"/>
	<prefab_spawn_adjust partial_name="remnant_business_06" min_count="1" bias="1"/>
	<prefab_spawn_adjust partial_name="remnant_carwash_01" min_count="1" bias="1"/>
	<prefab_spawn_adjust partial_name="remnant_carwash_02" min_count="1" bias="1"/>
	<prefab_spawn_adjust partial_name="remnant_church_01" min_count="1" bias="1"/>
	<prefab_spawn_adjust partial_name="remnant_coffee_shop_01" min_count="1" bias="1"/>
	<prefab_spawn_adjust partial_name="remnant_coffee_shop_02" min_count="1" bias="1"/>
	<prefab_spawn_adjust partial_name="remnant_coffee_shop_03" min_count="1" bias="1"/>
	<prefab_spawn_adjust partial_name="remnant_downtown_filler_01" min_count="1" bias="1"/>
	<prefab_spawn_adjust partial_name="remnant_downtown_filler_02" min_count="1" bias="1"/>
	<prefab_spawn_adjust partial_name="remnant_downtown_filler_04" min_count="1" bias="1"/>
	<prefab_spawn_adjust partial_name="remnant_downtown_filler_05" min_count="1" bias="1"/>
	<prefab_spawn_adjust partial_name="remnant_downtown_filler_06" min_count="1" bias="1"/>
	<prefab_spawn_adjust partial_name="remnant_downtown_filler_07" min_count="1" bias="1"/>
	<prefab_spawn_adjust partial_name="remnant_downtown_filler_08" min_count="1" bias="1"/>
	<prefab_spawn_adjust partial_name="remnant_downtown_filler_09" min_count="1" bias="1"/>
	<prefab_spawn_adjust partial_name="remnant_downtown_filler_11" min_count="1" bias="1"/>
	<prefab_spawn_adjust partial_name="remnant_downtown_filler_12" min_count="1" bias="1"/>
	<prefab_spawn_adjust partial_name="remnant_downtown_filler_14" min_count="1" bias="1"/>
	<prefab_spawn_adjust partial_name="remnant_downtown_filler_15" min_count="1" bias="1"/>
	<prefab_spawn_adjust partial_name="remnant_downtown_filler_16" min_count="1" bias="1"/>
	<prefab_spawn_adjust partial_name="remnant_downtown_filler_17" min_count="1" bias="1"/>
	<prefab_spawn_adjust partial_name="remnant_downtown_filler_18" min_count="1" bias="1"/>
	<prefab_spawn_adjust partial_name="remnant_downtown_filler_19" min_count="1" bias="1"/>
	<prefab_spawn_adjust partial_name="remnant_downtown_filler_20" min_count="1" bias="1"/>
	<prefab_spawn_adjust partial_name="remnant_downtown_filler_21" min_count="1" bias="1"/>
	<prefab_spawn_adjust partial_name="remnant_downtown_filler_22" min_count="1" bias="1"/>
	<prefab_spawn_adjust partial_name="remnant_downtown_filler_23" min_count="1" bias="1"/>
	<prefab_spawn_adjust partial_name="remnant_downtown_filler_24" min_count="1" bias="1"/>
	<prefab_spawn_adjust partial_name="remnant_downtown_filler_25" min_count="1" bias="1"/>
	<prefab_spawn_adjust partial_name="remnant_downtown_filler_26" min_count="1" bias="1"/>
	<prefab_spawn_adjust partial_name="remnant_downtown_filler_27" min_count="1" bias="1"/>
	<prefab_spawn_adjust partial_name="remnant_downtown_filler_28" min_count="1" bias="1"/>
	<prefab_spawn_adjust partial_name="remnant_downtown_strip_01" min_count="1" bias="1"/>
	<prefab_spawn_adjust partial_name="remnant_downtown_strip_02" min_count="1" bias="1"/>
	<prefab_spawn_adjust partial_name="remnant_downtown_strip_03" min_count="1" bias="1"/>
	<prefab_spawn_adjust partial_name="remnant_downtown_strip_04" min_count="1" bias="1"/>
	<prefab_spawn_adjust partial_name="remnant_downtown_strip_05" min_count="1" bias="1"/>
	<prefab_spawn_adjust partial_name="remnant_downtown_strip_06" min_count="1" bias="1"/>
	<prefab_spawn_adjust partial_name="remnant_downtown_strip_07" min_count="1" bias="1"/>
	<prefab_spawn_adjust partial_name="remnant_downtown_strip_08" min_count="1" bias="1"/>
	<prefab_spawn_adjust partial_name="remnant_downtown_strip_09" min_count="1" bias="1"/>
	<prefab_spawn_adjust partial_name="remnant_downtown_strip_11" min_count="1" bias="1"/>
	<prefab_spawn_adjust partial_name="remnant_downtown_strip_12" min_count="1" bias="1"/>
	<prefab_spawn_adjust partial_name="remnant_downtown_strip_13" min_count="1" bias="1"/>
	<prefab_spawn_adjust partial_name="remnant_downtown_strip_14" min_count="1" bias="1"/>
	<prefab_spawn_adjust partial_name="remnant_downtown_strip_15" min_count="1" bias="1"/>
	<prefab_spawn_adjust partial_name="remnant_downtown_strip_16" min_count="1" bias="1"/>
	<prefab_spawn_adjust partial_name="remnant_downtown_strip_17" min_count="1" bias="1"/>
	<prefab_spawn_adjust partial_name="remnant_downtown_strip_18" min_count="1" bias="1"/>
	<prefab_spawn_adjust partial_name="remnant_downtown_strip_19" min_count="1" bias="1"/>
	<prefab_spawn_adjust partial_name="remnant_downtown_strip_20" min_count="1" bias="1"/>
	<prefab_spawn_adjust partial_name="remnant_gas_station_01" min_count="1" bias="1"/>
	<prefab_spawn_adjust partial_name="remnant_hospital_01" min_count="1" bias="1"/>
	<prefab_spawn_adjust partial_name="remnant_house_01" min_count="1" bias="1"/>
	<prefab_spawn_adjust partial_name="remnant_house_02" min_count="1" bias="1"/>
	<prefab_spawn_adjust partial_name="remnant_house_03" min_count="1" bias="1"/>
	<prefab_spawn_adjust partial_name="remnant_house_04" min_count="1" bias="1"/>
	<prefab_spawn_adjust partial_name="remnant_house_05" min_count="1" bias="1"/>
	<prefab_spawn_adjust partial_name="remnant_house_06" min_count="1" bias="1"/>
	<prefab_spawn_adjust partial_name="remnant_house_07" min_count="1" bias="1"/>
	<prefab_spawn_adjust partial_name="remnant_house_08" min_count="1" bias="1"/>
	<prefab_spawn_adjust partial_name="remnant_house_09" min_count="1" bias="1"/>
	<prefab_spawn_adjust partial_name="remnant_house_10" min_count="1" bias="1"/>
	<prefab_spawn_adjust partial_name="remnant_house_11" min_count="1" bias="1"/>
	<prefab_spawn_adjust partial_name="remnant_house_12" min_count="1" bias="1"/>
	<prefab_spawn_adjust partial_name="remnant_house_13" min_count="1" bias="1"/>
	<prefab_spawn_adjust partial_name="remnant_house_14" min_count="1" bias="1"/>
	<prefab_spawn_adjust partial_name="remnant_house_15" min_count="1" bias="1"/>
	<prefab_spawn_adjust partial_name="remnant_house_16" min_count="1" bias="1"/>
	<prefab_spawn_adjust partial_name="remnant_house_17" min_count="1" bias="1"/>
	<prefab_spawn_adjust partial_name="remnant_house_18" min_count="1" bias="1"/>
	<prefab_spawn_adjust partial_name="remnant_house_19" min_count="1" bias="1"/>
	<prefab_spawn_adjust partial_name="remnant_house_20" min_count="1" bias="1"/>
	<prefab_spawn_adjust partial_name="remnant_industrial_01" min_count="1" bias="1"/>
	<prefab_spawn_adjust partial_name="remnant_industrial_02" min_count="1" bias="1"/>
	<prefab_spawn_adjust partial_name="remnant_industrial_03" min_count="1" bias="1"/>
	<prefab_spawn_adjust partial_name="remnant_industrial_04" min_count="1" bias="1"/>
	<prefab_spawn_adjust partial_name="remnant_library_01" min_count="1" bias="1"/>
	<prefab_spawn_adjust partial_name="remnant_library_02" min_count="1" bias="1"/>
	<prefab_spawn_adjust partial_name="remnant_lot_industrial_01" min_count="1" bias="1"/>
	<prefab_spawn_adjust partial_name="remnant_mill_01" min_count="1" bias="1"/>
	<prefab_spawn_adjust partial_name="remnant_oldwest_01" min_count="1" bias="1"/>
	<prefab_spawn_adjust partial_name="remnant_oldwest_02" min_count="1" bias="1"/>
	<prefab_spawn_adjust partial_name="remnant_oldwest_03" min_count="1" bias="1"/>
	<prefab_spawn_adjust partial_name="remnant_oldwest_04" min_count="1" bias="1"/>
	<prefab_spawn_adjust partial_name="remnant_oldwest_05" min_count="1" bias="1"/>
	<prefab_spawn_adjust partial_name="remnant_oldwest_06" min_count="1" bias="1"/>
	<prefab_spawn_adjust partial_name="remnant_oldwest_07" min_count="1" bias="1"/>
	<prefab_spawn_adjust partial_name="remnant_oldwest_08" min_count="1" bias="1"/>
	<prefab_spawn_adjust partial_name="remnant_oldwest_09" min_count="1" bias="1"/>
	<prefab_spawn_adjust partial_name="remnant_quicklube_01" min_count="1" bias="1"/>
	<prefab_spawn_adjust partial_name="remnant_school_01" min_count="1" bias="1"/>
	<prefab_spawn_adjust partial_name="remnant_selfstorage_01" min_count="1" bias="1"/>
	<prefab_spawn_adjust partial_name="remnant_selfstorage_02" min_count="1" bias="1"/>
	<prefab_spawn_adjust partial_name="remnant_skyscraper_01" min_count="1" bias="1"/>
	<prefab_spawn_adjust partial_name="remnant_skyscraper_02" min_count="1" bias="1"/>
	<prefab_spawn_adjust partial_name="remnant_skyscraper_03" min_count="1" bias="1"/>
	<prefab_spawn_adjust partial_name="remnant_skyscraper_04" min_count="1" bias="1"/>
	<prefab_spawn_adjust partial_name="remnant_skyscraper_05" min_count="1" bias="1"/>
	<prefab_spawn_adjust partial_name="remnant_waste_01" min_count="1" bias="1"/>
	<prefab_spawn_adjust partial_name="remnant_waste_02" min_count="1" bias="1"/>
	<prefab_spawn_adjust partial_name="remnant_waste_03" min_count="1" bias="1"/>
	<prefab_spawn_adjust partial_name="remnant_waste_04" min_count="1" bias="1"/>
	<prefab_spawn_adjust partial_name="remnant_waste_05" min_count="1" bias="1"/>
	<prefab_spawn_adjust partial_name="remnant_waste_06" min_count="1" bias="1"/>
	<prefab_spawn_adjust partial_name="remnant_waste_08" min_count="1" bias="1"/>
	<prefab_spawn_adjust partial_name="remnant_waste_15" min_count="1" bias="1"/>
	<prefab_spawn_adjust partial_name="remnant_waste_16" min_count="1" bias="1"/>
	<prefab_spawn_adjust partial_name="remnant_waste_17" min_count="1" bias="1"/>
	<prefab_spawn_adjust partial_name="remnant_waste_18" min_count="1" bias="1"/>
	<prefab_spawn_adjust partial_name="remnant_waste_19" min_count="1" bias="1"/>
	<prefab_spawn_adjust partial_name="rest_area_01" min_count="1" bias="1"/>
	<prefab_spawn_adjust partial_name="rest_area_02" min_count="1" bias="1"/>
	<prefab_spawn_adjust partial_name="rest_area_03" min_count="1" bias="1"/>
	<prefab_spawn_adjust partial_name="rest_area_04" min_count="1" bias="1"/>
	<prefab_spawn_adjust partial_name="rest_area_05" min_count="1" bias="1"/>
	<prefab_spawn_adjust partial_name="restaurant_01" min_count="1" bias="1"/>
	<prefab_spawn_adjust partial_name="restaurant_02" min_count="1" bias="1"/>
	<prefab_spawn_adjust partial_name="road_railing_long_filled_01" min_count="1" bias="1"/>
	<prefab_spawn_adjust partial_name="roadblock_01" min_count="1" bias="1"/>
	<prefab_spawn_adjust partial_name="roadside_checkpoint_01" min_count="1" bias="1"/>
	<prefab_spawn_adjust partial_name="roadside_checkpoint_02" min_count="1" bias="1"/>
	<prefab_spawn_adjust partial_name="roadside_checkpoint_03" min_count="1" bias="1"/>
	<prefab_spawn_adjust partial_name="roadside_checkpoint_04" min_count="1" bias="1"/>
	<prefab_spawn_adjust partial_name="roadside_checkpoint_05" min_count="1" bias="1"/>
	<prefab_spawn_adjust partial_name="roadside_park_01" min_count="1" bias="1"/>
	<prefab_spawn_adjust partial_name="roadside_park_02" min_count="1" bias="1"/>
	<prefab_spawn_adjust partial_name="roadside_restaurant_01" min_count="1" bias="1"/>
	<prefab_spawn_adjust partial_name="roadside_strip_01" min_count="1" bias="1"/>
	<prefab_spawn_adjust partial_name="roadside_truckstop_01" min_count="1" bias="1"/>
	<prefab_spawn_adjust partial_name="rock_form01" min_count="1" bias="1"/>
	<prefab_spawn_adjust partial_name="rock_form02" min_count="1" bias="1"/>
	<prefab_spawn_adjust partial_name="rock_form03" min_count="1" bias="1"/>
	<prefab_spawn_adjust partial_name="rock_form04" min_count="1" bias="1"/>
	<prefab_spawn_adjust partial_name="rock_form05" min_count="1" bias="1"/>
	<prefab_spawn_adjust partial_name="rubble_downtown_filler_01" min_count="1" bias="1"/>
	<prefab_spawn_adjust partial_name="rubble_downtown_filler_02" min_count="1" bias="1"/>
	<prefab_spawn_adjust partial_name="rubble_downtown_filler_03" min_count="1" bias="1"/>
	<prefab_spawn_adjust partial_name="rubble_downtown_filler_04" min_count="1" bias="1"/>
	<prefab_spawn_adjust partial_name="rubble_downtown_filler_05" min_count="1" bias="1"/>
	<prefab_spawn_adjust partial_name="rural_church_01" min_count="1" bias="1"/>
	<prefab_spawn_adjust partial_name="rural_drive_in_01" min_count="1" bias="1"/>
	<prefab_spawn_adjust partial_name="rural_outdoor_wedding_01" min_count="1" bias="1"/>
	<prefab_spawn_adjust partial_name="rwg_bridge_end_01" min_count="1" bias="1"/>
	<prefab_spawn_adjust partial_name="rwg_bridge_tile_01" min_count="1" bias="1"/>
	<prefab_spawn_adjust partial_name="sawmill_01" min_count="1" bias="1"/>
	<prefab_spawn_adjust partial_name="school_01" min_count="1" bias="1"/>
	<prefab_spawn_adjust partial_name="school_02" min_count="1" bias="1"/>
	<prefab_spawn_adjust partial_name="school_03" min_count="1" bias="1"/>
	<prefab_spawn_adjust partial_name="school_daycare_01" min_count="1" bias="1"/>
	<prefab_spawn_adjust partial_name="school_daycare_02" min_count="1" bias="1"/>
	<prefab_spawn_adjust partial_name="school_daycare_03" min_count="1" bias="1"/>
	<prefab_spawn_adjust partial_name="sign_260_east_speed_65" min_count="1" bias="1"/>
	<prefab_spawn_adjust partial_name="sign_260_west_speed_65" min_count="1" bias="1"/>
	<prefab_spawn_adjust partial_name="sign_73_north" min_count="1" bias="1"/>
	<prefab_spawn_adjust partial_name="sign_73_south" min_count="1" bias="1"/>
	<prefab_spawn_adjust partial_name="sign_albuquerque" min_count="1" bias="1"/>
	<prefab_spawn_adjust partial_name="sign_ansel_adams_river" min_count="1" bias="1"/>
	<prefab_spawn_adjust partial_name="sign_arrowhead_apache" min_count="1" bias="1"/>
	<prefab_spawn_adjust partial_name="sign_camp_fish" min_count="1" bias="1"/>
	<prefab_spawn_adjust partial_name="sign_caution" min_count="1" bias="1"/>
	<prefab_spawn_adjust partial_name="sign_hazardous_waste" min_count="1" bias="1"/>
	<prefab_spawn_adjust partial_name="sign_info_center1" min_count="1" bias="1"/>
	<prefab_spawn_adjust partial_name="sign_navezgane_natl_forest" min_count="1" bias="1"/>
	<prefab_spawn_adjust partial_name="sign_phoenix" min_count="1" bias="1"/>
	<prefab_spawn_adjust partial_name="sign_road_work" min_count="1" bias="1"/>
	<prefab_spawn_adjust partial_name="sign_school_25" min_count="1" bias="1"/>
	<prefab_spawn_adjust partial_name="sign_slow" min_count="1" bias="1"/>
	<prefab_spawn_adjust partial_name="sign_speed_25" min_count="1" bias="1"/>
	<prefab_spawn_adjust partial_name="sign_speed_35" min_count="1" bias="1"/>
	<prefab_spawn_adjust partial_name="sign_speed_45" min_count="1" bias="1"/>
	<prefab_spawn_adjust partial_name="sign_speed_55" min_count="1" bias="1"/>
	<prefab_spawn_adjust partial_name="sign_spillway_lake" min_count="1" bias="1"/>
	<prefab_spawn_adjust partial_name="sign_stop" min_count="1" bias="1"/>
	<prefab_spawn_adjust partial_name="sign_stop_4way" min_count="1" bias="1"/>
	<prefab_spawn_adjust partial_name="skyscraper_01" min_count="1" bias="1"/>
	<prefab_spawn_adjust partial_name="skyscraper_02" min_count="1" bias="1"/>
	<prefab_spawn_adjust partial_name="skyscraper_03" min_count="1" bias="1"/>
	<prefab_spawn_adjust partial_name="skyscraper_04" min_count="1" bias="1"/>
	<prefab_spawn_adjust partial_name="store_autoparts_01" min_count="1" bias="1"/>
	<prefab_spawn_adjust partial_name="store_bakery_01" min_count="1" bias="1"/>
	<prefab_spawn_adjust partial_name="store_book_01" min_count="1" bias="1"/>
	<prefab_spawn_adjust partial_name="store_book_02" min_count="1" bias="1"/>
	<prefab_spawn_adjust partial_name="store_book_03" min_count="1" bias="1"/>
	<prefab_spawn_adjust partial_name="store_book_04" min_count="1" bias="1"/>
	<prefab_spawn_adjust partial_name="store_clothing_01" min_count="1" bias="1"/>
	<prefab_spawn_adjust partial_name="store_clothing_02" min_count="1" bias="1"/>
	<prefab_spawn_adjust partial_name="store_discount_01" min_count="1" bias="1"/>
	<prefab_spawn_adjust partial_name="store_electronics_01" min_count="1" bias="1"/>
	<prefab_spawn_adjust partial_name="store_electronics_02" min_count="1" bias="1"/>
	<prefab_spawn_adjust partial_name="store_grocery_01" min_count="1" bias="1"/>
	<prefab_spawn_adjust partial_name="store_grocery_02" min_count="1" bias="1"/>
	<prefab_spawn_adjust partial_name="store_grocery_03" min_count="1" bias="1"/>
	<prefab_spawn_adjust partial_name="store_grocery_04" min_count="1" bias="1"/>
	<prefab_spawn_adjust partial_name="store_grocery_05" min_count="1" bias="1"/>
	<prefab_spawn_adjust partial_name="store_grocery_06" min_count="1" bias="1"/>
	<prefab_spawn_adjust partial_name="store_gun_01" min_count="1" bias="1"/>
	<prefab_spawn_adjust partial_name="store_gun_02" min_count="1" bias="1"/>
	<prefab_spawn_adjust partial_name="store_hardware_01" min_count="1" bias="1"/>
	<prefab_spawn_adjust partial_name="store_hardware_02" min_count="1" bias="1"/>
	<prefab_spawn_adjust partial_name="store_hardware_03" min_count="1" bias="1"/>
	<prefab_spawn_adjust partial_name="store_laundry_01" min_count="1" bias="1"/>
	<prefab_spawn_adjust partial_name="store_pharmacy_01" min_count="1" bias="1"/>
	<prefab_spawn_adjust partial_name="store_pharmacy_02" min_count="1" bias="1"/>
	<prefab_spawn_adjust partial_name="street_apache" min_count="1" bias="1"/>
	<prefab_spawn_adjust partial_name="street_bell_courtland" min_count="1" bias="1"/>
	<prefab_spawn_adjust partial_name="street_coronado" min_count="1" bias="1"/>
	<prefab_spawn_adjust partial_name="street_courtland_apache" min_count="1" bias="1"/>
	<prefab_spawn_adjust partial_name="street_courtland_coronado" min_count="1" bias="1"/>
	<prefab_spawn_adjust partial_name="street_courtland_east_260" min_count="1" bias="1"/>
	<prefab_spawn_adjust partial_name="street_davis" min_count="1" bias="1"/>
	<prefab_spawn_adjust partial_name="street_huenink_courtland" min_count="1" bias="1"/>
	<prefab_spawn_adjust partial_name="street_lake_bell" min_count="1" bias="1"/>
	<prefab_spawn_adjust partial_name="street_light_01" min_count="1" bias="1"/>
	<prefab_spawn_adjust partial_name="street_light_02" min_count="1" bias="1"/>
	<prefab_spawn_adjust partial_name="street_maple" min_count="1" bias="1"/>
	<prefab_spawn_adjust partial_name="street_maple_courtland" min_count="1" bias="1"/>
	<prefab_spawn_adjust partial_name="street_private" min_count="1" bias="1"/>
	<prefab_spawn_adjust partial_name="street_tran_courtland" min_count="1" bias="1"/>
	<prefab_spawn_adjust partial_name="streets_essag" min_count="1" bias="1"/>
	<prefab_spawn_adjust partial_name="streets_tran_and_lang" min_count="1" bias="1"/>
	<prefab_spawn_adjust partial_name="survivor_camp_01" min_count="1" bias="1"/>
	<prefab_spawn_adjust partial_name="survivor_camp_02" min_count="1" bias="1"/>
	<prefab_spawn_adjust partial_name="survivor_camp_03" min_count="1" bias="1"/>
	<prefab_spawn_adjust partial_name="survivor_site_01" min_count="1" bias="1"/>
	<prefab_spawn_adjust partial_name="survivor_site_02" min_count="1" bias="1"/>
	<prefab_spawn_adjust partial_name="survivor_site_03" min_count="1" bias="1"/>
	<prefab_spawn_adjust partial_name="survivor_site_04" min_count="1" bias="1"/>
	<prefab_spawn_adjust partial_name="survivor_site_05" min_count="1" bias="1"/>
	<prefab_spawn_adjust partial_name="survivor_site_06" min_count="1" bias="1"/>
	<prefab_spawn_adjust partial_name="survivor_site_07" min_count="1" bias="1"/>
	<prefab_spawn_adjust partial_name="survivor_site_08" min_count="1" bias="1"/>
	<prefab_spawn_adjust partial_name="survivor_site_09" min_count="1" bias="1"/>
	<prefab_spawn_adjust partial_name="survivor_site_10" min_count="1" bias="1"/>
	<prefab_spawn_adjust partial_name="survivor_site_11" min_count="1" bias="1"/>
	<prefab_spawn_adjust partial_name="theater_stage_01" min_count="1" bias="1"/>
	<prefab_spawn_adjust partial_name="trader_bob" min_count="1" bias="1"/>
	<prefab_spawn_adjust partial_name="trader_hugh" min_count="1" bias="1"/>
	<prefab_spawn_adjust partial_name="trader_jen" min_count="1" bias="1"/>
	<prefab_spawn_adjust partial_name="trader_joel" min_count="1" bias="1"/>
	<prefab_spawn_adjust partial_name="trader_rekt" min_count="1" bias="1"/>
	<prefab_spawn_adjust partial_name="trailer_01" min_count="1" bias="1"/>
	<prefab_spawn_adjust partial_name="trailer_02" min_count="1" bias="1"/>
	<prefab_spawn_adjust partial_name="trailer_03" min_count="1" bias="1"/>
	<prefab_spawn_adjust partial_name="trailer_04" min_count="1" bias="1"/>
	<prefab_spawn_adjust partial_name="trailer_05" min_count="1" bias="1"/>
	<prefab_spawn_adjust partial_name="trailer_06" min_count="1" bias="1"/>
	<prefab_spawn_adjust partial_name="trailer_07" min_count="1" bias="1"/>
	<prefab_spawn_adjust partial_name="trailer_08" min_count="1" bias="1"/>
	<prefab_spawn_adjust partial_name="trailer_09" min_count="1" bias="1"/>
	<prefab_spawn_adjust partial_name="trailer_10" min_count="1" bias="1"/>
	<prefab_spawn_adjust partial_name="trailer_11" min_count="1" bias="1"/>
	<prefab_spawn_adjust partial_name="trailer_12" min_count="1" bias="1"/>
	<prefab_spawn_adjust partial_name="trailer_park_01" min_count="1" bias="1"/>
	<prefab_spawn_adjust partial_name="utility_celltower_01" min_count="1" bias="1"/>
	<prefab_spawn_adjust partial_name="utility_celltower_02" min_count="1" bias="1"/>
	<prefab_spawn_adjust partial_name="utility_electric_co_01" min_count="1" bias="1"/>
	<prefab_spawn_adjust partial_name="utility_electric_co_02" min_count="1" bias="1"/>
	<prefab_spawn_adjust partial_name="utility_refinery_01" min_count="1" bias="1"/>
	<prefab_spawn_adjust partial_name="utility_refinery_02" min_count="1" bias="1"/>
	<prefab_spawn_adjust partial_name="utility_substation_01" min_count="1" bias="1"/>
	<prefab_spawn_adjust partial_name="utility_substation_02" min_count="1" bias="1"/>
	<prefab_spawn_adjust partial_name="utility_substation_03" min_count="1" bias="1"/>
	<prefab_spawn_adjust partial_name="utility_waterworks_01" min_count="1" bias="1"/>
	<prefab_spawn_adjust partial_name="warehouse_01" min_count="1" bias="1"/>
	<prefab_spawn_adjust partial_name="warehouse_02" min_count="1" bias="1"/>
	<prefab_spawn_adjust partial_name="warehouse_03" min_count="1" bias="1"/>
	<prefab_spawn_adjust partial_name="warehouse_04" min_count="1" bias="1"/>
	<prefab_spawn_adjust partial_name="warehouse_05" min_count="1" bias="1"/>
	<prefab_spawn_adjust partial_name="warehouse_06" min_count="1" bias="1"/>
	<prefab_spawn_adjust partial_name="warehouse_07" min_count="1" bias="1"/>
	<prefab_spawn_adjust partial_name="warehouse_08" min_count="1" bias="1"/>
	<prefab_spawn_adjust partial_name="water_tower_01" min_count="1" bias="1"/>
	<prefab_spawn_adjust partial_name="water_tower_02" min_count="1" bias="1"/>
	<prefab_spawn_adjust partial_name="water_tower_03" min_count="1" bias="1"/>
	<prefab_spawn_adjust partial_name="weigh_station_01" min_count="1" bias="1"/>
	<prefab_spawn_adjust partial_name="wilderness_filler_01" min_count="1" bias="1"/>
	<prefab_spawn_adjust partial_name="wilderness_filler_02" min_count="1" bias="1"/>
	<prefab_spawn_adjust partial_name="wilderness_filler_03" min_count="1" bias="1"/>
	<prefab_spawn_adjust partial_name="wilderness_filler_04" min_count="1" bias="1"/>
	<prefab_spawn_adjust partial_name="wilderness_filler_05" min_count="1" bias="1"/>
	<prefab_spawn_adjust partial_name="wilderness_filler_06" min_count="1" bias="1"/>
	<prefab_spawn_adjust partial_name="wilderness_filler_07" min_count="1" bias="1"/>
	<prefab_spawn_adjust partial_name="wilderness_filler_08" min_count="1" bias="1"/>
	<prefab_spawn_adjust partial_name="wilderness_filler_09" min_count="1" bias="1"/>
	<prefab_spawn_adjust partial_name="wilderness_filler_10" min_count="1" bias="1"/>
	<prefab_spawn_adjust partial_name="wilderness_filler_11" min_count="1" bias="1"/>
	<prefab_spawn_adjust partial_name="wilderness_filler_12" min_count="1" bias="1"/>
	<prefab_spawn_adjust partial_name="wilderness_filler_13" min_count="1" bias="1"/>
	<prefab_spawn_adjust partial_name="wilderness_filler_14" min_count="1" bias="1"/>
	<prefab_spawn_adjust partial_name="wilderness_filler_15" min_count="1" bias="1"/>
	<prefab_spawn_adjust partial_name="wilderness_filler_16" min_count="1" bias="1"/>
	<prefab_spawn_adjust partial_name="wilderness_filler_17" min_count="1" bias="1"/>
	<prefab_spawn_adjust partial_name="wilderness_filler_18" min_count="1" bias="1"/>
	<prefab_spawn_adjust partial_name="wilderness_filler_19" min_count="1" bias="1"/>
	<prefab_spawn_adjust partial_name="wilderness_filler_20" min_count="1" bias="1"/>
	<prefab_spawn_adjust partial_name="wilderness_filler_21" min_count="1" bias="1"/>



	</append>
</config>
		
		
		