﻿<?xml version="1.0" encoding="UTF-8"?>
<prefab>
  <property name="CopyAirBlocks" value="True" />
  <property name="AllowTopSoilDecorations" value="False" />
  <property name="TraderArea" value="False" />
  <property name="ExcludeDistantPOIMesh" value="False" />
  <property name="ExcludePOICulling" value="False" />
  <property name="DifficultyTier" value="1" />
  <property name="RotationToFaceNorth" value="0" />
  <property name="YOffset" value="-5" />
  <property name="DistantPOIYOffset" value="0" />
  <property name="ShowQuestClearCount" value="1" />
  <property name="PrefabSize" value="45, 33, 39" />
  <property name="Zoning" value="none" />
  <property class="IndexedBlockOffsets">
    <property class="challenge_polymers">
      <property name="0" value="43, 5, 25" />
      <property name="1" value="43, 5, 31" />
      <property name="2" value="40, 6, 34" />
      <property name="3" value="41, 6, 34" />
    </property>
    <property class="challenge_sinks">
      <property name="0" value="33, 6, 26" />
      <property name="1" value="34, 6, 27" />
      <property name="2" value="35, 6, 29" />
    </property>
    <property class="challenge_pallet">
      <property name="0" value="1, 5, 6" />
    </property>
    <property class="POILight">
      <property name="0" value="38, 6, 31" />
      <property name="1" value="38, 8, 34" />
      <property name="2" value="41, 8, 26" />
      <property name="3" value="38, 11, 32" />
      <property name="4" value="39, 11, 23" />
      <property name="5" value="39, 11, 29" />
    </property>
    <property class="TraderOnOff">
      <property name="0" value="40, 6, 20" />
      <property name="1" value="40, 6, 25" />
      <property name="2" value="40, 6, 30" />
    </property>
    <property class="quest_feather">
      <property name="0" value="40, 13, 26" />
    </property>
    <property class="challenge_mech_parts">
      <property name="0" value="38, 6, 9" />
      <property name="1" value="39, 6, 16" />
      <property name="2" value="41, 6, 13" />
    </property>
    <property class="challenge_steel">
      <property name="0" value="36, 5, 36" />
    </property>
    <property class="Trader">
      <property name="0" value="25, 7, 12" />
    </property>
  </property>
  <property class="Stats">
    <property name="TotalVertices" value="1020863" />
    <property name="TotalTriangles" value="470143" />
    <property class="BlockEntities">
      <property name="Vertices" value="795522" />
      <property name="Triangles" value="278323" />
    </property>
    <property class="ChunkMeshes0">
      <property name="Vertices" value="218391" />
      <property name="Triangles" value="182004" />
    </property>
    <property class="ChunkMeshes1">
      <property name="Vertices" value="576" />
      <property name="Triangles" value="288" />
    </property>
    <property class="ChunkMeshes2">
      <property name="Vertices" value="40" />
      <property name="Triangles" value="20" />
    </property>
    <property class="ChunkMeshes3">
      <property name="Vertices" value="648" />
      <property name="Triangles" value="324" />
    </property>
    <property class="ChunkMeshes4">
      <property name="Vertices" value="0" />
      <property name="Triangles" value="0" />
    </property>
    <property class="ChunkMeshes5">
      <property name="Vertices" value="5686" />
      <property name="Triangles" value="9184" />
    </property>
  </property>
</prefab>