﻿<?xml version="1.0" encoding="UTF-8"?>
<prefab>
  <property name="CopyAirBlocks" value="True" />
  <property name="ExcludeDistantPOIMesh" value="False" />
  <property name="ExcludePOICulling" value="False" />
  <property name="DistantPOIYOffset" value="0" />
  <property name="AllowTopSoilDecorations" value="False" />
  <property name="DifficultyTier" value="0" />
  <property name="ShowQuestClearCount" value="1" />
  <property name="TraderArea" value="False" />
  <property name="PrefabSize" value="5, 6, 19" />
  <property name="RotationToFaceNorth" value="2" />
  <property name="Zoning" value="none" />
  <property name="SleeperVolumeSize" value="3, 3, 13" />
  <property name="SleeperVolumeStart" value="1, 2, -2" />
  <property name="SleeperVolumeGroupId" value="0" />
  <property name="SleeperVolumeGroup" value="GroupGenericZombie,0,6" />
  <property name="SleeperIsLootVolume" value="False" />
  <property name="SleeperIsQuestExclude" value="False" />
  <property name="SleeperVolumeFlags" value="0" />
  <property name="SleeperVolumeTriggeredBy" value=" " />
  <property name="EditorGroups" value="parts" />
  <property name="Tags" value="part" />
  <property name="YOffset" value="-1" />
  <property class="Stats">
    <property name="TotalVertices" value="27196" />
    <property name="TotalTriangles" value="10023" />
    <property class="BlockEntities">
      <property name="Vertices" value="25386" />
      <property name="Triangles" value="8371" />
    </property>
    <property class="ChunkMeshes0">
      <property name="Vertices" value="1470" />
      <property name="Triangles" value="1180" />
    </property>
    <property class="ChunkMeshes1">
      <property name="Vertices" value="0" />
      <property name="Triangles" value="0" />
    </property>
    <property class="ChunkMeshes2">
      <property name="Vertices" value="0" />
      <property name="Triangles" value="0" />
    </property>
    <property class="ChunkMeshes3">
      <property name="Vertices" value="0" />
      <property name="Triangles" value="0" />
    </property>
    <property class="ChunkMeshes4">
      <property name="Vertices" value="0" />
      <property name="Triangles" value="0" />
    </property>
    <property class="ChunkMeshes5">
      <property name="Vertices" value="340" />
      <property name="Triangles" value="472" />
    </property>
  </property>
  <property class="IndexedBlockOffsets">
    <property class="Trader">
      <property name="0" value="2, 2, 4" />
    </property>
    <property class="TraderOnOff">
      <property name="0" value="2, 2, 5" />
    </property>
    <property class="challenge_cars">
      <property name="0" value="2, 1, 12" />
    </property>
  </property>
</prefab>