﻿<?xml version="1.0" encoding="UTF-8"?>
<prefab>
  <property name="CopyAirBlocks" value="True" />
  <property name="AllowTopSoilDecorations" value="True" />
  <property name="TraderArea" value="False" />
  <property name="ExcludeDistantPOIMesh" value="False" />
  <property name="ExcludePOICulling" value="False" />
  <property name="DifficultyTier" value="5" />
  <property name="Zoning" value="ResidentialOld" />
  <property name="RotationToFaceNorth" value="2" />
  <property name="YOffset" value="-35" />
  <property name="DistantPOIYOffset" value="0" />
  <property name="AllowedBiomes" value="desert" />
  <property name="AllowedTownships" value="wilderness" />
  <property name="EditorGroups" value="Ancient, Extreme" />
  <property name="SleeperVolumeStart" value="-35, -51, -20#-42, -51, 22#9, -52, 15#9, -51, 59#45, -71, 78#14, -64, 23#8, -59, 46#16, -59, 56#32, -62, 8#17, -61, 13#17, -60, -5#40, -60, 33#0, -64, 26#38, -70, 47#28, -70, 47#1, -72, 57#28, -72, 60#-23, -65, 49#-11, -59, 75#-35, -59, 39#-11, -61, 33#-25, -64, 73#-33, -75, 48#-23, -69, 27#-18, -74, 54#-33, -69, 5#-18, -67, 0#-4, -88, -7#-12, -73, -5#-11, -73, 2#-5, -73, 16#11, -83, -4#-11, -87, 6#14, -88, -5#14, -88, 4#21, -82, -10#34, -82, -10#24, -81, 17#13, -83, 35#-9, -83, 60#-24, -88, 13#16, -72, 62#9, -47, 24#10, -34, 20#-45, -43, 20#-28, -51, 57#26, -51, -2#29, -51, 41#-22, -66, -19" />
  <property name="SleeperVolumeSize" value="27, 14, 32#9, 6, 11#9, 4, 27#9, 12, 9#8, 3, 7#25, 9, 32#4, 2, 4#10, 4, 26#10, 8, 14#7, 4, 8#7, 7, 17#15, 4, 6#9, 6, 19#9, 4, 12#7, 3, 12#15, 17, 22#19, 17, 17#23, 9, 24#11, 3, 4#8, 3, 31#9, 5, 13#9, 5, 6#10, 8, 8#11, 14, 22#13, 4, 14#10, 14, 32#22, 11, 20#14, 19, 19#8, 3, 4#7, 3, 5#6, 3, 9#44, 16, 20#6, 3, 5#7, 4, 7#7, 3, 7#6, 3, 5#6, 3, 5#13, 6, 15#26, 9, 26#14, 8, 15#29, 13, 29#10, 8, 17#8, 9, 31#7, 8, 11#20, 9, 27#24, 16, 30#30, 10, 35#31, 16, 36#14, 2, 15" />
  <property name="SleeperVolumeGroup" value="zombieWightFeral,60,90,zombieWightFeral,3,7,zombieWightFeral,6,12,zombieWightFeral,15,20,zombieWightRadiated,1,3,zombieWightFeral,35,55,zombieMutatedFeral,1,2,zombieWightFeral,6,10,zombieMutated,10,15,zombieMutatedRadiated,1,2,GroupSpecialInfected,1,3,zombieWightRadiated,1,4,zombieWightFeral,15,22,zombieMutatedRadiated,1,5,zombieWightRadiated,1,6,zombieWightFeral,20,25,GroupSpecialInfected,25,40,zombieWightFeral,25,35,zombieMutatedRadiated,1,5,zombieWightFeral,10,12,zombieWightFeral,1,4,GroupSpecialInfected,1,4,zombieWightFeral,1,3,zombieMutated,15,20,zombieWightRadiated,1,6,zombieWightFeral,30,40,GroupSpecialInfected,20,25,zombieWightFeral,30,35,GroupSpecialInfected,1,2,zombieSpiderRadiated,1,3,zombieWightRadiated,1,3,GroupSpecialInfected,60,60,zombieMutatedRadiated,1,1,zombieWightRadiated,1,4,GroupSpecialInfected,1,4,GroupSpecialInfected,1,2,GroupSpecialInfected,1,2,zombieWightFeral,8,12,GroupSpecialInfected,45,60,GroupSpecialInfected,20,25,GroupSpecialInfected,60,60,zombieWightFeral,5,12,zombieMutated,10,15,zombieWightFeral,6,12,zombieWightFeral,10,20,zombieWightFeral,15,25,zombieWightFeral,30,45,GroupSpecialInfected,50,60,zombieMutatedRadiated,5,10" />
  <property name="SleeperVolumeGameStageAdjust" value=",,,,,,,,,,,,,,,,,,,,,,,,,,,,,,,,,,,,,,,,,,,,,,,," />
  <property name="SleeperIsLootVolume" value="False,False,False,False,False,False,False,False,False,False,False,False,False,False,False,False,False,False,False,False,False,False,False,False,False,False,False,False,False,False,False,False,False,False,False,False,False,False,False,False,False,False,False,False,False,False,False,False,False" />
  <property name="SleeperIsQuestExclude" value="False,False,False,False,False,False,False,False,False,False,False,False,False,False,False,False,False,False,False,False,False,False,False,False,False,False,False,False,False,False,False,False,False,False,False,False,False,False,False,False,False,False,False,False,False,False,False,False,False" />
  <property name="SleeperVolumeFlags" value="0,0,0,0,0,0,0,0,0,0,0,0,0,0,0,0,0,0,0,0,0,0,0,0,0,0,0,0,0,0,0,0,0,0,0,0,0,0,0,0,0,0,0,0,0,0,0,0,0" />
  <property name="SleeperVolumeGroupId" value="0,0,0,0,0,0,0,0,0,0,0,0,0,0,0,0,0,0,0,0,0,0,0,0,0,0,0,0,0,0,0,0,0,0,0,0,0,0,0,0,0,0,0,0,0,0,0,0,0" />
  <property name="ShowQuestClearCount" value="0" />
  <property name="POIMarkerSize" value="5, 1, 7" />
  <property name="POIMarkerStart" value="-5, 34, 61" />
  <property name="POIMarkerGroup" value="4" />
  <property name="POIMarkerTags" value="" />
  <property name="POIMarkerType" value="RoadExit" />
  <property name="POIMarkerPartToSpawn" value="" />
  <property name="POIMarkerPartRotations" value="1" />
  <property name="POIMarkerPartSpawnChance" value="1" />
  <property name="PrefabSize" value="27, 31, 71" />
  <property name="Tags" value="wilderness" />
  <property name="SleeperVolumeTriggeredBy" value=" # # # # # # # # # # # # # # # # # # # # # # # # # # # # # # # # # # # # # # # # # # # # # # # # " />
  <property name="QuestTags" value="desert" />
  <property class="IndexedBlockOffsets">
    <property class="challenge_gore">
      <property name="0" value="12, 0, 62" />
    </property>
    <property class="challenge_polymers">
      <property name="0" value="11, 1, 33" />
    </property>
    <property class="quest_wood_trees">
      <property name="0" value="23, 0, 57" />
      <property name="1" value="13, 0, 62" />
    </property>
  </property>
  <property class="Stats">
    <property name="TotalVertices" value="144171" />
    <property name="TotalTriangles" value="81059" />
    <property class="BlockEntities">
      <property name="Vertices" value="65450" />
      <property name="Triangles" value="31388" />
    </property>
    <property class="ChunkMeshes0">
      <property name="Vertices" value="78457" />
      <property name="Triangles" value="49267" />
    </property>
    <property class="ChunkMeshes1">
      <property name="Vertices" value="0" />
      <property name="Triangles" value="0" />
    </property>
    <property class="ChunkMeshes2">
      <property name="Vertices" value="0" />
      <property name="Triangles" value="0" />
    </property>
    <property class="ChunkMeshes3">
      <property name="Vertices" value="0" />
      <property name="Triangles" value="0" />
    </property>
    <property class="ChunkMeshes4">
      <property name="Vertices" value="0" />
      <property name="Triangles" value="0" />
    </property>
    <property class="ChunkMeshes5">
      <property name="Vertices" value="264" />
      <property name="Triangles" value="404" />
    </property>
  </property>
</prefab>