﻿<?xml version="1.0" encoding="UTF-8"?>
<prefab>
  <property name="CopyAirBlocks" value="True" />
  <property name="ExcludeDistantPOIMesh" value="False" />
  <property name="ExcludePOICulling" value="True" />
  <property name="DistantPOIYOffset" value="0" />
  <property name="AllowTopSoilDecorations" value="True" />
  <property name="QuestTags" value="fetch" />
  <property name="DifficultyTier" value="5" />
  <property name="ShowQuestClearCount" value="3" />
  <property name="TraderArea" value="False" />
  <property name="YOffset" value="-3" />
  <property name="RotationToFaceNorth" value="2" />
  <property name="Zoning" value="ResidentialOld, wilderness" />
  <property name="AllowedBiomes" value="desert" />
  <property name="AllowedTownships" value="rural,wilderness" />
  <property name="SleeperVolumeSize" value="14, 6, 11#14, 6, 10#3, 1, 6#3, 1, 6#4, 3, 1#17, 1, 1#17, 1, 1#3, 2, 2#2, 3, 12#1, 3, 4#2, 1, 13#2, 1, 13#2, 1, 4#10, 1, 15#4, 3, 1#33, 1, 38#41, 1, 38#27, 1, 3#27, 1, 3#2, 8, 2#13, 8, 30#1, 3, 4#22, 7, 11#6, 1, 13#2, 2, 1#6, 8, 6#1, 3, 4#2, 3, 15#2, 1, 2#2, 3, 2" />
  <property name="SleeperVolumeStart" value="61, 34, 60#61, 21, 84#80, 20, 97#53, 20, 97#66, 20, 96#86, 14, 88#86, 14, 73#94, 12, 80#91, 12, 75#84, 13, 79#92, 14, 90#92, 14, 59#108, 15, 75#107, 2, 63#110, 1, 79#23, 5, 19#56, 5, 19#24, 7, 99#24, 7, 68#79, 3, 69#54, 3, 70#35, 3, 83#68, 3, 96#109, 1, 41#111, 1, 58#107, 6, 35#98, 5, 36#52, 37, 70#49, 30, 61#63, 28, 85" />
  <property name="SleeperVolumeGroupId" value="0,1,1,1,1,2,2,2,3,2,3,3,3,4,4,0,0,5,5,15,0,5,0,7,7,8,8,15,15,15" />
  <property name="SleeperVolumeGroup" value="S_-_Group_Ghost_Town,10,15,S_-_Group_Ghost_Town,14,22,S_-_Group_Zom_Badass,3,4,S_-_Group_Zom_Badass,3,4,S_-Group_Generic_Zombie,0,0,S_-_Group_Ghost_Town,5,6,S_-_Group_Ghost_Town,5,6,S_-_Group_Ghost_Town,4,4,S_-Group_Generic_Zombie,0,0,S_-Group_Generic_Zombie,0,0,S_-_Group_Zom_Badass,4,5,S_-_Group_Zom_Badass,4,5,S_-Group_Generic_Zombie,5,8,S_-_Group_Zom_Badass,11,12,S_-Group_Generic_Zombie,0,0,S_-_Group_Ghost_Town,26,27,S_-_Group_Ghost_Town,26,27,S_-_Group_Zom_Badass,11,12,S_-_Group_Zom_Badass,11,12,S_-_Group_Zom_Badass_Only,3,4,S_-_Group_Zom_Badass,41,42,S_-Group_Generic_Zombie,0,0,S_-_Group_Zom_Badass_Only,41,41,S_Zom_Spider_Only,9,10,S_-Group_Generic_Zombie,0,0,S_-_Group_Zom_Badass,15,16,S_-Group_Generic_Zombie,0,0,S_-_Group_Zom_Badass_Only,16,17,S_Zom_Spider_Only,3,4,S_-Group_Generic_Zombie,0,0" />
  <property name="SleeperIsLootVolume" value="False,False,False,False,False,False,False,False,False,False,False,False,False,False,False,False,False,False,False,False,False,False,False,False,False,False,False,False,False,False" />
  <property name="SleeperIsQuestExclude" value="False,False,False,False,False,False,False,False,False,False,False,False,False,False,False,False,False,False,False,False,False,False,False,False,False,False,False,False,False,False" />
  <property name="SleeperVolumeFlags" value="2,2,2,2,2,2,2,2,2,2,2,2,2,2,2,0,0,2,2,2,2,2,2,2,2,2,2,2,2,2" />
  <property name="EditorGroups" value="Ancient" />
  <property name="Tags" value="desert,wilderness" />
  <property name="POIMarkerSize" value="1, 1, 1" />
  <property name="POIMarkerStart" value="68, 2, -1" />
  <property name="POIMarkerGroup" value="1" />
  <property name="POIMarkerTags" value="" />
  <property name="POIMarkerType" value="RoadExit" />
  <property name="POIMarkerPartToSpawn" value="" />
  <property name="POIMarkerPartRotations" value="2" />
  <property name="POIMarkerPartSpawnChance" value="1" />
  <property name="PrefabSize" value="136, 68, 136" />
  <property class="Stats">
    <property name="TotalVertices" value="1071909" />
    <property name="TotalTriangles" value="1143995" />
    <property class="BlockEntities">
      <property name="Vertices" value="754600" />
      <property name="Triangles" value="959155" />
    </property>
    <property class="ChunkMeshes0">
      <property name="Vertices" value="301259" />
      <property name="Triangles" value="163380" />
    </property>
    <property class="ChunkMeshes1">
      <property name="Vertices" value="0" />
      <property name="Triangles" value="0" />
    </property>
    <property class="ChunkMeshes2">
      <property name="Vertices" value="16" />
      <property name="Triangles" value="8" />
    </property>
    <property class="ChunkMeshes3">
      <property name="Vertices" value="0" />
      <property name="Triangles" value="0" />
    </property>
    <property class="ChunkMeshes4">
      <property name="Vertices" value="6570" />
      <property name="Triangles" value="6612" />
    </property>
    <property class="ChunkMeshes5">
      <property name="Vertices" value="0" />
      <property name="Triangles" value="0" />
    </property>
    <property class="ChunkMeshes6">
      <property name="Vertices" value="0" />
      <property name="Triangles" value="0" />
    </property>
    <property class="ChunkMeshes7">
      <property name="Vertices" value="9416" />
      <property name="Triangles" value="14816" />
    </property>
    <property class="ChunkMeshes8">
      <property name="Vertices" value="0" />
      <property name="Triangles" value="0" />
    </property>
    <property class="ChunkMeshes9">
      <property name="Vertices" value="48" />
      <property name="Triangles" value="24" />
    </property>
  </property>
  <property class="IndexedBlockOffsets">
    <property class="FetchContainer">
      <property name="0" value="113, 2, 31" />
    </property>
    <property class="Rally">
      <property name="0" value="64, 4, 0" />
    </property>
    <property class="POILight">
      <property name="0" value="93, 12, 78" />
      <property name="1" value="95, 12, 78" />
      <property name="2" value="92, 12, 79" />
      <property name="3" value="96, 12, 79" />
      <property name="4" value="92, 12, 82" />
      <property name="5" value="96, 12, 82" />
      <property name="6" value="93, 12, 83" />
      <property name="7" value="95, 12, 83" />
    </property>
  </property>
</prefab>