﻿<?xml version="1.0" encoding="UTF-8"?>
<prefab>
  <property name="CopyAirBlocks" value="True" />
  <property name="AllowTopSoilDecorations" value="False" />
  <property name="TraderArea" value="False" />
  <property name="ExcludeDistantPOIMesh" value="False" />
  <property name="ExcludePOICulling" value="False" />
  <property name="DifficultyTier" value="1" />
  <property name="Zoning" value="Industrial" />
  <property name="RotationToFaceNorth" value="2" />
  <property name="YOffset" value="-5" />
  <property name="DistantPOIYOffset" value="0" />
  <property name="EditorGroups" value="industrial" />
  <property name="SleeperVolumeStart" value="0, 5, -1" />
  <property name="SleeperVolumeSize" value="20, 3, 21" />
  <property name="SleeperVolumeGroup" value="GroupZomBadass,5,6" />
  <property name="SleeperVolumeGameStageAdjust" value="hard" />
  <property name="SleeperIsLootVolume" value="True" />
  <property name="SleeperIsQuestExclude" value="False" />
  <property name="SleeperVolumeFlags" value="0" />
  <property name="SleeperVolumeGroupId" value="0" />
  <property name="ShowQuestClearCount" value="1" />
  <property name="SleeperVolumeTriggeredBy" value=" " />
  <property name="PrefabSize" value="20, 15, 20" />
  <property class="IndexedBlockOffsets">
    <property class="TraderOnOff">
      <property name="0" value="8, 10, 10" />
    </property>
  </property>
  <property class="Stats">
    <property name="TotalVertices" value="53380" />
    <property name="TotalTriangles" value="16604" />
    <property class="BlockEntities">
      <property name="Vertices" value="43383" />
      <property name="Triangles" value="10077" />
    </property>
    <property class="ChunkMeshes0">
      <property name="Vertices" value="8687" />
      <property name="Triangles" value="4291" />
    </property>
    <property class="ChunkMeshes1">
      <property name="Vertices" value="0" />
      <property name="Triangles" value="0" />
    </property>
    <property class="ChunkMeshes2">
      <property name="Vertices" value="0" />
      <property name="Triangles" value="0" />
    </property>
    <property class="ChunkMeshes3">
      <property name="Vertices" value="0" />
      <property name="Triangles" value="0" />
    </property>
    <property class="ChunkMeshes4">
      <property name="Vertices" value="0" />
      <property name="Triangles" value="0" />
    </property>
    <property class="ChunkMeshes5">
      <property name="Vertices" value="1310" />
      <property name="Triangles" value="2236" />
    </property>
  </property>
</prefab>