﻿<?xml version="1.0" encoding="UTF-8"?>
<prefab>
  <property name="CopyAirBlocks" value="True" />
  <property name="AllowTopSoilDecorations" value="False" />
  <property name="RotationToFaceNorth" value="2" />
  <property name="Zoning" value="none" />
  <property name="AllowedTownships" value="wilderness" />
  <property name="Age" value="Old" />
  <property name="Condition" value="Normal" />
  <property name="ExcludeDistantPOIMesh" value="False" />
  <property name="ExcludePOICulling" value="False" />
  <property name="DistantPOIYOffset" value="0" />
  <property name="DifficultyTier" value="4" />
  <property name="QuestTags" value="clear, fetch, restore_power, infested" />
  <property name="ShowQuestClearCount" value="1" />
  <property name="TraderArea" value="False" />
  <property name="PrefabSize" value="186, 32, 200" />
  <property name="SleeperVolumeSize" value="18, 3, 16#6, 4, 23#20, 3, 25#11, 3, 11#22, 3, 24#15, 3, 9#4, 3, 8#10, 3, 15#6, 3, 7#5, 4, 23#5, 4, 19#5, 4, 20#5, 4, 23#5, 4, 23#7, 3, 10" />
  <property name="SleeperVolumeStart" value="80, 6, 109#63, 6, 31#65, 6, 125#103, 3, 61#95, 7, 65#92, 12, 63#97, 12, 79#103, 17, 66#107, 17, 85#72, 6, 31#80, 6, 35#88, 6, 34#96, 6, 31#104, 6, 31#102, 17, 83" />
  <property name="SleeperVolumeGroupId" value="0,0,0,0,0,0,0,0,0,0,0,0,0,0,0" />
  <property name="SleeperVolumeGroup" value="GroupGenericZombie,9,9,GroupGenericZombie,10,10,GroupAbandonedHouse,6,6,GroupGenericZombie,6,6,GroupAbandonedHouse,10,10,GroupGenericZombie,11,11,GroupGenericZombie,6,6,GroupGenericZombie,5,6,GroupAbandonedHouse,13,13,GroupGenericZombie,5,6,GroupGenericZombie,5,6,GroupGenericZombie,5,6,GroupGenericZombie,5,6,GroupGenericZombie,5,6,GroupGenericZombie,5,6" />
  <property name="SleeperIsLootVolume" value="False,False,False,False,False,False,False,False,False,False,False,False,False,False,False" />
  <property name="SleeperIsQuestExclude" value="False,False,False,False,False,False,False,False,False,False,False,False,False,False,False" />
  <property name="SleeperVolumeFlags" value="0,0,0,0,0,0,0,0,0,0,0,0,0,0,0" />
  <property name="Tags" value="wilderness, wildernesspoi" />
  <property name="YOffset" value="-6" />
  <property name="POIMarkerSize" value="8, 1, 5" />
  <property name="POIMarkerStart" value="-6, 5, 122" />
  <property name="POIMarkerGroup" value="new" />
  <property name="POIMarkerTags" value="" />
  <property name="POIMarkerType" value="RoadExit" />
  <property name="POIMarkerPartToSpawn" value="" />
  <property name="POIMarkerPartRotations" value="1" />
  <property name="POIMarkerPartSpawnChance" value="6" />
  <property name="SleeperVolumeTriggeredBy" value=" # # # # # # # # # # # # # # " />
  <property name="EditorGroups" value="Wilderness" />
  <property class="IndexedBlockOffsets">
    <property class="quest_wood_trees">
      <property name="0" value="180, 6, 192" />
    </property>
    <property class="Rally">
      <property name="0" value="43, 6, 124" />
    </property>
    <property class="TraderOnOff">
      <property name="0" value="157, 4, 74" />
    </property>
    <property class="challenge_polymers">
      <property name="0" value="111, 6, 138" />
      <property name="1" value="110, 6, 139" />
    </property>
    <property class="challenge_sinks">
      <property name="0" value="103, 12, 85" />
      <property name="1" value="108, 12, 92" />
    </property>
    <property class="quest_feather">
      <property name="0" value="63, 7, 75" />
      <property name="1" value="63, 7, 77" />
    </property>
    <property class="POILight">
      <property name="0" value="111, 14, 85" />
      <property name="1" value="113, 14, 85" />
      <property name="2" value="113, 17, 85" />
      <property name="3" value="113, 19, 85" />
      <property name="4" value="114, 12, 85" />
      <property name="5" value="115, 9, 85" />
      <property name="6" value="115, 7, 86" />
      <property name="7" value="110, 19, 87" />
      <property name="8" value="112, 15, 87" />
      <property name="9" value="109, 9, 88" />
      <property name="10" value="110, 9, 88" />
      <property name="11" value="110, 17, 91" />
      <property name="12" value="110, 19, 91" />
      <property name="13" value="112, 15, 91" />
      <property name="14" value="115, 7, 93" />
    </property>
    <property class="challenge_mech_parts">
      <property name="0" value="109, 3, 69" />
      <property name="1" value="114, 5, 70" />
    </property>
    <property class="QuestRestorePower">
      <property name="0" value="107, 3, 69" />
    </property>
    <property class="FetchContainer">
      <property name="0" value="102, 18, 87" />
    </property>
    <property class="challenge_gore">
      <property name="0" value="102, 12, 89" />
      <property name="1" value="103, 12, 89" />
      <property name="2" value="102, 12, 90" />
      <property name="3" value="103, 12, 90" />
      <property name="4" value="102, 12, 91" />
      <property name="5" value="103, 12, 91" />
    </property>
  </property>
  <property class="Stats">
    <property name="TotalVertices" value="5631583" />
    <property name="TotalTriangles" value="3406877" />
    <property class="BlockEntities">
      <property name="Vertices" value="4891116" />
      <property name="Triangles" value="2839142" />
    </property>
    <property class="ChunkMeshes0">
      <property name="Vertices" value="635459" />
      <property name="Triangles" value="399383" />
    </property>
    <property class="ChunkMeshes1">
      <property name="Vertices" value="0" />
      <property name="Triangles" value="0" />
    </property>
    <property class="ChunkMeshes2">
      <property name="Vertices" value="1976" />
      <property name="Triangles" value="988" />
    </property>
    <property class="ChunkMeshes3">
      <property name="Vertices" value="48" />
      <property name="Triangles" value="24" />
    </property>
    <property class="ChunkMeshes4">
      <property name="Vertices" value="0" />
      <property name="Triangles" value="0" />
    </property>
    <property class="ChunkMeshes5">
      <property name="Vertices" value="102984" />
      <property name="Triangles" value="167340" />
    </property>
  </property>
</prefab>