﻿<?xml version="1.0" encoding="UTF-8"?>
<prefab>
  <property name="CopyAirBlocks" value="True" />
  <property name="AllowTopSoilDecorations" value="False" />
  <property name="RotationToFaceNorth" value="2" />
  <property name="Zoning" value="none" />
  <property name="AllowedTownships" value="wilderness" />
  <property name="Age" value="Old" />
  <property name="Condition" value="Normal" />
  <property name="ExcludeDistantPOIMesh" value="False" />
  <property name="ExcludePOICulling" value="False" />
  <property name="DistantPOIYOffset" value="0" />
  <property name="DifficultyTier" value="4" />
  <property name="QuestTags" value="clear, fetch, restore_power, infested" />
  <property name="ShowQuestClearCount" value="1" />
  <property name="TraderArea" value="False" />
  <property name="PrefabSize" value="174, 18, 118" />
  <property name="SleeperVolumeSize" value="5, 3, 107#166, 3, 5#5, 3, 109#158, 3, 5#25, 4, 76#15, 3, 11#15, 3, 9#17, 6, 17#58, 3, 11#12, 5, 17#18, 5, 19#5, 3, 28#12, 3, 14#21, 3, 15#27, 3, 50#12, 3, 9#12, 3, 12" />
  <property name="SleeperVolumeStart" value="3, 3, 3#0, 3, 110#166, 3, 8#8, 3, 3#13, 3, 18#114, 3, 35#54, 3, 77#118, 3, 57#71, 3, 76#70, 3, 57#92, 3, 57#61, 3, 48#102, 3, 33#72, 3, 33#11, 3, 31#43, 3, 53#43, 3, 62" />
  <property name="SleeperVolumeGroupId" value="0,0,0,0,0,0,0,0,0,0,0,0,0,0,0,0,0" />
  <property name="SleeperVolumeGroup" value="zombieFatCop,10,11,zombieMaleHazmatFeral,6,7,zombieFatCop,8,9,zombieSoldier,6,7,zombieSoldier,11,12,zombieMaleHazmatFeral,18,18,zombieMutated,7,8,GroupGenericZombie,9,10,GroupGenericZombie,12,12,GroupGenericZombie,6,7,GroupGenericZombie,5,6,GroupGenericZombie,10,10,GroupGenericZombie,14,14,GroupGenericZombie,16,16,GroupGenericZombie,5,6,GroupGenericZombie,5,6,GroupGenericZombie,5,6" />
  <property name="SleeperIsLootVolume" value="False,False,False,False,False,False,False,False,False,False,False,False,False,False,False,False,False" />
  <property name="SleeperIsQuestExclude" value="False,False,False,False,False,False,False,False,False,False,False,False,False,False,False,False,False" />
  <property name="SleeperVolumeFlags" value="0,0,0,0,0,0,0,0,0,0,0,0,0,0,0,0,0" />
  <property name="Tags" value="wilderness, wildernesspoi" />
  <property name="YOffset" value="-3" />
  <property name="POIMarkerSize" value="6, 1, 5" />
  <property name="POIMarkerStart" value="20, 2, -2" />
  <property name="POIMarkerGroup" value="new" />
  <property name="POIMarkerTags" value="" />
  <property name="POIMarkerType" value="RoadExit" />
  <property name="POIMarkerPartToSpawn" value="" />
  <property name="POIMarkerPartRotations" value="2" />
  <property name="POIMarkerPartSpawnChance" value="6" />
  <property name="SleeperVolumeTriggeredBy" value=" # # # # # # # # # # # # # # # # " />
  <property name="EditorGroups" value="Wilderness" />
  <property class="IndexedBlockOffsets">
    <property class="POILight">
      <property name="0" value="168, 12, 109" />
      <property name="1" value="169, 16, 111" />
      <property name="2" value="171, 12, 112" />
      <property name="3" value="171, 16, 112" />
      <property name="4" value="168, 12, 115" />
      <property name="5" value="169, 5, 115" />
    </property>
    <property class="TraderOnOff">
      <property name="0" value="168, 3, 109" />
      <property name="1" value="168, 16, 109" />
      <property name="2" value="170, 14, 111" />
      <property name="3" value="171, 16, 111" />
      <property name="4" value="168, 16, 115" />
    </property>
    <property class="Rally">
      <property name="0" value="22, 3, 1" />
    </property>
    <property class="challenge_cars">
      <property name="0" value="88, 3, 44" />
    </property>
    <property class="challenge_polymers">
      <property name="0" value="119, 4, 45" />
      <property name="1" value="120, 4, 45" />
      <property name="2" value="124, 4, 45" />
      <property name="3" value="126, 4, 45" />
      <property name="4" value="130, 3, 49" />
      <property name="5" value="122, 3, 50" />
      <property name="6" value="123, 3, 52" />
    </property>
    <property class="FetchContainer">
      <property name="0" value="102, 3, 33" />
    </property>
    <property class="challenge_steel">
      <property name="0" value="52, 3, 51" />
    </property>
    <property class="challenge_gore">
      <property name="0" value="120, 7, 75" />
      <property name="1" value="122, 3, 76" />
      <property name="2" value="122, 7, 76" />
      <property name="3" value="127, 3, 76" />
      <property name="4" value="119, 3, 82" />
      <property name="5" value="120, 3, 82" />
      <property name="6" value="121, 3, 82" />
      <property name="7" value="122, 3, 82" />
      <property name="8" value="123, 3, 82" />
      <property name="9" value="119, 3, 84" />
      <property name="10" value="120, 3, 84" />
      <property name="11" value="121, 3, 84" />
      <property name="12" value="122, 3, 84" />
      <property name="13" value="123, 3, 84" />
      <property name="14" value="119, 3, 86" />
      <property name="15" value="120, 3, 86" />
      <property name="16" value="121, 3, 86" />
      <property name="17" value="122, 3, 86" />
      <property name="18" value="123, 3, 86" />
    </property>
    <property class="challenge_sinks">
      <property name="0" value="130, 3, 60" />
      <property name="1" value="130, 7, 60" />
      <property name="2" value="131, 3, 60" />
      <property name="3" value="131, 7, 60" />
      <property name="4" value="130, 3, 62" />
      <property name="5" value="130, 7, 62" />
      <property name="6" value="131, 3, 62" />
      <property name="7" value="131, 7, 62" />
      <property name="8" value="132, 11, 64" />
      <property name="9" value="123, 12, 65" />
      <property name="10" value="123, 12, 66" />
      <property name="11" value="123, 12, 67" />
      <property name="12" value="130, 3, 68" />
      <property name="13" value="130, 7, 68" />
      <property name="14" value="131, 3, 68" />
      <property name="15" value="131, 7, 68" />
      <property name="16" value="130, 3, 70" />
      <property name="17" value="130, 7, 70" />
      <property name="18" value="131, 3, 70" />
      <property name="19" value="131, 7, 70" />
      <property name="20" value="119, 3, 72" />
      <property name="21" value="119, 3, 74" />
    </property>
    <property class="challenge_mech_parts">
      <property name="0" value="127, 3, 74" />
    </property>
    <property class="QuestRestorePower">
      <property name="0" value="119, 3, 53" />
    </property>
  </property>
  <property class="Stats">
    <property name="TotalVertices" value="3192540" />
    <property name="TotalTriangles" value="1388475" />
    <property class="BlockEntities">
      <property name="Vertices" value="2877962" />
      <property name="Triangles" value="1146759" />
    </property>
    <property class="ChunkMeshes0">
      <property name="Vertices" value="257204" />
      <property name="Triangles" value="153120" />
    </property>
    <property class="ChunkMeshes1">
      <property name="Vertices" value="0" />
      <property name="Triangles" value="0" />
    </property>
    <property class="ChunkMeshes2">
      <property name="Vertices" value="384" />
      <property name="Triangles" value="192" />
    </property>
    <property class="ChunkMeshes3">
      <property name="Vertices" value="3456" />
      <property name="Triangles" value="1728" />
    </property>
    <property class="ChunkMeshes4">
      <property name="Vertices" value="0" />
      <property name="Triangles" value="0" />
    </property>
    <property class="ChunkMeshes5">
      <property name="Vertices" value="53534" />
      <property name="Triangles" value="86676" />
    </property>
  </property>
</prefab>