﻿<?xml version="1.0" encoding="UTF-8"?>
<prefab>
  <property name="CopyAirBlocks" value="True" />
  <property name="ExcludeDistantPOIMesh" value="False" />
  <property name="ExcludePOICulling" value="True" />
  <property name="DistantPOIYOffset" value="0" />
  <property name="AllowTopSoilDecorations" value="False" />
  <property name="DifficultyTier" value="4" />
  <property name="ShowQuestClearCount" value="1" />
  <property name="TraderArea" value="True" />
  <property name="TraderAreaProtect" value="71,17,120" />
  <property name="TraderAreaTeleportSize" value="0, 0, 0" />
  <property name="TraderAreaTeleportCenter" value="0, 0, 0" />
  <property name="EditorGroups" value="Wilderness" />
  <property name="QuestTags" value="clear, fetch, restore_power, infested" />
  <property name="PrefabSize" value="74, 17, 122" />
  <property name="RotationToFaceNorth" value="2" />
  <property name="SleeperVolumeSize" value="3, 3, 5#15, 3, 15#11, 3, 19#31, 3, 12#17, 3, 17#12, 3, 12#11, 3, 10#8, 3, 6#4, 3, 4#7, 4, 3#9, 3, 21#18, 3, 7#22, 3, 20" />
  <property name="SleeperVolumeStart" value="65, 7, 50#29, 7, 71#59, 7, 69#30, 3, 28#54, 1, 7#50, 7, 6#51, 7, 18#69, 7, 43#61, 7, 51#61, 7, 55#31, 7, 36#39, 7, 29#26, 1, 7" />
  <property name="SleeperVolumeGroupId" value="0,0,0,0,0,0,0,0,0,0,0,0,0" />
  <property name="SleeperVolumeGroup" value="GroupGenericZombie,5,6,GroupGenericZombie,5,6,GroupGenericZombie,5,6,GroupGenericZombie,5,6,GroupGenericZombie,5,6,GroupGenericZombie,5,6,GroupGenericZombie,5,6,GroupGenericZombie,5,6,GroupGenericZombie,5,6,GroupGenericZombie,5,6,GroupGenericZombie,5,6,GroupGenericZombie,5,6,GroupGenericZombie,5,6" />
  <property name="SleeperIsLootVolume" value="False,False,False,False,False,False,False,False,False,False,False,False,False" />
  <property name="SleeperIsQuestExclude" value="False,False,False,False,False,False,False,False,False,False,False,False,False" />
  <property name="SleeperVolumeFlags" value="0,0,0,0,0,0,0,0,0,0,0,0,0" />
  <property name="Zoning" value="none" />
  <property name="TeleportVolumeSize" value="" />
  <property name="TeleportVolumeStart" value="" />
  <property name="SleeperVolumeTriggeredBy" value=" # # # # # # # # # # # # " />
  <property name="Tags" value="wilderness, wildernesspoi" />
  <property class="IndexedBlockOffsets">
    <property class="challenge_gore">
      <property name="0" value="70, 7, 83" />
      <property name="1" value="69, 7, 84" />
      <property name="2" value="70, 7, 85" />
      <property name="3" value="70, 7, 86" />
    </property>
    <property class="Rally">
      <property name="0" value="22, 1, 18" />
    </property>
    <property class="challenge_sinks">
      <property name="0" value="69, 8, 60" />
      <property name="1" value="69, 7, 70" />
    </property>
    <property class="challenge_steel">
      <property name="0" value="70, 7, 76" />
    </property>
    <property class="POILight">
      <property name="0" value="70, 16, 117" />
    </property>
    <property class="challenge_polymers">
      <property name="0" value="69, 7, 38" />
      <property name="1" value="69, 7, 41" />
    </property>
    <property class="TraderOnOff">
      <property name="0" value="62, 7, 69" />
    </property>
    <property class="challenge_mech_parts">
      <property name="0" value="70, 3, 30" />
      <property name="1" value="70, 7, 33" />
    </property>
    <property class="quest_wood">
      <property name="0" value="70, 8, 88" />
    </property>
    <property class="challenge_cars">
      <property name="0" value="63, 7, 116" />
    </property>
    <property class="QuestRestorePower">
      <property name="0" value="55, 3, 29" />
      <property name="1" value="56, 3, 29" />
    </property>
    <property class="FetchContainer">
      <property name="0" value="62, 8, 59" />
    </property>
  </property>
  <property class="Stats">
    <property name="TotalVertices" value="1698815" />
    <property name="TotalTriangles" value="730989" />
    <property class="BlockEntities">
      <property name="Vertices" value="1507691" />
      <property name="Triangles" value="603628" />
    </property>
    <property class="ChunkMeshes0">
      <property name="Vertices" value="164626" />
      <property name="Triangles" value="86401" />
    </property>
    <property class="ChunkMeshes1">
      <property name="Vertices" value="0" />
      <property name="Triangles" value="0" />
    </property>
    <property class="ChunkMeshes2">
      <property name="Vertices" value="1820" />
      <property name="Triangles" value="1220" />
    </property>
    <property class="ChunkMeshes3">
      <property name="Vertices" value="360" />
      <property name="Triangles" value="180" />
    </property>
    <property class="ChunkMeshes4">
      <property name="Vertices" value="0" />
      <property name="Triangles" value="0" />
    </property>
    <property class="ChunkMeshes5">
      <property name="Vertices" value="24318" />
      <property name="Triangles" value="39560" />
    </property>
  </property>
</prefab>