﻿<?xml version="1.0" encoding="UTF-8"?>
<prefab>
  <property name="CopyAirBlocks" value="True" />
  <property name="AllowTopSoilDecorations" value="False" />
  <property name="RotationToFaceNorth" value="2" />
  <property name="Zoning" value="none" />
  <property name="AllowedTownships" value="wilderness" />
  <property name="Age" value="Old" />
  <property name="Condition" value="Normal" />
  <property name="ExcludeDistantPOIMesh" value="False" />
  <property name="ExcludePOICulling" value="False" />
  <property name="DistantPOIYOffset" value="0" />
  <property name="DifficultyTier" value="3" />
  <property name="QuestTags" value="clear, fetch, infested" />
  <property name="ShowQuestClearCount" value="1" />
  <property name="TraderArea" value="False" />
  <property name="PrefabSize" value="195, 24, 184" />
  <property name="SleeperVolumeSize" value="11, 3, 8#13, 3, 19#11, 3, 3#19, 2, 8#17, 2, 14#16, 2, 12#9, 3, 10#18, 2, 15" />
  <property name="SleeperVolumeStart" value="31, 4, 18#31, 4, 1#66, 4, 91#66, 5, 82#80, 5, 76#68, 5, 72#85, 14, 78#74, 10, 76" />
  <property name="SleeperVolumeGroupId" value="0,0,0,0,0,0,0,0" />
  <property name="SleeperVolumeGroup" value="GroupAbandonedHouse,20,20,GroupAbandonedHouse,20,20,GroupAbandonedHouse,20,20,GroupGenericZombie,5,6,GroupGenericZombie,5,6,GroupGenericZombie,5,6,GroupGenericZombie,5,6,GroupGenericZombie,5,6" />
  <property name="SleeperIsLootVolume" value="False,False,False,False,False,False,False,False" />
  <property name="SleeperIsQuestExclude" value="False,False,False,False,False,False,False,False" />
  <property name="SleeperVolumeFlags" value="0,0,0,0,0,0,0,0" />
  <property name="Tags" value="wilderness, wildernesspoi" />
  <property name="YOffset" value="-4" />
  <property name="POIMarkerSize" value="6, 1, 6" />
  <property name="POIMarkerStart" value="183, 3, 50" />
  <property name="POIMarkerGroup" value="new" />
  <property name="POIMarkerTags" value="" />
  <property name="POIMarkerType" value="RoadExit" />
  <property name="POIMarkerPartToSpawn" value="" />
  <property name="POIMarkerPartRotations" value="3" />
  <property name="POIMarkerPartSpawnChance" value="6" />
  <property name="SleeperVolumeTriggeredBy" value=" # # # # # # # " />
  <property name="EditorGroups" value="Wilderness" />
  <property class="Stats">
    <property name="TotalVertices" value="3301004" />
    <property name="TotalTriangles" value="3562261" />
    <property class="BlockEntities">
      <property name="Vertices" value="3067170" />
      <property name="Triangles" value="3338025" />
    </property>
    <property class="ChunkMeshes0">
      <property name="Vertices" value="137938" />
      <property name="Triangles" value="71594" />
    </property>
    <property class="ChunkMeshes1">
      <property name="Vertices" value="0" />
      <property name="Triangles" value="0" />
    </property>
    <property class="ChunkMeshes2">
      <property name="Vertices" value="768" />
      <property name="Triangles" value="384" />
    </property>
    <property class="ChunkMeshes3">
      <property name="Vertices" value="0" />
      <property name="Triangles" value="0" />
    </property>
    <property class="ChunkMeshes4">
      <property name="Vertices" value="0" />
      <property name="Triangles" value="0" />
    </property>
    <property class="ChunkMeshes5">
      <property name="Vertices" value="95128" />
      <property name="Triangles" value="152258" />
    </property>
  </property>
  <property class="IndexedBlockOffsets">
    <property class="quest_wood_trees">
      <property name="0" value="191, 4, 183" />
      <property name="1" value="193, 4, 177" />
    </property>
    <property class="challenge_polymers">
      <property name="0" value="93, 5, 118" />
    </property>
    <property class="FetchContainer">
      <property name="0" value="88, 15, 100" />
    </property>
    <property class="challenge_gore">
      <property name="0" value="16, 4, 146" />
      <property name="1" value="16, 4, 147" />
    </property>
    <property class="TraderOnOff">
      <property name="0" value="94, 5, 112" />
    </property>
    <property class="Rally">
      <property name="0" value="56, 4, 94" />
    </property>
    <property class="POILight">
      <property name="0" value="93, 4, 117" />
      <property name="1" value="92, 7, 117" />
    </property>
    <property class="challenge_sinks">
      <property name="0" value="92, 4, 118" />
      <property name="1" value="93, 4, 118" />
    </property>
    <property class="challenge_leather">
      <property name="0" value="78, 5, 97" />
      <property name="1" value="79, 5, 97" />
      <property name="2" value="80, 5, 97" />
    </property>
    <property class="challenge_mech_parts">
      <property name="0" value="91, 4, 109" />
    </property>
  </property>
</prefab>