﻿<?xml version="1.0" encoding="UTF-8"?>
<prefab>
  <property name="CopyAirBlocks" value="True" />
  <property name="ExcludeDistantPOIMesh" value="False" />
  <property name="ExcludePOICulling" value="False" />
  <property name="DistantPOIYOffset" value="0" />
  <property name="AllowTopSoilDecorations" value="True" />
  <property name="DifficultyTier" value="5" />
  <property name="TraderArea" value="False" />
  <property name="RotationToFaceNorth" value="2" />
  <property name="SleeperVolumeSize" value="35, 3, 22#9, 3, 14#26, 3, 11#12, 3, 3#10, 3, 9#11, 3, 25#40, 3, 22#30, 3, 22#24, 4, 14#23, 3, 21#8, 3, 4#11, 3, 6#14, 6, 8#10, 5, 10#9, 5, 8#3, 7, 4#11, 3, 19#33, 3, 22#16, 10, 18#14, 11, 15#3, 2, 11#13, 3, 12#14, 9, 25#8, 3, 14#15, 3, 10#9, 3, 13#11, 3, 14#14, 3, 16#15, 3, 13#11, 2, 15#8, 3, 5#8, 3, 13#3, 3, 12#3, 3, 12#3, 3, 12#3, 3, 12#42, 3, 19#23, 3, 17#16, 6, 19#16, 2, 7#14, 3, 12#16, 3, 21#16, 3, 4#14, 6, 17#15, 3, 50#11, 3, 5#6, 6, 28#14, 3, 7#16, 3, 7#12, 6, 8#26, 3, 16#14, 3, 12#4, 3, 13#20, 3, 13" />
  <property name="SleeperVolumeStart" value="29, 1, 22#28, 1, 46#39, 1, 45#39, 1, 57#68, 1, 45#67, 1, 55#43, 1, 0#11, 1, 0#80, 1, 45#79, 1, 60#42, 11, 61#27, 6, 61#52, 1, 61#41, 1, 61#43, 1, 72#40, 1, 76#28, 1, 61#67, 1, 22#53, 1, 81#71, 1, 84#98, 1, 85#68, 1, 100#67, 7, 102#28, 2, 81#37, 1, 81#40, 1, 100#28, 2, 96#67, 1, 126#84, 1, 129#86, 1, 84#50, 11, 61#39, 1, 115#12, 2, 38#12, 2, 53#18, 2, 82#35, 2, 126#26, 17, 59#79, 11, 62#82, 1, 101#82, 1, 121#67, 2, 113#50, 1, 102#50, 1, 124#25, 9, 80#12, 1, 97#40, 1, 93#44, 6, 104#51, 7, 121#82, 5, 121#54, 1, 72#83, 1, 0#67, 2, 113#62, 1, 129#40, 1, 129" />
  <property name="SleeperVolumeGroupId" value="0,0,0,0,0,0,0,0,0,0,0,0,0,0,0,0,0,0,0,0,0,0,0,0,0,0,0,0,0,0,0,0,0,0,0,0,0,0,0,0,0,0,0,0,0,0,0,0,0,0,0,0,0,0" />
  <property name="SleeperVolumeGroup" value="GroupGenericZombie,8,9,GroupGenericZombie,6,7,GroupGenericZombie,7,8,ZomBurnt,3,4,GroupZomSoldier,5,6,ZomUtilityWorker,6,7,GroupGenericZombie,5,6,GroupGenericZombie,3,4,ZomUtilityWorker,4,5,GroupGhostTown,9,10,ZomUtilityWorker,5,6,ZomFatCops,2,3,GroupGenericZombie,8,9,ZomJanitorOnly,7,8,GroupGenericZombie,5,6,ZomBurnt,1,2,ZomUtilityWorker,7,8,GroupGenericZombie,2,3,GroupGenericZombie,7,8,GroupGenericZombie,6,7,GroupGhostTown,5,6,GroupGenericZombie,6,7,GroupGenericZombie,7,8,GroupGenericZombie,5,6,GroupGenericZombie,6,7,ZomUtilityWorker,5,6,GroupGenericZombie,6,7,GroupGenericZombie,4,5,GroupGenericZombie,4,5,GroupGhostTown,5,6,GroupTestChamberDecoy,5,6,ZomUtilityWorker,7,8,ZomUtilityWorker,4,5,GroupGenericZombie,3,4,ZomJanitorOnly,5,6,GroupGenericZombie,4,5,GroupGenericZombie,8,9,GroupBikerBar,8,9,GroupLabWorker,9,10,ZomUtilityWorker,6,7,GroupHospital,7,8,GroupGenericZombie,9,10,ZomJanitorOnly,3,4,GroupGenericZombie,4,5,GroupZomSoldier,3,4,GroupGenericZombie,3,4,GroupGenericZombie,2,3,GroupBikerBar,4,5,ZomUtilityWorker,5,6,ZomHazMatOnly,6,7,GroupGenericZombie,3,4,GroupLabWorker,7,8,GroupGhostTown,3,4,GroupGenericZombie,7,8" />
  <property name="SleeperIsLootVolume" value="False,False,False,False,False,False,False,False,False,False,False,False,False,False,False,False,False,False,False,False,False,False,False,False,False,False,False,False,False,False,False,False,False,False,False,False,False,False,False,False,False,False,False,False,False,False,False,False,False,False,False,False,False,False" />
  <property name="SleeperIsBossVolume" value="False,False,False,False,False,False,False,False,False,False,False,False,False,False,False,False,False,False,False,False,False,False,False,False,False,False,False,False,False,False,False,False,False,False,False,False,False" />
  <property name="SleeperVolumeFlags" value="0,0,0,0,0,0,0,0,0,0,0,0,0,0,0,0,0,0,0,0,0,0,0,0,0,0,0,0,0,0,0,0,0,0,0,0,0,0,0,0,0,0,0,0,0,0,0,0,0,0,0,0,0,0" />
  <property name="ShowQuestClearCount" value="3" />
  <property name="SleeperIsQuestExclude" value="False,False,False,False,False,False,False,False,False,False,False,False,False,False,False,False,False,False,False,False,False,False,False,False,False,False,False,False,False,False,False,False,False,False,False,False,False,False,False,False,False,False,False,False,False,False,False,False,False,False,False,False,False,False" />
  <property name="Zoning" value="Industrial" />
  <property name="AllowedBiomes" value="pine_forest" />
  <property name="AllowedTownships" value="town" />
  <property name="YOffset" value="-1" />
  <property name="QuestTags" value="clear, fetch" />
  <property name="EditorGroups" value="TV_Movie_Game" />
  <property name="Tags" value="wilderness" />
  <property name="POIMarkerSize" value="1, 1, 1" />
  <property name="POIMarkerStart" value="26, 0, 150" />
  <property name="POIMarkerGroup" value="1" />
  <property name="POIMarkerTags" value="" />
  <property name="POIMarkerType" value="RoadExit" />
  <property name="POIMarkerPartToSpawn" value="" />
  <property name="POIMarkerPartRotations" value="0" />
  <property name="POIMarkerPartSpawnChance" value="1" />
  <property name="PrefabSize" value="110, 23, 150" />
  <property name="SleeperVolumeTriggeredBy" value=" # # # # # # # # # # # # # # # # # # # # # # # # # # # # # # # # # # # # # # # # # # # # # # # # # # # # # " />
  <property class="Stats">
    <property name="TotalVertices" value="4300349" />
    <property name="TotalTriangles" value="2100997" />
    <property class="BlockEntities">
      <property name="Vertices" value="3440746" />
      <property name="Triangles" value="1569007" />
    </property>
    <property class="ChunkMeshes0">
      <property name="Vertices" value="736127" />
      <property name="Triangles" value="432674" />
    </property>
    <property class="ChunkMeshes1">
      <property name="Vertices" value="0" />
      <property name="Triangles" value="0" />
    </property>
    <property class="ChunkMeshes2">
      <property name="Vertices" value="2696" />
      <property name="Triangles" value="2696" />
    </property>
    <property class="ChunkMeshes3">
      <property name="Vertices" value="88416" />
      <property name="Triangles" value="44208" />
    </property>
    <property class="ChunkMeshes4">
      <property name="Vertices" value="0" />
      <property name="Triangles" value="0" />
    </property>
    <property class="ChunkMeshes5">
      <property name="Vertices" value="32364" />
      <property name="Triangles" value="52412" />
    </property>
  </property>
  <property class="IndexedBlockOffsets">
    <property class="quest_wood">
      <property name="0" value="106, 1, 139" />
      <property name="1" value="104, 1, 143" />
    </property>
    <property class="quest_feather">
      <property name="0" value="108, 1, 146" />
    </property>
    <property class="quest_stone_boulder">
      <property name="0" value="87, 1, 147" />
    </property>
    <property class="challenge_polymers">
      <property name="0" value="108, 1, 108" />
    </property>
    <property class="POILight">
      <property name="0" value="103, 14, 70" />
    </property>
    <property class="TraderOnOff">
      <property name="0" value="90, 1, 120" />
      <property name="1" value="94, 5, 120" />
    </property>
    <property class="challenge_sinks">
      <property name="0" value="103, 6, 62" />
      <property name="1" value="103, 8, 62" />
    </property>
    <property class="challenge_steel">
      <property name="0" value="79, 11, 68" />
    </property>
    <property class="challenge_pallet">
      <property name="0" value="59, 2, 77" />
      <property name="1" value="62, 2, 77" />
      <property name="2" value="63, 2, 77" />
    </property>
    <property class="challenge_elec_parts">
      <property name="0" value="67, 7, 118" />
    </property>
    <property class="challenge_mech_parts">
      <property name="0" value="93, 1, 109" />
    </property>
    <property class="FetchContainer">
      <property name="0" value="87, 10, 127" />
    </property>
    <property class="challenge_gore">
      <property name="0" value="92, 1, 107" />
    </property>
    <property class="quest_wood_trees">
      <property name="0" value="108, 1, 126" />
    </property>
    <property class="Rally">
      <property name="0" value="60, 2, 2" />
    </property>
    <property class="challenge_cars">
      <property name="0" value="74, 1, 95" />
    </property>
  </property>
</prefab>