﻿<?xml version="1.0" encoding="UTF-8"?>
<prefab>
  <property name="CopyAirBlocks" value="True" />
  <property name="AllowTopSoilDecorations" value="False" />
  <property name="TraderArea" value="False" />
  <property name="ExcludeDistantPOIMesh" value="False" />
  <property name="ExcludePOICulling" value="False" />
  <property name="QuestTags" value="clear, fetch, hidden_cache" />
  <property name="DifficultyTier" value="5" />
  <property name="Zoning" value="Downtown, Residential" />
  <property name="RotationToFaceNorth" value="2" />
  <property name="YOffset" value="-13" />
  <property name="DistantPOIYOffset" value="0" />
  <property name="AllowedBiomes" value="pine_forest" />
  <property name="AllowedTownships" value="city,rural,town,wilderness" />
  <property name="EditorGroups" value="Ravenhearst, T5" />
  <property name="SleeperVolumeStart" value="40, 13, 12#34, 13, 105#1, 13, 99#1, 13, 9#17, 13, 70#34, 13, 148#121, 13, 148#172, 13, 51#138, 13, 1#88, 13, 3#149, 16, 128#163, 16, 111#146, 16, 111#153, 15, 53#119, 16, 68#141, 16, 88#160, 16, 67#96, 16, 87#90, 19, 126#101, 26, 126#101, 14, 126#115, 20, 119#132, 12, 119#132, 19, 118#148, 15, 117#148, 25, 117#146, 13, 99#111, 16, 100#136, 16, 67#136, 20, 67#111, 20, 100#97, 16, 55#97, 22, 55#108, 16, 55#121, 16, 53" />
  <property name="SleeperVolumeSize" value="49, 13, 60#44, 13, 47#34, 10, 91#34, 13, 85#80, 11, 39#88, 9, 45#87, 9, 48#36, 8, 97#70, 10, 52#50, 12, 52#19, 6, 21#5, 6, 17#18, 6, 6#15, 13, 14#16, 8, 30#29, 13, 11#10, 4, 21#16, 5, 39#25, 4, 21#14, 5, 21#30, 4, 21#16, 8, 28#16, 6, 28#16, 11, 29#16, 9, 11#16, 4, 11#36, 16, 11#34, 3, 16#24, 4, 21#30, 10, 21#34, 10, 16#11, 6, 33#23, 8, 33#11, 6, 33#31, 10, 14" />
  <property name="SleeperVolumeGroup" value="GroupGenericZombie,10,15,GroupGenericZombie,10,13,GroupGenericZombie,3,5,GroupGenericZombie,4,6,GroupGenericZombie,7,11,GroupGenericZombie,4,6,GroupGenericZombie,4,6,GroupGenericZombie,4,6,GroupGenericZombie,10,15,GroupGenericZombie,5,8,GroupGhostTown,2,4,GroupGhostTown,2,4,ZomUtilityWorker,2,4,GroupGhostTown,2,4,GroupZomBadass,10,15,GroupGhostTown,7,12,GroupGhostTown,6,8,GroupGhostTown,5,8,GroupLabWorker,6,9,ZomBusinessman,1,3,GroupLabWorker,7,11,ZomBusinessman,1,3,GroupGenericZombie,6,9,GroupGenericZombie,11,14,GroupAbandonedHouse,4,8,GroupGhostTown,1,1,GroupGhostTown,18,25,GroupBikerBar,7,12,GroupGhostTown,20,30,GroupBikerBar,16,22,GroupGenericZombie,11,14,GroupGenericZombie,18,28,GroupGenericZombie,3,6,GroupGenericZombie,10,15,GroupGhostTown,16,22" />
  <property name="SleeperVolumeGameStageAdjust" value=",,,,,,,,,,,,,,,,,,,,,,,,,,,,,,,,,," />
  <property name="SleeperIsLootVolume" value="False,False,False,False,False,False,False,False,False,False,False,False,False,False,False,False,False,False,False,False,False,False,False,True,False,False,False,False,False,False,False,False,False,False,False" />
  <property name="SleeperIsQuestExclude" value="False,False,False,False,False,False,False,False,False,False,False,False,False,False,False,False,False,False,False,False,False,False,False,False,False,False,False,False,False,False,False,False,False,False,False" />
  <property name="SleeperVolumeFlags" value="0,0,0,0,0,0,0,0,0,0,0,0,0,0,0,0,0,0,0,0,0,0,0,0,0,0,0,0,0,0,0,0,0,0,0" />
  <property name="SleeperVolumeGroupId" value="0,0,0,0,0,0,0,0,0,0,0,0,0,0,0,0,0,0,0,0,0,0,0,0,0,0,0,0,0,0,0,0,0,0,0" />
  <property name="ShowQuestClearCount" value="0" />
  <property name="PrefabSize" value="212, 36, 200" />
  <property name="SleeperVolumeTriggeredBy" value=" # # # # # # # # # # # # # # # # # # # # # # # # # # # # # # # # # # " />
  <property class="IndexedBlockOffsets">
    <property class="quest_wood_trees">
      <property name="0" value="202, 13, 196" />
    </property>
    <property class="quest_wood">
      <property name="0" value="207, 13, 189" />
    </property>
    <property class="quest_stone">
      <property name="0" value="208, 13, 182" />
      <property name="1" value="205, 13, 194" />
    </property>
    <property class="quest_stone_boulder">
      <property name="0" value="208, 13, 148" />
    </property>
    <property class="quest_feather">
      <property name="0" value="154, 21, 116" />
    </property>
    <property class="challenge_stump">
      <property name="0" value="202, 13, 159" />
    </property>
    <property class="POILight">
      <property name="0" value="167, 21, 136" />
      <property name="1" value="165, 21, 138" />
      <property name="2" value="169, 21, 138" />
      <property name="3" value="167, 21, 140" />
    </property>
    <property class="Rally">
      <property name="0" value="67, 13, 12" />
    </property>
    <property class="challenge_polymers">
      <property name="0" value="196, 13, 52" />
    </property>
    <property class="TraderOnOff">
      <property name="0" value="159, 16, 154" />
    </property>
    <property class="challenge_cars">
      <property name="0" value="163, 16, 144" />
    </property>
    <property class="challenge_sinks">
      <property name="0" value="162, 16, 117" />
      <property name="1" value="155, 20, 118" />
      <property name="2" value="156, 20, 118" />
      <property name="3" value="155, 29, 121" />
      <property name="4" value="162, 16, 121" />
      <property name="5" value="157, 20, 124" />
      <property name="6" value="157, 20, 126" />
      <property name="7" value="164, 16, 128" />
    </property>
    <property class="brBlock">
      <property name="0" value="144, 21, 90" />
    </property>
    <property class="challenge_pallet">
      <property name="0" value="142, 16, 72" />
    </property>
    <property class="FetchContainer">
      <property name="0" value="149, 16, 83" />
    </property>
    <property class="challenge_mech_parts">
      <property name="0" value="155, 22, 86" />
    </property>
    <property class="challenge_gore">
      <property name="0" value="198, 13, 37" />
      <property name="1" value="187, 13, 40" />
      <property name="2" value="200, 13, 40" />
      <property name="3" value="192, 13, 42" />
      <property name="4" value="186, 13, 47" />
      <property name="5" value="195, 13, 48" />
      <property name="6" value="199, 14, 50" />
    </property>
    <property class="challenge_elec_parts">
      <property name="0" value="152, 15, 127" />
    </property>
    <property class="challenge_steel">
      <property name="0" value="145, 21, 141" />
      <property name="1" value="145, 21, 144" />
    </property>
  </property>
  <property class="Stats">
    <property name="TotalVertices" value="4637967" />
    <property name="TotalTriangles" value="2802576" />
    <property class="BlockEntities">
      <property name="Vertices" value="3681087" />
      <property name="Triangles" value="2131891" />
    </property>
    <property class="ChunkMeshes0">
      <property name="Vertices" value="642900" />
      <property name="Triangles" value="375163" />
    </property>
    <property class="ChunkMeshes1">
      <property name="Vertices" value="141248" />
      <property name="Triangles" value="70624" />
    </property>
    <property class="ChunkMeshes2">
      <property name="Vertices" value="3200" />
      <property name="Triangles" value="2102" />
    </property>
    <property class="ChunkMeshes3">
      <property name="Vertices" value="44184" />
      <property name="Triangles" value="22092" />
    </property>
    <property class="ChunkMeshes4">
      <property name="Vertices" value="0" />
      <property name="Triangles" value="0" />
    </property>
    <property class="ChunkMeshes5">
      <property name="Vertices" value="125348" />
      <property name="Triangles" value="200704" />
    </property>
  </property>
</prefab>