﻿<?xml version="1.0" encoding="UTF-8"?>
<prefab>
  <property name="CopyAirBlocks" value="True" />
  <property name="ExcludeDistantPOIMesh" value="False" />
  <property name="ExcludePOICulling" value="False" />
  <property name="DistantPOIYOffset" value="0" />
  <property name="AllowTopSoilDecorations" value="False" />
  <property name="DifficultyTier" value="5" />
  <property name="ShowQuestClearCount" value="1" />
  <property name="TraderArea" value="False" />
  <property name="PrefabSize" value="186, 25, 201" />
  <property name="RotationToFaceNorth" value="4" />
  <property name="Zoning" value="none" />
  <property name="AllowedTownships" value="wilderness" />
  <property name="Age" value="Old" />
  <property name="Condition" value="Normal" />
  <property name="QuestTags" value="clear, fetch, infested" />
  <property name="SleeperVolumeSize" value="3, 3, 14#4, 3, 13#3, 3, 13#5, 3, 13#4, 3, 13#2, 3, 4#7, 1, 9#3, 3, 8#15, 3, 10#13, 3, 11#12, 3, 11#20, 3, 22#10, 3, 6#12, 3, 10#13, 3, 14#15, 3, 14#10, 3, 11#12, 3, 8#9, 3, 7#10, 3, 10#10, 3, 7#9, 3, 7#13, 3, 7#18, 3, 9#22, 4, 11#14, 3, 8#19, 3, 10#16, 3, 5#13, 3, 5" />
  <property name="SleeperVolumeStart" value="117, 7, 123#111, 7, 125#104, 7, 125#97, 7, 125#90, 7, 125#87, 7, 124#107, 3, 128#91, 3, 130#82, 7, 165#135, 7, 177#135, 7, 160#103, 6, 159#141, 7, 106#85, 7, 103#85, 7, 43#104, 7, 38#58, 7, 21#57, 7, 36#58, 7, 49#57, 7, 72#59, 7, 90#61, 7, 101#55, 7, 115#47, 7, 129#38, 6, 142#41, 7, 158#35, 7, 170#124, 6, 108#85, 11, 167" />
  <property name="SleeperVolumeGroupId" value="0,0,0,0,0,0,0,0,0,0,0,0,0,0,0,0,0,0,0,0,0,0,0,0,0,0,0,0,0" />
  <property name="SleeperVolumeGroup" value="GroupGenericZombie,7,7,GroupGenericZombie,6,6,GroupGenericZombie,6,6,GroupGenericZombie,7,7,GroupGenericZombie,5,5,GroupGenericZombie,2,2,GroupGenericZombie,5,5,GroupGenericZombie,4,4,GroupGenericZombie,10,10,GroupGenericZombie,5,5,GroupGenericZombie,5,5,GroupGenericZombie,12,12,GroupGenericZombie,5,6,GroupGenericZombie,12,12,GroupGenericZombie,10,10,GroupGenericZombie,10,10,GroupGenericZombie,9,9,GroupGenericZombie,7,7,GroupGenericZombie,8,8,GroupGenericZombie,8,8,GroupGenericZombie,6,6,GroupGenericZombie,8,8,GroupGenericZombie,8,8,GroupGenericZombie,11,11,GroupGenericZombie,10,10,GroupGenericZombie,9,9,GroupGenericZombie,10,10,GroupGenericZombie,5,6,GroupGenericZombie,5,6" />
  <property name="SleeperIsLootVolume" value="False,False,False,False,False,False,False,False,False,False,False,False,False,False,False,False,False,False,False,False,False,False,False,False,False,False,False,False,False" />
  <property name="SleeperIsQuestExclude" value="False,False,False,False,False,False,False,False,False,False,False,False,False,False,False,False,False,False,False,False,False,False,False,False,False,False,False,False,False" />
  <property name="SleeperVolumeFlags" value="0,0,0,0,0,0,0,0,0,0,0,0,0,0,0,0,0,0,0,0,0,0,0,0,0,0,0,0,0" />
  <property name="YOffset" value="-6" />
  <property name="POIMarkerSize" value="9, 1, 5" />
  <property name="POIMarkerStart" value="157, 5, 199" />
  <property name="POIMarkerGroup" value="new" />
  <property name="POIMarkerTags" value="" />
  <property name="POIMarkerType" value="RoadExit" />
  <property name="POIMarkerPartToSpawn" value="" />
  <property name="POIMarkerPartRotations" value="4" />
  <property name="POIMarkerPartSpawnChance" value="6" />
  <property name="SleeperVolumeTriggeredBy" value=" # # # # # # # # # # # # # # # # # # # # # # # # # # # # " />
  <property name="Tags" value="wilderness, wildernesspoi" />
  <property name="EditorGroups" value="Wilderness" />
  <property class="Stats">
    <property name="TotalVertices" value="5734082" />
    <property name="TotalTriangles" value="3692578" />
    <property class="BlockEntities">
      <property name="Vertices" value="4760045" />
      <property name="Triangles" value="3068359" />
    </property>
    <property class="ChunkMeshes0">
      <property name="Vertices" value="771719" />
      <property name="Triangles" value="410623" />
    </property>
    <property class="ChunkMeshes1">
      <property name="Vertices" value="96768" />
      <property name="Triangles" value="48384" />
    </property>
    <property class="ChunkMeshes2">
      <property name="Vertices" value="5212" />
      <property name="Triangles" value="2668" />
    </property>
    <property class="ChunkMeshes3">
      <property name="Vertices" value="0" />
      <property name="Triangles" value="0" />
    </property>
    <property class="ChunkMeshes4">
      <property name="Vertices" value="0" />
      <property name="Triangles" value="0" />
    </property>
    <property class="ChunkMeshes5">
      <property name="Vertices" value="100338" />
      <property name="Triangles" value="162544" />
    </property>
  </property>
  <property class="IndexedBlockOffsets">
    <property class="quest_wood_trees">
      <property name="0" value="181, 6, 196" />
    </property>
    <property class="challenge_polymers">
      <property name="0" value="145, 7, 109" />
    </property>
    <property class="POILight">
      <property name="0" value="147, 7, 181" />
      <property name="1" value="145, 15, 182" />
      <property name="2" value="144, 10, 185" />
    </property>
    <property class="TraderOnOff">
      <property name="0" value="174, 7, 133" />
    </property>
    <property class="challenge_mech_parts">
      <property name="0" value="144, 6, 106" />
    </property>
    <property class="challenge_sinks">
      <property name="0" value="147, 7, 179" />
    </property>
    <property class="brBlock">
      <property name="0" value="53, 15, 144" />
    </property>
    <property class="FetchContainer">
      <property name="0" value="117, 14, 42" />
    </property>
    <property class="Rally">
      <property name="0" value="161, 6, 157" />
    </property>
  </property>
</prefab>