﻿<?xml version="1.0" encoding="UTF-8"?>
<prefab>
  <property name="CopyAirBlocks" value="True" />
  <property name="ExcludeDistantPOIMesh" value="False" />
  <property name="ExcludePOICulling" value="False" />
  <property name="DistantPOIYOffset" value="0" />
  <property name="AllowTopSoilDecorations" value="False" />
  <property name="AllowedTownships" value="wilderness" />
  <property name="Age" value="Old" />
  <property name="Condition" value="Normal" />
  <property name="DifficultyTier" value="5" />
  <property name="QuestTags" value="clear, fetch, restore_power, infested" />
  <property name="ShowQuestClearCount" value="1" />
  <property name="TraderArea" value="False" />
  <property name="PrefabSize" value="121, 40, 136" />
  <property name="RotationToFaceNorth" value="2" />
  <property name="Zoning" value="none" />
  <property name="SleeperVolumeSize" value="19, 3, 18#19, 3, 22#15, 3, 15#5, 3, 4#18, 3, 8#12, 5, 5#12, 3, 8#13, 3, 5#6, 3, 6#10, 3, 15#8, 3, 15#22, 3, 15#7, 3, 6#17, 3, 14#23, 3, 17" />
  <property name="SleeperVolumeStart" value="43, 4, 33#62, 4, 24#53, 4, 77#25, 4, 87#25, 4, 93#39, 9, 87#65, 13, 94#39, 16, 87#39, 18, 96#25, 18, 87#69, 23, 87#22, 23, 73#51, 23, 95#45, 30, 68#58, 4, 51" />
  <property name="SleeperVolumeGroupId" value="0,0,0,0,0,0,0,0,0,0,0,0,0,0,0" />
  <property name="SleeperVolumeGroup" value="GroupZomSoldier,22,22,GroupGenericZombie,23,23,GroupLabWorker,14,14,GroupZomSoldier,8,8,GroupZomSoldier,7,7,GroupLabWorker,10,10,GroupLabWorker,16,16,GroupHospital,13,13,GroupHospital,4,4,GroupHospital,25,25,GroupZomSoldier,15,15,GroupLabWorker,18,18,zombieSoldier,6,6,GroupLabWorker,47,47,GroupGenericZombie,5,6" />
  <property name="SleeperIsLootVolume" value="False,False,False,False,False,False,False,False,False,False,False,False,False,True,False" />
  <property name="SleeperIsQuestExclude" value="False,False,False,False,False,False,False,False,False,False,False,False,False,False,False" />
  <property name="SleeperVolumeFlags" value="0,0,0,0,0,0,0,0,0,0,0,0,0,0,0" />
  <property name="Tags" value="wilderness, wildernesspoi" />
  <property name="YOffset" value="-4" />
  <property name="POIMarkerSize" value="4, 1, 4" />
  <property name="POIMarkerStart" value="106, 3, -2" />
  <property name="POIMarkerGroup" value="new" />
  <property name="POIMarkerTags" value="" />
  <property name="POIMarkerType" value="RoadExit" />
  <property name="POIMarkerPartToSpawn" value="" />
  <property name="POIMarkerPartRotations" value="2" />
  <property name="POIMarkerPartSpawnChance" value="6" />
  <property name="SleeperVolumeTriggeredBy" value=" # # # # # # # # # # # # # # " />
  <property name="EditorGroups" value="Wilderness" />
  <property class="IndexedBlockOffsets">
    <property class="quest_wood_trees">
      <property name="0" value="114, 4, 119" />
      <property name="1" value="114, 4, 129" />
    </property>
    <property class="challenge_gore">
      <property name="0" value="111, 4, 37" />
      <property name="1" value="114, 4, 37" />
      <property name="2" value="109, 4, 39" />
      <property name="3" value="108, 4, 40" />
      <property name="4" value="111, 4, 41" />
      <property name="5" value="109, 4, 42" />
      <property name="6" value="111, 4, 43" />
      <property name="7" value="117, 4, 43" />
      <property name="8" value="109, 4, 44" />
      <property name="9" value="111, 4, 45" />
      <property name="10" value="109, 4, 47" />
      <property name="11" value="108, 4, 49" />
      <property name="12" value="117, 4, 50" />
    </property>
    <property class="challenge_cars">
      <property name="0" value="95, 4, 72" />
      <property name="1" value="101, 4, 74" />
    </property>
    <property class="TraderOnOff">
      <property name="0" value="97, 4, 87" />
      <property name="1" value="96, 9, 89" />
      <property name="2" value="97, 4, 95" />
      <property name="3" value="95, 9, 99" />
    </property>
    <property class="POILight">
      <property name="0" value="94, 9, 84" />
      <property name="1" value="96, 8, 85" />
      <property name="2" value="96, 8, 86" />
      <property name="3" value="99, 7, 86" />
      <property name="4" value="101, 7, 86" />
      <property name="5" value="94, 9, 87" />
      <property name="6" value="96, 8, 87" />
      <property name="7" value="94, 9, 88" />
      <property name="8" value="96, 8, 88" />
      <property name="9" value="99, 7, 88" />
      <property name="10" value="101, 7, 88" />
      <property name="11" value="94, 9, 89" />
      <property name="12" value="96, 8, 89" />
      <property name="13" value="94, 9, 92" />
      <property name="14" value="94, 9, 93" />
      <property name="15" value="96, 8, 93" />
      <property name="16" value="94, 9, 94" />
      <property name="17" value="96, 8, 94" />
      <property name="18" value="99, 7, 94" />
      <property name="19" value="101, 7, 94" />
      <property name="20" value="94, 9, 95" />
      <property name="21" value="96, 8, 95" />
      <property name="22" value="94, 9, 96" />
      <property name="23" value="96, 8, 96" />
      <property name="24" value="99, 7, 96" />
      <property name="25" value="101, 7, 96" />
      <property name="26" value="94, 9, 97" />
      <property name="27" value="96, 8, 97" />
    </property>
    <property class="challenge_sinks">
      <property name="0" value="76, 16, 105" />
      <property name="1" value="76, 17, 105" />
      <property name="2" value="76, 18, 105" />
      <property name="3" value="76, 25, 105" />
      <property name="4" value="76, 26, 105" />
      <property name="5" value="76, 27, 105" />
    </property>
    <property class="challenge_mech_parts">
      <property name="0" value="77, 23, 100" />
    </property>
    <property class="challenge_polymers">
      <property name="0" value="80, 4, 94" />
      <property name="1" value="80, 4, 98" />
    </property>
    <property class="challenge_steel">
      <property name="0" value="96, 4, 53" />
      <property name="1" value="96, 4, 54" />
    </property>
    <property class="FetchContainer">
      <property name="0" value="68, 31, 66" />
    </property>
    <property class="QuestRestorePower">
      <property name="0" value="48, 30, 85" />
      <property name="1" value="52, 30, 85" />
      <property name="2" value="55, 30, 85" />
    </property>
    <property class="Rally">
      <property name="0" value="71, 4, 5" />
    </property>
  </property>
  <property class="Stats">
    <property name="TotalVertices" value="5251588" />
    <property name="TotalTriangles" value="2429374" />
    <property class="BlockEntities">
      <property name="Vertices" value="4515004" />
      <property name="Triangles" value="2007605" />
    </property>
    <property class="ChunkMeshes0">
      <property name="Vertices" value="712434" />
      <property name="Triangles" value="384125" />
    </property>
    <property class="ChunkMeshes1">
      <property name="Vertices" value="0" />
      <property name="Triangles" value="0" />
    </property>
    <property class="ChunkMeshes2">
      <property name="Vertices" value="2276" />
      <property name="Triangles" value="1136" />
    </property>
    <property class="ChunkMeshes3">
      <property name="Vertices" value="0" />
      <property name="Triangles" value="0" />
    </property>
    <property class="ChunkMeshes4">
      <property name="Vertices" value="0" />
      <property name="Triangles" value="0" />
    </property>
    <property class="ChunkMeshes5">
      <property name="Vertices" value="21874" />
      <property name="Triangles" value="36508" />
    </property>
  </property>
</prefab>