﻿<?xml version="1.0" encoding="UTF-8"?>
<prefab>
  <property name="CopyAirBlocks" value="True" />
  <property name="AllowTopSoilDecorations" value="False" />
  <property name="RotationToFaceNorth" value="2" />
  <property name="Zoning" value="none" />
  <property name="AllowedTownships" value="wilderness" />
  <property name="Age" value="Old" />
  <property name="Condition" value="Normal" />
  <property name="ExcludeDistantPOIMesh" value="False" />
  <property name="ExcludePOICulling" value="False" />
  <property name="DistantPOIYOffset" value="0" />
  <property name="DifficultyTier" value="5" />
  <property name="QuestTags" value="fetch" />
  <property name="ShowQuestClearCount" value="1" />
  <property name="TraderArea" value="False" />
  <property name="PrefabSize" value="186, 39, 200" />
  <property name="SleeperVolumeSize" value="5, 2, 3#8, 3, 7#19, 3, 7#13, 4, 8#12, 3, 9#9, 3, 14#12, 3, 12#21, 3, 28#24, 4, 13#10, 2, 7#8, 3, 17#8, 2, 3#10, 3, 11#6, 4, 15#14, 3, 19#10, 4, 3#10, 4, 4" />
  <property name="SleeperVolumeStart" value="69, 12, 52#68, 19, 10#68, 16, 23#75, 21, 23#121, 6, 45#115, 12, 39#112, 18, 43#132, 6, 120#65, 6, 47#146, 11, 42#150, 7, 89#139, 7, 92#121, 7, 88#113, 7, 88#32, 6, 88#76, 7, 97#76, 7, 93" />
  <property name="SleeperVolumeGroupId" value="0,0,0,0,0,0,0,0,0,0,0,0,0,0,0,0,0" />
  <property name="SleeperVolumeGroup" value="zombieScreamerFeral,1,1,GroupHospital,15,15,GroupZomBadassOnly,18,18,GroupZomSoldier,18,18,GroupZomBadassOnly,16,16,GroupZomSoldier,17,17,GroupZomBadassOnly,20,20,GroupZomSoldier,23,23,GroupZomBadassOnly,5,6,GroupZomSoldier,5,6,GroupZomBadassOnly,5,6,GroupZomSoldier,5,6,GroupZomBadassOnly,5,6,GroupZomSoldier,5,6,GroupZomBadassOnly,5,6,GroupZomSoldier,5,6,GroupZomBadassOnly,5,6" />
  <property name="SleeperIsLootVolume" value="True,True,True,False,True,True,True,False,False,False,False,False,False,False,False,False,False" />
  <property name="SleeperIsQuestExclude" value="False,False,False,False,False,False,False,False,False,False,False,False,False,False,False,False,False" />
  <property name="SleeperVolumeFlags" value="0,0,0,0,0,0,0,0,0,0,0,0,0,0,0,0,0" />
  <property name="Tags" value="wilderness, wildernesspoi" />
  <property name="YOffset" value="-6" />
  <property name="SleeperVolumeTriggeredBy" value=" # # # # # # # # # # # # # # # # " />
  <property name="EditorGroups" value="Wilderness" />
  <property class="Stats">
    <property name="TotalVertices" value="13050193" />
    <property name="TotalTriangles" value="5574178" />
    <property class="BlockEntities">
      <property name="Vertices" value="11387811" />
      <property name="Triangles" value="4540121" />
    </property>
    <property class="ChunkMeshes0">
      <property name="Vertices" value="1540068" />
      <property name="Triangles" value="858937" />
    </property>
    <property class="ChunkMeshes1">
      <property name="Vertices" value="0" />
      <property name="Triangles" value="0" />
    </property>
    <property class="ChunkMeshes2">
      <property name="Vertices" value="20466" />
      <property name="Triangles" value="10848" />
    </property>
    <property class="ChunkMeshes3">
      <property name="Vertices" value="400" />
      <property name="Triangles" value="200" />
    </property>
    <property class="ChunkMeshes4">
      <property name="Vertices" value="0" />
      <property name="Triangles" value="0" />
    </property>
    <property class="ChunkMeshes5">
      <property name="Vertices" value="101448" />
      <property name="Triangles" value="164072" />
    </property>
  </property>
  <property class="IndexedBlockOffsets">
    <property class="quest_wood_trees">
      <property name="0" value="183, 6, 196" />
    </property>
    <property class="challenge_gore">
      <property name="0" value="173, 6, 180" />
      <property name="1" value="180, 6, 181" />
      <property name="2" value="176, 6, 184" />
      <property name="3" value="181, 6, 186" />
    </property>
    <property class="challenge_polymers">
      <property name="0" value="180, 6, 75" />
      <property name="1" value="176, 6, 77" />
      <property name="2" value="174, 6, 81" />
    </property>
    <property class="challenge_cars">
      <property name="0" value="160, 6, 197" />
    </property>
    <property class="POILight">
      <property name="0" value="173, 8, 86" />
      <property name="1" value="174, 8, 86" />
    </property>
    <property class="challenge_mech_parts">
      <property name="0" value="160, 6, 66" />
    </property>
    <property class="quest_wood">
      <property name="0" value="37, 17, 89" />
      <property name="1" value="39, 22, 89" />
      <property name="2" value="43, 17, 89" />
    </property>
    <property class="challenge_sinks">
      <property name="0" value="174, 10, 86" />
    </property>
    <property class="TraderOnOff">
      <property name="0" value="175, 6, 86" />
    </property>
    <property class="challenge_leather">
      <property name="0" value="156, 7, 100" />
      <property name="1" value="149, 7, 101" />
      <property name="2" value="153, 7, 101" />
      <property name="3" value="155, 7, 101" />
      <property name="4" value="149, 7, 103" />
    </property>
    <property class="challenge_steel">
      <property name="0" value="145, 11, 42" />
    </property>
    <property class="challenge_pallet">
      <property name="0" value="152, 6, 37" />
      <property name="1" value="143, 7, 39" />
      <property name="2" value="144, 9, 39" />
      <property name="3" value="147, 6, 41" />
    </property>
    <property class="QuestRestorePower">
      <property name="0" value="70, 6, 36" />
      <property name="1" value="73, 6, 36" />
      <property name="2" value="76, 6, 36" />
    </property>
    <property class="FetchContainer">
      <property name="0" value="113, 20, 52" />
    </property>
    <property class="challenge_elec_parts">
      <property name="0" value="128, 17, 107" />
    </property>
    <property class="quest_feather">
      <property name="0" value="158, 17, 102" />
    </property>
    <property class="Rally">
      <property name="0" value="178, 6, 86" />
    </property>
  </property>
</prefab>