﻿<?xml version="1.0" encoding="UTF-8"?>
<prefab>
  <property name="CopyAirBlocks" value="True" />
  <property name="ExcludeDistantPOIMesh" value="False" />
  <property name="ExcludePOICulling" value="False" />
  <property name="DistantPOIYOffset" value="0" />
  <property name="AllowTopSoilDecorations" value="False" />
  <property name="DifficultyTier" value="4" />
  <property name="ShowQuestClearCount" value="1" />
  <property name="TraderArea" value="False" />
  <property name="PrefabSize" value="23, 46, 104" />
  <property name="RotationToFaceNorth" value="2" />
  <property name="Zoning" value="none" />
  <property name="QuestTags" value="clear, fetch, restore_power" />
  <property name="SleeperVolumeSize" value="5, 3, 10#5, 3, 7#5, 3, 4#5, 3, 4#5, 3, 7#10, 3, 9#9, 4, 10#13, 5, 22#9, 3, 6#5, 3, 4#5, 3, 7#5, 3, 8#6, 3, 6#15, 5, 16#15, 4, 8#11, 3, 16#15, 4, 9#17, 3, 18#5, 4, 10#6, 3, 15#5, 1, 12" />
  <property name="SleeperVolumeStart" value="5, 18, 57#6, 18, 43#6, 18, 33#6, 18, 26#6, 18, 12#8, 18, 69#7, 22, 62#5, 30, 48#7, 26, 55#12, 22, 54#9, 14, 85#12, 22, 29#5, 22, 13#4, 11, 66#4, 11, 49#4, 11, 21#4, 14, 3#3, 18, 86#5, 22, 30#12, 18, 15#9, 14, 85" />
  <property name="SleeperVolumeGroupId" value="0,0,0,0,0,0,0,0,0,0,0,0,0,0,0,0,0,0,0,0,0" />
  <property name="SleeperVolumeGroup" value="GroupGenericZombie,2,3,GroupGenericZombie,2,3,GroupGenericZombie,5,6,GroupGenericZombie,3,4,zombieLumberjackFeral,5,6,zombiePartyGirlRadiated,1,2,animalDireWolf,3,4,animalZombieVultureRadiated,7,8,zombieBurntFeral,3,4,zombieScreamerFeral,2,3,zombieWightRadiated,8,8,GroupGenericZombie,3,4,zombieSkateboarderFeral,1,2,zombieLabRadiated,6,7,zombieUtilityWorkerRadiated,6,7,zombieLabRadiated,4,5,GroupGenericZombie,5,6,animalZombieVultureRadiated,7,8,zombieDemolition,1,2,zombieWightFeral,2,3,zombieScreamerRadiated,4,5" />
  <property name="SleeperIsLootVolume" value="False,False,False,False,False,False,False,False,False,False,False,False,False,False,False,False,False,False,False,False,False" />
  <property name="SleeperIsQuestExclude" value="False,False,False,False,False,False,False,False,False,False,False,False,False,False,False,False,False,False,False,False,False" />
  <property name="SleeperVolumeFlags" value="2,2,0,2,0,2,2,2,2,0,2,0,2,2,2,2,2,2,2,2,2" />
  <property name="SleeperVolumeTriggeredBy" value=" # # # # # # # # # #1# # # # # # # # # #1" />
  <property name="EditorGroups" value="Amelia" />
  <property name="YOffset" value="-11" />
  <property name="ThemeTags" value="Amelia" />
  <property class="IndexedBlockOffsets">
    <property class="POILight">
      <property name="0" value="11, 19, 103" />
    </property>
    <property class="challenge_leather">
      <property name="0" value="14, 30, 59" />
      <property name="1" value="14, 30, 60" />
      <property name="2" value="14, 30, 61" />
      <property name="3" value="14, 30, 62" />
      <property name="4" value="14, 30, 63" />
      <property name="5" value="14, 30, 64" />
    </property>
    <property class="challenge_sinks">
      <property name="0" value="17, 14, 84" />
      <property name="1" value="17, 15, 84" />
      <property name="2" value="17, 16, 84" />
      <property name="3" value="18, 14, 84" />
      <property name="4" value="18, 15, 84" />
      <property name="5" value="18, 16, 84" />
    </property>
    <property class="TraderOnOff">
      <property name="0" value="15, 14, 84" />
      <property name="1" value="13, 18, 86" />
    </property>
    <property class="challenge_mech_parts">
      <property name="0" value="18, 11, 56" />
      <property name="1" value="16, 18, 57" />
      <property name="2" value="16, 18, 58" />
      <property name="3" value="16, 18, 59" />
      <property name="4" value="16, 18, 61" />
      <property name="5" value="16, 18, 62" />
      <property name="6" value="16, 18, 63" />
      <property name="7" value="16, 18, 64" />
    </property>
    <property class="FetchContainer">
      <property name="0" value="15, 19, 70" />
    </property>
    <property class="challenge_polymers">
      <property name="0" value="14, 26, 69" />
    </property>
    <property class="challenge_gore">
      <property name="0" value="4, 18, 51" />
    </property>
    <property class="quest_wood">
      <property name="0" value="7, 22, 39" />
      <property name="1" value="10, 22, 39" />
      <property name="2" value="7, 22, 41" />
      <property name="3" value="10, 22, 41" />
    </property>
    <property class="Rally">
      <property name="0" value="2, 19, 51" />
    </property>
    <property class="challenge_steel">
      <property name="0" value="18, 15, 20" />
      <property name="1" value="18, 15, 24" />
      <property name="2" value="18, 15, 28" />
    </property>
    <property class="QuestRestorePower">
      <property name="0" value="11, 14, 94" />
    </property>
  </property>
  <property class="Stats">
    <property name="LightsVolume" value="286785.3" />
    <property name="TotalVertices" value="2250655" />
    <property name="TotalTriangles" value="882577" />
    <property class="BlockEntities">
      <property name="Vertices" value="1871625" />
      <property name="Triangles" value="659177" />
    </property>
    <property class="ChunkMeshes0">
      <property name="Vertices" value="355434" />
      <property name="Triangles" value="202504" />
    </property>
    <property class="ChunkMeshes1">
      <property name="Vertices" value="9856" />
      <property name="Triangles" value="4928" />
    </property>
    <property class="ChunkMeshes2">
      <property name="Vertices" value="5764" />
      <property name="Triangles" value="2776" />
    </property>
    <property class="ChunkMeshes3">
      <property name="Vertices" value="144" />
      <property name="Triangles" value="72" />
    </property>
    <property class="ChunkMeshes4">
      <property name="Vertices" value="0" />
      <property name="Triangles" value="0" />
    </property>
    <property class="ChunkMeshes5">
      <property name="Vertices" value="7832" />
      <property name="Triangles" value="13120" />
    </property>
  </property>
</prefab>