﻿<?xml version="1.0" encoding="UTF-8"?>
<prefab>
  <property name="CopyAirBlocks" value="True" />
  <property name="ExcludeDistantPOIMesh" value="False" />
  <property name="ExcludePOICulling" value="False" />
  <property name="DistantPOIYOffset" value="0" />
  <property name="AllowTopSoilDecorations" value="False" />
  <property name="DifficultyTier" value="3" />
  <property name="QuestTags" value="fetch" />
  <property name="ShowQuestClearCount" value="1" />
  <property name="TraderArea" value="False" />
  <property name="PrefabSize" value="86, 18, 86" />
  <property name="RotationToFaceNorth" value="2" />
  <property name="Zoning" value="none" />
  <property name="SleeperVolumeSize" value="6, 17, 7#7, 18, 8#5, 17, 10#8, 17, 9#5, 17, 13#10, 17, 9#14, 17, 9#14, 17, 12#10, 17, 8#8, 17, 10#10, 17, 11#15, 17, 10#10, 17, 17#7, 17, 19#12, 17, 14#10, 17, 19#15, 17, 14#12, 17, 13#13, 17, 14#15, 17, 14#8, 17, 12#9, 17, 15#9, 17, 11#4, 17, 21#14, 17, 18#11, 17, 11#15, 17, 15#14, 17, 12" />
  <property name="SleeperVolumeStart" value="3, 1, 5#13, 0, 19#30, 1, 7#42, 1, 4#37, 1, 15#27, 1, 18#10, 1, 5#59, 1, 5#73, 1, 5#75, 1, 15#50, 1, 15#47, 1, 33#66, 1, 23#76, 1, 27#67, 1, 47#50, 1, 43#34, 1, 34#3, 1, 27#14, 1, 42#4, 1, 64#17, 1, 66#3, 1, 45#23, 1, 54#28, 1, 43#36, 1, 52#30, 1, 72#68, 1, 68#44, 1, 71" />
  <property name="SleeperVolumeGroupId" value="1,2,3,3,4,5,6,7,8,9,11,12,13,14,16,17,18,19,20,21,22,23,23,25,26,26,27,0" />
  <property name="SleeperVolumeGroup" value="GroupGenericZombie,2,3,GroupGenericZombie,2,3,GroupGenericZombie,2,3,GroupGenericZombie,3,4,GroupGenericZombie,2,3,GroupGenericZombie,3,3,GroupGenericZombie,2,2,GroupGenericZombie,3,3,GroupGenericZombie,2,2,GroupGenericZombie,3,3,GroupGenericZombie,2,2,GroupGenericZombie,3,3,GroupGenericZombie,2,2,GroupGenericZombie,2,2,GroupGenericZombie,2,3,GroupGenericZombie,2,2,GroupGenericZombie,3,3,GroupGenericZombie,2,3,GroupGenericZombie,3,3,GroupGenericZombie,5,6,GroupGenericZombie,3,3,GroupGenericZombie,2,2,GroupGenericZombie,2,2,GroupGenericZombie,1,1,GroupGenericZombie,4,5,GroupGenericZombie,3,4,GroupGenericZombie,4,4,GroupGenericZombie,5,6" />
  <property name="SleeperIsLootVolume" value="False,False,False,False,False,False,False,False,False,False,False,False,False,False,False,False,False,False,False,False,False,False,False,False,False,False,False,False" />
  <property name="SleeperIsQuestExclude" value="False,False,False,False,False,False,False,False,False,False,False,False,False,False,False,False,False,False,False,False,False,False,False,False,False,False,False,False" />
  <property name="SleeperVolumeFlags" value="2,2,2,2,2,2,2,2,2,2,2,2,2,2,2,2,2,2,2,2,2,2,2,2,2,2,2,0" />
  <property name="SleeperVolumeTriggeredBy" value=" # # # # # # # # # # # # # # # # # # # # # # # # # # # " />
  <property name="YOffset" value="-1" />
  <property name="EditorGroups" value="Amelia" />
  <property name="Tags" value="wilderness" />
  <property name="ThemeTags" value="Amelia" />
  <property class="Stats">
    <property name="LightsVolume" value="4188.791" />
    <property name="TotalVertices" value="235182" />
    <property name="TotalTriangles" value="202021" />
    <property class="BlockEntities">
      <property name="Vertices" value="94602" />
      <property name="Triangles" value="31371" />
    </property>
    <property class="ChunkMeshes0">
      <property name="Vertices" value="50850" />
      <property name="Triangles" value="25754" />
    </property>
    <property class="ChunkMeshes1">
      <property name="Vertices" value="0" />
      <property name="Triangles" value="0" />
    </property>
    <property class="ChunkMeshes2">
      <property name="Vertices" value="0" />
      <property name="Triangles" value="0" />
    </property>
    <property class="ChunkMeshes3">
      <property name="Vertices" value="0" />
      <property name="Triangles" value="0" />
    </property>
    <property class="ChunkMeshes4">
      <property name="Vertices" value="0" />
      <property name="Triangles" value="0" />
    </property>
    <property class="ChunkMeshes5">
      <property name="Vertices" value="89730" />
      <property name="Triangles" value="144896" />
    </property>
  </property>
  <property class="IndexedBlockOffsets">
    <property class="FetchContainer">
      <property name="0" value="81, 2, 18" />
    </property>
    <property class="Rally">
      <property name="0" value="42, 1, 2" />
    </property>
  </property>
</prefab>