﻿<?xml version="1.0" encoding="UTF-8"?>
<prefab>
  <property name="CopyAirBlocks" value="True" />
  <property name="ExcludeDistantPOIMesh" value="False" />
  <property name="ExcludePOICulling" value="False" />
  <property name="DistantPOIYOffset" value="0" />
  <property name="AllowTopSoilDecorations" value="False" />
  <property name="DifficultyTier" value="0" />
  <property name="ShowQuestClearCount" value="1" />
  <property name="TraderArea" value="False" />
  <property name="PrefabSize" value="19, 38, 101" />
  <property name="RotationToFaceNorth" value="2" />
  <property name="Zoning" value="none" />
  <property class="IndexedBlockOffsets">
    <property class="POILight">
      <property name="0" value="9, 12, 100" />
    </property>
    <property class="challenge_leather">
      <property name="0" value="12, 23, 56" />
      <property name="1" value="12, 23, 57" />
      <property name="2" value="12, 23, 58" />
      <property name="3" value="12, 23, 59" />
      <property name="4" value="12, 23, 60" />
      <property name="5" value="12, 23, 61" />
    </property>
    <property class="TraderOnOff">
      <property name="0" value="9, 7, 82" />
      <property name="1" value="11, 11, 83" />
    </property>
    <property class="challenge_sinks">
      <property name="0" value="12, 11, 50" />
      <property name="1" value="9, 20, 53" />
      <property name="2" value="12, 15, 56" />
    </property>
    <property class="challenge_mech_parts">
      <property name="0" value="13, 11, 53" />
      <property name="1" value="13, 11, 54" />
      <property name="2" value="13, 11, 55" />
      <property name="3" value="13, 11, 56" />
      <property name="4" value="13, 11, 58" />
      <property name="5" value="13, 11, 59" />
      <property name="6" value="13, 11, 60" />
      <property name="7" value="13, 11, 61" />
      <property name="8" value="10, 19, 65" />
    </property>
    <property class="challenge_polymers">
      <property name="0" value="11, 23, 51" />
      <property name="1" value="10, 17, 52" />
      <property name="2" value="12, 25, 55" />
    </property>
    <property class="challenge_gore">
      <property name="0" value="7, 15, 21" />
    </property>
    <property class="quest_wood">
      <property name="0" value="5, 15, 36" />
      <property name="1" value="8, 15, 36" />
      <property name="2" value="5, 15, 38" />
      <property name="3" value="8, 15, 38" />
    </property>
    <property class="challenge_steel">
      <property name="0" value="5, 15, 44" />
    </property>
  </property>
  <property class="Stats">
    <property name="TotalVertices" value="1263110" />
    <property name="TotalTriangles" value="587779" />
    <property class="BlockEntities">
      <property name="Vertices" value="794960" />
      <property name="Triangles" value="330041" />
    </property>
    <property class="ChunkMeshes0">
      <property name="Vertices" value="334694" />
      <property name="Triangles" value="191116" />
    </property>
    <property class="ChunkMeshes1">
      <property name="Vertices" value="127884" />
      <property name="Triangles" value="63942" />
    </property>
    <property class="ChunkMeshes2">
      <property name="Vertices" value="5428" />
      <property name="Triangles" value="2608" />
    </property>
    <property class="ChunkMeshes3">
      <property name="Vertices" value="144" />
      <property name="Triangles" value="72" />
    </property>
    <property class="ChunkMeshes4">
      <property name="Vertices" value="0" />
      <property name="Triangles" value="0" />
    </property>
    <property class="ChunkMeshes5">
      <property name="Vertices" value="0" />
      <property name="Triangles" value="0" />
    </property>
  </property>
</prefab>