﻿<?xml version="1.0" encoding="UTF-8"?>
<prefab>
  <property name="CopyAirBlocks" value="True" />
  <property name="ExcludeDistantPOIMesh" value="False" />
  <property name="ExcludePOICulling" value="False" />
  <property name="DistantPOIYOffset" value="0" />
  <property name="AllowTopSoilDecorations" value="False" />
  <property name="DifficultyTier" value="1" />
  <property name="TraderArea" value="False" />
  <property name="YOffset" value="-1" />
  <property name="EditorGroups" value="test stuff" />
  <property name="RotationToFaceNorth" value="0" />
  <property name="ShowQuestClearCount" value="1" />
  <property name="Zoning" value="none" />
  <property name="PrefabSize" value="15, 16, 13" />
  <property name="Tags" value="testonly" />
  <property class="Stats">
    <property name="TotalVertices" value="375568" />
    <property name="TotalTriangles" value="147140" />
    <property class="BlockEntities">
      <property name="Vertices" value="328976" />
      <property name="Triangles" value="116648" />
    </property>
    <property class="ChunkMeshes0">
      <property name="Vertices" value="41440" />
      <property name="Triangles" value="27404" />
    </property>
    <property class="ChunkMeshes1">
      <property name="Vertices" value="4480" />
      <property name="Triangles" value="2240" />
    </property>
    <property class="ChunkMeshes2">
      <property name="Vertices" value="0" />
      <property name="Triangles" value="0" />
    </property>
    <property class="ChunkMeshes3">
      <property name="Vertices" value="0" />
      <property name="Triangles" value="0" />
    </property>
    <property class="ChunkMeshes4">
      <property name="Vertices" value="240" />
      <property name="Triangles" value="120" />
    </property>
    <property class="ChunkMeshes5">
      <property name="Vertices" value="0" />
      <property name="Triangles" value="0" />
    </property>
    <property class="ChunkMeshes6">
      <property name="Vertices" value="432" />
      <property name="Triangles" value="728" />
    </property>
  </property>
  <property class="IndexedBlockOffsets">
    <property class="TraderOnOff">
      <property name="0" value="12, 7, 8" />
      <property name="1" value="8, 7, 10" />
      <property name="2" value="10, 7, 10" />
    </property>
    <property class="quest_wood">
      <property name="0" value="8, 12, 7" />
      <property name="1" value="7, 12, 8" />
      <property name="2" value="7, 12, 9" />
      <property name="3" value="8, 12, 9" />
    </property>
  </property>
</prefab>