﻿<?xml version="1.0" encoding="UTF-8"?>
<prefab>
  <property name="CopyAirBlocks" value="True" />
  <property name="ExcludeDistantPOIMesh" value="False" />
  <property name="ExcludePOICulling" value="False" />
  <property name="DistantPOIYOffset" value="0" />
  <property name="YOffset" value="-1" />
  <property name="AllowTopSoilDecorations" value="False" />
  <property name="DifficultyTier" value="0" />
  <property name="ShowQuestClearCount" value="1" />
  <property name="TraderArea" value="False" />
  <property name="PrefabSize" value="77, 29, 60" />
  <property name="RotationToFaceNorth" value="2" />
  <property name="Zoning" value="none" />
  <property class="IndexedBlockOffsets">
    <property class="POILight">
      <property name="0" value="69, 12, 46" />
    </property>
    <property class="quest_wood">
      <property name="0" value="72, 27, 30" />
      <property name="1" value="72, 27, 31" />
      <property name="2" value="72, 27, 32" />
      <property name="3" value="70, 15, 33" />
      <property name="4" value="71, 15, 33" />
    </property>
    <property class="challenge_leather">
      <property name="0" value="56, 5, 49" />
      <property name="1" value="57, 5, 53" />
    </property>
    <property class="TraderOnOff">
      <property name="0" value="71, 8, 30" />
      <property name="1" value="72, 12, 30" />
      <property name="2" value="72, 12, 31" />
      <property name="3" value="70, 8, 35" />
    </property>
    <property class="challenge_polymers">
      <property name="0" value="72, 26, 33" />
      <property name="1" value="72, 14, 34" />
    </property>
    <property class="challenge_sinks">
      <property name="0" value="56, 5, 19" />
    </property>
    <property class="challenge_mech_parts">
      <property name="0" value="69, 9, 46" />
    </property>
  </property>
  <property class="Stats">
    <property name="TotalVertices" value="5732355" />
    <property name="TotalTriangles" value="3017581" />
    <property class="BlockEntities">
      <property name="Vertices" value="4032583" />
      <property name="Triangles" value="1812039" />
    </property>
    <property class="ChunkMeshes0">
      <property name="Vertices" value="1663790" />
      <property name="Triangles" value="1173868" />
    </property>
    <property class="ChunkMeshes1">
      <property name="Vertices" value="0" />
      <property name="Triangles" value="0" />
    </property>
    <property class="ChunkMeshes2">
      <property name="Vertices" value="21798" />
      <property name="Triangles" value="11378" />
    </property>
    <property class="ChunkMeshes3">
      <property name="Vertices" value="2544" />
      <property name="Triangles" value="1272" />
    </property>
    <property class="ChunkMeshes4">
      <property name="Vertices" value="0" />
      <property name="Triangles" value="0" />
    </property>
    <property class="ChunkMeshes5">
      <property name="Vertices" value="11640" />
      <property name="Triangles" value="19024" />
    </property>
  </property>
</prefab>