﻿<?xml version="1.0" encoding="UTF-8"?>
<prefab>
  <property name="CopyAirBlocks" value="True" />
  <property name="AllowTopSoilDecorations" value="False" />
  <property name="TraderArea" value="False" />
  <property name="ExcludeDistantPOIMesh" value="False" />
  <property name="ExcludePOICulling" value="False" />
  <property name="DifficultyTier" value="1" />
  <property name="RotationToFaceNorth" value="0" />
  <property name="YOffset" value="-5" />
  <property name="DistantPOIYOffset" value="0" />
  <property name="ShowQuestClearCount" value="1" />
  <property name="PrefabSize" value="45, 27, 38" />
  <property name="Zoning" value="none" />
  <property class="IndexedBlockOffsets">
    <property class="POILight">
      <property name="0" value="25, 17, 24" />
      <property name="1" value="32, 17, 24" />
    </property>
    <property class="TraderOnOff">
      <property name="0" value="22, 7, 6" />
      <property name="1" value="22, 6, 17" />
    </property>
  </property>
  <property class="Stats">
    <property name="TotalVertices" value="168096" />
    <property name="TotalTriangles" value="83407" />
    <property class="BlockEntities">
      <property name="Vertices" value="67596" />
      <property name="Triangles" value="27651" />
    </property>
    <property class="ChunkMeshes0">
      <property name="Vertices" value="94890" />
      <property name="Triangles" value="49512" />
    </property>
    <property class="ChunkMeshes1">
      <property name="Vertices" value="0" />
      <property name="Triangles" value="0" />
    </property>
    <property class="ChunkMeshes2">
      <property name="Vertices" value="2632" />
      <property name="Triangles" value="1316" />
    </property>
    <property class="ChunkMeshes3">
      <property name="Vertices" value="0" />
      <property name="Triangles" value="0" />
    </property>
    <property class="ChunkMeshes4">
      <property name="Vertices" value="0" />
      <property name="Triangles" value="0" />
    </property>
    <property class="ChunkMeshes5">
      <property name="Vertices" value="2978" />
      <property name="Triangles" value="4928" />
    </property>
  </property>
</prefab>