﻿<?xml version="1.0" encoding="UTF-8"?>
<prefab>
  <property name="CopyAirBlocks" value="True" />
  <property name="ExcludeDistantPOIMesh" value="False" />
  <property name="ExcludePOICulling" value="False" />
  <property name="DistantPOIYOffset" value="0" />
  <property name="AllowTopSoilDecorations" value="False" />
  <property name="DifficultyTier" value="0" />
  <property name="ShowQuestClearCount" value="1" />
  <property name="TraderArea" value="False" />
  <property name="PrefabSize" value="83, 59, 86" />
  <property name="RotationToFaceNorth" value="2" />
  <property name="Zoning" value="none" />
  <property class="IndexedBlockOffsets">
    <property class="quest_stone">
      <property name="0" value="59, 5, 84" />
      <property name="1" value="62, 5, 84" />
    </property>
    <property class="challenge_mech_parts">
      <property name="0" value="60, 6, 69" />
      <property name="1" value="63, 6, 73" />
    </property>
    <property class="challenge_sinks">
      <property name="0" value="73, 6, 27" />
      <property name="1" value="75, 6, 27" />
      <property name="2" value="77, 6, 27" />
      <property name="3" value="79, 6, 27" />
    </property>
    <property class="challenge_polymers">
      <property name="0" value="73, 9, 47" />
    </property>
    <property class="challenge_leather">
      <property name="0" value="60, 16, 46" />
      <property name="1" value="60, 21, 46" />
      <property name="2" value="61, 21, 46" />
      <property name="3" value="62, 21, 46" />
      <property name="4" value="60, 16, 47" />
      <property name="5" value="60, 16, 48" />
    </property>
    <property class="quest_wood">
      <property name="0" value="9, 5, 1" />
    </property>
    <property class="TraderOnOff">
      <property name="0" value="73, 11, 47" />
      <property name="1" value="73, 11, 51" />
    </property>
    <property class="lpblock">
      <property name="0" value="62, 4, 63" />
    </property>
    <property class="POILight">
      <property name="0" value="73, 9, 45" />
      <property name="1" value="76, 9, 45" />
    </property>
    <property class="challenge_steel">
      <property name="0" value="76, 6, 47" />
      <property name="1" value="77, 6, 47" />
    </property>
  </property>
  <property class="Stats">
    <property name="TotalVertices" value="3663877" />
    <property name="TotalTriangles" value="1587578" />
    <property class="BlockEntities">
      <property name="Vertices" value="2541993" />
      <property name="Triangles" value="953967" />
    </property>
    <property class="ChunkMeshes0">
      <property name="Vertices" value="1018486" />
      <property name="Triangles" value="558459" />
    </property>
    <property class="ChunkMeshes1">
      <property name="Vertices" value="0" />
      <property name="Triangles" value="0" />
    </property>
    <property class="ChunkMeshes2">
      <property name="Vertices" value="82408" />
      <property name="Triangles" value="41220" />
    </property>
    <property class="ChunkMeshes3">
      <property name="Vertices" value="480" />
      <property name="Triangles" value="240" />
    </property>
    <property class="ChunkMeshes4">
      <property name="Vertices" value="0" />
      <property name="Triangles" value="0" />
    </property>
    <property class="ChunkMeshes5">
      <property name="Vertices" value="20510" />
      <property name="Triangles" value="33692" />
    </property>
  </property>
</prefab>