﻿<?xml version="1.0" encoding="UTF-8"?>
<prefab>
  <property name="CopyAirBlocks" value="True" />
  <property name="AllowTopSoilDecorations" value="True" />
  <property name="TraderArea" value="False" />
  <property name="ExcludeDistantPOIMesh" value="False" />
  <property name="ExcludePOICulling" value="False" />
  <property name="DifficultyTier" value="5" />
  <property name="Zoning" value="None" />
  <property name="AllowedBiomes" value="wasteland" />
  <property name="AllowedTownships" value="wilderness" />
  <property name="RotationToFaceNorth" value="2" />
  <property name="DistantPOIYOffset" value="0" />
  <property name="EditorGroups" value="Wilderness" />
  <property name="Tags" value="wasteland, wilderness" />
  <property name="ShowQuestClearCount" value="1" />
  <property name="PrefabSize" value="31, 26, 33" />
  <property name="QuestTags" value="wasteland" />
  <property class="Stats">
    <property name="TotalVertices" value="875543" />
    <property name="TotalTriangles" value="383309" />
    <property class="BlockEntities">
      <property name="Vertices" value="608803" />
      <property name="Triangles" value="212035" />
    </property>
    <property class="ChunkMeshes0">
      <property name="Vertices" value="246824" />
      <property name="Triangles" value="157338" />
    </property>
    <property class="ChunkMeshes1">
      <property name="Vertices" value="16512" />
      <property name="Triangles" value="8256" />
    </property>
    <property class="ChunkMeshes2">
      <property name="Vertices" value="0" />
      <property name="Triangles" value="0" />
    </property>
    <property class="ChunkMeshes3">
      <property name="Vertices" value="0" />
      <property name="Triangles" value="0" />
    </property>
    <property class="ChunkMeshes4">
      <property name="Vertices" value="0" />
      <property name="Triangles" value="0" />
    </property>
    <property class="ChunkMeshes5">
      <property name="Vertices" value="3404" />
      <property name="Triangles" value="5680" />
    </property>
  </property>
  <property class="IndexedBlockOffsets">
    <property class="TraderOnOff">
      <property name="0" value="17, 9, 17" />
      <property name="1" value="17, 22, 17" />
      <property name="2" value="26, 16, 17" />
      <property name="3" value="26, 9, 19" />
      <property name="4" value="26, 9, 20" />
      <property name="5" value="15, 4, 21" />
      <property name="6" value="26, 9, 21" />
      <property name="7" value="26, 9, 23" />
      <property name="8" value="18, 16, 24" />
      <property name="9" value="26, 9, 24" />
      <property name="10" value="26, 9, 25" />
      <property name="11" value="15, 16, 28" />
      <property name="12" value="17, 9, 28" />
      <property name="13" value="18, 9, 28" />
      <property name="14" value="19, 9, 28" />
      <property name="15" value="21, 9, 28" />
      <property name="16" value="22, 9, 28" />
      <property name="17" value="23, 9, 28" />
      <property name="18" value="19, 17, 29" />
      <property name="19" value="21, 17, 29" />
      <property name="20" value="23, 17, 29" />
      <property name="21" value="27, 17, 21" />
      <property name="22" value="27, 17, 23" />
      <property name="23" value="27, 17, 25" />
    </property>
    <property class="quest_wood">
      <property name="0" value="21, 22, 16" />
      <property name="1" value="21, 22, 18" />
      <property name="2" value="21, 22, 19" />
      <property name="3" value="21, 22, 20" />
      <property name="4" value="21, 22, 21" />
      <property name="5" value="21, 22, 22" />
      <property name="6" value="16, 22, 23" />
      <property name="7" value="17, 22, 23" />
      <property name="8" value="18, 22, 23" />
      <property name="9" value="19, 22, 23" />
      <property name="10" value="20, 22, 23" />
      <property name="11" value="21, 22, 23" />
    </property>
  </property>
</prefab>