﻿<?xml version="1.0" encoding="UTF-8"?>
<prefab>
  <property name="CopyAirBlocks" value="True" />
  <property name="AllowTopSoilDecorations" value="False" />
  <property name="TraderArea" value="False" />
  <property name="ExcludeDistantPOIMesh" value="False" />
  <property name="ExcludePOICulling" value="False" />
  <property name="DifficultyTier" value="1" />
  <property name="RotationToFaceNorth" value="0" />
  <property name="YOffset" value="-5" />
  <property name="DistantPOIYOffset" value="0" />
  <property name="ShowQuestClearCount" value="1" />
  <property name="PrefabSize" value="46, 29, 38" />
  <property name="Zoning" value="none" />
  <property class="IndexedBlockOffsets">
    <property class="TraderOnOff">
      <property name="0" value="39, 7, 26" />
      <property name="1" value="40, 7, 26" />
    </property>
    <property class="challenge_polymers">
      <property name="0" value="35, 17, 24" />
    </property>
  </property>
  <property class="Stats">
    <property name="TotalVertices" value="236816" />
    <property name="TotalTriangles" value="132397" />
    <property class="BlockEntities">
      <property name="Vertices" value="91644" />
      <property name="Triangles" value="50770" />
    </property>
    <property class="ChunkMeshes0">
      <property name="Vertices" value="140054" />
      <property name="Triangles" value="75583" />
    </property>
    <property class="ChunkMeshes1">
      <property name="Vertices" value="0" />
      <property name="Triangles" value="0" />
    </property>
    <property class="ChunkMeshes2">
      <property name="Vertices" value="2104" />
      <property name="Triangles" value="1052" />
    </property>
    <property class="ChunkMeshes3">
      <property name="Vertices" value="0" />
      <property name="Triangles" value="0" />
    </property>
    <property class="ChunkMeshes4">
      <property name="Vertices" value="0" />
      <property name="Triangles" value="0" />
    </property>
    <property class="ChunkMeshes5">
      <property name="Vertices" value="3014" />
      <property name="Triangles" value="4992" />
    </property>
  </property>
</prefab>