﻿<?xml version="1.0" encoding="UTF-8"?>
<prefab>
  <property name="CopyAirBlocks" value="True" />
  <property name="AllowTopSoilDecorations" value="True" />
  <property name="TraderArea" value="False" />
  <property name="ExcludeDistantPOIMesh" value="False" />
  <property name="ExcludePOICulling" value="False" />
  <property name="QuestTags" value="clear, fetch" />
  <property name="DifficultyTier" value="2" />
  <property name="Zoning" value="Industrial" />
  <property name="AllowedBiomes" value="snow,pine_forest,desert" />
  <property name="AllowedTownships" value="city" />
  <property name="RotationToFaceNorth" value="2" />
  <property name="YOffset" value="-3" />
  <property name="DistantPOIYOffset" value="0" />
  <property name="EditorGroups" value="industrial" />
  <property name="SleeperVolumeStart" value="3, 3, 4#13, 2, 7#1, 3, 22#7, 7, 7" />
  <property name="SleeperVolumeSize" value="10, 2, 18#24, 5, 15#35, 9, 18#30, 10, 15" />
  <property name="SleeperVolumeGroup" value="GroupGenericZombie,1,2,ZomUtilityWorker,5,6,ZomUtilityWorker,8,12,ZomUtilityWorker,4,5" />
  <property name="SleeperVolumeGameStageAdjust" value=",,,,,,,," />
  <property name="SleeperIsLootVolume" value="False,False,False,False" />
  <property name="SleeperIsQuestExclude" value="False,False,False,False" />
  <property name="SleeperVolumeFlags" value="0,0,0,0" />
  <property name="SleeperVolumeGroupId" value="0,0,0,0" />
  <property name="ShowQuestClearCount" value="1" />
  <property name="PrefabSize" value="42, 22, 42" />
  <property name="Tags" value="desert, snow, industrial, pine_forest" />
  <property name="SleeperVolumeTriggeredBy" value=" # # # " />
  <property class="IndexedBlockOffsets">
    <property class="quest_wood_trees">
      <property name="0" value="40, 3, 40" />
    </property>
    <property class="challenge_sinks">
      <property name="0" value="22, 2, 29" />
      <property name="1" value="23, 3, 32" />
      <property name="2" value="23, 3, 33" />
      <property name="3" value="22, 2, 35" />
    </property>
    <property class="TraderOnOff">
      <property name="0" value="22, 3, 25" />
      <property name="1" value="23, 3, 25" />
    </property>
    <property class="POILight">
      <property name="0" value="24, 4, 23" />
      <property name="1" value="34, 5, 24" />
      <property name="2" value="23, 4, 31" />
    </property>
    <property class="quest_feather">
      <property name="0" value="34, 8, 34" />
    </property>
    <property class="challenge_polymers">
      <property name="0" value="17, 6, 10" />
    </property>
    <property class="challenge_steel">
      <property name="0" value="19, 3, 12" />
    </property>
    <property class="challenge_mech_parts">
      <property name="0" value="23, 3, 29" />
      <property name="1" value="23, 3, 35" />
    </property>
    <property class="FetchContainer">
      <property name="0" value="31, 3, 9" />
      <property name="1" value="22, 6, 20" />
    </property>
    <property class="challenge_elec_parts">
      <property name="0" value="9, 15, 29" />
      <property name="1" value="17, 15, 29" />
    </property>
    <property class="Rally">
      <property name="0" value="23, 3, 0" />
    </property>
    <property class="quest_stone_boulder">
      <property name="0" value="29, 3, 37" />
      <property name="1" value="36, 3, 37" />
    </property>
  </property>
  <property class="Stats">
    <property name="TotalVertices" value="461311" />
    <property name="TotalTriangles" value="192888" />
    <property class="BlockEntities">
      <property name="Vertices" value="378531" />
      <property name="Triangles" value="137969" />
    </property>
    <property class="ChunkMeshes0">
      <property name="Vertices" value="70212" />
      <property name="Triangles" value="41761" />
    </property>
    <property class="ChunkMeshes1">
      <property name="Vertices" value="0" />
      <property name="Triangles" value="0" />
    </property>
    <property class="ChunkMeshes2">
      <property name="Vertices" value="1136" />
      <property name="Triangles" value="754" />
    </property>
    <property class="ChunkMeshes3">
      <property name="Vertices" value="5520" />
      <property name="Triangles" value="2760" />
    </property>
    <property class="ChunkMeshes4">
      <property name="Vertices" value="0" />
      <property name="Triangles" value="0" />
    </property>
    <property class="ChunkMeshes5">
      <property name="Vertices" value="5912" />
      <property name="Triangles" value="9644" />
    </property>
  </property>
</prefab>