﻿<?xml version="1.0" encoding="UTF-8"?>
<prefab>
  <property name="CopyAirBlocks" value="True" />
  <property name="AllowTopSoilDecorations" value="True" />
  <property name="TraderArea" value="False" />
  <property name="ExcludeDistantPOIMesh" value="False" />
  <property name="ExcludePOICulling" value="False" />
  <property name="QuestTags" value="clear, fetch" />
  <property name="DifficultyTier" value="3" />
  <property name="RotationToFaceNorth" value="0" />
  <property name="YOffset" value="-10" />
  <property name="DistantPOIYOffset" value="0" />
  <property name="AllowedBiomes" value="pine_forest" />
  <property name="AllowedTownships" value="rural" />
  <property name="EditorGroups" value="rural" />
  <property name="SleeperVolumeStart" value="26, 10, 37#15, 3, 37#0, 10, 0#17, 12, 42#14, 10, 42" />
  <property name="SleeperVolumeSize" value="20, 6, 21#12, 7, 11#20, 3, 38#9, 4, 12#12, 1, 16" />
  <property name="SleeperVolumeGroup" value="GroupGenericZombie,16,16,GroupGenericZombie,3,3,GroupGenericZombie,12,17,GroupGenericZombie,1,2,GroupGenericZombie,3,5" />
  <property name="SleeperVolumeGameStageAdjust" value="," />
  <property name="SleeperIsLootVolume" value="False,False,False,False,False" />
  <property name="SleeperIsQuestExclude" value="False,False,False,False,False" />
  <property name="SleeperVolumeFlags" value="0,0,0,0,0" />
  <property name="SleeperVolumeGroupId" value="0,0,0,0,0" />
  <property name="ShowQuestClearCount" value="0" />
  <property name="Zoning" value="none" />
  <property name="Tags" value="rural, pine_forest" />
  <property name="PrefabSize" value="60, 30, 60" />
  <property name="SleeperVolumeTriggeredBy" value=" # # # # " />
  <property class="IndexedBlockOffsets">
    <property class="Rally">
      <property name="0" value="4, 10, 59" />
    </property>
    <property class="quest_wood_trees">
      <property name="0" value="34, 10, 59" />
      <property name="1" value="39, 10, 59" />
    </property>
    <property class="quest_feather">
      <property name="0" value="33, 19, 49" />
      <property name="1" value="42, 10, 59" />
    </property>
    <property class="POILight">
      <property name="0" value="43, 15, 46" />
      <property name="1" value="32, 12, 48" />
      <property name="2" value="35, 15, 48" />
      <property name="3" value="43, 11, 48" />
      <property name="4" value="37, 16, 51" />
      <property name="5" value="33, 12, 52" />
      <property name="6" value="37, 12, 54" />
      <property name="7" value="35, 14, 56" />
      <property name="8" value="40, 11, 56" />
    </property>
    <property class="challenge_polymers">
      <property name="0" value="37, 10, 54" />
    </property>
    <property class="challenge_sinks">
      <property name="0" value="35, 10, 55" />
      <property name="1" value="37, 10, 56" />
      <property name="2" value="37, 14, 56" />
      <property name="3" value="38, 10, 56" />
    </property>
    <property class="TraderOnOff">
      <property name="0" value="28, 10, 47" />
    </property>
    <property class="challenge_leather">
      <property name="0" value="39, 10, 43" />
      <property name="1" value="40, 10, 43" />
      <property name="2" value="41, 10, 43" />
      <property name="3" value="42, 10, 43" />
      <property name="4" value="39, 10, 44" />
      <property name="5" value="42, 10, 44" />
      <property name="6" value="39, 10, 45" />
    </property>
    <property class="FetchContainer">
      <property name="0" value="36, 14, 47" />
      <property name="1" value="35, 15, 51" />
      <property name="2" value="35, 10, 56" />
    </property>
    <property class="challenge_mech_parts">
      <property name="0" value="31, 11, 46" />
      <property name="1" value="35, 14, 52" />
    </property>
    <property class="challenge_steel">
      <property name="0" value="42, 14, 46" />
    </property>
    <property class="challenge_gore">
      <property name="0" value="38, 10, 51" />
      <property name="1" value="36, 10, 55" />
    </property>
  </property>
  <property class="Stats">
    <property name="TotalVertices" value="432950" />
    <property name="TotalTriangles" value="257532" />
    <property class="BlockEntities">
      <property name="Vertices" value="389974" />
      <property name="Triangles" value="220204" />
    </property>
    <property class="ChunkMeshes0">
      <property name="Vertices" value="29134" />
      <property name="Triangles" value="15762" />
    </property>
    <property class="ChunkMeshes1">
      <property name="Vertices" value="0" />
      <property name="Triangles" value="0" />
    </property>
    <property class="ChunkMeshes2">
      <property name="Vertices" value="1910" />
      <property name="Triangles" value="1206" />
    </property>
    <property class="ChunkMeshes3">
      <property name="Vertices" value="0" />
      <property name="Triangles" value="0" />
    </property>
    <property class="ChunkMeshes4">
      <property name="Vertices" value="0" />
      <property name="Triangles" value="0" />
    </property>
    <property class="ChunkMeshes5">
      <property name="Vertices" value="11932" />
      <property name="Triangles" value="20360" />
    </property>
  </property>
</prefab>