﻿<?xml version="1.0" encoding="UTF-8"?>
<prefab>
  <property name="CopyAirBlocks" value="True" />
  <property name="AllowTopSoilDecorations" value="True" />
  <property name="TraderArea" value="False" />
  <property name="ExcludeDistantPOIMesh" value="False" />
  <property name="ExcludePOICulling" value="False" />
  <property name="DifficultyTier" value="1" />
  <property name="Zoning" value="NoZone, none" />
  <property name="RotationToFaceNorth" value="0" />
  <property name="YOffset" value="-2" />
  <property name="DistantPOIYOffset" value="0" />
  <property name="EditorGroups" value="rural, Wilderness" />
  <property name="SleeperVolumeStart" value="5, 1, 3" />
  <property name="SleeperVolumeSize" value="15, 8, 19" />
  <property name="SleeperVolumeGroup" value="GroupGenericZombie,4,8" />
  <property name="SleeperVolumeGameStageAdjust" value="" />
  <property name="SleeperIsLootVolume" value="False" />
  <property name="SleeperIsQuestExclude" value="False" />
  <property name="SleeperVolumeFlags" value="0" />
  <property name="SleeperVolumeGroupId" value="0" />
  <property name="ShowQuestClearCount" value="1" />
  <property name="PrefabSize" value="25, 7, 25" />
  <property name="Tags" value="rural, downtown" />
  <property name="SleeperVolumeTriggeredBy" value=" " />
  <property name="QuestTags" value="clear, infested" />
  <property class="Stats">
    <property name="TotalVertices" value="75405" />
    <property name="TotalTriangles" value="28011" />
    <property class="BlockEntities">
      <property name="Vertices" value="66323" />
      <property name="Triangles" value="20839" />
    </property>
    <property class="ChunkMeshes0">
      <property name="Vertices" value="6938" />
      <property name="Triangles" value="3780" />
    </property>
    <property class="ChunkMeshes1">
      <property name="Vertices" value="0" />
      <property name="Triangles" value="0" />
    </property>
    <property class="ChunkMeshes2">
      <property name="Vertices" value="200" />
      <property name="Triangles" value="100" />
    </property>
    <property class="ChunkMeshes3">
      <property name="Vertices" value="0" />
      <property name="Triangles" value="0" />
    </property>
    <property class="ChunkMeshes4">
      <property name="Vertices" value="0" />
      <property name="Triangles" value="0" />
    </property>
    <property class="ChunkMeshes5">
      <property name="Vertices" value="1944" />
      <property name="Triangles" value="3292" />
    </property>
  </property>
  <property class="IndexedBlockOffsets">
    <property class="POILight">
      <property name="0" value="14, 4, 7" />
    </property>
    <property class="challenge_polymers">
      <property name="0" value="12, 6, 13" />
    </property>
    <property class="challenge_sinks">
      <property name="0" value="11, 6, 11" />
    </property>
    <property class="TraderOnOff">
      <property name="0" value="8, 2, 14" />
    </property>
    <property class="Rally">
      <property name="0" value="8, 2, 23" />
    </property>
  </property>
</prefab>