﻿<?xml version="1.0" encoding="UTF-8"?>
<prefab>
  <property name="CopyAirBlocks" value="True" />
  <property name="AllowTopSoilDecorations" value="True" />
  <property name="TraderArea" value="False" />
  <property name="ExcludeDistantPOIMesh" value="False" />
  <property name="ExcludePOICulling" value="False" />
  <property name="QuestTags" value="clear, fetch" />
  <property name="DifficultyTier" value="2" />
  <property name="RotationToFaceNorth" value="2" />
  <property name="YOffset" value="-11" />
  <property name="DistantPOIYOffset" value="0" />
  <property name="AllowedBiomes" value="pine_forest" />
  <property name="AllowedTownships" value="rural" />
  <property name="EditorGroups" value="rural" />
  <property name="SleeperVolumeStart" value="29, 11, 20#31, 1, 35#29, 11, 0#31, 12, 6#50, 1, 16" />
  <property name="SleeperVolumeSize" value="30, 2, 39#21, 9, 23#29, 1, 20#18, 9, 14#8, 10, 11" />
  <property name="SleeperVolumeGroup" value="GroupGenericZombie,6,6,GroupGenericZombie,8,12,GroupGenericZombie,2,2,GroupGenericZombie,7,7,ZomUtilityWorker,1,1" />
  <property name="SleeperVolumeGameStageAdjust" value=",,,," />
  <property name="SleeperIsLootVolume" value="False,False,False,False,False" />
  <property name="SleeperIsQuestExclude" value="False,False,False,False,False" />
  <property name="SleeperVolumeFlags" value="0,0,0,0,0" />
  <property name="SleeperVolumeGroupId" value="0,0,0,0,0" />
  <property name="ShowQuestClearCount" value="1" />
  <property name="Zoning" value="none, Rural, ResidentialOld" />
  <property name="Tags" value="rural, pine_forest" />
  <property name="PrefabSize" value="60, 20, 60" />
  <property name="SleeperVolumeTriggeredBy" value=" # # # # " />
  <property class="IndexedBlockOffsets">
    <property class="quest_wood_trees">
      <property name="0" value="57, 11, 30" />
    </property>
    <property class="challenge_polymers">
      <property name="0" value="14, 12, 14" />
      <property name="1" value="18, 12, 18" />
      <property name="2" value="14, 12, 22" />
    </property>
    <property class="TraderOnOff">
      <property name="0" value="8, 12, 15" />
      <property name="1" value="9, 16, 16" />
      <property name="2" value="13, 16, 25" />
    </property>
    <property class="POILight">
      <property name="0" value="46, 12, 14" />
      <property name="1" value="52, 12, 14" />
      <property name="2" value="52, 4, 15" />
      <property name="3" value="56, 3, 15" />
      <property name="4" value="49, 12, 17" />
      <property name="5" value="52, 12, 17" />
      <property name="6" value="49, 12, 20" />
      <property name="7" value="52, 12, 20" />
      <property name="8" value="55, 4, 21" />
      <property name="9" value="47, 12, 24" />
      <property name="10" value="47, 4, 25" />
    </property>
    <property class="challenge_mech_parts">
      <property name="0" value="38, 12, 4" />
      <property name="1" value="33, 13, 13" />
    </property>
    <property class="FetchContainer">
      <property name="0" value="46, 2, 27" />
    </property>
    <property class="challenge_sinks">
      <property name="0" value="56, 2, 11" />
    </property>
    <property class="challenge_leather">
      <property name="0" value="7, 12, 20" />
      <property name="1" value="8, 12, 20" />
      <property name="2" value="9, 12, 20" />
      <property name="3" value="9, 12, 21" />
      <property name="4" value="9, 12, 22" />
      <property name="5" value="8, 16, 23" />
      <property name="6" value="9, 12, 23" />
      <property name="7" value="9, 16, 23" />
      <property name="8" value="8, 16, 24" />
      <property name="9" value="9, 12, 24" />
      <property name="10" value="11, 16, 25" />
      <property name="11" value="10, 16, 26" />
      <property name="12" value="11, 16, 26" />
    </property>
    <property class="Rally">
      <property name="0" value="21, 11, 0" />
    </property>
    <property class="challenge_steel">
      <property name="0" value="19, 2, 3" />
    </property>
    <property class="challenge_pallet">
      <property name="0" value="41, 2, 22" />
      <property name="1" value="41, 3, 22" />
    </property>
  </property>
  <property class="Stats">
    <property name="TotalVertices" value="888099" />
    <property name="TotalTriangles" value="487770" />
    <property class="BlockEntities">
      <property name="Vertices" value="764122" />
      <property name="Triangles" value="394347" />
    </property>
    <property class="ChunkMeshes0">
      <property name="Vertices" value="91597" />
      <property name="Triangles" value="60497" />
    </property>
    <property class="ChunkMeshes1">
      <property name="Vertices" value="7168" />
      <property name="Triangles" value="3584" />
    </property>
    <property class="ChunkMeshes2">
      <property name="Vertices" value="1894" />
      <property name="Triangles" value="1378" />
    </property>
    <property class="ChunkMeshes3">
      <property name="Vertices" value="9936" />
      <property name="Triangles" value="4968" />
    </property>
    <property class="ChunkMeshes4">
      <property name="Vertices" value="0" />
      <property name="Triangles" value="0" />
    </property>
    <property class="ChunkMeshes5">
      <property name="Vertices" value="13382" />
      <property name="Triangles" value="22996" />
    </property>
  </property>
</prefab>