﻿<?xml version="1.0" encoding="UTF-8"?>
<prefab>
  <property name="CopyAirBlocks" value="True" />
  <property name="AllowTopSoilDecorations" value="True" />
  <property name="TraderArea" value="False" />
  <property name="ExcludeDistantPOIMesh" value="False" />
  <property name="ExcludePOICulling" value="False" />
  <property name="DifficultyTier" value="1" />
  <property name="Zoning" value="none" />
  <property name="RotationToFaceNorth" value="2" />
  <property name="YOffset" value="-4" />
  <property name="DistantPOIYOffset" value="0" />
  <property name="EditorGroups" value="rural" />
  <property name="SleeperVolumeStart" value="12, 1, 7#3, 4, 16#3, 4, 6#3, 8, 6#3, 3, 3" />
  <property name="SleeperVolumeSize" value="6, 2, 10#19, 2, 7#15, 2, 9#15, 2, 9#20, 2, 3" />
  <property name="SleeperVolumeGroup" value="GroupGenericZombie,1,1,GroupZomBadass,1,1,GroupGenericZombie,3,3,GroupGenericZombie,1,1,GroupGenericZombie,1,1" />
  <property name="SleeperVolumeGameStageAdjust" value=",,,," />
  <property name="SleeperIsLootVolume" value="False,False,False,False,False" />
  <property name="SleeperIsQuestExclude" value="False,False,False,False,False" />
  <property name="SleeperVolumeFlags" value="0,0,0,0,0" />
  <property name="SleeperVolumeGroupId" value="0,0,0,0,0" />
  <property name="ShowQuestClearCount" value="0" />
  <property name="PrefabSize" value="25, 23, 25" />
  <property name="Tags" value="countryresidential, residential, rural" />
  <property name="SleeperVolumeTriggeredBy" value=" # # # # " />
  <property name="QuestTags" value="clear, fetch, infested" />
  <property class="Stats">
    <property name="TotalVertices" value="285268" />
    <property name="TotalTriangles" value="125369" />
    <property class="BlockEntities">
      <property name="Vertices" value="268832" />
      <property name="Triangles" value="116853" />
    </property>
    <property class="ChunkMeshes0">
      <property name="Vertices" value="15300" />
      <property name="Triangles" value="7948" />
    </property>
    <property class="ChunkMeshes1">
      <property name="Vertices" value="0" />
      <property name="Triangles" value="0" />
    </property>
    <property class="ChunkMeshes2">
      <property name="Vertices" value="336" />
      <property name="Triangles" value="168" />
    </property>
    <property class="ChunkMeshes3">
      <property name="Vertices" value="128" />
      <property name="Triangles" value="64" />
    </property>
    <property class="ChunkMeshes4">
      <property name="Vertices" value="672" />
      <property name="Triangles" value="336" />
    </property>
    <property class="ChunkMeshes5">
      <property name="Vertices" value="0" />
      <property name="Triangles" value="0" />
    </property>
  </property>
  <property class="IndexedBlockOffsets">
    <property class="quest_wood_trees">
      <property name="0" value="23, 4, 0" />
      <property name="1" value="12, 4, 4" />
      <property name="2" value="20, 4, 4" />
    </property>
    <property class="challenge_polymers">
      <property name="0" value="14, 1, 14" />
      <property name="1" value="15, 1, 14" />
      <property name="2" value="15, 7, 16" />
    </property>
    <property class="TraderOnOff">
      <property name="0" value="10, 9, 13" />
      <property name="1" value="11, 5, 15" />
    </property>
    <property class="FetchContainer">
      <property name="0" value="15, 9, 14" />
    </property>
    <property class="challenge_sinks">
      <property name="0" value="12, 9, 7" />
      <property name="1" value="14, 6, 7" />
    </property>
    <property class="challenge_mech_parts">
      <property name="0" value="7, 9, 8" />
    </property>
    <property class="challenge_leather">
      <property name="0" value="8, 5, 12" />
      <property name="1" value="8, 5, 13" />
      <property name="2" value="9, 5, 13" />
      <property name="3" value="10, 5, 13" />
      <property name="4" value="11, 5, 13" />
    </property>
    <property class="POILight">
      <property name="0" value="15, 5, 11" />
    </property>
    <property class="Rally">
      <property name="0" value="21, 4, 22" />
    </property>
  </property>
</prefab>