﻿<?xml version="1.0" encoding="UTF-8"?>
<prefab>
  <property name="CopyAirBlocks" value="True" />
  <property name="AllowTopSoilDecorations" value="True" />
  <property name="TraderArea" value="False" />
  <property name="ExcludeDistantPOIMesh" value="False" />
  <property name="ExcludePOICulling" value="False" />
  <property name="QuestTags" value="clear, fetch" />
  <property name="DifficultyTier" value="5" />
  <property name="Zoning" value="none" />
  <property name="RotationToFaceNorth" value="2" />
  <property name="YOffset" value="-5" />
  <property name="DistantPOIYOffset" value="0" />
  <property name="AllowedBiomes" value="burnt_forest,wasteland" />
  <property name="AllowedTownships" value="city" />
  <property name="EditorGroups" value="Emergency Services" />
  <property name="SleeperVolumeStart" value="39, 8, 51#39, 13, 51#56, 18, 51#11, 6, 59#11, 9, 59#11, 13, 59#11, 17, 59#47, 17, 22#47, 6, 23#47, 9, 23#47, 13, 22#61, 13, 52#39, 20, 62#60, 9, 52#39, 17, 51#60, 6, 52#7, 0, 41#39, 6, 51#11, 5, 23" />
  <property name="SleeperVolumeSize" value="21, 5, 30#22, 4, 30#13, 3, 6#28, 3, 22#28, 4, 22#28, 4, 22#28, 4, 22#22, 5, 28#22, 3, 28#22, 4, 28#22, 4, 29#13, 3, 33#10, 4, 19#14, 4, 33#17, 3, 30#14, 3, 16#67, 5, 43#21, 2, 30#28, 3, 36" />
  <property name="SleeperVolumeGroup" value="GroupGenericZombie,2,2,GroupGenericZombie,5,6,GroupGenericZombie,1,2,GroupGenericZombie,10,14,GroupGenericZombie,9,12,GroupGenericZombie,9,12,GroupGenericZombie,8,10,GroupGenericZombie,5,5,GroupGenericZombie,9,12,GroupGenericZombie,10,14,GroupGenericZombie,8,12,GroupHospital,15,20,GroupGenericZombie,2,2,GroupGenericZombie,3,5,GroupGenericZombie,3,4,GroupGenericZombie,1,1,GroupHospital,20,30,GroupGenericZombie,4,4,GroupLabWorker,5,7" />
  <property name="SleeperVolumeGameStageAdjust" value=",,,,,,,,,,,,,,,,,," />
  <property name="SleeperIsLootVolume" value="False,False,False,False,False,False,False,False,False,False,False,False,False,False,False,False,False,False,False" />
  <property name="SleeperIsQuestExclude" value="False,False,False,False,False,False,False,False,False,False,False,False,False,False,False,False,False,False,False" />
  <property name="SleeperVolumeFlags" value="0,0,0,0,0,0,0,0,0,0,0,0,0,0,0,0,0,0,0" />
  <property name="SleeperVolumeGroupId" value="0,0,0,0,0,0,0,0,0,0,0,0,0,0,0,0,0,0,0" />
  <property name="ShowQuestClearCount" value="3" />
  <property name="Tags" value="desert, commercial" />
  <property name="PrefabSize" value="100, 26, 100" />
  <property name="SleeperVolumeTriggeredBy" value=" # # # # # # # # # # # # # # # # # # " />
  <property class="IndexedBlockOffsets">
    <property class="quest_wood_trees">
      <property name="0" value="68, 5, 43" />
      <property name="1" value="76, 5, 34" />
      <property name="2" value="77, 5, 38" />
      <property name="3" value="77, 5, 42" />
    </property>
    <property class="challenge_gore">
      <property name="0" value="34, 1, 66" />
      <property name="1" value="34, 1, 68" />
      <property name="2" value="34, 1, 71" />
      <property name="3" value="35, 1, 69" />
      <property name="4" value="35, 1, 72" />
      <property name="5" value="36, 1, 66" />
      <property name="6" value="40, 1, 66" />
      <property name="7" value="41, 1, 69" />
      <property name="8" value="36, 3, 72" />
      <property name="9" value="37, 3, 71" />
    </property>
    <property class="challenge_mech_parts">
      <property name="0" value="71, 6, 66" />
      <property name="1" value="75, 10, 66" />
    </property>
    <property class="challenge_sinks">
      <property name="0" value="69, 6, 53" />
      <property name="1" value="69, 6, 65" />
      <property name="2" value="73, 6, 50" />
      <property name="3" value="73, 6, 54" />
      <property name="4" value="73, 6, 65" />
      <property name="5" value="67, 10, 61" />
      <property name="6" value="67, 10, 65" />
      <property name="7" value="69, 10, 65" />
      <property name="8" value="70, 10, 52" />
      <property name="9" value="70, 10, 63" />
      <property name="10" value="71, 10, 50" />
      <property name="11" value="69, 14, 65" />
      <property name="12" value="70, 14, 52" />
      <property name="13" value="70, 14, 63" />
      <property name="14" value="71, 14, 50" />
    </property>
    <property class="challenge_polymers">
      <property name="0" value="50, 1, 67" />
    </property>
    <property class="POILight">
      <property name="0" value="70, 8, 66" />
      <property name="1" value="74, 8, 66" />
      <property name="2" value="76, 11, 67" />
      <property name="3" value="76, 15, 66" />
    </property>
    <property class="TraderOnOff">
      <property name="0" value="70, 10, 67" />
      <property name="1" value="70, 14, 67" />
    </property>
    <property class="FetchContainer">
      <property name="0" value="76, 14, 50" />
    </property>
    <property class="challenge_steel">
      <property name="0" value="45, 6, 56" />
      <property name="1" value="42, 14, 61" />
      <property name="2" value="43, 15, 61" />
    </property>
    <property class="challenge_leather">
      <property name="0" value="37, 6, 50" />
      <property name="1" value="37, 6, 51" />
      <property name="2" value="37, 6, 52" />
      <property name="3" value="38, 6, 50" />
      <property name="4" value="38, 6, 51" />
      <property name="5" value="38, 6, 52" />
      <property name="6" value="41, 6, 50" />
      <property name="7" value="41, 6, 51" />
      <property name="8" value="41, 6, 52" />
      <property name="9" value="42, 6, 50" />
      <property name="10" value="42, 6, 51" />
      <property name="11" value="42, 6, 52" />
    </property>
    <property class="challenge_cars">
      <property name="0" value="50, 5, 18" />
      <property name="1" value="50, 5, 21" />
    </property>
    <property class="quest_feather">
      <property name="0" value="66, 21, 55" />
    </property>
    <property class="quest_stone_boulder">
      <property name="0" value="75, 5, 73" />
    </property>
    <property class="Rally">
      <property name="0" value="70, 5, 1" />
    </property>
  </property>
  <property class="Stats">
    <property name="TotalVertices" value="1846857" />
    <property name="TotalTriangles" value="840456" />
    <property class="BlockEntities">
      <property name="Vertices" value="1507530" />
      <property name="Triangles" value="626734" />
    </property>
    <property class="ChunkMeshes0">
      <property name="Vertices" value="298902" />
      <property name="Triangles" value="164963" />
    </property>
    <property class="ChunkMeshes1">
      <property name="Vertices" value="0" />
      <property name="Triangles" value="0" />
    </property>
    <property class="ChunkMeshes2">
      <property name="Vertices" value="13373" />
      <property name="Triangles" value="6707" />
    </property>
    <property class="ChunkMeshes3">
      <property name="Vertices" value="1104" />
      <property name="Triangles" value="552" />
    </property>
    <property class="ChunkMeshes4">
      <property name="Vertices" value="0" />
      <property name="Triangles" value="0" />
    </property>
    <property class="ChunkMeshes5">
      <property name="Vertices" value="25948" />
      <property name="Triangles" value="41500" />
    </property>
  </property>
</prefab>