﻿<?xml version="1.0" encoding="UTF-8"?>
<prefab>
  <property name="CopyAirBlocks" value="True" />
  <property name="AllowTopSoilDecorations" value="True" />
  <property name="TraderArea" value="False" />
  <property name="ExcludeDistantPOIMesh" value="False" />
  <property name="ExcludePOICulling" value="False" />
  <property name="QuestTags" value="clear, fetch, infested" />
  <property name="DifficultyTier" value="2" />
  <property name="Zoning" value="none" />
  <property name="RotationToFaceNorth" value="0" />
  <property name="YOffset" value="-15" />
  <property name="DistantPOIYOffset" value="0" />
  <property name="EditorGroups" value="rural" />
  <property name="SleeperVolumeStart" value="13, 20, 10#9, 15, 20#11, 15, 8#11, 3, 23" />
  <property name="SleeperVolumeSize" value="17, 2, 8#24, 2, 15#21, 3, 12#21, 8, 11" />
  <property name="SleeperVolumeGroup" value="ZomBusinessman,1,2,GroupZomSoldier,2,3,ZomHazMatOnly,5,6,ZomBusinessman,5,6" />
  <property name="SleeperVolumeGameStageAdjust" value=",,," />
  <property name="SleeperIsLootVolume" value="False,False,False,False" />
  <property name="SleeperIsQuestExclude" value="False,False,False,False" />
  <property name="SleeperVolumeFlags" value="0,0,0,0" />
  <property name="SleeperVolumeGroupId" value="0,0,0,0" />
  <property name="ShowQuestClearCount" value="0" />
  <property name="PrefabSize" value="42, 22, 42" />
  <property name="Tags" value="industrial" />
  <property name="SleeperVolumeTriggeredBy" value=" # # # " />
  <property class="IndexedBlockOffsets">
    <property class="FetchContainer">
      <property name="0" value="31, 9, 23" />
      <property name="1" value="25, 8, 28" />
    </property>
    <property class="POILight">
      <property name="0" value="27, 11, 25" />
      <property name="1" value="23, 5, 29" />
      <property name="2" value="23, 7, 29" />
      <property name="3" value="23, 9, 29" />
      <property name="4" value="27, 10, 30" />
      <property name="5" value="22, 17, 32" />
    </property>
    <property class="challenge_sinks">
      <property name="0" value="21, 20, 11" />
      <property name="1" value="25, 20, 11" />
      <property name="2" value="28, 20, 11" />
      <property name="3" value="22, 15, 14" />
      <property name="4" value="22, 15, 15" />
      <property name="5" value="22, 15, 16" />
    </property>
    <property class="challenge_mech_parts">
      <property name="0" value="22, 3, 30" />
    </property>
    <property class="quest_feather">
      <property name="0" value="32, 15, 30" />
    </property>
    <property class="challenge_cars">
      <property name="0" value="27, 15, 24" />
      <property name="1" value="27, 15, 29" />
    </property>
    <property class="challenge_polymers">
      <property name="0" value="14, 10, 32" />
      <property name="1" value="17, 10, 32" />
      <property name="2" value="15, 10, 33" />
      <property name="3" value="15, 11, 33" />
      <property name="4" value="16, 8, 33" />
      <property name="5" value="16, 10, 33" />
      <property name="6" value="17, 8, 33" />
      <property name="7" value="17, 10, 33" />
    </property>
    <property class="Rally">
      <property name="0" value="15, 15, 35" />
    </property>
  </property>
  <property class="Stats">
    <property name="TotalVertices" value="252674" />
    <property name="TotalTriangles" value="121723" />
    <property class="BlockEntities">
      <property name="Vertices" value="122459" />
      <property name="Triangles" value="40881" />
    </property>
    <property class="ChunkMeshes0">
      <property name="Vertices" value="114119" />
      <property name="Triangles" value="61210" />
    </property>
    <property class="ChunkMeshes1">
      <property name="Vertices" value="6080" />
      <property name="Triangles" value="3040" />
    </property>
    <property class="ChunkMeshes2">
      <property name="Vertices" value="160" />
      <property name="Triangles" value="80" />
    </property>
    <property class="ChunkMeshes3">
      <property name="Vertices" value="0" />
      <property name="Triangles" value="0" />
    </property>
    <property class="ChunkMeshes4">
      <property name="Vertices" value="0" />
      <property name="Triangles" value="0" />
    </property>
    <property class="ChunkMeshes5">
      <property name="Vertices" value="9856" />
      <property name="Triangles" value="16512" />
    </property>
  </property>
</prefab>