﻿<?xml version="1.0" encoding="UTF-8"?>
<prefab>
  <property name="CopyAirBlocks" value="True" />
  <property name="AllowTopSoilDecorations" value="True" />
  <property name="TraderArea" value="False" />
  <property name="ExcludeDistantPOIMesh" value="False" />
  <property name="ExcludePOICulling" value="False" />
  <property name="QuestTags" value="clear, fetch, infested" />
  <property name="DifficultyTier" value="5" />
  <property name="Zoning" value="Downtown" />
  <property name="RotationToFaceNorth" value="2" />
  <property name="YOffset" value="-6" />
  <property name="DistantPOIYOffset" value="0" />
  <property name="EditorGroups" value="downtown" />
  <property name="SleeperVolumeStart" value="20, 4, 1#48, 4, 1#44, 0, 23#19, 0, 23#0, 0, 23#0, 4, 18#0, 11, 18#0, 6, 1#19, 4, 19#43, 12, 23#18, 15, 21#18, 20, 32#5, 21, 23#17, 31, -2#18, 11, 23#18, 20, 19#49, 19, 30#49, 4, 45#27, 2, 45#8, 2, 45#18, 6, 61#8, 6, 61#-1, 6, 61#-1, 6, 44" />
  <property name="SleeperVolumeSize" value="28, 15, 18#21, 8, 44#25, 3, 22#25, 3, 22#19, 4, 22#19, 7, 27#18, 10, 27#19, 12, 16#29, 7, 26#25, 7, 22#25, 5, 24#25, 10, 13#13, 9, 22#42, 15, 29#25, 4, 22#25, 10, 13#5, 16, 15#20, 7, 22#21, 7, 22#19, 5, 16#9, 9, 7#10, 9, 7#9, 7, 7#9, 7, 17" />
  <property name="SleeperVolumeGroup" value="S_-Group_Generic_Zombie,4,5,S_Zom_Utility_Worker,4,6,S_Zom_Utility_Worker,4,6,S_-_Group_Biker_Bar,3,5,S_-Group_Generic_Zombie,3,4,S_Zom_Utility_Worker,3,6,S_Zom_Utility_Worker,7,10,S_-Group_Generic_Zombie,3,5,S_-_Group_Zom_Badass_Only,7,9,S_-_Group_Zom_Soldier,2,4,S_-_Group_Abandoned_House,6,9,S_-Group_Generic_Zombie,6,8,S_-_Group_Abandoned_House,15,20,S_Zom_Utility_Worker,4,6,S_-Group_Generic_Zombie,3,5,S_-Group_Generic_Zombie,4,7,S_-_Group_Zom_Badass_Only,1,1,S_-Group_Generic_Zombie,2,3,S_Zom_Utility_Worker,1,2,S_-Group_Generic_Zombie,1,1,S_-Group_Generic_Zombie,2,3,S_-Group_Generic_Zombie,3,5,S_-Group_Generic_Zombie,1,2,S_Zom_Spider_Only,1,2" />
  <property name="SleeperVolumeGameStageAdjust" value=",,,,,,,,,,,,,,,,,,,,,,," />
  <property name="SleeperIsLootVolume" value="False,False,False,False,False,False,False,False,False,False,False,False,False,False,False,False,False,False,False,False,False,False,False,False" />
  <property name="SleeperIsQuestExclude" value="False,False,False,False,False,False,False,False,False,False,False,False,False,False,False,False,False,False,False,False,False,False,False,False" />
  <property name="SleeperVolumeFlags" value="0,0,0,0,0,0,0,0,0,0,0,0,0,0,0,0,0,0,0,0,0,0,0,0" />
  <property name="SleeperVolumeGroupId" value="0,0,0,0,0,0,0,0,0,0,0,0,0,0,0,0,0,0,0,0,0,0,0,0" />
  <property name="ShowQuestClearCount" value="0" />
  <property name="Tags" value="wilderness,commercial,downtown,countrytown" />
  <property name="PrefabSize" value="70, 45, 69" />
  <property name="SleeperVolumeTriggeredBy" value=" # # # # # # # # # # # # # # # # # # # # # # # " />
  <property class="IndexedBlockOffsets">
    <property class="TraderOnOff">
      <property name="0" value="32, 8, 42" />
      <property name="1" value="21, 12, 43" />
    </property>
    <property class="quest_wood_trees">
      <property name="0" value="51, 6, 66" />
    </property>
    <property class="Rally">
      <property name="0" value="40, 6, 65" />
    </property>
    <property class="POILight">
      <property name="0" value="51, 41, 35" />
      <property name="1" value="51, 43, 35" />
      <property name="2" value="58, 17, 40" />
    </property>
    <property class="FetchContainer">
      <property name="0" value="56, 17, 40" />
    </property>
    <property class="brBlock">
      <property name="0" value="36, 2, 45" />
      <property name="1" value="36, 2, 46" />
    </property>
  </property>
  <property class="Stats">
    <property name="TotalVertices" value="1726960" />
    <property name="TotalTriangles" value="861060" />
    <property class="BlockEntities">
      <property name="Vertices" value="1228265" />
      <property name="Triangles" value="547493" />
    </property>
    <property class="ChunkMeshes0">
      <property name="Vertices" value="457797" />
      <property name="Triangles" value="274223" />
    </property>
    <property class="ChunkMeshes1">
      <property name="Vertices" value="23104" />
      <property name="Triangles" value="11552" />
    </property>
    <property class="ChunkMeshes2">
      <property name="Vertices" value="0" />
      <property name="Triangles" value="0" />
    </property>
    <property class="ChunkMeshes3">
      <property name="Vertices" value="856" />
      <property name="Triangles" value="636" />
    </property>
    <property class="ChunkMeshes4">
      <property name="Vertices" value="0" />
      <property name="Triangles" value="0" />
    </property>
    <property class="ChunkMeshes5">
      <property name="Vertices" value="0" />
      <property name="Triangles" value="0" />
    </property>
    <property class="ChunkMeshes6">
      <property name="Vertices" value="16938" />
      <property name="Triangles" value="27156" />
    </property>
  </property>
</prefab>