﻿<?xml version="1.0" encoding="UTF-8"?>
<prefab>
  <property name="CopyAirBlocks" value="True" />
  <property name="AllowTopSoilDecorations" value="True" />
  <property name="TraderArea" value="True" />
  <property name="ExcludeDistantPOIMesh" value="False" />
  <property name="ExcludePOICulling" value="False" />
  <property name="DifficultyTier" value="1" />
  <property name="Zoning" value="ResidentialOld" />
  <property name="AllowedTownships" value="rural" />
  <property name="AllowedBiomes" value="snow,pine_forest,desert" />
  <property name="RotationToFaceNorth" value="2" />
  <property name="YOffset" value="-2" />
  <property name="DistantPOIYOffset" value="0" />
  <property name="EditorGroups" value="rural" />
  <property name="TraderAreaProtect" value="20, 20, 20" />
  <property name="TraderAreaTeleportSize" value="17, 23, 17" />
  <property name="TraderAreaTeleportCenter" value="0, 0, 0" />
  <property name="SleeperVolumeStart" value="0, 0, 0" />
  <property name="SleeperVolumeSize" value="3, 3, 3" />
  <property name="SleeperVolumeGroup" value="GroupGenericZombie,1,2" />
  <property name="SleeperVolumeGameStageAdjust" value="" />
  <property name="SleeperIsLootVolume" value="False" />
  <property name="SleeperIsQuestExclude" value="False" />
  <property name="SleeperVolumeFlags" value="0" />
  <property name="SleeperVolumeGroupId" value="0" />
  <property name="ShowQuestClearCount" value="1" />
  <property name="TeleportVolumeSize" value="" />
  <property name="TeleportVolumeStart" value="" />
  <property name="SleeperVolumeTriggeredBy" value=" " />
  <property name="PrefabSize" value="17, 22, 17" />
  <property name="QuestTags" value="desert, snow, pine_forest" />
  <property class="IndexedBlockOffsets">
    <property class="quest_wood_trees">
      <property name="0" value="14, 2, 12" />
      <property name="1" value="10, 2, 16" />
      <property name="2" value="16, 2, 16" />
    </property>
    <property class="POILight">
      <property name="0" value="11, 13, 8" />
      <property name="1" value="11, 5, 9" />
      <property name="2" value="15, 4, 9" />
      <property name="3" value="8, 13, 11" />
      <property name="4" value="9, 5, 11" />
    </property>
    <property class="challenge_sinks">
      <property name="0" value="15, 10, 8" />
      <property name="1" value="9, 10, 13" />
    </property>
    <property class="TraderOnOff">
      <property name="0" value="14, 3, 8" />
      <property name="1" value="8, 3, 14" />
    </property>
    <property class="Trader">
      <property name="0" value="4, 8, 11" />
    </property>
    <property class="challenge_polymers">
      <property name="0" value="10, 3, 6" />
    </property>
    <property class="challenge_mech_parts">
      <property name="0" value="12, 3, 8" />
      <property name="1" value="9, 4, 16" />
    </property>
    <property class="challenge_pallet">
      <property name="0" value="11, 4, 10" />
      <property name="1" value="15, 2, 11" />
    </property>
  </property>
  <property class="Stats">
    <property name="TotalVertices" value="243707" />
    <property name="TotalTriangles" value="141745" />
    <property class="BlockEntities">
      <property name="Vertices" value="217449" />
      <property name="Triangles" value="126542" />
    </property>
    <property class="ChunkMeshes0">
      <property name="Vertices" value="24978" />
      <property name="Triangles" value="13571" />
    </property>
    <property class="ChunkMeshes1">
      <property name="Vertices" value="0" />
      <property name="Triangles" value="0" />
    </property>
    <property class="ChunkMeshes2">
      <property name="Vertices" value="416" />
      <property name="Triangles" value="208" />
    </property>
    <property class="ChunkMeshes3">
      <property name="Vertices" value="0" />
      <property name="Triangles" value="0" />
    </property>
    <property class="ChunkMeshes4">
      <property name="Vertices" value="0" />
      <property name="Triangles" value="0" />
    </property>
    <property class="ChunkMeshes5">
      <property name="Vertices" value="864" />
      <property name="Triangles" value="1424" />
    </property>
  </property>
</prefab>