﻿<?xml version="1.0" encoding="UTF-8"?>
<prefab>
  <property name="CopyAirBlocks" value="True" />
  <property name="AllowTopSoilDecorations" value="True" />
  <property name="TraderArea" value="False" />
  <property name="ExcludeDistantPOIMesh" value="False" />
  <property name="ExcludePOICulling" value="False" />
  <property name="QuestTags" value="clear, fetch, infested" />
  <property name="DifficultyTier" value="5" />
  <property name="Zoning" value="Residential" />
  <property name="RotationToFaceNorth" value="2" />
  <property name="YOffset" value="-2" />
  <property name="DistantPOIYOffset" value="0" />
  <property name="EditorGroups" value="rural, Wilderness" />
  <property name="SleeperVolumeStart" value="8, 2, 7#31, 2, 7#31, 2, 23#31, 7, 23#31, 13, 23#31, 1, 44#50, 2, 25#8, 1, 40#9, 2, 32#8, 6, 31#9, 2, 16#8, 6, 15#12, 2, 25#23, 1, 10#7, 2, 23" />
  <property name="SleeperVolumeSize" value="16, 4, 8#24, 6, 16#17, 5, 20#17, 5, 20#17, 7, 20#24, 5, 10#7, 5, 10#15, 5, 10#15, 4, 7#16, 4, 9#15, 4, 7#16, 4, 11#12, 4, 7#8, 3, 40#4, 2, 10" />
  <property name="SleeperVolumeGroup" value="GroupGenericZombie,1,2,GroupZomSoldier,6,7,ZomUtilityWorker,7,9,ZomBusinessman,6,8,GroupGenericZombie,3,4,GroupGenericZombie,3,4,ZomHazMatOnly,2,3,GroupZomBadassOnly,4,5,GroupHospital,4,5,GroupBikerBar,4,6,GroupGenericZombie,2,4,ZomBusinessman,2,3,ZomUtilityWorker,1,1,ZomUtilityWorker,4,6,ZomBurnt,1,2" />
  <property name="SleeperVolumeGameStageAdjust" value=",,,,,,,,,,,,,," />
  <property name="SleeperIsLootVolume" value="False,False,False,False,False,False,False,False,False,False,False,False,False,False,False" />
  <property name="SleeperIsQuestExclude" value="False,False,False,False,False,False,False,False,False,False,False,False,False,False,False" />
  <property name="SleeperVolumeFlags" value="0,0,0,0,0,0,0,0,0,0,0,0,0,0,0" />
  <property name="SleeperVolumeGroupId" value="0,0,0,0,0,0,0,0,0,0,0,0,0,0,0" />
  <property name="ShowQuestClearCount" value="0" />
  <property name="PrefabSize" value="60, 22, 60" />
  <property name="Tags" value="wilderness, rural" />
  <property name="SleeperVolumeTriggeredBy" value=" # # # # # # # # # # # # # # " />
  <property class="IndexedBlockOffsets">
    <property class="quest_wood_trees">
      <property name="0" value="52, 2, 52" />
    </property>
    <property class="challenge_gore">
      <property name="0" value="31, 2, 47" />
    </property>
    <property class="challenge_sinks">
      <property name="0" value="46, 10, 30" />
      <property name="1" value="46, 10, 34" />
      <property name="2" value="46, 10, 35" />
    </property>
    <property class="challenge_polymers">
      <property name="0" value="46, 4, 34" />
    </property>
    <property class="TraderOnOff">
      <property name="0" value="34, 7, 33" />
      <property name="1" value="36, 7, 33" />
      <property name="2" value="38, 7, 33" />
      <property name="3" value="40, 7, 33" />
    </property>
    <property class="Rally">
      <property name="0" value="27, 2, 6" />
    </property>
    <property class="POILight">
      <property name="0" value="32, 10, 31" />
      <property name="1" value="43, 10, 35" />
    </property>
    <property class="FetchContainer">
      <property name="0" value="40, 7, 32" />
    </property>
    <property class="challenge_steel">
      <property name="0" value="46, 16, 32" />
    </property>
    <property class="challenge_mech_parts">
      <property name="0" value="46, 4, 24" />
    </property>
    <property class="challenge_pallet">
      <property name="0" value="46, 3, 22" />
      <property name="1" value="46, 3, 23" />
      <property name="2" value="46, 4, 23" />
      <property name="3" value="46, 4, 27" />
    </property>
    <property class="challenge_stump">
      <property name="0" value="54, 2, 25" />
    </property>
    <property class="brBlock">
      <property name="0" value="48, 2, 32" />
      <property name="1" value="48, 2, 35" />
      <property name="2" value="48, 2, 41" />
    </property>
  </property>
  <property class="Stats">
    <property name="TotalVertices" value="777766" />
    <property name="TotalTriangles" value="401451" />
    <property class="BlockEntities">
      <property name="Vertices" value="680779" />
      <property name="Triangles" value="350976" />
    </property>
    <property class="ChunkMeshes0">
      <property name="Vertices" value="94689" />
      <property name="Triangles" value="49349" />
    </property>
    <property class="ChunkMeshes1">
      <property name="Vertices" value="0" />
      <property name="Triangles" value="0" />
    </property>
    <property class="ChunkMeshes2">
      <property name="Vertices" value="0" />
      <property name="Triangles" value="0" />
    </property>
    <property class="ChunkMeshes3">
      <property name="Vertices" value="1050" />
      <property name="Triangles" value="502" />
    </property>
    <property class="ChunkMeshes4">
      <property name="Vertices" value="1248" />
      <property name="Triangles" value="624" />
    </property>
    <property class="ChunkMeshes5">
      <property name="Vertices" value="0" />
      <property name="Triangles" value="0" />
    </property>
  </property>
</prefab>