﻿<?xml version="1.0" encoding="UTF-8"?>
<prefab>
  <property name="CopyAirBlocks" value="True" />
  <property name="AllowTopSoilDecorations" value="True" />
  <property name="TraderArea" value="False" />
  <property name="ExcludeDistantPOIMesh" value="False" />
  <property name="ExcludePOICulling" value="False" />
  <property name="DifficultyTier" value="5" />
  <property name="Zoning" value="NoZone, none" />
  <property name="RotationToFaceNorth" value="2" />
  <property name="YOffset" value="-32" />
  <property name="DistantPOIYOffset" value="0" />
  <property name="AllowedTownships" value="rural,wilderness" />
  <property name="EditorGroups" value="rural, Wilderness" />
  <property name="SleeperVolumeStart" value="7, 32, 51#28, 32, 51#43, 32, 0#0, 32, 0#0, 32, 6#0, 32, 29#3, 32, 44#14, 26, 20#4, 32, 60#30, 32, 6#30, 32, 23#30, 32, 43#10, 32, 13#10, 32, 20#10, 32, 36#12, 17, 49#21, 18, 6#30, 19, 8#30, 11, 8#6, 15, 9#21, 25, 6" />
  <property name="SleeperVolumeSize" value="15, 5, 9#15, 6, 9#6, 3, 66#43, 3, 6#10, 3, 23#10, 7, 15#7, 3, 7#13, 5, 6#39, 3, 6#13, 7, 17#13, 7, 20#13, 3, 8#20, 3, 7#20, 7, 16#20, 3, 15#26, 7, 11#9, 7, 43#13, 13, 37#13, 8, 37#15, 8, 40#4, 7, 4" />
  <property name="SleeperVolumeGroup" value="GroupZomSoldier,1,4,GroupZomSoldier,1,3,GroupZomSoldier,1,4,GroupZomSoldier,1,4,GroupZomSoldier,1,4,GroupZomSoldier,1,2,GroupZomSoldier,1,1,GroupZomSoldier,5,10,GroupGenericZombie,1,1,GroupZomSoldier,2,6,GroupZomSoldier,4,7,GroupZomSoldier,1,3,GroupZomSoldier,1,4,GroupZomSoldier,5,10,GroupZomSoldier,3,6,ZomUtilityWorker,5,6,GroupZomSoldier,5,18,GroupGenericZombie,5,6,GroupZomSoldier,4,8,GroupZomSoldier,5,18,GroupGenericZombie,1,1" />
  <property name="SleeperVolumeGameStageAdjust" value=",,,,,,,,,,,,,,,,,,,," />
  <property name="SleeperIsLootVolume" value="False,False,False,False,False,False,False,False,False,False,False,False,False,False,False,False,False,False,False,False,False" />
  <property name="SleeperIsQuestExclude" value="False,False,False,False,False,False,False,False,False,False,False,False,False,False,False,False,False,False,False,False,False" />
  <property name="SleeperVolumeFlags" value="0,0,0,0,0,2,2,0,0,0,0,0,0,0,0,0,0,0,2,0,0" />
  <property name="SleeperVolumeGroupId" value="0,0,0,0,0,0,0,0,0,0,0,0,0,0,0,0,0,0,0,0,0" />
  <property name="ShowQuestClearCount" value="0" />
  <property name="QuestTags" value="clear, fetch, infested" />
  <property name="PrefabSize" value="66, 55, 49" />
  <property name="Tags" value="wilderness" />
  <property name="SleeperVolumeTriggeredBy" value=" # # # # # # # # # # # # # # # # # # # # " />
  <property class="IndexedBlockOffsets">
    <property class="POILight">
      <property name="0" value="55, 21, 24" />
      <property name="1" value="57, 21, 24" />
      <property name="2" value="52, 35, 27" />
      <property name="3" value="57, 21, 27" />
      <property name="4" value="52, 38, 29" />
      <property name="5" value="55, 21, 29" />
      <property name="6" value="56, 32, 30" />
      <property name="7" value="53, 21, 34" />
      <property name="8" value="54, 21, 37" />
      <property name="9" value="54, 21, 38" />
    </property>
    <property class="quest_feather">
      <property name="0" value="53, 39, 39" />
    </property>
    <property class="challenge_polymers">
      <property name="0" value="52, 34, 41" />
    </property>
    <property class="challenge_pallet">
      <property name="0" value="53, 19, 27" />
      <property name="1" value="53, 20, 27" />
    </property>
    <property class="challenge_cars">
      <property name="0" value="11, 32, 25" />
    </property>
    <property class="challenge_sinks">
      <property name="0" value="54, 36, 24" />
      <property name="1" value="54, 36, 25" />
      <property name="2" value="54, 37, 25" />
      <property name="3" value="54, 40, 25" />
      <property name="4" value="55, 19, 25" />
      <property name="5" value="55, 40, 25" />
      <property name="6" value="55, 41, 25" />
      <property name="7" value="56, 40, 25" />
      <property name="8" value="56, 41, 25" />
      <property name="9" value="57, 40, 25" />
      <property name="10" value="57, 41, 25" />
      <property name="11" value="58, 40, 25" />
      <property name="12" value="49, 23, 26" />
      <property name="13" value="54, 36, 26" />
      <property name="14" value="57, 19, 26" />
      <property name="15" value="54, 36, 27" />
      <property name="16" value="58, 20, 27" />
      <property name="17" value="54, 36, 28" />
      <property name="18" value="54, 37, 28" />
      <property name="19" value="54, 20, 30" />
    </property>
    <property class="Rally">
      <property name="0" value="30, 32, 1" />
    </property>
    <property class="challenge_mech_parts">
      <property name="0" value="51, 32, 24" />
      <property name="1" value="55, 32, 24" />
      <property name="2" value="55, 36, 26" />
      <property name="3" value="51, 32, 34" />
    </property>
    <property class="TraderOnOff">
      <property name="0" value="53, 33, 27" />
      <property name="1" value="56, 19, 27" />
      <property name="2" value="54, 19, 36" />
    </property>
    <property class="FetchContainer">
      <property name="0" value="55, 19, 19" />
    </property>
    <property class="challenge_gore">
      <property name="0" value="41, 30, 24" />
      <property name="1" value="43, 28, 24" />
      <property name="2" value="43, 30, 24" />
    </property>
    <property class="challenge_leather">
      <property name="0" value="40, 19, 34" />
      <property name="1" value="40, 19, 35" />
      <property name="2" value="40, 19, 36" />
      <property name="3" value="40, 19, 37" />
    </property>
    <property class="challenge_steel">
      <property name="0" value="49, 21, 29" />
      <property name="1" value="51, 21, 29" />
      <property name="2" value="58, 33, 39" />
    </property>
    <property class="quest_wood_trees">
      <property name="0" value="61, 32, 29" />
      <property name="1" value="54, 32, 30" />
      <property name="2" value="60, 32, 33" />
      <property name="3" value="56, 32, 34" />
    </property>
  </property>
  <property class="Stats">
    <property name="TotalVertices" value="1386497" />
    <property name="TotalTriangles" value="606668" />
    <property class="BlockEntities">
      <property name="Vertices" value="1102990" />
      <property name="Triangles" value="410236" />
    </property>
    <property class="ChunkMeshes0">
      <property name="Vertices" value="255185" />
      <property name="Triangles" value="153256" />
    </property>
    <property class="ChunkMeshes1">
      <property name="Vertices" value="0" />
      <property name="Triangles" value="0" />
    </property>
    <property class="ChunkMeshes2">
      <property name="Vertices" value="374" />
      <property name="Triangles" value="220" />
    </property>
    <property class="ChunkMeshes3">
      <property name="Vertices" value="336" />
      <property name="Triangles" value="168" />
    </property>
    <property class="ChunkMeshes4">
      <property name="Vertices" value="0" />
      <property name="Triangles" value="0" />
    </property>
    <property class="ChunkMeshes5">
      <property name="Vertices" value="27612" />
      <property name="Triangles" value="42788" />
    </property>
  </property>
</prefab>