﻿<?xml version="1.0" encoding="UTF-8"?>
<prefab>
  <property name="CopyAirBlocks" value="True" />
  <property name="AllowTopSoilDecorations" value="True" />
  <property name="TraderArea" value="False" />
  <property name="ExcludeDistantPOIMesh" value="False" />
  <property name="ExcludePOICulling" value="False" />
  <property name="QuestTags" value="clear, fetch" />
  <property name="DifficultyTier" value="4" />
  <property name="Zoning" value="Downtown" />
  <property name="RotationToFaceNorth" value="2" />
  <property name="YOffset" value="-2" />
  <property name="DistantPOIYOffset" value="0" />
  <property name="AllowedBiomes" value="snow,pine_forest,desert" />
  <property name="AllowedTownships" value="city" />
  <property name="EditorGroups" value="downtown" />
  <property name="SleeperVolumeStart" value="4, 2, 9#14, 3, 13#14, 6, 13#14, 6, 37#22, 6, 36#14, 3, 37#32, 3, 33#32, 3, 17#32, 6, 17#30, 6, 33#30, 10, 33#31, 10, 17#14, 10, 36#14, 10, 13#14, 6, 25#14, 2, 25#27, 2, 38#36, 2, 29" />
  <property name="SleeperVolumeSize" value="11, 1, 45#13, 3, 12#13, 4, 12#8, 4, 12#5, 4, 13#13, 3, 12#10, 3, 12#10, 3, 12#10, 4, 12#12, 4, 12#12, 4, 12#11, 4, 12#16, 4, 13#16, 4, 13#16, 4, 12#18, 4, 12#5, 3, 15#17, 3, 4" />
  <property name="SleeperVolumeGroup" value="ZomBusinessman,3,3,ZomUtilityWorker,2,2,GroupGenericZombie,4,4,GroupHospital,3,3,GroupZomSoldier,2,3,ZomLumberJack,3,3,GroupGenericZombie,2,2,GroupGenericZombie,3,3,ZomBusinessman,2,2,ZomBusinessman,3,3,ZomBurnt,2,2,GroupBikerBar,3,3,GroupBikerBar,2,2,GroupBikerBar,3,3,GroupZomBadassOnly,2,2,GroupZomBadassOnly,7,7,ZomUtilityWorker,1,1,GroupGenericZombie,1,1" />
  <property name="SleeperVolumeGameStageAdjust" value=",,,,,,,,,,,,,,,,," />
  <property name="SleeperIsLootVolume" value="False,False,False,False,False,False,False,False,False,False,False,False,False,False,False,False,False,False" />
  <property name="SleeperIsQuestExclude" value="False,False,False,False,False,False,False,False,False,False,False,False,False,False,False,False,False,False" />
  <property name="SleeperVolumeFlags" value="0,0,0,0,0,0,0,0,0,0,0,0,0,0,0,0,0,0" />
  <property name="SleeperVolumeGroupId" value="0,0,0,0,0,0,0,0,0,0,0,0,0,0,0,0,0,0" />
  <property name="ShowQuestClearCount" value="2" />
  <property name="Tags" value="commercial, pine_forest" />
  <property name="PrefabSize" value="60, 18, 60" />
  <property name="SleeperVolumeTriggeredBy" value=" # # # # # # # # # # # # # # # # # " />
  <property class="IndexedBlockOffsets">
    <property class="quest_wood_trees">
      <property name="0" value="46, 2, 13" />
    </property>
    <property class="POILight">
      <property name="0" value="49, 2, 19" />
    </property>
    <property class="FetchContainer">
      <property name="0" value="40, 7, 33" />
      <property name="1" value="40, 12, 36" />
      <property name="2" value="34, 12, 38" />
    </property>
    <property class="Rally">
      <property name="0" value="27, 3, 1" />
    </property>
    <property class="TraderOnOff">
      <property name="0" value="51, 2, 22" />
    </property>
    <property class="challenge_gore">
      <property name="0" value="47, 2, 21" />
    </property>
    <property class="challenge_mech_parts">
      <property name="0" value="47, 2, 16" />
    </property>
    <property class="challenge_sinks">
      <property name="0" value="37, 11, 31" />
      <property name="1" value="37, 11, 33" />
      <property name="2" value="36, 3, 34" />
      <property name="3" value="38, 11, 36" />
    </property>
    <property class="challenge_steel">
      <property name="0" value="28, 7, 24" />
      <property name="1" value="26, 3, 26" />
    </property>
    <property class="challenge_polymers">
      <property name="0" value="47, 2, 24" />
    </property>
    <property class="challenge_pallet">
      <property name="0" value="44, 3, 25" />
    </property>
    <property class="challenge_leather">
      <property name="0" value="33, 3, 37" />
      <property name="1" value="34, 3, 37" />
      <property name="2" value="34, 3, 38" />
      <property name="3" value="37, 7, 38" />
      <property name="4" value="40, 7, 38" />
      <property name="5" value="34, 3, 39" />
      <property name="6" value="37, 7, 39" />
      <property name="7" value="40, 7, 39" />
      <property name="8" value="33, 3, 40" />
      <property name="9" value="34, 3, 40" />
      <property name="10" value="37, 7, 40" />
      <property name="11" value="38, 7, 40" />
      <property name="12" value="39, 7, 40" />
      <property name="13" value="40, 7, 40" />
    </property>
  </property>
  <property class="Stats">
    <property name="TotalVertices" value="840551" />
    <property name="TotalTriangles" value="393139" />
    <property class="BlockEntities">
      <property name="Vertices" value="729723" />
      <property name="Triangles" value="320513" />
    </property>
    <property class="ChunkMeshes0">
      <property name="Vertices" value="99062" />
      <property name="Triangles" value="55496" />
    </property>
    <property class="ChunkMeshes1">
      <property name="Vertices" value="0" />
      <property name="Triangles" value="0" />
    </property>
    <property class="ChunkMeshes2">
      <property name="Vertices" value="2734" />
      <property name="Triangles" value="1986" />
    </property>
    <property class="ChunkMeshes3">
      <property name="Vertices" value="0" />
      <property name="Triangles" value="0" />
    </property>
    <property class="ChunkMeshes4">
      <property name="Vertices" value="0" />
      <property name="Triangles" value="0" />
    </property>
    <property class="ChunkMeshes5">
      <property name="Vertices" value="9032" />
      <property name="Triangles" value="15144" />
    </property>
  </property>
</prefab>