﻿<?xml version="1.0" encoding="UTF-8"?>
<prefab>
  <property name="CopyAirBlocks" value="True" />
  <property name="AllowTopSoilDecorations" value="True" />
  <property name="TraderArea" value="True" />
  <property name="ExcludeDistantPOIMesh" value="False" />
  <property name="ExcludePOICulling" value="True" />
  <property name="QuestTags" value="trader" />
  <property name="DifficultyTier" value="1" />
  <property name="Zoning" value="ResidentialOld" />
  <property name="RotationToFaceNorth" value="2" />
  <property name="YOffset" value="-18" />
  <property name="DistantPOIYOffset" value="0" />
  <property name="AllowedBiomes" value="pine_forest" />
  <property name="AllowedTownships" value="wilderness" />
  <property name="EditorGroups" value="Wilderness" />
  <property name="TraderAreaProtect" value="20, 20, 20" />
  <property name="TraderAreaTeleportSize" value="22, 27, 13" />
  <property name="TraderAreaTeleportCenter" value="0, 0, 0" />
  <property name="ShowQuestClearCount" value="1" />
  <property name="TeleportVolumeSize" value="" />
  <property name="TeleportVolumeStart" value="" />
  <property name="PrefabSize" value="22, 38, 13" />
  <property class="IndexedBlockOffsets">
    <property class="challenge_sinks">
      <property name="0" value="17, 4, 3" />
      <property name="1" value="18, 8, 3" />
      <property name="2" value="17, 4, 4" />
    </property>
    <property class="quest_wood_trees">
      <property name="0" value="20, 18, 1" />
    </property>
    <property class="POILight">
      <property name="0" value="14, 6, 6" />
      <property name="1" value="15, 11, 6" />
      <property name="2" value="12, 18, 7" />
      <property name="3" value="17, 6, 8" />
    </property>
    <property class="Trader">
      <property name="0" value="9, 4, 5" />
    </property>
    <property class="TraderOnOff">
      <property name="0" value="11, 4, 9" />
    </property>
    <property class="challenge_mech_parts">
      <property name="0" value="9, 11, 6" />
      <property name="1" value="10, 11, 6" />
    </property>
    <property class="challenge_polymers">
      <property name="0" value="10, 10, 7" />
      <property name="1" value="10, 11, 7" />
      <property name="2" value="10, 10, 8" />
      <property name="3" value="10, 11, 8" />
    </property>
  </property>
  <property class="Stats">
    <property name="TotalVertices" value="483413" />
    <property name="TotalTriangles" value="250416" />
    <property class="BlockEntities">
      <property name="Vertices" value="455514" />
      <property name="Triangles" value="229114" />
    </property>
    <property class="ChunkMeshes0">
      <property name="Vertices" value="17643" />
      <property name="Triangles" value="12102" />
    </property>
    <property class="ChunkMeshes1">
      <property name="Vertices" value="4736" />
      <property name="Triangles" value="2368" />
    </property>
    <property class="ChunkMeshes2">
      <property name="Vertices" value="0" />
      <property name="Triangles" value="0" />
    </property>
    <property class="ChunkMeshes3">
      <property name="Vertices" value="1872" />
      <property name="Triangles" value="936" />
    </property>
    <property class="ChunkMeshes4">
      <property name="Vertices" value="0" />
      <property name="Triangles" value="0" />
    </property>
    <property class="ChunkMeshes5">
      <property name="Vertices" value="3648" />
      <property name="Triangles" value="5896" />
    </property>
  </property>
</prefab>