﻿<?xml version="1.0" encoding="UTF-8"?>
<prefab>
  <property name="CopyAirBlocks" value="True" />
  <property name="AllowTopSoilDecorations" value="True" />
  <property name="TraderArea" value="False" />
  <property name="ExcludeDistantPOIMesh" value="False" />
  <property name="ExcludePOICulling" value="False" />
  <property name="DifficultyTier" value="4" />
  <property name="Zoning" value="Residential, ResidentialNew, ResidentialOld, none" />
  <property name="RotationToFaceNorth" value="2" />
  <property name="YOffset" value="-2" />
  <property name="DistantPOIYOffset" value="0" />
  <property name="EditorGroups" value="rural, house old, house new" />
  <property name="SleeperVolumeStart" value="15, 2, 7#19, 3, 11#26, 7, 11#19, 7, 11#19, 7, 35#26, 7, 34#19, 3, 35#36, 3, 31#36, 3, 14#36, 7, 14#34, 7, 31#34, 11, 31#35, 11, 14#18, 11, 34#18, 11, 11#18, 7, 23#18, 2, 23#31, 2, 36#40, 2, 27" />
  <property name="SleeperVolumeSize" value="4, 2, 46#12, 3, 12#5, 3, 13#7, 3, 12#7, 3, 12#5, 3, 13#11, 3, 12#10, 3, 13#10, 3, 13#10, 3, 13#12, 3, 13#12, 3, 13#11, 3, 13#16, 3, 13#16, 3, 13#17, 3, 12#18, 4, 12#5, 3, 13#14, 3, 4" />
  <property name="SleeperVolumeGroup" value="ZomBusinessman,3,3,ZomUtilityWorker,2,2,ZomHazMatOnly,1,1,GroupGenericZombie,2,2,GroupHospital,3,3,GroupZomSoldier,2,2,ZomSnow,2,2,GroupAbandonedHouse,2,2,GroupGenericZombie,3,3,ZomBusinessman,2,2,ZomBusinessman,2,2,ZomBurnt,2,2,GroupBikerBar,3,3,GroupBikerBar,3,3,GroupBikerBar,1,1,GroupZomBadassOnly,3,3,GroupZomBadassOnly,7,7,ZomUtilityWorker,1,1,GroupGenericZombie,1,1" />
  <property name="SleeperVolumeGameStageAdjust" value=",,,,,,,,,,,,,,,,,," />
  <property name="SleeperIsLootVolume" value="False,False,False,False,False,False,False,False,False,False,False,False,False,False,False,False,False,False,False" />
  <property name="SleeperIsQuestExclude" value="False,False,False,False,False,False,False,False,False,False,False,False,False,False,False,False,False,False,False" />
  <property name="SleeperVolumeFlags" value="0,0,0,0,0,0,0,0,0,0,0,0,0,0,0,0,0,0,0" />
  <property name="SleeperVolumeGroupId" value="0,0,0,0,0,0,0,0,0,0,0,0,0,0,0,0,0,0,0" />
  <property name="ShowQuestClearCount" value="0" />
  <property name="PrefabSize" value="60, 22, 60" />
  <property name="Tags" value="countrytown, countryresidential, residential, rural" />
  <property name="SleeperVolumeTriggeredBy" value=" # # # # # # # # # # # # # # # # # # " />
  <property name="QuestTags" value="clear, fetch, infested" />
  <property class="Stats">
    <property name="TotalVertices" value="880875" />
    <property name="TotalTriangles" value="426067" />
    <property class="BlockEntities">
      <property name="Vertices" value="774677" />
      <property name="Triangles" value="356449" />
    </property>
    <property class="ChunkMeshes0">
      <property name="Vertices" value="93846" />
      <property name="Triangles" value="52024" />
    </property>
    <property class="ChunkMeshes1">
      <property name="Vertices" value="0" />
      <property name="Triangles" value="0" />
    </property>
    <property class="ChunkMeshes2">
      <property name="Vertices" value="2734" />
      <property name="Triangles" value="1986" />
    </property>
    <property class="ChunkMeshes3">
      <property name="Vertices" value="456" />
      <property name="Triangles" value="228" />
    </property>
    <property class="ChunkMeshes4">
      <property name="Vertices" value="0" />
      <property name="Triangles" value="0" />
    </property>
    <property class="ChunkMeshes5">
      <property name="Vertices" value="9162" />
      <property name="Triangles" value="15380" />
    </property>
  </property>
  <property class="IndexedBlockOffsets">
    <property class="quest_wood_trees">
      <property name="0" value="52, 2, 32" />
    </property>
    <property class="challenge_gore">
      <property name="0" value="50, 2, 25" />
    </property>
    <property class="TraderOnOff">
      <property name="0" value="33, 11, 42" />
    </property>
    <property class="challenge_sinks">
      <property name="0" value="32, 3, 33" />
      <property name="1" value="33, 3, 33" />
      <property name="2" value="39, 3, 38" />
      <property name="3" value="39, 4, 37" />
      <property name="4" value="43, 4, 38" />
      <property name="5" value="35, 8, 40" />
      <property name="6" value="40, 11, 35" />
      <property name="7" value="40, 11, 37" />
      <property name="8" value="41, 11, 40" />
      <property name="9" value="41, 12, 37" />
    </property>
    <property class="challenge_mech_parts">
      <property name="0" value="50, 2, 20" />
      <property name="1" value="46, 3, 21" />
      <property name="2" value="46, 7, 26" />
    </property>
    <property class="POILight">
      <property name="0" value="52, 2, 23" />
      <property name="1" value="47, 8, 26" />
    </property>
    <property class="FetchContainer">
      <property name="0" value="36, 11, 26" />
    </property>
    <property class="challenge_polymers">
      <property name="0" value="50, 2, 28" />
    </property>
    <property class="challenge_steel">
      <property name="0" value="31, 7, 28" />
    </property>
    <property class="Rally">
      <property name="0" value="31, 2, 1" />
    </property>
    <property class="challenge_leather">
      <property name="0" value="36, 3, 41" />
      <property name="1" value="36, 3, 44" />
      <property name="2" value="37, 3, 41" />
      <property name="3" value="37, 3, 42" />
      <property name="4" value="37, 3, 43" />
      <property name="5" value="37, 3, 44" />
      <property name="6" value="40, 7, 42" />
      <property name="7" value="40, 7, 43" />
      <property name="8" value="40, 7, 44" />
      <property name="9" value="41, 7, 44" />
      <property name="10" value="42, 7, 44" />
      <property name="11" value="43, 7, 42" />
      <property name="12" value="43, 7, 43" />
      <property name="13" value="43, 7, 44" />
    </property>
    <property class="challenge_pallet">
      <property name="0" value="47, 3, 29" />
    </property>
  </property>
</prefab>