﻿<?xml version="1.0" encoding="UTF-8"?>
<prefab>
  <property name="CopyAirBlocks" value="True" />
  <property name="AllowTopSoilDecorations" value="True" />
  <property name="TraderArea" value="False" />
  <property name="ExcludeDistantPOIMesh" value="False" />
  <property name="ExcludePOICulling" value="False" />
  <property name="QuestTags" value="clear, fetch, infested" />
  <property name="DifficultyTier" value="1" />
  <property name="Zoning" value="none" />
  <property name="RotationToFaceNorth" value="2" />
  <property name="YOffset" value="-7" />
  <property name="DistantPOIYOffset" value="0" />
  <property name="EditorGroups" value="rural" />
  <property name="SleeperVolumeStart" value="0, 6, 0" />
  <property name="SleeperVolumeSize" value="17, 3, 17" />
  <property name="SleeperVolumeGroup" value="GroupGenericZombie,4,4" />
  <property name="SleeperVolumeGameStageAdjust" value="" />
  <property name="SleeperIsLootVolume" value="False" />
  <property name="SleeperIsQuestExclude" value="False" />
  <property name="SleeperVolumeFlags" value="0" />
  <property name="SleeperVolumeGroupId" value="0" />
  <property name="ShowQuestClearCount" value="1" />
  <property name="Tags" value="wilderness" />
  <property name="PrefabSize" value="17, 27, 17" />
  <property name="SleeperVolumeTriggeredBy" value=" " />
  <property class="IndexedBlockOffsets">
    <property class="quest_wood_trees">
      <property name="0" value="16, 7, 13" />
      <property name="1" value="14, 7, 15" />
    </property>
    <property class="challenge_steel">
      <property name="0" value="7, 2, 3" />
    </property>
    <property class="Rally">
      <property name="0" value="0, 7, 7" />
    </property>
    <property class="challenge_pallet">
      <property name="0" value="10, 7, 13" />
      <property name="1" value="8, 7, 14" />
      <property name="2" value="9, 8, 14" />
      <property name="3" value="8, 7, 15" />
    </property>
    <property class="FetchContainer">
      <property name="0" value="14, 7, 2" />
      <property name="1" value="13, 11, 7" />
    </property>
    <property class="challenge_sinks">
      <property name="0" value="14, 9, 8" />
    </property>
    <property class="TraderOnOff">
      <property name="0" value="12, 8, 6" />
    </property>
    <property class="challenge_stump">
      <property name="0" value="15, 7, 7" />
    </property>
    <property class="brBlock">
      <property name="0" value="12, 8, 11" />
      <property name="1" value="14, 8, 11" />
    </property>
  </property>
  <property class="Stats">
    <property name="TotalVertices" value="165840" />
    <property name="TotalTriangles" value="93261" />
    <property class="BlockEntities">
      <property name="Vertices" value="155802" />
      <property name="Triangles" value="84835" />
    </property>
    <property class="ChunkMeshes0">
      <property name="Vertices" value="7932" />
      <property name="Triangles" value="5666" />
    </property>
    <property class="ChunkMeshes1">
      <property name="Vertices" value="0" />
      <property name="Triangles" value="0" />
    </property>
    <property class="ChunkMeshes2">
      <property name="Vertices" value="56" />
      <property name="Triangles" value="28" />
    </property>
    <property class="ChunkMeshes3">
      <property name="Vertices" value="552" />
      <property name="Triangles" value="276" />
    </property>
    <property class="ChunkMeshes4">
      <property name="Vertices" value="0" />
      <property name="Triangles" value="0" />
    </property>
    <property class="ChunkMeshes5">
      <property name="Vertices" value="1498" />
      <property name="Triangles" value="2456" />
    </property>
  </property>
</prefab>