﻿<?xml version="1.0" encoding="UTF-8"?>
<prefab>
  <property name="CopyAirBlocks" value="True" />
  <property name="AllowTopSoilDecorations" value="True" />
  <property name="TraderArea" value="False" />
  <property name="ExcludeDistantPOIMesh" value="False" />
  <property name="ExcludePOICulling" value="False" />
  <property name="QuestTags" value="clear, fetch, infested" />
  <property name="DifficultyTier" value="5" />
  <property name="Zoning" value="Downtown, Residential" />
  <property name="RotationToFaceNorth" value="2" />
  <property name="YOffset" value="-3" />
  <property name="DistantPOIYOffset" value="0" />
  <property name="EditorGroups" value="downtown" />
  <property name="SleeperVolumeStart" value="-2, 3, 6#4, 2, 6#10, 2, 6#16, 3, 6#22, 3, 6#-13, 3, 16#-13, 3, 22#-4, 3, 22#8, 17, 13#8, 24, 22#8, 40, 22#8, 32, 13#8, 9, 22#0, 13, 22#9, 21, 22#0, 29, 22#9, 37, 22#0, 45, 22#-2, 49, 22#22, 3, 36#-6, 49, 17" />
  <property name="SleeperVolumeSize" value="5, 2, 9#5, 2, 9#5, 2, 9#5, 2, 15#5, 2, 15#8, 2, 5#8, 2, 17#24, 6, 17#10, 3, 19#10, 3, 19#10, 3, 19#10, 3, 19#10, 3, 19#18, 3, 10#18, 3, 10#18, 3, 10#18, 3, 10#18, 3, 10#20, 4, 10#12, 2, 6#15, 7, 15" />
  <property name="SleeperVolumeGroup" value="GroupGenericZombie,1,2,GroupAbandonedHouse,1,1,GroupZomBadassOnly,1,2,ZomUtilityWorker,1,2,GroupBikerBar,1,1,GroupLabWorker,1,2,GroupAbandonedHouse,3,4,GroupGenericZombie,4,7,GroupLabWorker,1,2,GroupLabWorker,1,2,GroupLabWorker,2,4,GroupLabWorker,1,2,GroupLabWorker,2,3,GroupBikerBar,1,2,GroupHospital,2,4,GroupHospital,2,3,GroupHospital,4,7,GroupBikerBar,7,9,GroupZomSoldier,2,3,ZomBurnt,1,2,GroupSpecialInfected,5,6" />
  <property name="SleeperVolumeGameStageAdjust" value=",,,,,,,,,,,,,,,,,,," />
  <property name="SleeperIsLootVolume" value="False,False,False,False,False,False,False,False,False,False,False,False,False,False,False,False,False,False,False,False,False" />
  <property name="SleeperIsQuestExclude" value="False,False,False,False,False,False,False,False,False,False,False,False,False,False,False,False,False,False,False,False,False" />
  <property name="SleeperVolumeFlags" value="0,0,0,0,0,0,0,0,0,0,0,0,0,0,0,0,0,0,0,0,0" />
  <property name="SleeperVolumeGroupId" value="0,0,0,0,0,0,0,0,0,0,0,0,0,0,0,0,0,0,0,0,0" />
  <property name="ShowQuestClearCount" value="0" />
  <property name="PrefabSize" value="60, 57, 60" />
  <property name="Tags" value="commercial, downtown" />
  <property name="SleeperVolumeTriggeredBy" value=" # # # # # # # # # # # # # # # # # # # # " />
  <property class="IndexedBlockOffsets">
    <property class="POILight">
      <property name="0" value="42, 5, 44" />
    </property>
    <property class="quest_wood_trees">
      <property name="0" value="55, 3, 44" />
    </property>
    <property class="quest_feather">
      <property name="0" value="44, 13, 28" />
      <property name="1" value="45, 29, 29" />
      <property name="2" value="45, 45, 26" />
    </property>
    <property class="TraderOnOff">
      <property name="0" value="43, 25, 25" />
      <property name="1" value="43, 25, 28" />
      <property name="2" value="45, 25, 27" />
    </property>
    <property class="FetchContainer">
      <property name="0" value="47, 9, 23" />
      <property name="1" value="43, 25, 30" />
    </property>
    <property class="challenge_polymers">
      <property name="0" value="42, 3, 10" />
      <property name="1" value="42, 3, 11" />
      <property name="2" value="42, 3, 12" />
    </property>
    <property class="challenge_gore">
      <property name="0" value="36, 3, 48" />
      <property name="1" value="36, 3, 52" />
      <property name="2" value="37, 3, 51" />
      <property name="3" value="38, 3, 49" />
      <property name="4" value="38, 3, 51" />
      <property name="5" value="39, 3, 51" />
      <property name="6" value="40, 3, 49" />
    </property>
    <property class="challenge_mech_parts">
      <property name="0" value="45, 25, 23" />
    </property>
    <property class="Rally">
      <property name="0" value="35, 4, 18" />
    </property>
    <property class="challenge_sinks">
      <property name="0" value="47, 25, 26" />
    </property>
    <property class="challenge_leather">
      <property name="0" value="44, 41, 27" />
      <property name="1" value="47, 41, 27" />
    </property>
    <property class="brBlock">
      <property name="0" value="31, 37, 26" />
      <property name="1" value="33, 37, 30" />
    </property>
  </property>
  <property class="Stats">
    <property name="TotalVertices" value="722785" />
    <property name="TotalTriangles" value="357493" />
    <property class="BlockEntities">
      <property name="Vertices" value="638546" />
      <property name="Triangles" value="303686" />
    </property>
    <property class="ChunkMeshes0">
      <property name="Vertices" value="70487" />
      <property name="Triangles" value="36041" />
    </property>
    <property class="ChunkMeshes1">
      <property name="Vertices" value="0" />
      <property name="Triangles" value="0" />
    </property>
    <property class="ChunkMeshes2">
      <property name="Vertices" value="3844" />
      <property name="Triangles" value="1922" />
    </property>
    <property class="ChunkMeshes3">
      <property name="Vertices" value="0" />
      <property name="Triangles" value="0" />
    </property>
    <property class="ChunkMeshes4">
      <property name="Vertices" value="0" />
      <property name="Triangles" value="0" />
    </property>
    <property class="ChunkMeshes5">
      <property name="Vertices" value="9908" />
      <property name="Triangles" value="15844" />
    </property>
  </property>
</prefab>