﻿<?xml version="1.0" encoding="UTF-8"?>
<prefab>
  <property name="CopyAirBlocks" value="True" />
  <property name="AllowTopSoilDecorations" value="True" />
  <property name="TraderArea" value="False" />
  <property name="ExcludeDistantPOIMesh" value="False" />
  <property name="ExcludePOICulling" value="False" />
  <property name="QuestTags" value="clear, fetch" />
  <property name="DifficultyTier" value="2" />
  <property name="Zoning" value="ResidentialOld" />
  <property name="RotationToFaceNorth" value="2" />
  <property name="YOffset" value="-13" />
  <property name="DistantPOIYOffset" value="0" />
  <property name="AllowedBiomes" value="snow,pine_forest" />
  <property name="AllowedTownships" value="rural" />
  <property name="EditorGroups" value="rural" />
  <property name="SleeperVolumeStart" value="3, 13, 3#2, 13, 20#37, 13, 20#15, 13, 2#17, 1, 3" />
  <property name="SleeperVolumeSize" value="12, 7, 17#35, 4, 13#19, 7, 12#43, 5, 18#37, 12, 28" />
  <property name="SleeperVolumeGroup" value="GroupGenericZombie,8,8,GroupZomBadassOnly,2,2,GroupGenericZombie,6,7,GroupGenericZombie,6,6,GroupBikerBar,7,7" />
  <property name="SleeperVolumeGameStageAdjust" value=",,,," />
  <property name="SleeperIsLootVolume" value="False,False,False,False,False" />
  <property name="SleeperIsQuestExclude" value="False,False,False,False,False" />
  <property name="SleeperVolumeFlags" value="0,0,0,0,0" />
  <property name="SleeperVolumeGroupId" value="0,0,0,0,0" />
  <property name="ShowQuestClearCount" value="0" />
  <property name="Tags" value="desert, rural" />
  <property name="PrefabSize" value="60, 33, 60" />
  <property name="SleeperVolumeTriggeredBy" value=" # # # # " />
  <property class="IndexedBlockOffsets">
    <property class="challenge_stump">
      <property name="0" value="43, 13, 8" />
    </property>
    <property class="POILight">
      <property name="0" value="47, 14, 21" />
      <property name="1" value="54, 14, 21" />
      <property name="2" value="52, 16, 23" />
      <property name="3" value="52, 18, 23" />
      <property name="4" value="46, 16, 25" />
      <property name="5" value="48, 20, 25" />
      <property name="6" value="53, 20, 25" />
      <property name="7" value="52, 16, 26" />
      <property name="8" value="46, 16, 27" />
      <property name="9" value="48, 12, 27" />
      <property name="10" value="51, 12, 27" />
      <property name="11" value="52, 18, 29" />
    </property>
    <property class="quest_wood_trees">
      <property name="0" value="48, 13, 19" />
      <property name="1" value="54, 13, 19" />
    </property>
    <property class="quest_feather">
      <property name="0" value="45, 22, 26" />
    </property>
    <property class="challenge_polymers">
      <property name="0" value="49, 14, 22" />
      <property name="1" value="54, 19, 28" />
    </property>
    <property class="TraderOnOff">
      <property name="0" value="47, 18, 23" />
      <property name="1" value="48, 18, 24" />
      <property name="2" value="53, 18, 24" />
      <property name="3" value="47, 14, 25" />
    </property>
    <property class="challenge_mech_parts">
      <property name="0" value="53, 18, 21" />
    </property>
    <property class="challenge_steel">
      <property name="0" value="50, 13, 4" />
    </property>
    <property class="challenge_sinks">
      <property name="0" value="51, 17, 19" />
      <property name="1" value="50, 18, 21" />
    </property>
    <property class="FetchContainer">
      <property name="0" value="54, 18, 28" />
    </property>
    <property class="quest_stone_boulder">
      <property name="0" value="34, 13, 1" />
      <property name="1" value="42, 13, 4" />
    </property>
    <property class="challenge_gore">
      <property name="0" value="53, 22, 25" />
    </property>
    <property class="challenge_leather">
      <property name="0" value="51, 14, 21" />
      <property name="1" value="52, 14, 21" />
      <property name="2" value="53, 14, 21" />
      <property name="3" value="47, 14, 22" />
      <property name="4" value="51, 14, 22" />
      <property name="5" value="51, 14, 23" />
      <property name="6" value="51, 14, 24" />
      <property name="7" value="51, 14, 28" />
      <property name="8" value="53, 14, 28" />
      <property name="9" value="46, 14, 29" />
    </property>
    <property class="Rally">
      <property name="0" value="58, 13, 20" />
    </property>
  </property>
  <property class="Stats">
    <property name="TotalVertices" value="1149382" />
    <property name="TotalTriangles" value="575227" />
    <property class="BlockEntities">
      <property name="Vertices" value="1063239" />
      <property name="Triangles" value="513369" />
    </property>
    <property class="ChunkMeshes0">
      <property name="Vertices" value="66717" />
      <property name="Triangles" value="34994" />
    </property>
    <property class="ChunkMeshes1">
      <property name="Vertices" value="0" />
      <property name="Triangles" value="0" />
    </property>
    <property class="ChunkMeshes2">
      <property name="Vertices" value="1142" />
      <property name="Triangles" value="732" />
    </property>
    <property class="ChunkMeshes3">
      <property name="Vertices" value="4368" />
      <property name="Triangles" value="2184" />
    </property>
    <property class="ChunkMeshes4">
      <property name="Vertices" value="0" />
      <property name="Triangles" value="0" />
    </property>
    <property class="ChunkMeshes5">
      <property name="Vertices" value="13916" />
      <property name="Triangles" value="23948" />
    </property>
  </property>
</prefab>