﻿<?xml version="1.0" encoding="UTF-8"?>
<prefab>
  <property name="CopyAirBlocks" value="True" />
  <property name="AllowTopSoilDecorations" value="True" />
  <property name="TraderArea" value="True" />
  <property name="ExcludeDistantPOIMesh" value="False" />
  <property name="ExcludePOICulling" value="False" />
  <property name="DifficultyTier" value="1" />
  <property name="Zoning" value="ResidentialOld" />
  <property name="AllowedTownships" value="rural" />
  <property name="AllowedBiomes" value="snow,pine_forest,desert" />
  <property name="RotationToFaceNorth" value="2" />
  <property name="YOffset" value="-2" />
  <property name="DistantPOIYOffset" value="0" />
  <property name="EditorGroups" value="rural" />
  <property name="TraderAreaProtect" value="20, 20, 20" />
  <property name="TraderAreaTeleportSize" value="17, 23, 17" />
  <property name="TraderAreaTeleportCenter" value="0, 0, 0" />
  <property name="SleeperVolumeStart" value="1, 0, 0" />
  <property name="SleeperVolumeSize" value="3, 3, 3" />
  <property name="SleeperVolumeGroup" value="GroupGenericZombie,1,2" />
  <property name="SleeperVolumeGameStageAdjust" value="" />
  <property name="SleeperIsLootVolume" value="False" />
  <property name="SleeperIsQuestExclude" value="False" />
  <property name="SleeperVolumeFlags" value="0" />
  <property name="SleeperVolumeGroupId" value="0" />
  <property name="ShowQuestClearCount" value="1" />
  <property name="TeleportVolumeSize" value="" />
  <property name="TeleportVolumeStart" value="" />
  <property name="SleeperVolumeTriggeredBy" value=" " />
  <property name="PrefabSize" value="19, 28, 18" />
  <property name="QuestTags" value="desert, snow, pine_forest" />
  <property class="IndexedBlockOffsets">
    <property class="quest_wood_trees">
      <property name="0" value="18, 2, 17" />
    </property>
    <property class="challenge_steel">
      <property name="0" value="10, 11, 3" />
      <property name="1" value="11, 11, 3" />
    </property>
    <property class="challenge_sinks">
      <property name="0" value="9, 12, 13" />
    </property>
    <property class="POILight">
      <property name="0" value="10, 4, 1" />
    </property>
    <property class="TraderOnOff">
      <property name="0" value="9, 3, 2" />
    </property>
    <property class="Trader">
      <property name="0" value="9, 3, 12" />
    </property>
    <property class="challenge_mech_parts">
      <property name="0" value="10, 4, 16" />
    </property>
  </property>
  <property class="Stats">
    <property name="TotalVertices" value="245049" />
    <property name="TotalTriangles" value="114517" />
    <property class="BlockEntities">
      <property name="Vertices" value="206995" />
      <property name="Triangles" value="93102" />
    </property>
    <property class="ChunkMeshes0">
      <property name="Vertices" value="36472" />
      <property name="Triangles" value="19447" />
    </property>
    <property class="ChunkMeshes1">
      <property name="Vertices" value="0" />
      <property name="Triangles" value="0" />
    </property>
    <property class="ChunkMeshes2">
      <property name="Vertices" value="588" />
      <property name="Triangles" value="308" />
    </property>
    <property class="ChunkMeshes3">
      <property name="Vertices" value="0" />
      <property name="Triangles" value="0" />
    </property>
    <property class="ChunkMeshes4">
      <property name="Vertices" value="0" />
      <property name="Triangles" value="0" />
    </property>
    <property class="ChunkMeshes5">
      <property name="Vertices" value="994" />
      <property name="Triangles" value="1660" />
    </property>
  </property>
</prefab>