﻿<?xml version="1.0" encoding="UTF-8"?>
<prefab>
  <property name="CopyAirBlocks" value="True" />
  <property name="AllowTopSoilDecorations" value="True" />
  <property name="TraderArea" value="False" />
  <property name="ExcludeDistantPOIMesh" value="False" />
  <property name="ExcludePOICulling" value="False" />
  <property name="DifficultyTier" value="1" />
  <property name="RotationToFaceNorth" value="2" />
  <property name="YOffset" value="-10" />
  <property name="DistantPOIYOffset" value="0" />
  <property name="EditorGroups" value="house new, house old" />
  <property name="SleeperVolumeStart" value="1, 10, 2#8, 0, 5" />
  <property name="SleeperVolumeSize" value="39, 11, 38#15, 10, 13" />
  <property name="SleeperVolumeGroup" value="GroupGenericZombie,10,12,GroupGenericZombie,2,3" />
  <property name="SleeperVolumeGameStageAdjust" value=",,," />
  <property name="SleeperIsLootVolume" value="False,False" />
  <property name="SleeperIsQuestExclude" value="False,False" />
  <property name="SleeperVolumeFlags" value="0,0" />
  <property name="SleeperVolumeGroupId" value="0,0" />
  <property name="ShowQuestClearCount" value="1" />
  <property name="Zoning" value="Residential, ResidentialNew, ResidentialOld" />
  <property name="AllowedBiomes" value="snow,pine_forest,desert" />
  <property name="AllowedTownships" value="city" />
  <property name="QuestTags" value="clear, fetch" />
  <property name="Tags" value="forest, snow, rural" />
  <property name="PrefabSize" value="42, 29, 42" />
  <property name="SleeperVolumeTriggeredBy" value=" # " />
  <property class="IndexedBlockOffsets">
    <property class="quest_wood_trees">
      <property name="0" value="37, 10, 10" />
      <property name="1" value="37, 10, 14" />
      <property name="2" value="37, 10, 19" />
    </property>
    <property class="Rally">
      <property name="0" value="10, 10, 1" />
    </property>
    <property class="FetchContainer">
      <property name="0" value="27, 10, 11" />
      <property name="1" value="24, 11, 19" />
      <property name="2" value="31, 15, 9" />
      <property name="3" value="31, 15, 20" />
    </property>
    <property class="TraderOnOff">
      <property name="0" value="31, 1, 21" />
    </property>
    <property class="POILight">
      <property name="0" value="28, 2, 17" />
      <property name="1" value="32, 3, 19" />
      <property name="2" value="22, 13, 19" />
      <property name="3" value="29, 13, 16" />
      <property name="4" value="29, 16, 9" />
    </property>
    <property class="challenge_sinks">
      <property name="0" value="34, 1, 14" />
      <property name="1" value="34, 1, 15" />
      <property name="2" value="31, 2, 14" />
      <property name="3" value="31, 11, 9" />
      <property name="4" value="32, 11, 9" />
    </property>
    <property class="challenge_steel">
      <property name="0" value="29, 15, 10" />
    </property>
  </property>
  <property class="Stats">
    <property name="TotalVertices" value="528487" />
    <property name="TotalTriangles" value="296964" />
    <property class="BlockEntities">
      <property name="Vertices" value="483996" />
      <property name="Triangles" value="265820" />
    </property>
    <property class="ChunkMeshes0">
      <property name="Vertices" value="37257" />
      <property name="Triangles" value="19860" />
    </property>
    <property class="ChunkMeshes1">
      <property name="Vertices" value="0" />
      <property name="Triangles" value="0" />
    </property>
    <property class="ChunkMeshes2">
      <property name="Vertices" value="360" />
      <property name="Triangles" value="180" />
    </property>
    <property class="ChunkMeshes3">
      <property name="Vertices" value="96" />
      <property name="Triangles" value="48" />
    </property>
    <property class="ChunkMeshes4">
      <property name="Vertices" value="0" />
      <property name="Triangles" value="0" />
    </property>
    <property class="ChunkMeshes5">
      <property name="Vertices" value="6778" />
      <property name="Triangles" value="11056" />
    </property>
  </property>
</prefab>