﻿<?xml version="1.0" encoding="UTF-8"?>
<prefab>
  <property name="CopyAirBlocks" value="True" />
  <property name="AllowTopSoilDecorations" value="True" />
  <property name="TraderArea" value="True" />
  <property name="TraderAreaTeleportSize" value="12, 10, 15" />
  <property name="TraderAreaTeleportCenter" value="0, 0, 0" />
  <property name="ExcludeDistantPOIMesh" value="False" />
  <property name="ExcludePOICulling" value="False" />
  <property name="DifficultyTier" value="1" />
  <property name="Zoning" value="Rural" />
  <property name="RotationToFaceNorth" value="2" />
  <property name="YOffset" value="-8" />
  <property name="DistantPOIYOffset" value="0" />
  <property name="AllowedBiomes" value="snow" />
  <property name="AllowedTownships" value="wilderness" />
  <property name="EditorGroups" value="Traders" />
  <property name="ShowQuestClearCount" value="1" />
  <property name="TraderAreaProtect" value="20, 20, 20" />
  <property name="Tags" value="snow, wilderness, trader, biomeonly" />
  <property name="POIMarkerSize" value="1, 1, 1" />
  <property name="POIMarkerStart" value="-1, 7, 9" />
  <property name="POIMarkerGroup" value="1" />
  <property name="POIMarkerTags" value="" />
  <property name="POIMarkerType" value="RoadExit" />
  <property name="POIMarkerPartToSpawn" value="" />
  <property name="POIMarkerPartRotations" value="1" />
  <property name="POIMarkerPartSpawnChance" value="1" />
  <property name="PrefabSize" value="25, 28, 25" />
  <property name="TeleportVolumeSize" value="" />
  <property name="TeleportVolumeStart" value="" />
  <property name="QuestTags" value="snow" />
  <property class="IndexedBlockOffsets">
    <property class="challenge_polymers">
      <property name="0" value="7, 3, 12" />
      <property name="1" value="10, 3, 12" />
      <property name="2" value="7, 3, 15" />
    </property>
    <property class="POILight">
      <property name="0" value="7, 5, 12" />
      <property name="1" value="9, 5, 12" />
      <property name="2" value="8, 5, 13" />
      <property name="3" value="10, 5, 13" />
      <property name="4" value="7, 5, 14" />
      <property name="5" value="9, 5, 14" />
      <property name="6" value="8, 5, 15" />
    </property>
    <property class="quest_wood">
      <property name="0" value="14, 8, 15" />
    </property>
    <property class="quest_wood_trees">
      <property name="0" value="17, 9, 13" />
    </property>
    <property class="TraderOnOff">
      <property name="0" value="13, 3, 15" />
    </property>
    <property class="challenge_sinks">
      <property name="0" value="14, 3, 10" />
    </property>
    <property class="Trader">
      <property name="0" value="12, 3, 13" />
    </property>
  </property>
  <property class="Stats">
    <property name="TotalVertices" value="139646" />
    <property name="TotalTriangles" value="79934" />
    <property class="BlockEntities">
      <property name="Vertices" value="132760" />
      <property name="Triangles" value="72770" />
    </property>
    <property class="ChunkMeshes0">
      <property name="Vertices" value="3818" />
      <property name="Triangles" value="2004" />
    </property>
    <property class="ChunkMeshes1">
      <property name="Vertices" value="0" />
      <property name="Triangles" value="0" />
    </property>
    <property class="ChunkMeshes2">
      <property name="Vertices" value="0" />
      <property name="Triangles" value="0" />
    </property>
    <property class="ChunkMeshes3">
      <property name="Vertices" value="120" />
      <property name="Triangles" value="60" />
    </property>
    <property class="ChunkMeshes4">
      <property name="Vertices" value="0" />
      <property name="Triangles" value="0" />
    </property>
    <property class="ChunkMeshes5">
      <property name="Vertices" value="2948" />
      <property name="Triangles" value="5100" />
    </property>
  </property>
</prefab>