﻿<?xml version="1.0" encoding="UTF-8"?>
<prefab>
  <property name="CopyAirBlocks" value="True" />
  <property name="AllowTopSoilDecorations" value="True" />
  <property name="TraderArea" value="False" />
  <property name="ExcludeDistantPOIMesh" value="False" />
  <property name="ExcludePOICulling" value="False" />
  <property name="QuestTags" value="clear, fetch, infested" />
  <property name="DifficultyTier" value="2" />
  <property name="Zoning" value="downtown, none" />
  <property name="RotationToFaceNorth" value="2" />
  <property name="YOffset" value="-14" />
  <property name="DistantPOIYOffset" value="0" />
  <property name="EditorGroups" value="rural, downtown" />
  <property name="SleeperVolumeStart" value="9, 15, 13#9, 15, 21#28, 15, 21#28, 15, 13#17, 15, 13#8, 18, 13#28, 18, 13#37, 14, 17#7, 14, 28#5, 13, 11#5, 4, 11#28, 7, 16" />
  <property name="SleeperVolumeSize" value="8, 2, 7#8, 2, 7#8, 2, 7#8, 2, 7#11, 2, 15#9, 2, 15#9, 2, 15#1, 2, 11#8, 2, 5#10, 2, 5#10, 8, 15#5, 2, 5" />
  <property name="SleeperVolumeGroup" value="GroupGenericZombie,1,2,ZomHazMatOnly,2,3,GroupGenericZombie,1,2,GroupBikerBar,2,3,GroupHospital,4,5,GroupLabWorker,2,3,GroupGenericZombie,1,2,ZomBurnt,1,1,GroupAbandonedHouse,1,2,GroupGenericZombie,1,2,GroupGenericZombie,3,4,GroupZomSoldier,1,1" />
  <property name="SleeperVolumeGameStageAdjust" value=",,,,,,,,,,," />
  <property name="SleeperIsLootVolume" value="False,False,False,False,False,False,False,False,False,False,False,False" />
  <property name="SleeperIsQuestExclude" value="False,False,False,False,False,False,False,False,False,False,False,False" />
  <property name="SleeperVolumeFlags" value="0,0,0,0,0,0,0,0,0,0,0,0" />
  <property name="SleeperVolumeGroupId" value="0,0,0,0,0,0,0,0,0,0,0,0" />
  <property name="ShowQuestClearCount" value="0" />
  <property name="PrefabSize" value="42, 22, 42" />
  <property name="Tags" value="commercial" />
  <property name="SleeperVolumeTriggeredBy" value=" # # # # # # # # # # # " />
  <property class="IndexedBlockOffsets">
    <property class="quest_wood">
      <property name="0" value="39, 14, 37" />
      <property name="1" value="40, 14, 37" />
      <property name="2" value="39, 14, 38" />
      <property name="3" value="40, 14, 38" />
      <property name="4" value="39, 14, 39" />
      <property name="5" value="40, 14, 39" />
      <property name="6" value="39, 14, 40" />
      <property name="7" value="40, 14, 40" />
    </property>
    <property class="POILight">
      <property name="0" value="22, 15, 21" />
      <property name="1" value="30, 16, 21" />
      <property name="2" value="30, 20, 23" />
      <property name="3" value="35, 16, 23" />
      <property name="4" value="33, 18, 24" />
      <property name="5" value="29, 16, 26" />
      <property name="6" value="30, 20, 26" />
      <property name="7" value="28, 17, 29" />
    </property>
    <property class="challenge_polymers">
      <property name="0" value="22, 15, 23" />
      <property name="1" value="28, 15, 24" />
    </property>
    <property class="challenge_sinks">
      <property name="0" value="29, 18, 26" />
      <property name="1" value="30, 19, 26" />
    </property>
    <property class="TraderOnOff">
      <property name="0" value="9, 15, 22" />
      <property name="1" value="11, 15, 23" />
    </property>
    <property class="FetchContainer">
      <property name="0" value="30, 15, 26" />
    </property>
    <property class="quest_wood_trees">
      <property name="0" value="22, 15, 26" />
      <property name="1" value="27, 14, 26" />
    </property>
    <property class="challenge_leather">
      <property name="0" value="11, 18, 17" />
      <property name="1" value="12, 18, 17" />
      <property name="2" value="11, 18, 19" />
      <property name="3" value="12, 18, 19" />
      <property name="4" value="13, 18, 19" />
    </property>
    <property class="challenge_steel">
      <property name="0" value="32, 16, 26" />
    </property>
    <property class="challenge_mech_parts">
      <property name="0" value="32, 18, 21" />
    </property>
    <property class="Rally">
      <property name="0" value="22, 14, 9" />
    </property>
  </property>
  <property class="Stats">
    <property name="TotalVertices" value="1391935" />
    <property name="TotalTriangles" value="396141" />
    <property class="BlockEntities">
      <property name="Vertices" value="1320615" />
      <property name="Triangles" value="358587" />
    </property>
    <property class="ChunkMeshes0">
      <property name="Vertices" value="57784" />
      <property name="Triangles" value="30790" />
    </property>
    <property class="ChunkMeshes1">
      <property name="Vertices" value="8640" />
      <property name="Triangles" value="4320" />
    </property>
    <property class="ChunkMeshes2">
      <property name="Vertices" value="0" />
      <property name="Triangles" value="0" />
    </property>
    <property class="ChunkMeshes3">
      <property name="Vertices" value="2544" />
      <property name="Triangles" value="1268" />
    </property>
    <property class="ChunkMeshes4">
      <property name="Vertices" value="2352" />
      <property name="Triangles" value="1176" />
    </property>
    <property class="ChunkMeshes5">
      <property name="Vertices" value="0" />
      <property name="Triangles" value="0" />
    </property>
  </property>
</prefab>