﻿<?xml version="1.0" encoding="UTF-8"?>
<prefab>
  <property name="CopyAirBlocks" value="True" />
  <property name="AllowTopSoilDecorations" value="True" />
  <property name="TraderArea" value="False" />
  <property name="ExcludeDistantPOIMesh" value="False" />
  <property name="ExcludePOICulling" value="False" />
  <property name="QuestTags" value="clear, fetch" />
  <property name="DifficultyTier" value="5" />
  <property name="Zoning" value="Commercial" />
  <property name="RotationToFaceNorth" value="0" />
  <property name="YOffset" value="-9" />
  <property name="DistantPOIYOffset" value="0" />
  <property name="AllowedBiomes" value="snow,pine_forest,desert" />
  <property name="AllowedTownships" value="city" />
  <property name="EditorGroups" value="commercial" />
  <property name="SleeperVolumeStart" value="4, 1, 22#3, 9, 21#17, 9, 21#22, 10, 21#33, 9, 21#39, 9, 21#46, 9, 20#53, 9, 17#53, 9, 40#53, 13, 27#47, 13, 26#40, 13, 20#40, 13, 28#40, 17, 28#29, 13, 20#18, 13, 20#34, 18, 20#41, 18, 20#29, 22, 20#29, 18, 20#48, 18, 26#26, 9, 40#48, 9, 40" />
  <property name="SleeperVolumeSize" value="57, 8, 30#14, 3, 19#5, 4, 19#11, 3, 19#6, 3, 18#7, 3, 19#7, 3, 16#9, 3, 23#9, 3, 12#9, 3, 13#6, 3, 14#7, 3, 8#7, 3, 11#7, 3, 11#11, 3, 20#11, 7, 20#6, 3, 20#6, 3, 7#18, 3, 21#5, 3, 19#11, 5, 15#22, 3, 12#5, 3, 12" />
  <property name="SleeperVolumeGroup" value="GroupZomBadassOnly,17,17,GroupGenericZombie,6,7,GroupGenericZombie,1,2,GroupGenericZombie,4,4,ZomBusinessman,2,2,ZomBusinessman,1,1,ZomBusinessman,1,2,ZomUtilityWorker,2,2,ZomUtilityWorker,2,2,GroupGenericZombie,3,3,ZomBusinessman,1,2,ZomBusinessman,1,1,ZomBusinessman,1,1,ZomBusinessman,1,2,GroupGenericZombie,2,2,GroupBikerBar,5,5,ZomBusinessman,2,3,GroupGenericZombie,1,1,GroupGenericZombie,3,3,GroupHospital,1,1,ZomUtilityWorker,1,1,GroupGenericZombie,2,2,GroupGenericZombie,1,1" />
  <property name="SleeperVolumeGameStageAdjust" value=",,,,,,,,,,,,,,,,,,,,,,,," />
  <property name="SleeperIsLootVolume" value="False,False,False,False,False,False,False,False,False,False,False,False,False,False,False,False,False,False,False,False,False,False,False" />
  <property name="SleeperIsQuestExclude" value="False,False,False,False,False,False,False,False,False,False,False,False,False,False,False,False,False,False,False,False,False,False,False" />
  <property name="SleeperVolumeFlags" value="2,0,0,0,0,0,0,0,0,0,0,0,0,0,0,0,0,0,0,0,0,0,2" />
  <property name="SleeperVolumeGroupId" value="0,0,0,0,0,0,0,0,0,0,0,0,0,0,0,0,0,0,0,0,0,0,0" />
  <property name="ShowQuestClearCount" value="3" />
  <property name="Tags" value="desert, rural" />
  <property name="POIMarkerSize" value="7, 13, 3#13, 13, 3#13, 13, 3" />
  <property name="POIMarkerStart" value="63, 8, 70#0, 8, 70#40, 8, 70" />
  <property name="POIMarkerGroup" value="1,3,2" />
  <property name="POIMarkerTags" value="##" />
  <property name="POIMarkerType" value="PartSpawn,PartSpawn,PartSpawn" />
  <property name="POIMarkerPartToSpawn" value="part_driveway_rural_08,part_driveway_rural_07,part_driveway_rural_07" />
  <property name="POIMarkerPartRotations" value="0,0,0" />
  <property name="POIMarkerPartSpawnChance" value="1,1,1" />
  <property name="PrefabSize" value="70, 28, 70" />
  <property name="SleeperVolumeTriggeredBy" value=" # # # # # # # # # # # # # # # # # # # # # # " />
  <property class="IndexedBlockOffsets">
    <property class="quest_wood_trees">
      <property name="0" value="36, 9, 18" />
      <property name="1" value="42, 9, 18" />
      <property name="2" value="46, 9, 18" />
    </property>
    <property class="challenge_pallet">
      <property name="0" value="54, 10, 48" />
      <property name="1" value="54, 11, 48" />
      <property name="2" value="55, 10, 48" />
      <property name="3" value="55, 11, 48" />
      <property name="4" value="56, 10, 48" />
      <property name="5" value="56, 11, 48" />
      <property name="6" value="54, 10, 49" />
      <property name="7" value="54, 11, 49" />
      <property name="8" value="55, 10, 49" />
      <property name="9" value="55, 11, 49" />
      <property name="10" value="56, 10, 49" />
      <property name="11" value="56, 11, 49" />
      <property name="12" value="57, 10, 49" />
      <property name="13" value="54, 10, 50" />
      <property name="14" value="54, 11, 50" />
      <property name="15" value="55, 10, 50" />
      <property name="16" value="55, 11, 50" />
    </property>
    <property class="challenge_sinks">
      <property name="0" value="52, 18, 36" />
      <property name="1" value="55, 10, 42" />
      <property name="2" value="58, 14, 42" />
      <property name="3" value="59, 14, 42" />
      <property name="4" value="60, 14, 42" />
    </property>
    <property class="POILight">
      <property name="0" value="53, 10, 43" />
    </property>
    <property class="TraderOnOff">
      <property name="0" value="44, 10, 37" />
    </property>
    <property class="challenge_mech_parts">
      <property name="0" value="54, 14, 37" />
      <property name="1" value="59, 10, 41" />
      <property name="2" value="57, 11, 42" />
      <property name="3" value="58, 11, 42" />
      <property name="4" value="58, 15, 44" />
      <property name="5" value="59, 15, 44" />
      <property name="6" value="60, 15, 44" />
    </property>
    <property class="challenge_leather">
      <property name="0" value="38, 18, 37" />
      <property name="1" value="38, 18, 38" />
    </property>
    <property class="FetchContainer">
      <property name="0" value="46, 16, 27" />
      <property name="1" value="37, 19, 34" />
    </property>
    <property class="challenge_gore">
      <property name="0" value="57, 11, 38" />
      <property name="1" value="58, 11, 38" />
      <property name="2" value="59, 11, 38" />
      <property name="3" value="60, 11, 38" />
    </property>
    <property class="Rally">
      <property name="0" value="16, 10, 68" />
    </property>
    <property class="challenge_polymers">
      <property name="0" value="60, 11, 36" />
      <property name="1" value="52, 9, 47" />
      <property name="2" value="52, 9, 48" />
    </property>
    <property class="challenge_steel">
      <property name="0" value="50, 11, 37" />
      <property name="1" value="40, 16, 38" />
    </property>
    <property class="challenge_cars">
      <property name="0" value="52, 9, 22" />
      <property name="1" value="58, 9, 22" />
    </property>
  </property>
  <property class="Stats">
    <property name="TotalVertices" value="1379983" />
    <property name="TotalTriangles" value="1524364" />
    <property class="BlockEntities">
      <property name="Vertices" value="1265306" />
      <property name="Triangles" value="1460144" />
    </property>
    <property class="ChunkMeshes0">
      <property name="Vertices" value="95745" />
      <property name="Triangles" value="52202" />
    </property>
    <property class="ChunkMeshes1">
      <property name="Vertices" value="4544" />
      <property name="Triangles" value="2272" />
    </property>
    <property class="ChunkMeshes2">
      <property name="Vertices" value="144" />
      <property name="Triangles" value="120" />
    </property>
    <property class="ChunkMeshes3">
      <property name="Vertices" value="1514" />
      <property name="Triangles" value="772" />
    </property>
    <property class="ChunkMeshes4">
      <property name="Vertices" value="12730" />
      <property name="Triangles" value="8854" />
    </property>
    <property class="ChunkMeshes5">
      <property name="Vertices" value="0" />
      <property name="Triangles" value="0" />
    </property>
  </property>
</prefab>