﻿<?xml version="1.0" encoding="UTF-8"?>
<prefab>
  <property name="CopyAirBlocks" value="True" />
  <property name="AllowTopSoilDecorations" value="True" />
  <property name="TraderArea" value="False" />
  <property name="ExcludeDistantPOIMesh" value="False" />
  <property name="ExcludePOICulling" value="False" />
  <property name="QuestTags" value="clear, fetch" />
  <property name="DifficultyTier" value="5" />
  <property name="Zoning" value="none" />
  <property name="AllowedBiomes" value="snow,pine_forest,desert" />
  <property name="AllowedTownships" value="city" />
  <property name="RotationToFaceNorth" value="0" />
  <property name="YOffset" value="-13" />
  <property name="DistantPOIYOffset" value="0" />
  <property name="EditorGroups" value="Entertainment" />
  <property name="SleeperVolumeStart" value="27, 3, 17#14, 8, 14#28, 13, 5#10, 13, 5#15, 12, 11#24, 12, 42#10, 12, 19#9, 12, 49#34, 13, 37#34, 17, 40#21, 16, 40#22, 14, 19#29, 14, 19#10, 22, 5#10, 17, 5" />
  <property name="SleeperVolumeSize" value="15, 5, 16#34, 4, 28#16, 3, 5#17, 3, 6#28, 5, 8#10, 4, 7#12, 3, 22#45, 4, 9#14, 4, 12#14, 5, 8#13, 6, 9#6, 3, 22#15, 3, 15#40, 10, 43#38, 5, 35" />
  <property name="SleeperVolumeGroup" value="GroupGenericZombie,4,5,ZomUtilityWorker,5,8,GroupLabWorker,1,1,ZomHazMatOnly,1,1,GroupGenericZombie,4,4,GroupGenericZombie,1,2,GroupGenericZombie,5,6,GroupGenericZombie,1,1,GroupGenericZombie,4,5,GroupGenericZombie,2,2,GroupGenericZombie,2,2,GroupGenericZombie,2,2,GroupGenericZombie,5,5,GroupBikerBar,6,8,GroupHospital,18,23" />
  <property name="SleeperVolumeGameStageAdjust" value=",,,,,,,,,,,,,,,,,,,," />
  <property name="SleeperIsLootVolume" value="False,False,False,False,False,False,False,False,False,False,False,False,False,False,False" />
  <property name="SleeperIsQuestExclude" value="False,False,False,False,False,False,False,False,False,False,False,False,False,False,False" />
  <property name="SleeperVolumeFlags" value="2,0,0,0,2,0,0,0,0,0,0,0,2,0,0" />
  <property name="SleeperVolumeGroupId" value="0,0,0,0,0,0,0,0,0,0,0,0,0,0,0" />
  <property name="ShowQuestClearCount" value="3" />
  <property name="Tags" value="desert, snow, industrial, pine_forest" />
  <property name="PrefabSize" value="60, 33, 60" />
  <property name="POIMarkerSize" value="40, 13, 1" />
  <property name="POIMarkerStart" value="9, 12, 60" />
  <property name="POIMarkerGroup" value="1" />
  <property name="POIMarkerTags" value="" />
  <property name="POIMarkerType" value="PartSpawn" />
  <property name="POIMarkerPartToSpawn" value="part_driveway_industrial_07" />
  <property name="POIMarkerPartRotations" value="0" />
  <property name="POIMarkerPartSpawnChance" value="1" />
  <property name="SleeperVolumeTriggeredBy" value=" # # # # # # # # # # # # # # " />
  <property class="IndexedBlockOffsets">
    <property class="quest_wood_trees">
      <property name="0" value="49, 13, 46" />
      <property name="1" value="49, 13, 50" />
      <property name="2" value="49, 13, 56" />
      <property name="3" value="55, 13, 56" />
    </property>
    <property class="POILight">
      <property name="0" value="47, 14, 49" />
    </property>
    <property class="challenge_sinks">
      <property name="0" value="32, 19, 46" />
      <property name="1" value="36, 19, 46" />
      <property name="2" value="40, 19, 46" />
      <property name="3" value="39, 19, 47" />
    </property>
    <property class="quest_feather">
      <property name="0" value="45, 24, 39" />
    </property>
    <property class="challenge_gore">
      <property name="0" value="48, 13, 50" />
    </property>
    <property class="challenge_polymers">
      <property name="0" value="46, 13, 34" />
    </property>
    <property class="challenge_mech_parts">
      <property name="0" value="38, 11, 35" />
      <property name="1" value="42, 10, 35" />
      <property name="2" value="39, 14, 38" />
      <property name="3" value="33, 14, 39" />
      <property name="4" value="35, 14, 39" />
      <property name="5" value="40, 14, 41" />
      <property name="6" value="42, 14, 42" />
      <property name="7" value="45, 14, 43" />
    </property>
    <property class="challenge_leather">
      <property name="0" value="46, 14, 39" />
      <property name="1" value="46, 14, 40" />
    </property>
    <property class="FetchContainer">
      <property name="0" value="46, 14, 43" />
    </property>
    <property class="challenge_pallet">
      <property name="0" value="24, 14, 47" />
    </property>
    <property class="challenge_elec_parts">
      <property name="0" value="32, 24, 43" />
      <property name="1" value="40, 24, 43" />
    </property>
    <property class="challenge_steel">
      <property name="0" value="34, 9, 37" />
      <property name="1" value="42, 9, 37" />
      <property name="2" value="31, 14, 45" />
      <property name="3" value="37, 14, 45" />
    </property>
    <property class="challenge_cars">
      <property name="0" value="14, 12, 26" />
    </property>
    <property class="TraderOnOff">
      <property name="0" value="34, 14, 46" />
    </property>
    <property class="Rally">
      <property name="0" value="33, 14, 59" />
    </property>
  </property>
  <property class="Stats">
    <property name="TotalVertices" value="1323378" />
    <property name="TotalTriangles" value="715003" />
    <property class="BlockEntities">
      <property name="Vertices" value="1114929" />
      <property name="Triangles" value="572384" />
    </property>
    <property class="ChunkMeshes0">
      <property name="Vertices" value="151852" />
      <property name="Triangles" value="97724" />
    </property>
    <property class="ChunkMeshes1">
      <property name="Vertices" value="31748" />
      <property name="Triangles" value="15874" />
    </property>
    <property class="ChunkMeshes2">
      <property name="Vertices" value="8681" />
      <property name="Triangles" value="4161" />
    </property>
    <property class="ChunkMeshes3">
      <property name="Vertices" value="2352" />
      <property name="Triangles" value="1176" />
    </property>
    <property class="ChunkMeshes4">
      <property name="Vertices" value="0" />
      <property name="Triangles" value="0" />
    </property>
    <property class="ChunkMeshes5">
      <property name="Vertices" value="13816" />
      <property name="Triangles" value="23684" />
    </property>
  </property>
</prefab>