﻿<?xml version="1.0" encoding="UTF-8"?>
<prefab>
  <property name="CopyAirBlocks" value="True" />
  <property name="AllowTopSoilDecorations" value="True" />
  <property name="TraderArea" value="False" />
  <property name="ExcludeDistantPOIMesh" value="False" />
  <property name="ExcludePOICulling" value="False" />
  <property name="DifficultyTier" value="1" />
  <property name="Zoning" value="downtown, none" />
  <property name="RotationToFaceNorth" value="0" />
  <property name="YOffset" value="-2" />
  <property name="DistantPOIYOffset" value="0" />
  <property name="EditorGroups" value="downtown, rural" />
  <property name="SleeperVolumeStart" value="5, 1, 3#3, 4, 3#5, 2, 12" />
  <property name="SleeperVolumeSize" value="15, 3, 21#15, 4, 10#6, 5, 5" />
  <property name="SleeperVolumeGroup" value="GroupGenericZombie,8,8,GroupGenericZombie,5,6,GroupGenericZombie,2,2" />
  <property name="SleeperVolumeGameStageAdjust" value="" />
  <property name="SleeperIsLootVolume" value="False,False,False" />
  <property name="SleeperIsQuestExclude" value="False,False,False" />
  <property name="SleeperVolumeFlags" value="0,0,0" />
  <property name="SleeperVolumeGroupId" value="0,0,0" />
  <property name="ShowQuestClearCount" value="0" />
  <property name="PrefabSize" value="25, 9, 25" />
  <property name="Tags" value="rural, downtown" />
  <property name="SleeperVolumeTriggeredBy" value=" # # " />
  <property name="QuestTags" value="clear, infested" />
  <property class="Stats">
    <property name="TotalVertices" value="144128" />
    <property name="TotalTriangles" value="53989" />
    <property class="BlockEntities">
      <property name="Vertices" value="136591" />
      <property name="Triangles" value="49806" />
    </property>
    <property class="ChunkMeshes0">
      <property name="Vertices" value="7365" />
      <property name="Triangles" value="4097" />
    </property>
    <property class="ChunkMeshes1">
      <property name="Vertices" value="0" />
      <property name="Triangles" value="0" />
    </property>
    <property class="ChunkMeshes2">
      <property name="Vertices" value="0" />
      <property name="Triangles" value="0" />
    </property>
    <property class="ChunkMeshes3">
      <property name="Vertices" value="172" />
      <property name="Triangles" value="86" />
    </property>
    <property class="ChunkMeshes4">
      <property name="Vertices" value="0" />
      <property name="Triangles" value="0" />
    </property>
    <property class="ChunkMeshes5">
      <property name="Vertices" value="0" />
      <property name="Triangles" value="0" />
    </property>
  </property>
  <property class="IndexedBlockOffsets">
    <property class="POILight">
      <property name="0" value="14, 4, 7" />
      <property name="1" value="14, 4, 11" />
    </property>
    <property class="quest_feather">
      <property name="0" value="15, 6, 12" />
    </property>
    <property class="challenge_polymers">
      <property name="0" value="12, 6, 13" />
      <property name="1" value="18, 2, 17" />
    </property>
    <property class="challenge_sinks">
      <property name="0" value="11, 6, 11" />
    </property>
    <property class="TraderOnOff">
      <property name="0" value="8, 2, 14" />
    </property>
    <property class="Rally">
      <property name="0" value="8, 2, 22" />
    </property>
  </property>
</prefab>