﻿<?xml version="1.0" encoding="UTF-8"?>
<prefab>
  <property name="CopyAirBlocks" value="True" />
  <property name="AllowTopSoilDecorations" value="True" />
  <property name="TraderArea" value="False" />
  <property name="TraderAreaTeleportSize" value="12, 10, 15" />
  <property name="TraderAreaTeleportCenter" value="0, 0, 0" />
  <property name="ExcludeDistantPOIMesh" value="False" />
  <property name="ExcludePOICulling" value="False" />
  <property name="DifficultyTier" value="1" />
  <property name="RotationToFaceNorth" value="2" />
  <property name="YOffset" value="-9" />
  <property name="DistantPOIYOffset" value="0" />
  <property name="EditorGroups" value="rural" />
  <property name="SleeperVolumeStart" value="1, 1, 1" />
  <property name="SleeperVolumeSize" value="31, 11, 26" />
  <property name="SleeperVolumeGroup" value="GroupGenericZombie,10,12" />
  <property name="SleeperVolumeGameStageAdjust" value=",,," />
  <property name="SleeperIsLootVolume" value="False" />
  <property name="SleeperIsQuestExclude" value="False" />
  <property name="SleeperVolumeFlags" value="0" />
  <property name="SleeperVolumeGroupId" value="0" />
  <property name="ShowQuestClearCount" value="1" />
  <property name="Zoning" value="ResidentialOld" />
  <property name="AllowedBiomes" value="desert" />
  <property name="AllowedTownships" value="rural" />
  <property name="QuestTags" value="clear, fetch" />
  <property name="Tags" value="desert, wilderness" />
  <property name="PrefabSize" value="28, 28, 33" />
  <property name="SleeperVolumeTriggeredBy" value=" " />
  <property class="Stats">
    <property name="TotalVertices" value="118199" />
    <property name="TotalTriangles" value="52097" />
    <property class="BlockEntities">
      <property name="Vertices" value="88113" />
      <property name="Triangles" value="31313" />
    </property>
    <property class="ChunkMeshes0">
      <property name="Vertices" value="25638" />
      <property name="Triangles" value="13440" />
    </property>
    <property class="ChunkMeshes1">
      <property name="Vertices" value="0" />
      <property name="Triangles" value="0" />
    </property>
    <property class="ChunkMeshes2">
      <property name="Vertices" value="136" />
      <property name="Triangles" value="68" />
    </property>
    <property class="ChunkMeshes3">
      <property name="Vertices" value="0" />
      <property name="Triangles" value="0" />
    </property>
    <property class="ChunkMeshes4">
      <property name="Vertices" value="0" />
      <property name="Triangles" value="0" />
    </property>
    <property class="ChunkMeshes5">
      <property name="Vertices" value="4312" />
      <property name="Triangles" value="7276" />
    </property>
  </property>
  <property class="IndexedBlockOffsets">
    <property class="challenge_polymers">
      <property name="0" value="0, 9, 0" />
    </property>
    <property class="quest_wood_trees">
      <property name="0" value="2, 9, 27" />
    </property>
    <property class="challenge_pallet">
      <property name="0" value="20, 3, 27" />
      <property name="1" value="21, 3, 26" />
      <property name="2" value="21, 3, 27" />
    </property>
    <property class="TraderOnOff">
      <property name="0" value="22, 11, 30" />
    </property>
    <property class="Rally">
      <property name="0" value="0, 10, 0" />
    </property>
    <property class="challenge_mech_parts">
      <property name="0" value="21, 11, 8" />
    </property>
    <property class="FetchContainer">
      <property name="0" value="21, 3, 28" />
      <property name="1" value="17, 4, 14" />
      <property name="2" value="25, 12, 28" />
    </property>
    <property class="POILight">
      <property name="0" value="23, 13, 30" />
    </property>
    <property class="challenge_sinks">
      <property name="0" value="19, 11, 30" />
    </property>
  </property>
</prefab>