﻿<?xml version="1.0" encoding="UTF-8"?>
<prefab>
  <property name="CopyAirBlocks" value="True" />
  <property name="AllowTopSoilDecorations" value="True" />
  <property name="TraderArea" value="False" />
  <property name="ExcludeDistantPOIMesh" value="False" />
  <property name="ExcludePOICulling" value="False" />
  <property name="QuestTags" value="clear, fetch, infested" />
  <property name="DifficultyTier" value="3" />
  <property name="Zoning" value="Residential, none, ResidentialOld" />
  <property name="RotationToFaceNorth" value="2" />
  <property name="YOffset" value="-7" />
  <property name="DistantPOIYOffset" value="0" />
  <property name="EditorGroups" value="rural, house old" />
  <property name="SleeperVolumeStart" value="12, 16, 14#34, 16, 14#19, 16, 13#15, 12, 17#19, 12, 17#23, 12, 17#26, 12, 16#27, 12, 8#34, 12, 10#15, 12, 10#15, 7, 9#15, 7, 17#27, 7, 9#32, 7, 9#30, 7, 16#21, 7, 14#22, 7, 16#23, 7, 22#15, 7, 28#8, 8, 19#14, 4, 17#18, 4, 13#22, 4, 17#27, 4, 17#30, 4, 9#24, 4, 9" />
  <property name="SleeperVolumeSize" value="2, 2, 4#2, 2, 4#15, 2, 6#4, 2, 6#4, 2, 6#4, 2, 6#6, 2, 7#5, 2, 8#4, 2, 10#12, 2, 7#7, 2, 8#7, 2, 7#3, 2, 5#3, 2, 5#5, 2, 6#9, 2, 1#8, 2, 5#12, 2, 7#5, 2, 7#6, 2, 17#5, 2, 4#11, 2, 2#4, 2, 2#4, 2, 2#3, 2, 7#3, 2, 4" />
  <property name="SleeperVolumeGroup" value="GroupGenericZombie,1,1,ZomBurnt,1,1,GroupGenericZombie,5,5,GroupZomBadass,1,2,ZomHazMatOnly,1,1,GroupLabWorker,1,1,GroupHospital,2,2,ZomBusinessman,1,1,ZomBurnt,1,1,GroupAbandonedHouse,1,1,GroupGenericZombie,2,2,ZomBusinessman,1,1,GroupZomSoldier,1,1,ZomHazMatOnly,1,1,ZomBusinessman,1,1,GroupBikerBar,1,1,GroupGenericZombie,2,2,GroupGenericZombie,1,1,GroupGenericZombie,1,1,GroupZomBadassOnly,2,2,ZomHazMatOnly,2,2,GroupBikerBar,1,1,GroupGenericZombie,1,1,GroupHospital,2,2,GroupHospital,1,1,ZomBurnt,1,1" />
  <property name="SleeperVolumeGameStageAdjust" value=",,,,,,,,,,,,,,,,,,,,,,,,," />
  <property name="SleeperIsLootVolume" value="False,False,False,False,False,False,False,False,False,False,False,False,False,False,False,False,False,False,False,False,False,False,False,False,False,False" />
  <property name="SleeperIsQuestExclude" value="False,False,False,False,False,False,False,False,False,False,False,False,False,False,False,False,False,False,False,False,False,False,False,False,False,False" />
  <property name="SleeperVolumeFlags" value="0,0,0,0,0,0,0,0,0,0,0,0,0,0,0,0,0,0,0,0,0,0,0,0,0,0" />
  <property name="SleeperVolumeGroupId" value="0,0,0,0,0,0,0,0,0,0,0,0,0,0,0,0,0,0,0,0,0,0,0,0,0,0" />
  <property name="ShowQuestClearCount" value="0" />
  <property name="PrefabSize" value="42, 27, 42" />
  <property name="Tags" value="residential" />
  <property name="SleeperVolumeTriggeredBy" value=" # # # # # # # # # # # # # # # # # # # # # # # # # " />
  <property class="IndexedBlockOffsets">
    <property class="quest_wood_trees">
      <property name="0" value="38, 7, 28" />
    </property>
    <property class="POILight">
      <property name="0" value="25, 10, 7" />
      <property name="1" value="22, 6, 10" />
      <property name="2" value="28, 6, 10" />
      <property name="3" value="32, 6, 10" />
      <property name="4" value="33, 10, 10" />
      <property name="5" value="21, 10, 11" />
      <property name="6" value="21, 10, 13" />
      <property name="7" value="22, 6, 13" />
      <property name="8" value="31, 12, 13" />
      <property name="9" value="32, 6, 13" />
      <property name="10" value="31, 10, 14" />
      <property name="11" value="24, 16, 16" />
      <property name="12" value="26, 6, 16" />
      <property name="13" value="22, 5, 18" />
      <property name="14" value="28, 10, 18" />
      <property name="15" value="28, 16, 18" />
      <property name="16" value="31, 12, 18" />
      <property name="17" value="26, 14, 20" />
      <property name="18" value="31, 10, 20" />
      <property name="19" value="32, 5, 20" />
      <property name="20" value="32, 6, 20" />
    </property>
    <property class="Rally">
      <property name="0" value="6, 7, 5" />
    </property>
    <property class="FetchContainer">
      <property name="0" value="33, 12, 23" />
    </property>
    <property class="challenge_sinks">
      <property name="0" value="25, 12, 21" />
      <property name="1" value="22, 12, 22" />
    </property>
    <property class="challenge_polymers">
      <property name="0" value="24, 12, 13" />
      <property name="1" value="25, 16, 14" />
      <property name="2" value="33, 9, 19" />
      <property name="3" value="33, 9, 20" />
    </property>
    <property class="challenge_mech_parts">
      <property name="0" value="28, 8, 9" />
      <property name="1" value="33, 16, 14" />
      <property name="2" value="33, 8, 17" />
      <property name="3" value="23, 6, 18" />
    </property>
    <property class="TraderOnOff">
      <property name="0" value="21, 8, 12" />
      <property name="1" value="28, 6, 14" />
      <property name="2" value="28, 4, 15" />
    </property>
    <property class="challenge_pallet">
      <property name="0" value="25, 4, 11" />
      <property name="1" value="35, 7, 16" />
      <property name="2" value="35, 8, 16" />
      <property name="3" value="35, 7, 17" />
      <property name="4" value="22, 4, 18" />
      <property name="5" value="23, 4, 20" />
    </property>
    <property class="quest_feather">
      <property name="0" value="35, 17, 15" />
    </property>
    <property class="challenge_leather">
      <property name="0" value="28, 12, 9" />
      <property name="1" value="29, 12, 9" />
      <property name="2" value="30, 12, 9" />
      <property name="3" value="31, 12, 9" />
      <property name="4" value="31, 12, 10" />
      <property name="5" value="31, 12, 11" />
      <property name="6" value="31, 12, 12" />
      <property name="7" value="33, 4, 19" />
      <property name="8" value="29, 4, 20" />
      <property name="9" value="30, 4, 20" />
      <property name="10" value="31, 4, 20" />
      <property name="11" value="32, 4, 20" />
      <property name="12" value="33, 4, 20" />
    </property>
  </property>
  <property class="Stats">
    <property name="TotalVertices" value="781787" />
    <property name="TotalTriangles" value="387211" />
    <property class="BlockEntities">
      <property name="Vertices" value="711302" />
      <property name="Triangles" value="340950" />
    </property>
    <property class="ChunkMeshes0">
      <property name="Vertices" value="59325" />
      <property name="Triangles" value="33081" />
    </property>
    <property class="ChunkMeshes1">
      <property name="Vertices" value="2688" />
      <property name="Triangles" value="1344" />
    </property>
    <property class="ChunkMeshes2">
      <property name="Vertices" value="1056" />
      <property name="Triangles" value="680" />
    </property>
    <property class="ChunkMeshes3">
      <property name="Vertices" value="768" />
      <property name="Triangles" value="384" />
    </property>
    <property class="ChunkMeshes4">
      <property name="Vertices" value="0" />
      <property name="Triangles" value="0" />
    </property>
    <property class="ChunkMeshes5">
      <property name="Vertices" value="6648" />
      <property name="Triangles" value="10772" />
    </property>
  </property>
</prefab>