﻿<?xml version="1.0" encoding="UTF-8"?>
<prefab>
  <property name="CopyAirBlocks" value="True" />
  <property name="AllowTopSoilDecorations" value="True" />
  <property name="TraderArea" value="False" />
  <property name="ExcludeDistantPOIMesh" value="False" />
  <property name="ExcludePOICulling" value="False" />
  <property name="QuestTags" value="clear, fetch, infested" />
  <property name="DifficultyTier" value="3" />
  <property name="Zoning" value="Residential, none, ResidentialOld" />
  <property name="RotationToFaceNorth" value="2" />
  <property name="YOffset" value="-9" />
  <property name="DistantPOIYOffset" value="0" />
  <property name="EditorGroups" value="rural, house new, HOUSE CONST, house old" />
  <property name="SleeperVolumeStart" value="9, 1, 11#4, 7, 25#4, 13, 20#4, 18, 19#4, 9, 19#4, 9, 13#0, 9, 5#4, 13, 5#4, 17, 5#13, 9, 6" />
  <property name="SleeperVolumeSize" value="5, 5, 13#10, 5, 5#9, 5, 10#9, 2, 10#10, 3, 5#10, 3, 5#14, 3, 7#10, 3, 13#9, 3, 13#6, 15, 24" />
  <property name="SleeperVolumeGroup" value="GroupGenericZombie,5,5,ZomHazMatOnly,4,4,ZomBusinessman,4,4,GroupZomBadass,2,3,ZomUtilityWorker,2,2,GroupGenericZombie,2,2,ZomBusinessman,4,4,GroupGenericZombie,4,4,GroupZomBadassOnly,3,3,GroupGenericZombie,5,5" />
  <property name="SleeperVolumeGameStageAdjust" value=",,,,,,,,," />
  <property name="SleeperIsLootVolume" value="False,False,False,False,False,False,False,False,False,False" />
  <property name="SleeperIsQuestExclude" value="False,False,False,False,False,False,False,False,False,False" />
  <property name="SleeperVolumeFlags" value="0,0,0,0,0,0,0,0,0,0" />
  <property name="SleeperVolumeGroupId" value="0,0,0,0,0,0,0,0,0,0" />
  <property name="ShowQuestClearCount" value="0" />
  <property name="Tags" value="wilderness" />
  <property name="PrefabSize" value="33, 28, 20" />
  <property name="SleeperVolumeTriggeredBy" value=" # # # # # # # # # " />
  <property class="IndexedBlockOffsets">
    <property class="challenge_sinks">
      <property name="0" value="11, 3, 12" />
      <property name="1" value="16, 4, 12" />
      <property name="2" value="12, 14, 5" />
      <property name="3" value="13, 14, 5" />
      <property name="4" value="13, 14, 7" />
      <property name="5" value="15, 14, 5" />
      <property name="6" value="15, 14, 7" />
      <property name="7" value="16, 14, 5" />
      <property name="8" value="16, 14, 11" />
      <property name="9" value="25, 15, 9" />
    </property>
    <property class="POILight">
      <property name="0" value="26, 12, 15" />
    </property>
    <property class="FetchContainer">
      <property name="0" value="22, 18, 9" />
    </property>
    <property class="quest_wood_trees">
      <property name="0" value="31, 9, 18" />
    </property>
    <property class="challenge_polymers">
      <property name="0" value="15, 9, 13" />
      <property name="1" value="17, 14, 14" />
      <property name="2" value="20, 14, 11" />
    </property>
    <property class="challenge_mech_parts">
      <property name="0" value="15, 9, 10" />
    </property>
    <property class="Rally">
      <property name="0" value="14, 9, 0" />
    </property>
    <property class="TraderOnOff">
      <property name="0" value="11, 3, 10" />
      <property name="1" value="18, 3, 10" />
      <property name="2" value="11, 9, 5" />
      <property name="3" value="17, 9, 5" />
      <property name="4" value="11, 14, 7" />
      <property name="5" value="18, 14, 10" />
      <property name="6" value="19, 14, 12" />
      <property name="7" value="21, 18, 10" />
    </property>
  </property>
  <property class="Stats">
    <property name="TotalVertices" value="410666" />
    <property name="TotalTriangles" value="202614" />
    <property class="BlockEntities">
      <property name="Vertices" value="372157" />
      <property name="Triangles" value="178627" />
    </property>
    <property class="ChunkMeshes0">
      <property name="Vertices" value="29950" />
      <property name="Triangles" value="15874" />
    </property>
    <property class="ChunkMeshes1">
      <property name="Vertices" value="0" />
      <property name="Triangles" value="0" />
    </property>
    <property class="ChunkMeshes2">
      <property name="Vertices" value="1303" />
      <property name="Triangles" value="853" />
    </property>
    <property class="ChunkMeshes3">
      <property name="Vertices" value="4032" />
      <property name="Triangles" value="2016" />
    </property>
    <property class="ChunkMeshes4">
      <property name="Vertices" value="0" />
      <property name="Triangles" value="0" />
    </property>
    <property class="ChunkMeshes5">
      <property name="Vertices" value="3224" />
      <property name="Triangles" value="5244" />
    </property>
  </property>
</prefab>