﻿<?xml version="1.0" encoding="UTF-8"?>
<prefab>
  <property name="CopyAirBlocks" value="True" />
  <property name="AllowTopSoilDecorations" value="True" />
  <property name="TraderArea" value="False" />
  <property name="ExcludeDistantPOIMesh" value="False" />
  <property name="ExcludePOICulling" value="False" />
  <property name="DifficultyTier" value="2" />
  <property name="Zoning" value="none" />
  <property name="AllowedBiomes" value="snow,pine_forest" />
  <property name="AllowedTownships" value="wilderness" />
  <property name="RotationToFaceNorth" value="2" />
  <property name="YOffset" value="-27" />
  <property name="DistantPOIYOffset" value="0" />
  <property name="EditorGroups" value="Bunker_Mine" />
  <property name="SleeperVolumeStart" value="0, 27, 0#0, 19, 0#0, 13, 0#0, 7, 0#0, 0, 0" />
  <property name="SleeperVolumeSize" value="25, 6, 25#25, 8, 27#25, 6, 27#25, 6, 27#25, 7, 27" />
  <property name="SleeperVolumeGroup" value="S_-Group_Generic_Zombie,4,5,S_Zom_Utility_Worker,5,5,S_Zom_Utility_Worker,2,2,S_Zom_Janitor_Only,2,2,S_Zom_HazMat_Only,3,3" />
  <property name="SleeperVolumeGameStageAdjust" value=",,,,,," />
  <property name="SleeperIsLootVolume" value="False,False,False,False,False" />
  <property name="SleeperIsQuestExclude" value="False,False,False,False,False" />
  <property name="SleeperVolumeFlags" value="0,0,0,0,0" />
  <property name="SleeperVolumeGroupId" value="0,0,0,0,0" />
  <property name="ShowQuestClearCount" value="1" />
  <property name="Tags" value="wilderness,pine_forest" />
  <property name="PrefabSize" value="25, 34, 27" />
  <property class="IndexedBlockOffsets">
    <property class="POILight">
      <property name="0" value="17, 29, 15" />
      <property name="1" value="12, 6, 16" />
      <property name="2" value="12, 11, 16" />
      <property name="3" value="12, 17, 16" />
      <property name="4" value="12, 25, 16" />
      <property name="5" value="17, 10, 16" />
      <property name="6" value="21, 29, 16" />
      <property name="7" value="21, 29, 20" />
    </property>
  </property>
  <property class="Stats">
    <property name="TotalVertices" value="503508" />
    <property name="TotalTriangles" value="520640" />
    <property class="BlockEntities">
      <property name="Vertices" value="458737" />
      <property name="Triangles" value="483759" />
    </property>
    <property class="ChunkMeshes0">
      <property name="Vertices" value="21652" />
      <property name="Triangles" value="12844" />
    </property>
    <property class="ChunkMeshes1">
      <property name="Vertices" value="11848" />
      <property name="Triangles" value="5924" />
    </property>
    <property class="ChunkMeshes2">
      <property name="Vertices" value="96" />
      <property name="Triangles" value="80" />
    </property>
    <property class="ChunkMeshes3">
      <property name="Vertices" value="0" />
      <property name="Triangles" value="0" />
    </property>
    <property class="ChunkMeshes4">
      <property name="Vertices" value="1029" />
      <property name="Triangles" value="1385" />
    </property>
    <property class="ChunkMeshes5">
      <property name="Vertices" value="0" />
      <property name="Triangles" value="0" />
    </property>
    <property class="ChunkMeshes6">
      <property name="Vertices" value="0" />
      <property name="Triangles" value="0" />
    </property>
    <property class="ChunkMeshes7">
      <property name="Vertices" value="9498" />
      <property name="Triangles" value="16324" />
    </property>
    <property class="ChunkMeshes8">
      <property name="Vertices" value="0" />
      <property name="Triangles" value="0" />
    </property>
    <property class="ChunkMeshes9">
      <property name="Vertices" value="648" />
      <property name="Triangles" value="324" />
    </property>
  </property>
</prefab>