﻿<?xml version="1.0" encoding="UTF-8"?>
<prefab>
  <property name="CopyAirBlocks" value="True" />
  <property name="AllowTopSoilDecorations" value="True" />
  <property name="TraderArea" value="False" />
  <property name="ExcludeDistantPOIMesh" value="False" />
  <property name="ExcludePOICulling" value="False" />
  <property name="DifficultyTier" value="1" />
  <property name="Zoning" value="Rural, ResidentialOld" />
  <property name="AllowedBiomes" value="snow,pine_forest,desert" />
  <property name="AllowedTownships" value="rural" />
  <property name="RotationToFaceNorth" value="2" />
  <property name="YOffset" value="-12" />
  <property name="DistantPOIYOffset" value="0" />
  <property name="EditorGroups" value="rural" />
  <property name="SleeperVolumeStart" value="1, 12, 3" />
  <property name="SleeperVolumeSize" value="23, 8, 22" />
  <property name="SleeperVolumeGroup" value="ZomJanitorOnly,5,9" />
  <property name="SleeperVolumeGameStageAdjust" value="," />
  <property name="SleeperIsLootVolume" value="False" />
  <property name="SleeperIsQuestExclude" value="False" />
  <property name="SleeperVolumeFlags" value="0" />
  <property name="SleeperVolumeGroupId" value="0" />
  <property name="ShowQuestClearCount" value="1" />
  <property name="Tags" value="desert, snow, countrytown, pine_forest, nodiagonal" />
  <property name="POIMarkerPartRotations" value="3" />
  <property name="POIMarkerPartSpawnChance" value="1" />
  <property name="PrefabSize" value="25, 22, 25" />
  <property name="SleeperVolumeTriggeredBy" value=" " />
  <property name="QuestTags" value="snow,pine_forest,deserta" />
  <property class="Stats">
    <property name="TotalVertices" value="352554" />
    <property name="TotalTriangles" value="192678" />
    <property class="BlockEntities">
      <property name="Vertices" value="316358" />
      <property name="Triangles" value="167686" />
    </property>
    <property class="ChunkMeshes0">
      <property name="Vertices" value="31270" />
      <property name="Triangles" value="17480" />
    </property>
    <property class="ChunkMeshes1">
      <property name="Vertices" value="0" />
      <property name="Triangles" value="0" />
    </property>
    <property class="ChunkMeshes2">
      <property name="Vertices" value="896" />
      <property name="Triangles" value="448" />
    </property>
    <property class="ChunkMeshes3">
      <property name="Vertices" value="0" />
      <property name="Triangles" value="0" />
    </property>
    <property class="ChunkMeshes4">
      <property name="Vertices" value="0" />
      <property name="Triangles" value="0" />
    </property>
    <property class="ChunkMeshes5">
      <property name="Vertices" value="4030" />
      <property name="Triangles" value="7064" />
    </property>
  </property>
  <property class="IndexedBlockOffsets">
    <property class="quest_wood_trees">
      <property name="0" value="17, 12, 23" />
      <property name="1" value="23, 12, 17" />
      <property name="2" value="23, 12, 23" />
    </property>
    <property class="POILight">
      <property name="0" value="14, 5, 13" />
      <property name="1" value="15, 5, 17" />
      <property name="2" value="17, 5, 13" />
    </property>
    <property class="challenge_steel">
      <property name="0" value="5, 12, 10" />
      <property name="1" value="7, 12, 2" />
      <property name="2" value="9, 12, 2" />
    </property>
    <property class="quest_feather">
      <property name="0" value="10, 21, 21" />
    </property>
    <property class="TraderOnOff">
      <property name="0" value="14, 3, 17" />
      <property name="1" value="13, 16, 19" />
    </property>
    <property class="challenge_sinks">
      <property name="0" value="14, 16, 20" />
    </property>
    <property class="challenge_polymers">
      <property name="0" value="13, 12, 22" />
      <property name="1" value="15, 12, 23" />
      <property name="2" value="17, 12, 14" />
      <property name="3" value="18, 12, 19" />
      <property name="4" value="13, 13, 20" />
      <property name="5" value="16, 13, 20" />
    </property>
    <property class="challenge_mech_parts">
      <property name="0" value="13, 12, 19" />
      <property name="1" value="15, 12, 18" />
      <property name="2" value="17, 13, 20" />
    </property>
    <property class="challenge_leather">
      <property name="0" value="15, 16, 13" />
      <property name="1" value="15, 16, 17" />
      <property name="2" value="16, 16, 13" />
      <property name="3" value="16, 16, 17" />
      <property name="4" value="17, 16, 13" />
      <property name="5" value="17, 16, 17" />
      <property name="6" value="18, 16, 13" />
      <property name="7" value="18, 16, 14" />
      <property name="8" value="18, 16, 15" />
      <property name="9" value="18, 16, 16" />
      <property name="10" value="18, 16, 17" />
    </property>
  </property>
</prefab>