﻿<?xml version="1.0" encoding="UTF-8"?>
<prefab>
  <property name="CopyAirBlocks" value="True" />
  <property name="AllowTopSoilDecorations" value="True" />
  <property name="TraderArea" value="False" />
  <property name="ExcludeDistantPOIMesh" value="False" />
  <property name="ExcludePOICulling" value="False" />
  <property name="DifficultyTier" value="1" />
  <property name="Zoning" value="ResidentialOld, Residential" />
  <property name="AllowedBiomes" value="snow,pine_forest,desert" />
  <property name="AllowedTownships" value="town" />
  <property name="RotationToFaceNorth" value="2" />
  <property name="YOffset" value="-8" />
  <property name="DistantPOIYOffset" value="0" />
  <property name="EditorGroups" value="house old" />
  <property name="SleeperVolumeStart" value="1, 2, 1" />
  <property name="SleeperVolumeSize" value="20, 13, 17" />
  <property name="SleeperVolumeGroup" value="GroupGenericZombie,6,6" />
  <property name="SleeperVolumeGameStageAdjust" value="," />
  <property name="SleeperIsLootVolume" value="False" />
  <property name="SleeperIsQuestExclude" value="False" />
  <property name="SleeperVolumeFlags" value="2" />
  <property name="SleeperVolumeGroupId" value="0" />
  <property name="ShowQuestClearCount" value="1" />
  <property name="Tags" value="wilderness, pine_forest" />
  <property name="POIMarkerSize" value="1, 1, 1" />
  <property name="POIMarkerStart" value="-1, 7, 12" />
  <property name="POIMarkerGroup" value="1" />
  <property name="POIMarkerTags" value="" />
  <property name="POIMarkerType" value="RoadExit" />
  <property name="POIMarkerPartToSpawn" value="" />
  <property name="POIMarkerPartRotations" value="1" />
  <property name="POIMarkerPartSpawnChance" value="1" />
  <property name="PrefabSize" value="19, 29, 22" />
  <property name="SleeperVolumeTriggeredBy" value=" " />
  <property name="QuestTags" value="snow,pine_forest,desert" />
  <property class="IndexedBlockOffsets">
    <property class="TraderOnOff">
      <property name="0" value="11, 9, 6" />
      <property name="1" value="12, 12, 6" />
    </property>
    <property class="challenge_polymers">
      <property name="0" value="11, 3, 12" />
    </property>
    <property class="challenge_leather">
      <property name="0" value="5, 9, 6" />
      <property name="1" value="5, 9, 7" />
      <property name="2" value="6, 9, 7" />
      <property name="3" value="7, 9, 7" />
    </property>
    <property class="POILight">
      <property name="0" value="13, 3, 13" />
    </property>
    <property class="quest_wood_trees">
      <property name="0" value="16, 8, 20" />
      <property name="1" value="17, 8, 15" />
      <property name="2" value="12, 9, 14" />
    </property>
    <property class="quest_feather">
      <property name="0" value="14, 8, 21" />
      <property name="1" value="17, 8, 17" />
      <property name="2" value="11, 11, 15" />
    </property>
    <property class="challenge_stump">
      <property name="0" value="6, 8, 12" />
    </property>
    <property class="challenge_sinks">
      <property name="0" value="11, 9, 4" />
      <property name="1" value="13, 9, 7" />
    </property>
  </property>
  <property class="Stats">
    <property name="TotalVertices" value="206516" />
    <property name="TotalTriangles" value="141525" />
    <property class="BlockEntities">
      <property name="Vertices" value="194364" />
      <property name="Triangles" value="132706" />
    </property>
    <property class="ChunkMeshes0">
      <property name="Vertices" value="7650" />
      <property name="Triangles" value="3983" />
    </property>
    <property class="ChunkMeshes1">
      <property name="Vertices" value="1600" />
      <property name="Triangles" value="800" />
    </property>
    <property class="ChunkMeshes2">
      <property name="Vertices" value="64" />
      <property name="Triangles" value="32" />
    </property>
    <property class="ChunkMeshes3">
      <property name="Vertices" value="720" />
      <property name="Triangles" value="360" />
    </property>
    <property class="ChunkMeshes4">
      <property name="Vertices" value="0" />
      <property name="Triangles" value="0" />
    </property>
    <property class="ChunkMeshes5">
      <property name="Vertices" value="2118" />
      <property name="Triangles" value="3644" />
    </property>
  </property>
</prefab>