﻿<?xml version="1.0" encoding="UTF-8"?>
<prefab>
  <property name="CopyAirBlocks" value="True" />
  <property name="ExcludeDistantPOIMesh" value="False" />
  <property name="ExcludePOICulling" value="False" />
  <property name="DistantPOIYOffset" value="0" />
  <property name="AllowTopSoilDecorations" value="True" />
  <property name="DifficultyTier" value="1" />
  <property name="ShowQuestClearCount" value="1" />
  <property name="TraderArea" value="True" />
  <property name="RotationToFaceNorth" value="2" />
  <property name="EditorGroups" value="Multi_Trader" />
  <property name="Zoning" value="Wilderness" />
  <property name="TraderAreaTeleportSize" value="36, 26, 31" />
  <property name="TraderAreaTeleportCenter" value="0, 0, 0" />
  <property name="YOffset" value="-12" />
  <property name="AllowedBiomes" value="wasteland" />
  <property name="AllowedTownships" value="wilderness" />
  <property name="TraderAreaProtect" value="20, 20, 20" />
  <property name="Tags" value="wasteland, wilderness, trader, biomeonly" />
  <property name="PrefabSize" value="42, 33, 42" />
  <property name="TeleportVolumeSize" value="" />
  <property name="TeleportVolumeStart" value="" />
  <property name="QuestTags" value="wasteland" />
  <property class="Stats">
    <property name="TotalVertices" value="146741" />
    <property name="TotalTriangles" value="89261" />
    <property class="BlockEntities">
      <property name="Vertices" value="111816" />
      <property name="Triangles" value="59840" />
    </property>
    <property class="ChunkMeshes0">
      <property name="Vertices" value="21519" />
      <property name="Triangles" value="12277" />
    </property>
    <property class="ChunkMeshes1">
      <property name="Vertices" value="3904" />
      <property name="Triangles" value="1952" />
    </property>
    <property class="ChunkMeshes2">
      <property name="Vertices" value="0" />
      <property name="Triangles" value="0" />
    </property>
    <property class="ChunkMeshes3">
      <property name="Vertices" value="0" />
      <property name="Triangles" value="0" />
    </property>
    <property class="ChunkMeshes4">
      <property name="Vertices" value="0" />
      <property name="Triangles" value="0" />
    </property>
    <property class="ChunkMeshes5">
      <property name="Vertices" value="9502" />
      <property name="Triangles" value="15192" />
    </property>
  </property>
  <property class="IndexedBlockOffsets">
    <property class="challenge_cars">
      <property name="0" value="27, 12, 7" />
    </property>
    <property class="POILight">
      <property name="0" value="23, 3, 23" />
      <property name="1" value="23, 2, 31" />
      <property name="2" value="23, 3, 33" />
    </property>
    <property class="quest_wood_trees">
      <property name="0" value="30, 14, 31" />
    </property>
    <property class="challenge_steel">
      <property name="0" value="19, 1, 23" />
    </property>
    <property class="TraderOnOff">
      <property name="0" value="22, 1, 25" />
    </property>
    <property class="challenge_sinks">
      <property name="0" value="11, 1, 25" />
    </property>
    <property class="Trader">
      <property name="0" value="16, 1, 28" />
    </property>
    <property class="challenge_mech_parts">
      <property name="0" value="17, 1, 30" />
    </property>
    <property class="challenge_gore">
      <property name="0" value="10, 2, 34" />
    </property>
    <property class="challenge_polymers">
      <property name="0" value="24, 12, 9" />
    </property>
  </property>
</prefab>