﻿<?xml version="1.0" encoding="UTF-8"?>
<prefab>
  <property name="CopyAirBlocks" value="True" />
  <property name="AllowTopSoilDecorations" value="True" />
  <property name="TraderArea" value="False" />
  <property name="ExcludeDistantPOIMesh" value="False" />
  <property name="ExcludePOICulling" value="False" />
  <property name="DifficultyTier" value="4" />
  <property name="Zoning" value="Downtown, Rural, Industrial" />
  <property name="RotationToFaceNorth" value="0" />
  <property name="YOffset" value="-31" />
  <property name="DistantPOIYOffset" value="0" />
  <property name="EditorGroups" value="downtown" />
  <property name="SleeperVolumeStart" value="42, 30, 43#24, 23, 27#11, 31, 27#43, 36, 31#60, 40, 28#51, 48, 36#50, 45, 36#50, 45, 45#43, 45, 34#50, 40, 43#50, 40, 34#50, 40, 28#43, 40, 39#54, 36, 31#50, 36, 39#61, 36, 40#53, 36, 43#45, 36, 43#44, 29, 30#42, 30, 35#54, 30, 31#50, 30, 36#56, 31, 39#62, 30, 41#22, 30, 55#36, 31, 27#51, 30, 18" />
  <property name="SleeperVolumeSize" value="14, 3, 8#36, 6, 30#23, 3, 27#11, 3, 7#7, 3, 23#10, 5, 9#14, 2, 9#17, 2, 4#6, 2, 15#10, 3, 8#10, 3, 8#10, 3, 6#6, 3, 12#11, 5, 7#11, 3, 3#7, 3, 12#7, 3, 9#8, 3, 9#9, 6, 9#8, 3, 8#12, 3, 8#1, 3, 2#1, 3, 2#3, 3, 10#21, 3, 17#9, 3, 12#22, 5, 12" />
  <property name="SleeperVolumeGroup" value="GroupAbandonedHouse,2,3,GroupGenericZombie,5,6,GroupZomBadass,1,2,GroupGenericZombie,4,4,ZomBusinessman,4,4,GroupGenericZombie,4,6,ZomBusinessman,4,6,ZomBusinessman,1,3,ZomBusinessman,1,3,ZomBusinessman,1,1,GroupGenericZombie,1,2,GroupGenericZombie,1,2,ZomBusinessman,2,3,ZomHazMatOnly,6,6,GroupGenericZombie,2,3,GroupZomSoldier,2,3,ZomUtilityWorker,2,3,ZomUtilityWorker,1,2,ZomUtilityWorker,1,1,ZomUtilityWorker,1,3,ZomUtilityWorker,3,3,ZomUtilityWorker,1,1,GroupHospital,1,1,GroupHospital,2,2,GroupGenericZombie,2,2,GroupLabWorker,1,2,GroupGenericZombie,2,5" />
  <property name="SleeperVolumeGameStageAdjust" value=",,,,,,,,,,,,,,,,,,,,,,,,,," />
  <property name="SleeperIsLootVolume" value="False,False,False,False,False,False,False,False,False,False,False,False,False,False,False,False,False,False,False,False,False,False,False,False,False,False,False" />
  <property name="SleeperIsQuestExclude" value="False,False,False,False,False,False,False,False,False,False,False,False,False,False,False,False,False,False,False,False,False,False,False,False,False,False,False" />
  <property name="SleeperVolumeFlags" value="0,0,0,0,0,2,0,0,0,0,0,0,0,0,0,0,0,0,0,0,0,2,2,0,0,0,2" />
  <property name="SleeperVolumeGroupId" value="0,0,0,0,0,0,0,0,0,0,0,0,0,0,0,0,0,0,0,0,0,0,0,0,0,0,0" />
  <property name="ShowQuestClearCount" value="0" />
  <property name="PrefabSize" value="100, 55, 100" />
  <property name="Tags" value="commercial, industrial, rural, downtown" />
  <property name="ThemeTags" value="multi" />
  <property name="ThemeRepeatDistance" value="150" />
  <property name="SleeperVolumeTriggeredBy" value=" # # # # # # # # # # # # # # # # # # # # # # # # # # " />
  <property name="QuestTags" value="clear, fetch, infested" />
  <property class="IndexedBlockOffsets">
    <property class="quest_wood_trees">
      <property name="0" value="82, 32, 69" />
    </property>
    <property class="quest_wood">
      <property name="0" value="69, 31, 50" />
      <property name="1" value="69, 31, 51" />
      <property name="2" value="69, 31, 52" />
      <property name="3" value="69, 31, 53" />
      <property name="4" value="69, 31, 54" />
      <property name="5" value="69, 31, 55" />
      <property name="6" value="69, 31, 56" />
      <property name="7" value="69, 31, 57" />
      <property name="8" value="70, 31, 57" />
      <property name="9" value="71, 31, 57" />
      <property name="10" value="72, 31, 57" />
      <property name="11" value="73, 31, 57" />
      <property name="12" value="74, 31, 57" />
      <property name="13" value="75, 31, 57" />
      <property name="14" value="76, 31, 57" />
      <property name="15" value="75, 31, 58" />
      <property name="16" value="76, 31, 58" />
      <property name="17" value="75, 31, 59" />
      <property name="18" value="76, 31, 59" />
      <property name="19" value="75, 31, 60" />
      <property name="20" value="76, 31, 60" />
      <property name="21" value="75, 31, 61" />
      <property name="22" value="76, 31, 61" />
      <property name="23" value="75, 31, 62" />
      <property name="24" value="76, 31, 62" />
      <property name="25" value="75, 31, 63" />
      <property name="26" value="76, 31, 63" />
      <property name="27" value="75, 31, 64" />
      <property name="28" value="76, 31, 64" />
      <property name="29" value="66, 31, 65" />
      <property name="30" value="67, 31, 65" />
      <property name="31" value="68, 31, 65" />
      <property name="32" value="69, 31, 65" />
      <property name="33" value="70, 31, 65" />
      <property name="34" value="71, 31, 65" />
      <property name="35" value="72, 31, 65" />
      <property name="36" value="73, 31, 65" />
      <property name="37" value="74, 31, 65" />
      <property name="38" value="75, 31, 65" />
      <property name="39" value="76, 31, 65" />
    </property>
    <property class="challenge_polymers">
      <property name="0" value="51, 41, 37" />
      <property name="1" value="60, 41, 37" />
      <property name="2" value="51, 41, 38" />
      <property name="3" value="51, 24, 39" />
      <property name="4" value="51, 24, 40" />
      <property name="5" value="63, 41, 40" />
      <property name="6" value="51, 24, 42" />
      <property name="7" value="51, 24, 43" />
      <property name="8" value="57, 41, 43" />
      <property name="9" value="65, 41, 43" />
      <property name="10" value="51, 24, 44" />
      <property name="11" value="51, 41, 44" />
      <property name="12" value="55, 41, 44" />
      <property name="13" value="51, 24, 45" />
      <property name="14" value="51, 24, 47" />
      <property name="15" value="51, 24, 48" />
      <property name="16" value="64, 41, 49" />
    </property>
    <property class="challenge_sinks">
      <property name="0" value="54, 41, 35" />
      <property name="1" value="57, 42, 35" />
      <property name="2" value="52, 45, 37" />
      <property name="3" value="63, 42, 37" />
      <property name="4" value="54, 42, 38" />
      <property name="5" value="61, 42, 39" />
      <property name="6" value="51, 31, 43" />
      <property name="7" value="51, 42, 46" />
      <property name="8" value="57, 41, 48" />
      <property name="9" value="65, 42, 48" />
      <property name="10" value="57, 41, 49" />
    </property>
    <property class="POILight">
      <property name="0" value="56, 42, 38" />
    </property>
    <property class="TraderOnOff">
      <property name="0" value="58, 31, 50" />
      <property name="1" value="60, 31, 50" />
      <property name="2" value="59, 33, 51" />
    </property>
    <property class="challenge_mech_parts">
      <property name="0" value="64, 31, 46" />
      <property name="1" value="64, 31, 47" />
      <property name="2" value="64, 31, 48" />
      <property name="3" value="64, 31, 49" />
    </property>
    <property class="challenge_elec_parts">
      <property name="0" value="43, 39, 38" />
    </property>
    <property class="challenge_gore">
      <property name="0" value="53, 45, 34" />
      <property name="1" value="54, 45, 34" />
      <property name="2" value="56, 45, 34" />
    </property>
    <property class="challenge_leather">
      <property name="0" value="59, 41, 38" />
      <property name="1" value="61, 41, 38" />
      <property name="2" value="63, 41, 44" />
      <property name="3" value="55, 41, 48" />
      <property name="4" value="53, 41, 49" />
      <property name="5" value="55, 41, 49" />
      <property name="6" value="61, 41, 49" />
      <property name="7" value="62, 41, 49" />
    </property>
    <property class="challenge_steel">
      <property name="0" value="60, 31, 45" />
    </property>
    <property class="FetchContainer">
      <property name="0" value="67, 49, 42" />
    </property>
    <property class="Rally">
      <property name="0" value="52, 31, 96" />
    </property>
  </property>
  <property class="Stats">
    <property name="TotalVertices" value="1115818" />
    <property name="TotalTriangles" value="590290" />
    <property class="BlockEntities">
      <property name="Vertices" value="980666" />
      <property name="Triangles" value="470730" />
    </property>
    <property class="ChunkMeshes0">
      <property name="Vertices" value="89532" />
      <property name="Triangles" value="49432" />
    </property>
    <property class="ChunkMeshes1">
      <property name="Vertices" value="1728" />
      <property name="Triangles" value="864" />
    </property>
    <property class="ChunkMeshes2">
      <property name="Vertices" value="1108" />
      <property name="Triangles" value="544" />
    </property>
    <property class="ChunkMeshes3">
      <property name="Vertices" value="192" />
      <property name="Triangles" value="96" />
    </property>
    <property class="ChunkMeshes4">
      <property name="Vertices" value="0" />
      <property name="Triangles" value="0" />
    </property>
    <property class="ChunkMeshes5">
      <property name="Vertices" value="42592" />
      <property name="Triangles" value="68624" />
    </property>
  </property>
</prefab>