﻿<?xml version="1.0" encoding="UTF-8"?>
<prefab>
  <property name="CopyAirBlocks" value="True" />
  <property name="ExcludeDistantPOIMesh" value="False" />
  <property name="ExcludePOICulling" value="False" />
  <property name="DistantPOIYOffset" value="0" />
  <property name="AllowTopSoilDecorations" value="True" />
  <property name="DifficultyTier" value="1" />
  <property name="ShowQuestClearCount" value="1" />
  <property name="TraderArea" value="False" />
  <property name="SleeperVolumeSize" value="14, 3, 20#14, 4, 23#10, 4, 19#13, 2, 40#15, 6, 16" />
  <property name="SleeperVolumeStart" value="14, 8, 8#14, 11, 8#16, 15, 8#28, 8, 1#14, 2, 7" />
  <property name="SleeperVolumeGroup" value="GroupGenericZombie,4,4,GroupGenericZombie,3,3,GroupGenericZombie,1,1,GroupGenericZombie,1,1,GroupZomSoldier,3,4" />
  <property name="SleeperIsLootVolume" value="False,False,False,False,False" />
  <property name="SleeperIsBossVolume" value="False" />
  <property name="RotationToFaceNorth" value="2" />
  <property name="EditorGroups" value="house new, house old" />
  <property name="Zoning" value="Residential, ResidentialNew, ResidentialOld" />
  <property name="AllowedBiomes" value="snow,pine_forest,desert" />
  <property name="AllowedTownships" value="city" />
  <property name="QuestTags" value="clear, fetch" />
  <property name="SleeperVolumeGroupId" value="0,0,0,0,0" />
  <property name="SleeperIsQuestExclude" value="False,False,False,False,False" />
  <property name="SleeperVolumeFlags" value="0,0,0,0,0" />
  <property name="YOffset" value="-8" />
  <property name="SleeperVolumeGameStageAdjust" value=",,,,,,,," />
  <property name="Tags" value="residential, pine_forest" />
  <property name="PrefabSize" value="42, 21, 42" />
  <property name="SleeperVolumeTriggeredBy" value=" # # # # " />
  <property class="Stats">
    <property name="TotalVertices" value="461828" />
    <property name="TotalTriangles" value="235916" />
    <property class="BlockEntities">
      <property name="Vertices" value="414431" />
      <property name="Triangles" value="203473" />
    </property>
    <property class="ChunkMeshes0">
      <property name="Vertices" value="37925" />
      <property name="Triangles" value="20161" />
    </property>
    <property class="ChunkMeshes1">
      <property name="Vertices" value="2176" />
      <property name="Triangles" value="1088" />
    </property>
    <property class="ChunkMeshes2">
      <property name="Vertices" value="460" />
      <property name="Triangles" value="230" />
    </property>
    <property class="ChunkMeshes3">
      <property name="Vertices" value="48" />
      <property name="Triangles" value="24" />
    </property>
    <property class="ChunkMeshes4">
      <property name="Vertices" value="0" />
      <property name="Triangles" value="0" />
    </property>
    <property class="ChunkMeshes5">
      <property name="Vertices" value="6788" />
      <property name="Triangles" value="10940" />
    </property>
  </property>
  <property class="IndexedBlockOffsets">
    <property class="Rally">
      <property name="0" value="20, 8, 0" />
    </property>
    <property class="challenge_polymers">
      <property name="0" value="24, 14, 21" />
      <property name="1" value="25, 5, 21" />
      <property name="2" value="32, 17, 21" />
      <property name="3" value="21, 17, 22" />
      <property name="4" value="24, 14, 22" />
      <property name="5" value="25, 5, 22" />
      <property name="6" value="25, 6, 22" />
      <property name="7" value="25, 5, 25" />
    </property>
    <property class="quest_wood_trees">
      <property name="0" value="25, 8, 12" />
      <property name="1" value="29, 8, 12" />
      <property name="2" value="34, 8, 12" />
    </property>
    <property class="challenge_mech_parts">
      <property name="0" value="26, 5, 21" />
      <property name="1" value="25, 6, 24" />
    </property>
    <property class="FetchContainer">
      <property name="0" value="30, 5, 21" />
    </property>
    <property class="POILight">
      <property name="0" value="23, 15, 21" />
      <property name="1" value="27, 7, 21" />
      <property name="2" value="30, 11, 24" />
      <property name="3" value="28, 7, 26" />
      <property name="4" value="29, 7, 28" />
      <property name="5" value="25, 9, 35" />
      <property name="6" value="25, 9, 36" />
    </property>
    <property class="challenge_leather">
      <property name="0" value="31, 9, 22" />
      <property name="1" value="29, 9, 24" />
      <property name="2" value="32, 9, 24" />
      <property name="3" value="29, 9, 25" />
      <property name="4" value="32, 9, 25" />
      <property name="5" value="29, 9, 26" />
      <property name="6" value="30, 9, 26" />
      <property name="7" value="31, 9, 26" />
      <property name="8" value="32, 9, 26" />
    </property>
    <property class="TraderOnOff">
      <property name="0" value="23, 3, 22" />
      <property name="1" value="29, 13, 23" />
    </property>
    <property class="challenge_sinks">
      <property name="0" value="30, 5, 22" />
      <property name="1" value="30, 5, 23" />
    </property>
    <property class="challenge_gore">
      <property name="0" value="21, 9, 21" />
      <property name="1" value="29, 9, 23" />
    </property>
  </property>
</prefab>