﻿<?xml version="1.0" encoding="UTF-8"?>
<prefab>
  <property name="CopyAirBlocks" value="True" />
  <property name="AllowTopSoilDecorations" value="True" />
  <property name="TraderArea" value="False" />
  <property name="ExcludeDistantPOIMesh" value="False" />
  <property name="ExcludePOICulling" value="False" />
  <property name="DifficultyTier" value="5" />
  <property name="Zoning" value="Commercial, Residential" />
  <property name="RotationToFaceNorth" value="2" />
  <property name="YOffset" value="-13" />
  <property name="DistantPOIYOffset" value="0" />
  <property name="EditorGroups" value="commercial" />
  <property name="SleeperVolumeStart" value="1, 29, 3#1, 29, 20#1, 29, 37#17, 29, 37#17, 29, 20#17, 29, 3#33, 29, 3#33, 29, 20#44, 33, 26#80, 33, 26#89, 33, 26#98, 31, 26#113, 27, 23#134, 27, 23#164, 3, 21#182, 3, 21#182, 3, 30#164, 3, 30#164, 7, 12#164, 7, 32#164, 8, 53#171, 13, 16#185, 13, 29#185, 13, 42#185, 13, 55#170, 13, 55#170, 13, 41#170, 13, 28#171, 18, 16#190, 18, 29#180, 18, 29#170, 18, 29#170, 18, 48#180, 18, 48#187, 18, 48#189, 21, 53#189, 21, 43#189, 21, 34#189, 21, 19#179, 21, 19#179, 21, 34#169, 21, 50#158, 26, 21#169, 21, 19#169, 21, 25#169, 21, 31#169, 22, 37#162, 14, 32#154, 14, 32#146, 14, 32#138, 14, 32#130, 14, 32#118, 14, 32#106, 14, 32#94, 14, 32#82, 14, 32#70, 14, 32#58, 14, 32#46, 14, 32#46, 14, 21#41, 14, 21#1, 14, 5#1, 19, 5#1, 24, 5#41, 13, 3#81, 13, 3#121, 13, 3#165, 23, 34#159, 19, 29#148, 19, 34#137, 19, 34#126, 19, 34#105, 19, 34#84, 19, 34#84, 18, 29#71, 19, 29#69, 19, 36#41, 17, 29#40, 14, 22#45, 23, 22#55, 23, 22#55, 27, 20#41, 23, 28#51, 23, 28#61, 24, 28#54, 9, 35#58, 6, 35#70, 23, 43#74, 24, 40#74, 24, 36#74, 24, 32#74, 24, 28#78, 24, 26#82, 24, 26#87, 24, 26#93, 24, 26#91, 24, 32#86, 24, 32#86, 24, 39#79, 24, 45#90, 29, 38#84, 29, 38#84, 29, 27#75, 29, 30#75, 29, 42#84, 29, 42#68, 29, 42#68, 29, 32#61, 29, 32#53, 29, 29#46, 29, 29#41, 29, 25#7, 13, 62#25, 13, 57#58, 13, 58#90, 12, 58#124, 13, 91#124, 13, 78#105, 13, 56#163, 12, 69#90, 12, 45#90, 28, 45#90, 35, 45#90, 42, 45#53, 12, 48#15, 13, 0#35, 2, 35" />
  <property name="SleeperVolumeSize" value="16, 4, 17#16, 4, 17#16, 4, 17#16, 4, 17#16, 4, 17#16, 4, 17#9, 4, 17#9, 4, 17#36, 4, 28#9, 4, 28#9, 4, 19#9, 4, 19#21, 4, 26#21, 4, 26#18, 3, 9#18, 3, 9#18, 3, 16#18, 3, 21#32, 3, 21#32, 3, 21#32, 2, 14#25, 2, 13#11, 2, 13#11, 2, 13#11, 3, 13#15, 3, 13#15, 3, 13#15, 4, 13#25, 2, 13#6, 2, 19#10, 2, 19#10, 2, 19#10, 2, 19#10, 2, 19#10, 2, 19#8, 2, 14#8, 2, 10#8, 2, 9#8, 3, 15#10, 2, 15#10, 2, 24#20, 2, 17#31, 5, 46#8, 2, 6#8, 2, 6#8, 2, 6#8, 2, 6#8, 2, 21#8, 2, 21#8, 2, 21#8, 2, 21#8, 2, 21#12, 2, 21#12, 2, 21#12, 2, 14#12, 2, 15#12, 2, 22#12, 2, 15#12, 2, 15#29, 6, 11#5, 2, 28#40, 2, 45#40, 2, 45#40, 2, 45#40, 2, 20#40, 2, 29#45, 2, 29#5, 1, 24#11, 2, 29#11, 2, 24#11, 2, 24#11, 2, 24#21, 2, 24#21, 2, 24#66, 2, 6#13, 2, 6#15, 2, 16#20, 4, 22#4, 12, 7#10, 3, 7#18, 3, 7#30, 3, 7#10, 3, 12#10, 3, 12#10, 3, 12#3, 2, 10#3, 2, 10#7, 2, 7#4, 2, 4#4, 2, 4#4, 2, 4#4, 2, 4#4, 2, 4#4, 2, 4#4, 2, 4#4, 2, 4#4, 2, 7#4, 2, 7#4, 2, 7#11, 2, 7#6, 2, 7#6, 2, 7#6, 2, 7#6, 2, 7#6, 2, 10#6, 2, 10#6, 2, 10#6, 2, 10#6, 2, 10#6, 2, 10#6, 2, 10#5, 2, 16#18, 2, 16#33, 4, 45#33, 2, 45#33, 3, 45#33, 3, 12#37, 4, 12#37, 3, 12#33, 3, 35#12, 4, 12#12, 4, 12#12, 4, 12#12, 4, 12#11, 4, 9#25, 2, 5#15, 3, 12" />
  <property name="SleeperVolumeGroup" value="ZomHazMatOnly,4,5,ZomUtilityWorker,3,5,ZomSnow,1,1,GroupGhostTown,3,4,GroupAbandonedHouse,3,4,GroupGhostTown,1,1,GroupGenericZombie,1,1,GroupGenericZombie,4,5,GroupGenericZombie,5,6,ZomFatCops,1,1,ZomFatCops,1,1,GroupAbandonedHouse,3,4,GroupGenericZombie,1,2,ZomUtilityWorker,1,2,ZomUtilityWorker,6,8,ZomBurnt,3,4,ZomBurnt,4,5,ZomBurnt,4,6,GroupLabWorker,3,4,ZomBusinessman,7,8,GroupGenericZombie,2,3,GroupGenericZombie,4,6,ZomSpiderOnly,4,5,ZomUtilityWorker,2,3,GroupGenericZombie,1,2,ZomHazMatOnly,1,2,ZomBusinessman,2,3,GroupGhostTown,4,5,GroupHospital,4,5,GroupGenericZombie,3,4,GroupZomBadass,1,2,ZomBusinessman,2,3,GroupHospital,1,2,ZomSnow,2,3,GroupGenericZombie,5,7,GroupGenericZombie,2,3,GroupGenericZombie,1,2,ZomSpiderOnly,1,1,GroupGenericZombie,6,7,ZomHazMatOnly,1,2,GroupAbandonedHouse,3,4,GroupAbandonedHouse,8,10,GroupBikerBar,4,5,ZomFatCops,1,1,ZomSnow,1,1,ZomSnow,1,2,ZomSnow,1,2,GroupLabWorker,4,5,ZomSpiderOnly,3,4,GroupGenericZombie,2,3,GroupHospital,1,2,GroupGenericZombie,1,2,GroupGenericZombie,4,5,GroupGenericZombie,1,2,GroupGenericZombie,3,4,GroupBikerBar,3,4,GroupLabWorker,1,2,GroupGenericZombie,1,2,GroupGenericZombie,1,2,GroupZomBadass,6,8,GroupGhostTown,2,3,GroupBikerBar,8,10,GroupGenericZombie,5,6,GroupAbandonedHouse,4,5,GroupGenericZombie,5,7,GroupGenericZombie,5,7,GroupGenericZombie,4,5,GroupGenericZombie,1,2,GroupAbandonedHouse,2,3,GroupBikerBar,4,5,GroupGenericZombie,2,3,GroupAbandonedHouse,3,4,GroupGenericZombie,4,5,GroupHospital,1,2,GroupGenericZombie,4,5,ZomFatCops,1,2,GroupGenericZombie,2,3,GroupGenericZombie,6,7,GroupGenericZombie,2,3,GroupGenericZombie,1,2,GroupGenericZombie,1,2,ZomSnow,1,1,ZomBusinessman,2,3,ZomSpiderOnly,3,4,ZomUtilityWorker,2,3,GroupZomBadass,6,7,GroupZomBadassOnly,6,7,GroupGenericZombie,1,2,GroupGenericZombie,1,1,GroupGenericZombie,1,1,GroupGenericZombie,1,1,GroupGenericZombie,1,1,ZomBurnt,1,1,ZomHazMatOnly,1,1,GroupAbandonedHouse,1,2,ZomFatCops,1,1,ZomUtilityWorker,1,2,GroupAbandonedHouse,1,2,GroupGenericZombie,1,2,GroupGhostTown,1,2,ZomSnow,1,2,GroupLabWorker,1,2,GroupAbandonedHouse,1,2,GroupGenericZombie,1,2,ZomBusinessman,1,2,ZomSnow,1,2,GroupGenericZombie,1,2,GroupGenericZombie,1,2,GroupGenericZombie,1,2,GroupGenericZombie,1,2,GroupGenericZombie,2,3,GroupGenericZombie,1,2,ZomHazMatOnly,4,5,ZomSnow,4,5,GroupGenericZombie,5,7,GroupBikerBar,5,7,GroupBikerBar,1,2,GroupGenericZombie,6,7,GroupGenericZombie,2,3,GroupGenericZombie,2,3,ZomBusinessman,1,2,ZomBusinessman,2,3,ZomBusinessman,3,4,ZomBusinessman,1,2,ZomBusinessman,1,2,GroupAbandonedHouse,3,4,GroupBikerBar,5,6" />
  <property name="SleeperVolumeGameStageAdjust" value=",,,,,,,,,,,,,,,,,,,,,,,,,,,,,,,,,,,,,,,,,,,,,,,,,,,,,,,,,,,,,,,,,,,,,,,,,,,,,,,,,,,,,,,,,,,,,,,,,,,,,,,,,,,,,,,,,,,,,,,,,,,,," />
  <property name="SleeperIsLootVolume" value="False,False,False,False,False,False,False,False,False,False,False,False,False,False,False,False,False,False,False,False,False,False,False,False,False,False,False,False,False,False,False,False,False,False,False,False,False,False,False,False,False,False,False,False,False,False,False,False,False,False,False,False,False,False,False,False,False,False,False,False,False,False,False,False,False,False,False,False,False,False,False,False,False,False,False,False,False,False,False,False,False,False,False,False,False,False,False,False,False,False,False,False,False,False,False,False,False,False,False,False,False,False,False,False,False,False,False,False,False,False,False,False,False,False,False,False,False,False,False,False,False,False,False,False,False,False,False" />
  <property name="SleeperIsQuestExclude" value="False,False,False,False,False,False,False,False,False,False,False,False,False,False,False,False,False,False,False,False,False,False,False,False,False,False,False,False,False,False,False,False,False,False,False,False,False,False,False,False,False,False,False,False,False,False,False,False,False,False,False,False,False,False,False,False,False,False,False,False,False,False,False,False,False,False,False,False,False,False,False,False,False,False,False,False,False,False,False,False,False,False,False,False,False,False,False,False,False,False,False,False,False,False,False,False,False,False,False,False,False,False,False,False,False,False,False,False,False,False,False,False,False,False,False,False,False,False,False,False,False,False,False,False,False,False,False" />
  <property name="SleeperVolumeFlags" value="0,0,0,0,0,0,0,0,0,0,0,0,0,0,0,0,0,0,0,0,0,0,0,0,0,0,0,0,0,0,0,0,0,0,0,0,0,0,0,0,0,0,0,0,0,0,0,0,0,0,0,0,0,0,0,0,0,0,0,0,0,0,0,0,0,0,0,0,0,0,0,0,0,0,0,0,0,0,0,0,0,0,0,0,0,0,0,0,0,0,0,0,0,0,0,0,0,0,0,0,0,0,0,0,0,0,0,0,0,0,0,0,0,0,0,0,0,0,0,0,0,0,0,0,0,0,0" />
  <property name="SleeperVolumeGroupId" value="0,0,0,0,0,0,0,0,0,0,0,0,0,0,0,0,0,0,0,0,0,0,0,0,0,0,0,0,0,0,0,0,0,0,0,0,0,0,0,0,0,0,0,0,0,0,0,0,0,0,0,0,0,0,0,0,0,0,0,0,0,0,0,0,0,0,0,0,0,0,0,0,0,0,0,0,0,0,0,0,0,0,0,0,0,0,0,0,0,0,0,0,0,0,0,0,0,0,0,0,0,0,0,0,0,0,0,0,0,0,0,0,0,0,0,0,0,0,0,0,0,0,0,0,0,0,0" />
  <property name="ShowQuestClearCount" value="0" />
  <property name="PrefabSize" value="199, 55, 104" />
  <property name="Tags" value="wilderness" />
  <property name="ThemeTags" value="airport" />
  <property name="ThemeRepeatDistance" value="1000" />
  <property name="DuplicateRepeatDistance" value="8500" />
  <property name="SleeperVolumeTriggeredBy" value=" # # # # # # # # # # # # # # # # # # # # # # # # # # # # # # # # # # # # # # # # # # # # # # # # # # # # # # # # # # # # # # # # # # # # # # # # # # # # # # # # # # # # # # # # # # # # # # # # # # # # # # # # # # # # # # # # # # # # # # # # # # # # # # " />
  <property name="QuestTags" value="clear, fetch, infested" />
  <property class="IndexedBlockOffsets">
    <property class="POILight">
      <property name="0" value="196, 14, 52" />
      <property name="1" value="196, 14, 58" />
      <property name="2" value="196, 14, 60" />
      <property name="3" value="196, 14, 66" />
    </property>
    <property class="quest_wood_trees">
      <property name="0" value="197, 13, 102" />
    </property>
    <property class="TraderOnOff">
      <property name="0" value="193, 22, 54" />
      <property name="1" value="185, 24, 57" />
      <property name="2" value="191, 22, 62" />
    </property>
    <property class="brBlock">
      <property name="0" value="21, 29, 26" />
      <property name="1" value="21, 29, 30" />
      <property name="2" value="19, 29, 31" />
    </property>
    <property class="challenge_polymers">
      <property name="0" value="187, 22, 52" />
      <property name="1" value="182, 14, 55" />
      <property name="2" value="181, 23, 57" />
      <property name="3" value="182, 23, 57" />
      <property name="4" value="194, 22, 66" />
    </property>
    <property class="challenge_sinks">
      <property name="0" value="180, 15, 52" />
      <property name="1" value="193, 22, 52" />
      <property name="2" value="182, 22, 53" />
      <property name="3" value="182, 22, 55" />
      <property name="4" value="193, 22, 58" />
      <property name="5" value="193, 22, 60" />
      <property name="6" value="185, 27, 62" />
      <property name="7" value="187, 27, 62" />
      <property name="8" value="188, 27, 62" />
      <property name="9" value="189, 27, 62" />
      <property name="10" value="191, 27, 62" />
      <property name="11" value="193, 22, 62" />
      <property name="12" value="180, 27, 63" />
      <property name="13" value="185, 27, 63" />
      <property name="14" value="187, 23, 63" />
      <property name="15" value="187, 27, 63" />
      <property name="16" value="188, 27, 63" />
      <property name="17" value="189, 27, 63" />
      <property name="18" value="191, 27, 63" />
      <property name="19" value="180, 27, 64" />
    </property>
    <property class="challenge_mech_parts">
      <property name="0" value="197, 13, 47" />
      <property name="1" value="197, 13, 48" />
      <property name="2" value="197, 13, 49" />
    </property>
    <property class="challenge_gore">
      <property name="0" value="185, 22, 53" />
    </property>
    <property class="FetchContainer">
      <property name="0" value="189, 26, 53" />
    </property>
    <property class="challenge_pallet">
      <property name="0" value="39, 29, 25" />
      <property name="1" value="40, 29, 25" />
      <property name="2" value="40, 30, 25" />
      <property name="3" value="39, 29, 26" />
      <property name="4" value="40, 29, 26" />
      <property name="5" value="40, 30, 26" />
      <property name="6" value="40, 29, 27" />
      <property name="7" value="40, 30, 27" />
    </property>
    <property class="challenge_steel">
      <property name="0" value="180, 18, 52" />
    </property>
    <property class="quest_feather">
      <property name="0" value="190, 26, 24" />
    </property>
    <property class="challenge_cars">
      <property name="0" value="158, 13, 4" />
    </property>
    <property class="challenge_leather">
      <property name="0" value="191, 14, 39" />
      <property name="1" value="192, 14, 39" />
      <property name="2" value="193, 14, 39" />
      <property name="3" value="194, 14, 39" />
      <property name="4" value="194, 14, 40" />
      <property name="5" value="194, 14, 41" />
      <property name="6" value="191, 14, 42" />
      <property name="7" value="192, 14, 42" />
      <property name="8" value="193, 14, 42" />
      <property name="9" value="194, 14, 42" />
      <property name="10" value="191, 14, 44" />
      <property name="11" value="192, 14, 44" />
      <property name="12" value="193, 14, 44" />
      <property name="13" value="194, 14, 44" />
      <property name="14" value="194, 14, 45" />
      <property name="15" value="194, 14, 46" />
      <property name="16" value="191, 14, 47" />
      <property name="17" value="192, 14, 47" />
      <property name="18" value="193, 14, 47" />
      <property name="19" value="194, 14, 47" />
    </property>
    <property class="challenge_elec_parts">
      <property name="0" value="102, 43, 53" />
    </property>
    <property class="Rally">
      <property name="0" value="123, 13, 3" />
    </property>
  </property>
  <property class="Stats">
    <property name="TotalVertices" value="4672051" />
    <property name="TotalTriangles" value="2021295" />
    <property class="BlockEntities">
      <property name="Vertices" value="3902885" />
      <property name="Triangles" value="1508886" />
    </property>
    <property class="ChunkMeshes0">
      <property name="Vertices" value="660576" />
      <property name="Triangles" value="384803" />
    </property>
    <property class="ChunkMeshes1">
      <property name="Vertices" value="11136" />
      <property name="Triangles" value="5568" />
    </property>
    <property class="ChunkMeshes2">
      <property name="Vertices" value="25108" />
      <property name="Triangles" value="13222" />
    </property>
    <property class="ChunkMeshes3">
      <property name="Vertices" value="7344" />
      <property name="Triangles" value="3672" />
    </property>
    <property class="ChunkMeshes4">
      <property name="Vertices" value="0" />
      <property name="Triangles" value="0" />
    </property>
    <property class="ChunkMeshes5">
      <property name="Vertices" value="65002" />
      <property name="Triangles" value="105144" />
    </property>
  </property>
</prefab>