﻿<?xml version="1.0" encoding="UTF-8"?>
<prefab>
  <property name="CopyAirBlocks" value="True" />
  <property name="AllowTopSoilDecorations" value="True" />
  <property name="TraderArea" value="False" />
  <property name="ExcludeDistantPOIMesh" value="False" />
  <property name="ExcludePOICulling" value="False" />
  <property name="DifficultyTier" value="5" />
  <property name="Zoning" value="Commercial, Downtown, Industrial, ResidentialNew, ResidentialOld, Residential" />
  <property name="RotationToFaceNorth" value="2" />
  <property name="AllowedBiomes" value="wasteland" />
  <property name="YOffset" value="-7" />
  <property name="DistantPOIYOffset" value="0" />
  <property name="EditorGroups" value="Wilderness" />
  <property name="SleeperVolumeStart" value="21, 2, 55#106, 2, 54#51, 2, 23#75, 2, 3#130, 2, 26#61, 2, 2#17, 2, 15#22, 2, 3#8, 2, 33#15, 2, 32#89, 6, 25#30, 2, 24#90, 7, 0#42, 7, 0#65, 2, 53#79, 7, 45#29, 7, 21#14, 17, 50#8, 7, 26#0, 7, 8#51, 8, 22" />
  <property name="SleeperVolumeSize" value="27, 3, 27#27, 3, 28#29, 3, 32#30, 2, 21#11, 2, 11#16, 2, 15#55, 2, 8#22, 5, 11#9, 3, 6#7, 3, 13#23, 6, 16#18, 3, 31#39, 3, 25#48, 3, 21#32, 3, 31#17, 7, 39#22, 3, 27#39, 3, 38#20, 2, 19#10, 3, 13#28, 3, 32" />
  <property name="SleeperVolumeGroup" value="ZomUtilityWorker,3,4,GroupZomSoldier,1,2,ZomUtilityWorker,3,4,GroupZomBadassOnly,5,6,GroupGenericZombie,5,6,GroupZomBadassOnly,4,5,GroupLabWorker,5,6,ZomUtilityWorker,1,1,ZomBusinessman,1,1,GroupLabWorker,1,1,ZomUtilityWorker,6,7,ZomUtilityWorker,3,4,GroupZomSoldier,12,15,ZomUtilityWorker,8,9,ZomJanitorOnly,8,9,GroupZomBadass,7,10,ZomHazMatOnly,1,1,GroupGenericZombie,6,6,ZomBusinessman,3,4,GroupZomSoldier,2,4,ZomUtilityWorker,20,24" />
  <property name="SleeperVolumeGameStageAdjust" value=",,,,,,,,,,,,,,,,,,,," />
  <property name="SleeperIsLootVolume" value="False,False,False,False,False,False,False,False,False,False,False,False,False,False,False,False,False,False,False,False,False" />
  <property name="SleeperIsQuestExclude" value="False,False,False,False,False,False,False,False,False,False,False,False,False,False,False,False,False,False,False,False,False" />
  <property name="SleeperVolumeFlags" value="0,0,0,0,0,0,0,0,0,0,0,0,0,0,0,0,0,0,0,0,0" />
  <property name="SleeperVolumeGroupId" value="0,0,0,0,0,0,0,0,0,0,0,0,0,0,0,0,0,0,0,0,0" />
  <property name="ShowQuestClearCount" value="0" />
  <property name="PrefabSize" value="152, 71, 103" />
  <property name="Tags" value="wilderness" />
  <property name="ThemeTags" value="nreactor" />
  <property name="ThemeRepeatDistance" value="2000" />
  <property name="DuplicateRepeatDistance" value="8500" />
  <property name="SleeperVolumeTriggeredBy" value=" # # # # # # # # # # # # # # # # # # # # " />
  <property name="QuestTags" value="clear, fetch, infested" />
  <property class="IndexedBlockOffsets">
    <property class="quest_wood">
      <property name="0" value="146, 7, 99" />
      <property name="1" value="142, 7, 102" />
      <property name="2" value="151, 7, 102" />
    </property>
    <property class="TraderOnOff">
      <property name="0" value="131, 2, 26" />
      <property name="1" value="135, 7, 28" />
      <property name="2" value="138, 2, 33" />
      <property name="3" value="125, 7, 34" />
    </property>
    <property class="POILight">
      <property name="0" value="127, 9, 35" />
      <property name="1" value="131, 5, 35" />
      <property name="2" value="131, 9, 35" />
      <property name="3" value="134, 4, 35" />
      <property name="4" value="135, 9, 35" />
      <property name="5" value="136, 5, 35" />
      <property name="6" value="138, 5, 35" />
      <property name="7" value="139, 9, 35" />
    </property>
    <property class="quest_stone">
      <property name="0" value="140, 8, 88" />
      <property name="1" value="140, 7, 90" />
      <property name="2" value="146, 7, 90" />
      <property name="3" value="144, 7, 95" />
    </property>
    <property class="challenge_officechairs">
      <property name="0" value="12, 7, 35" />
      <property name="1" value="12, 2, 37" />
      <property name="2" value="13, 7, 37" />
      <property name="3" value="14, 7, 37" />
      <property name="4" value="18, 7, 37" />
      <property name="5" value="14, 7, 43" />
    </property>
    <property class="challenge_gore">
      <property name="0" value="126, 7, 19" />
    </property>
    <property class="challenge_sinks">
      <property name="0" value="140, 2, 35" />
    </property>
    <property class="FetchContainer">
      <property name="0" value="113, 5, 67" />
    </property>
    <property class="brBlock">
      <property name="0" value="89, 2, 20" />
    </property>
    <property class="challenge_cars">
      <property name="0" value="124, 7, 23" />
    </property>
    <property class="Rally">
      <property name="0" value="125, 7, 2" />
    </property>
    <property class="challenge_vending">
      <property name="0" value="127, 7, 29" />
    </property>
  </property>
  <property class="Stats">
    <property name="TotalVertices" value="4026104" />
    <property name="TotalTriangles" value="2207478" />
    <property class="BlockEntities">
      <property name="Vertices" value="3095834" />
      <property name="Triangles" value="1579619" />
    </property>
    <property class="ChunkMeshes0">
      <property name="Vertices" value="850583" />
      <property name="Triangles" value="519891" />
    </property>
    <property class="ChunkMeshes1">
      <property name="Vertices" value="0" />
      <property name="Triangles" value="0" />
    </property>
    <property class="ChunkMeshes2">
      <property name="Vertices" value="7745" />
      <property name="Triangles" value="5224" />
    </property>
    <property class="ChunkMeshes3">
      <property name="Vertices" value="13368" />
      <property name="Triangles" value="6684" />
    </property>
    <property class="ChunkMeshes4">
      <property name="Vertices" value="0" />
      <property name="Triangles" value="0" />
    </property>
    <property class="ChunkMeshes5">
      <property name="Vertices" value="58574" />
      <property name="Triangles" value="96060" />
    </property>
  </property>
</prefab>