﻿<?xml version="1.0" encoding="UTF-8"?>
<prefab>
  <property name="CopyAirBlocks" value="True" />
  <property name="AllowTopSoilDecorations" value="False" />
  <property name="TraderArea" value="False" />
  <property name="ExcludeDistantPOIMesh" value="False" />
  <property name="ExcludePOICulling" value="False" />
  <property name="QuestTags" value="clear, fetch, infested" />
  <property name="DifficultyTier" value="5" />
  <property name="Zoning" value="Industrial" />
  <property name="RotationToFaceNorth" value="0" />
  <property name="YOffset" value="-5" />
  <property name="DistantPOIYOffset" value="0" />
  <property name="AllowedBiomes" value="burnt_forest,pine_forest,desert,wasteland" />
  <property name="AllowedTownships" value="city,town" />
  <property name="EditorGroups" value="Building, downtown, industrial" />
  <property name="SleeperVolumeStart" value="25, 5, -1#-5, 5, -1#-5, 5, 40#40, 5, 44#25, 5, 9" />
  <property name="SleeperVolumeSize" value="30, 9, 10#30, 10, 41#60, 10, 19#14, 11, 14#30, 6, 31" />
  <property name="SleeperVolumeGroup" value="ZomUtilityWorker,12,12,ZomJanitorOnly,34,34,ZomFatCops,42,42,ZomUtilityWorker,9,10,ZomUtilityWorker,23,23" />
  <property name="SleeperVolumeGameStageAdjust" value=",,,," />
  <property name="SleeperIsLootVolume" value="False,False,False,False,False" />
  <property name="SleeperIsQuestExclude" value="False,False,False,False,False" />
  <property name="SleeperVolumeFlags" value="0,0,0,0,0" />
  <property name="SleeperVolumeGroupId" value="0,0,0,0,0" />
  <property name="ShowQuestClearCount" value="0" />
  <property name="PrefabSize" value="60, 20, 60" />
  <property name="Tags" value="countrytown, countryresidential, industrial, rural" />
  <property name="SleeperVolumeTriggeredBy" value=" # # # # " />
  <property class="IndexedBlockOffsets">
    <property class="quest_feather">
      <property name="0" value="56, 10, 31" />
    </property>
    <property class="quest_wood_trees">
      <property name="0" value="51, 5, 46" />
      <property name="1" value="54, 5, 53" />
    </property>
    <property class="challenge_sinks">
      <property name="0" value="52, 5, 20" />
      <property name="1" value="57, 5, 24" />
    </property>
    <property class="POILight">
      <property name="0" value="51, 9, 36" />
    </property>
    <property class="TraderOnOff">
      <property name="0" value="23, 9, 50" />
      <property name="1" value="25, 8, 50" />
      <property name="2" value="23, 8, 52" />
      <property name="3" value="24, 8, 52" />
    </property>
    <property class="challenge_gore">
      <property name="0" value="57, 5, 35" />
      <property name="1" value="57, 5, 42" />
    </property>
    <property class="challenge_barrels">
      <property name="0" value="30, 5, 11" />
    </property>
    <property class="challenge_officechairs">
      <property name="0" value="3, 6, 47" />
      <property name="1" value="3, 6, 56" />
      <property name="2" value="11, 6, 56" />
    </property>
    <property class="challenge_vending">
      <property name="0" value="18, 5, 57" />
      <property name="1" value="19, 5, 57" />
    </property>
    <property class="Rally">
      <property name="0" value="27, 5, 59" />
    </property>
    <property class="challenge_pallet">
      <property name="0" value="39, 5, 2" />
      <property name="1" value="39, 6, 2" />
      <property name="2" value="39, 7, 2" />
      <property name="3" value="40, 5, 2" />
      <property name="4" value="40, 6, 2" />
      <property name="5" value="40, 7, 2" />
      <property name="6" value="41, 7, 2" />
      <property name="7" value="42, 5, 2" />
      <property name="8" value="42, 6, 2" />
      <property name="9" value="42, 7, 2" />
      <property name="10" value="43, 5, 2" />
      <property name="11" value="43, 6, 2" />
      <property name="12" value="43, 7, 2" />
      <property name="13" value="44, 5, 2" />
      <property name="14" value="44, 6, 2" />
      <property name="15" value="44, 7, 2" />
      <property name="16" value="39, 5, 3" />
      <property name="17" value="39, 6, 3" />
      <property name="18" value="39, 7, 3" />
      <property name="19" value="40, 5, 3" />
      <property name="20" value="40, 6, 3" />
      <property name="21" value="40, 7, 3" />
      <property name="22" value="41, 7, 3" />
      <property name="23" value="42, 5, 3" />
      <property name="24" value="42, 6, 3" />
      <property name="25" value="42, 7, 3" />
      <property name="26" value="43, 5, 3" />
      <property name="27" value="43, 6, 3" />
      <property name="28" value="43, 7, 3" />
      <property name="29" value="44, 5, 3" />
      <property name="30" value="44, 6, 3" />
      <property name="31" value="44, 7, 3" />
      <property name="32" value="39, 5, 4" />
      <property name="33" value="39, 6, 4" />
      <property name="34" value="39, 7, 4" />
      <property name="35" value="40, 5, 4" />
      <property name="36" value="40, 6, 4" />
      <property name="37" value="40, 7, 4" />
      <property name="38" value="41, 5, 4" />
      <property name="39" value="41, 6, 4" />
      <property name="40" value="41, 7, 4" />
      <property name="41" value="42, 5, 4" />
      <property name="42" value="42, 6, 4" />
      <property name="43" value="42, 7, 4" />
      <property name="44" value="43, 5, 4" />
      <property name="45" value="43, 6, 4" />
      <property name="46" value="43, 7, 4" />
      <property name="47" value="44, 5, 4" />
      <property name="48" value="44, 6, 4" />
      <property name="49" value="44, 7, 4" />
      <property name="50" value="39, 5, 5" />
      <property name="51" value="39, 6, 5" />
      <property name="52" value="39, 7, 5" />
      <property name="53" value="40, 5, 5" />
      <property name="54" value="40, 6, 5" />
      <property name="55" value="40, 7, 5" />
      <property name="56" value="41, 5, 5" />
      <property name="57" value="41, 6, 5" />
      <property name="58" value="41, 7, 5" />
      <property name="59" value="42, 5, 5" />
      <property name="60" value="42, 6, 5" />
      <property name="61" value="42, 7, 5" />
      <property name="62" value="43, 5, 5" />
      <property name="63" value="43, 6, 5" />
      <property name="64" value="43, 7, 5" />
      <property name="65" value="44, 5, 5" />
      <property name="66" value="44, 6, 5" />
      <property name="67" value="44, 7, 5" />
      <property name="68" value="39, 5, 6" />
      <property name="69" value="39, 6, 6" />
      <property name="70" value="39, 7, 6" />
      <property name="71" value="40, 5, 6" />
      <property name="72" value="40, 6, 6" />
      <property name="73" value="40, 7, 6" />
      <property name="74" value="41, 5, 6" />
      <property name="75" value="41, 6, 6" />
      <property name="76" value="41, 7, 6" />
      <property name="77" value="42, 5, 6" />
      <property name="78" value="42, 6, 6" />
      <property name="79" value="42, 7, 6" />
      <property name="80" value="43, 5, 6" />
      <property name="81" value="43, 6, 6" />
      <property name="82" value="43, 7, 6" />
      <property name="83" value="44, 5, 6" />
      <property name="84" value="44, 6, 6" />
      <property name="85" value="44, 7, 6" />
      <property name="86" value="39, 5, 7" />
      <property name="87" value="39, 6, 7" />
      <property name="88" value="39, 7, 7" />
      <property name="89" value="40, 5, 7" />
      <property name="90" value="40, 6, 7" />
      <property name="91" value="40, 7, 7" />
      <property name="92" value="41, 5, 7" />
      <property name="93" value="41, 6, 7" />
      <property name="94" value="41, 7, 7" />
      <property name="95" value="42, 5, 7" />
      <property name="96" value="42, 6, 7" />
      <property name="97" value="42, 7, 7" />
      <property name="98" value="43, 5, 7" />
      <property name="99" value="43, 6, 7" />
      <property name="100" value="43, 7, 7" />
      <property name="101" value="44, 5, 7" />
      <property name="102" value="44, 6, 7" />
      <property name="103" value="44, 7, 7" />
      <property name="104" value="39, 5, 8" />
      <property name="105" value="39, 6, 8" />
      <property name="106" value="39, 7, 8" />
      <property name="107" value="40, 5, 8" />
      <property name="108" value="40, 6, 8" />
      <property name="109" value="40, 7, 8" />
      <property name="110" value="41, 5, 8" />
      <property name="111" value="41, 6, 8" />
      <property name="112" value="41, 7, 8" />
      <property name="113" value="42, 5, 8" />
      <property name="114" value="42, 6, 8" />
      <property name="115" value="42, 7, 8" />
      <property name="116" value="43, 5, 8" />
      <property name="117" value="43, 6, 8" />
      <property name="118" value="43, 7, 8" />
      <property name="119" value="44, 5, 8" />
      <property name="120" value="44, 6, 8" />
      <property name="121" value="44, 7, 8" />
      <property name="122" value="39, 5, 9" />
      <property name="123" value="40, 5, 9" />
      <property name="124" value="41, 5, 9" />
      <property name="125" value="42, 5, 9" />
      <property name="126" value="43, 5, 9" />
      <property name="127" value="44, 5, 9" />
    </property>
    <property class="FetchContainer">
      <property name="0" value="36, 5, 34" />
      <property name="1" value="34, 7, 38" />
    </property>
  </property>
  <property class="Stats">
    <property name="TotalVertices" value="1902744" />
    <property name="TotalTriangles" value="732486" />
    <property class="BlockEntities">
      <property name="Vertices" value="1801668" />
      <property name="Triangles" value="657442" />
    </property>
    <property class="ChunkMeshes0">
      <property name="Vertices" value="79862" />
      <property name="Triangles" value="48456" />
    </property>
    <property class="ChunkMeshes1">
      <property name="Vertices" value="0" />
      <property name="Triangles" value="0" />
    </property>
    <property class="ChunkMeshes2">
      <property name="Vertices" value="10916" />
      <property name="Triangles" value="9140" />
    </property>
    <property class="ChunkMeshes3">
      <property name="Vertices" value="0" />
      <property name="Triangles" value="0" />
    </property>
    <property class="ChunkMeshes4">
      <property name="Vertices" value="0" />
      <property name="Triangles" value="0" />
    </property>
    <property class="ChunkMeshes5">
      <property name="Vertices" value="10298" />
      <property name="Triangles" value="17448" />
    </property>
  </property>
</prefab>