﻿<?xml version="1.0" encoding="UTF-8"?>
<prefab>
  <property name="CopyAirBlocks" value="True" />
  <property name="ExcludeDistantPOIMesh" value="False" />
  <property name="ExcludePOICulling" value="False" />
  <property name="DistantPOIYOffset" value="0" />
  <property name="AllowTopSoilDecorations" value="True" />
  <property name="DifficultyTier" value="4" />
  <property name="ShowQuestClearCount" value="1" />
  <property name="TraderArea" value="False" />
  <property name="PrefabSize" value="42, 46, 42" />
  <property name="RotationToFaceNorth" value="2" />
  <property name="Zoning" value="none" />
  <property name="YOffset" value="-18" />
  <property name="SleeperVolumeSize" value="29, 5, 32#17, 3, 4#1, 3, 1#4, 3, 9#7, 5, 10#6, 5, 7#15, 5, 7#8, 6, 7#6, 3, 6#6, 3, 14#6, 3, 5#6, 4, 13#7, 3, 20#8, 4, 14#6, 5, 11#1, 3, 1#1, 3, 1#1, 3, 1#2, 3, 14#6, 4, 13#9, 3, 8#5, 5, 26" />
  <property name="SleeperVolumeStart" value="7, 26, 4#23, 19, 10#37, 19, 10#18, 19, 7#24, 19, 16#32, 19, 15#17, 10, 28#14, 6, 18#5, 10, 18#14, 1, 6#21, 1, 2#35, 2, 1#34, 2, 21#25, 2, 27#25, 8, 11#26, 10, 18#28, 10, 21#30, 10, 17#11, 10, 21#17, 5, 26#29, 19, 30#5, 3, 14" />
  <property name="SleeperVolumeGroupId" value="0,1,1,0,0,0,0,0,0,0,0,0,0,0,13,13,13,13,0,0,0,0" />
  <property name="SleeperVolumeGroup" value="GroupGenericZombie,3,4,ZomJanitorOnly,3,3,ZomJanitorOnly,1,1,zombieBusinessManFeral,1,1,zombieUtilityWorkerFeral,1,1,zombieSteveCrawler,1,1,ZomUtilityWorker,4,5,zombieUtilityWorkerFeral,1,1,GroupSpecialInfected,1,1,GroupNightClub,3,5,zombieBikerFeral,1,1,GroupNightClub,4,6,GroupNightClub,3,4,GroupSpecialInfected,2,2,zombiePartyGirl,2,3,zombiePartyGirlFeral,1,1,zombieNurse,5,6,zombieLabFeral,1,1,zombieJanitor,3,4,zombieJanitorFeral,1,1,zombieJanitor,3,4,GroupNightClub,3,3" />
  <property name="SleeperIsLootVolume" value="False,False,True,False,False,False,False,False,False,False,False,False,False,False,False,True,True,False,False,False,False,False" />
  <property name="SleeperIsQuestExclude" value="False,False,False,False,False,False,False,False,False,False,False,False,False,False,False,False,False,False,False,False,False,False" />
  <property name="SleeperVolumeFlags" value="0,0,0,0,2,2,0,1,2,0,0,0,0,2,2,2,0,0,2,1,0,0" />
  <property name="Tags" value="downtown" />
  <property name="SleeperVolumeTriggeredBy" value=" # # # # # # # # # # # # # # # # # # # # # " />
  <property class="Stats">
    <property name="TotalVertices" value="806491" />
    <property name="TotalTriangles" value="397216" />
    <property class="BlockEntities">
      <property name="Vertices" value="604794" />
      <property name="Triangles" value="261978" />
    </property>
    <property class="ChunkMeshes0">
      <property name="Vertices" value="160863" />
      <property name="Triangles" value="93410" />
    </property>
    <property class="ChunkMeshes1">
      <property name="Vertices" value="17472" />
      <property name="Triangles" value="8736" />
    </property>
    <property class="ChunkMeshes2">
      <property name="Vertices" value="0" />
      <property name="Triangles" value="0" />
    </property>
    <property class="ChunkMeshes3">
      <property name="Vertices" value="3608" />
      <property name="Triangles" value="1804" />
    </property>
    <property class="ChunkMeshes4">
      <property name="Vertices" value="0" />
      <property name="Triangles" value="0" />
    </property>
    <property class="ChunkMeshes5">
      <property name="Vertices" value="19754" />
      <property name="Triangles" value="31288" />
    </property>
  </property>
  <property class="IndexedBlockOffsets">
    <property class="challenge_polymers">
      <property name="0" value="40, 3, 39" />
    </property>
    <property class="challenge_mech_parts">
      <property name="0" value="33, 19, 30" />
      <property name="1" value="29, 19, 31" />
      <property name="2" value="27, 19, 32" />
      <property name="3" value="34, 3, 33" />
    </property>
    <property class="POILight">
      <property name="0" value="33, 2, 38" />
    </property>
    <property class="TraderOnOff">
      <property name="0" value="38, 19, 12" />
      <property name="1" value="38, 3, 20" />
    </property>
    <property class="quest_wood_trees">
      <property name="0" value="21, 26, 22" />
      <property name="1" value="30, 26, 22" />
      <property name="2" value="21, 26, 31" />
    </property>
    <property class="challenge_sinks">
      <property name="0" value="38, 4, 38" />
    </property>
    <property class="challenge_gore">
      <property name="0" value="30, 19, 31" />
    </property>
  </property>
</prefab>