﻿<?xml version="1.0" encoding="UTF-8"?>
<prefab>
  <property name="CopyAirBlocks" value="True" />
  <property name="AllowTopSoilDecorations" value="True" />
  <property name="YOffset" value="-11" />
  <property name="Zoning" value="NoZone" />
  <property name="AllowedTownships" value="wilderness" />
  <property name="RotationToFaceNorth" value="2" />
  <property name="ExcludeDistantPOIMesh" value="True" />
  <property name="TraderArea" value="False" />
  <property name="SleeperVolumeSize" value="33, 12, 37" />
  <property name="SleeperVolumeStart" value="0, 0, 17" />
  <property name="SleeperVolumeGroup" value="S_-Group_Generic_Zombie,9,10" />
  <property name="SleeperVolumeGameStageAdjust" value="" />
  <property name="SleeperIsLootVolume" value="False" />
  <property name="DistantPOIYOffset" value="0" />
  <property name="ExcludePOICulling" value="False" />
  <property name="DifficultyTier" value="1" />
  <property name="ShowQuestClearCount" value="1" />
  <property name="SleeperVolumeGroupId" value="0" />
  <property name="SleeperIsQuestExclude" value="False" />
  <property name="SleeperVolumeFlags" value="0" />
  <property name="PrefabSize" value="33, 21, 54" />
  <property name="Tags" value="wilderness" />
  <property name="SleeperVolumeTriggeredBy" value=" " />
  <property name="QuestTags" value="clear" />
  <property class="IndexedBlockOffsets">
    <property class="quest_wood">
      <property name="0" value="22, 11, 45" />
    </property>
    <property class="quest_wood_trees">
      <property name="0" value="25, 12, 39" />
    </property>
    <property class="quest_stone_boulder">
      <property name="0" value="20, 11, 49" />
    </property>
    <property class="quest_stone">
      <property name="0" value="17, 2, 43" />
      <property name="1" value="18, 2, 49" />
    </property>
    <property class="brBlock">
      <property name="0" value="16, 2, 45" />
    </property>
    <property class="Rally">
      <property name="0" value="17, 11, 45" />
    </property>
  </property>
  <property class="Stats">
    <property name="TotalVertices" value="97869" />
    <property name="TotalTriangles" value="74141" />
    <property class="BlockEntities">
      <property name="Vertices" value="85707" />
      <property name="Triangles" value="57259" />
    </property>
    <property class="ChunkMeshes0">
      <property name="Vertices" value="1542" />
      <property name="Triangles" value="978" />
    </property>
    <property class="ChunkMeshes1">
      <property name="Vertices" value="0" />
      <property name="Triangles" value="0" />
    </property>
    <property class="ChunkMeshes2">
      <property name="Vertices" value="0" />
      <property name="Triangles" value="0" />
    </property>
    <property class="ChunkMeshes3">
      <property name="Vertices" value="0" />
      <property name="Triangles" value="0" />
    </property>
    <property class="ChunkMeshes4">
      <property name="Vertices" value="1320" />
      <property name="Triangles" value="660" />
    </property>
    <property class="ChunkMeshes5">
      <property name="Vertices" value="0" />
      <property name="Triangles" value="0" />
    </property>
    <property class="ChunkMeshes6">
      <property name="Vertices" value="9300" />
      <property name="Triangles" value="15244" />
    </property>
  </property>
</prefab>