﻿<?xml version="1.0" encoding="UTF-8"?>
<prefab>
  <property name="CopyAirBlocks" value="True" />
  <property name="AllowTopSoilDecorations" value="True" />
  <property name="TraderArea" value="False" />
  <property name="ExcludeDistantPOIMesh" value="False" />
  <property name="ExcludePOICulling" value="False" />
  <property name="QuestTags" value="clear, fetch, infested" />
  <property name="DifficultyTier" value="1" />
  <property name="Zoning" value="ResidentialNew, ResidentialOld, Residential" />
  <property name="RotationToFaceNorth" value="2" />
  <property name="YOffset" value="-1" />
  <property name="DistantPOIYOffset" value="0" />
  <property name="AllowedBiomes" value="burnt_forest,snow,plains,pine_forest,forest,desert,wasteland" />
  <property name="AllowedTownships" value="city,rural,town" />
  <property name="EditorGroups" value="Wilderness" />
  <property name="SleeperVolumeStart" value="24, 2, 15#8, 2, 15#9, 7, 15#9, 10, 16" />
  <property name="SleeperVolumeSize" value="11, 3, 14#16, 3, 14#25, 3, 14#20, 3, 12" />
  <property name="SleeperVolumeGroup" value="ZomHazMatOnly,1,1,GroupGenericZombie,2,2,GroupZomBadass,2,2,GroupAbandonedHouse,2,2" />
  <property name="SleeperVolumeGameStageAdjust" value=",,," />
  <property name="SleeperIsLootVolume" value="False,False,False,False" />
  <property name="SleeperIsBossVolume" value="False,False,False,False" />
  <property name="SleeperVolumeFlags" value="0,0,0,0" />
  <property name="SleeperVolumeGroupId" value="0,0,0,0" />
  <property name="ShowQuestClearCount" value="1" />
  <property name="SleeperIsQuestExclude" value="False,False,False,False" />
  <property name="PrefabSize" value="42, 15, 42" />
  <property name="Tags" value="residential" />
  <property name="SleeperVolumeTriggeredBy" value=" # # # " />
  <property class="IndexedBlockOffsets">
    <property class="challenge_leather">
      <property name="0" value="10, 2, 21" />
      <property name="1" value="10, 2, 22" />
      <property name="2" value="12, 2, 23" />
      <property name="3" value="14, 2, 23" />
      <property name="4" value="10, 2, 24" />
      <property name="5" value="10, 2, 25" />
      <property name="6" value="10, 2, 26" />
    </property>
    <property class="POILight">
      <property name="0" value="21, 7, 21" />
      <property name="1" value="25, 2, 26" />
      <property name="2" value="32, 2, 26" />
    </property>
    <property class="FetchContainer">
      <property name="0" value="24, 10, 21" />
      <property name="1" value="26, 10, 25" />
    </property>
    <property class="challenge_gore">
      <property name="0" value="32, 2, 23" />
      <property name="1" value="22, 2, 25" />
      <property name="2" value="25, 10, 26" />
      <property name="3" value="29, 2, 26" />
      <property name="4" value="31, 7, 26" />
    </property>
    <property class="TraderOnOff">
      <property name="0" value="30, 2, 21" />
      <property name="1" value="22, 7, 22" />
      <property name="2" value="27, 7, 25" />
    </property>
    <property class="challenge_polymers">
      <property name="0" value="25, 10, 25" />
    </property>
    <property class="challenge_sinks">
      <property name="0" value="23, 3, 24" />
    </property>
    <property class="Rally">
      <property name="0" value="26, 1, 13" />
    </property>
    <property class="challenge_mech_parts">
      <property name="0" value="31, 2, 25" />
    </property>
  </property>
  <property class="Stats">
    <property name="TotalVertices" value="197899" />
    <property name="TotalTriangles" value="93462" />
    <property class="BlockEntities">
      <property name="Vertices" value="170561" />
      <property name="Triangles" value="74642" />
    </property>
    <property class="ChunkMeshes0">
      <property name="Vertices" value="18720" />
      <property name="Triangles" value="9478" />
    </property>
    <property class="ChunkMeshes1">
      <property name="Vertices" value="0" />
      <property name="Triangles" value="0" />
    </property>
    <property class="ChunkMeshes2">
      <property name="Vertices" value="3908" />
      <property name="Triangles" value="1954" />
    </property>
    <property class="ChunkMeshes3">
      <property name="Vertices" value="0" />
      <property name="Triangles" value="0" />
    </property>
    <property class="ChunkMeshes4">
      <property name="Vertices" value="0" />
      <property name="Triangles" value="0" />
    </property>
    <property class="ChunkMeshes5">
      <property name="Vertices" value="4710" />
      <property name="Triangles" value="7388" />
    </property>
  </property>
</prefab>