﻿<?xml version="1.0" encoding="UTF-8"?>
<prefab>
  <property name="CopyAirBlocks" value="True" />
  <property name="ExcludeDistantPOIMesh" value="False" />
  <property name="DistantPOIYOffset" value="0" />
  <property name="RotationToFaceNorth" value="2" />
  <property name="AllowTopSoilDecorations" value="False" />
  <property name="DifficultyTier" value="1" />
  <property name="TraderArea" value="False" />
  <property name="EditorGroups" value="house new" />
  <property name="YOffset" value="-1" />
  <property name="ExcludePOICulling" value="False" />
  <property name="Zoning" value="ResidentialNew" />
  <property name="AllowedTownships" value="city,town,rural,wilderness" />
  <property name="Tags" value="residential" />
  <property name="SleeperVolumeSize" value="15, 13, 20#15, 7, 11" />
  <property name="SleeperVolumeStart" value="10, 0, 4#10, 6, 4" />
  <property name="SleeperVolumeGroup" value="S_-Group_Generic_Zombie,4,5,S_-_Group_Zom_Badass,2,3" />
  <property name="SleeperVolumeGameStageAdjust" value="" />
  <property name="SleeperIsLootVolume" value="False,True" />
  <property name="QuestTags" value="clear, fetch, infested" />
  <property name="SleeperVolumeGroupId" value="0,0" />
  <property name="SleeperIsBossVolume" value="False,False" />
  <property name="SleeperVolumeFlags" value="0,0" />
  <property name="ShowQuestClearCount" value="1" />
  <property name="SleeperIsQuestExclude" value="False,False" />
  <property name="PrefabSize" value="42, 14, 42" />
  <property name="SleeperVolumeTriggeredBy" value=" # " />
  <property class="IndexedBlockOffsets">
    <property class="Rally">
      <property name="0" value="13, 1, 2" />
    </property>
    <property class="quest_wood">
      <property name="0" value="24, 1, 18" />
    </property>
    <property class="POILight">
      <property name="0" value="18, 4, 23" />
    </property>
    <property class="FetchContainer">
      <property name="0" value="22, 6, 12" />
    </property>
  </property>
  <property class="Stats">
    <property name="TotalVertices" value="98381" />
    <property name="TotalTriangles" value="44315" />
    <property class="BlockEntities">
      <property name="Vertices" value="77816" />
      <property name="Triangles" value="28732" />
    </property>
    <property class="ChunkMeshes0">
      <property name="Vertices" value="15029" />
      <property name="Triangles" value="7497" />
    </property>
    <property class="ChunkMeshes1">
      <property name="Vertices" value="0" />
      <property name="Triangles" value="0" />
    </property>
    <property class="ChunkMeshes2">
      <property name="Vertices" value="24" />
      <property name="Triangles" value="12" />
    </property>
    <property class="ChunkMeshes3">
      <property name="Vertices" value="730" />
      <property name="Triangles" value="650" />
    </property>
    <property class="ChunkMeshes4">
      <property name="Vertices" value="72" />
      <property name="Triangles" value="36" />
    </property>
    <property class="ChunkMeshes5">
      <property name="Vertices" value="0" />
      <property name="Triangles" value="0" />
    </property>
    <property class="ChunkMeshes6">
      <property name="Vertices" value="4710" />
      <property name="Triangles" value="7388" />
    </property>
  </property>
</prefab>