﻿<?xml version="1.0" encoding="UTF-8"?>
<prefab>
  <property name="CopyAirBlocks" value="True" />
  <property name="AllowTopSoilDecorations" value="False" />
  <property name="Zoning" value="Commercial" />
  <property name="RotationToFaceNorth" value="2" />
  <property name="AllowedTownships" value="city,town,rural" />
  <property name="Condition" value="New" />
  <property name="YOffset" value="-1" />
  <property name="TraderArea" value="False" />
  <property name="ExcludeDistantPOIMesh" value="False" />
  <property name="DistantPOIYOffset" value="0" />
  <property name="EditorGroups" value="commercial" />
  <property name="DifficultyTier" value="2" />
  <property name="Tags" value="commercial, downtown" />
  <property name="ThemeTags" value="grocery" />
  <property name="ThemeRepeatDistance" value="150" />
  <property name="SleeperVolumeSize" value="7, 4, 8#5, 5, 8#12, 4, 9#12, 3, 13#33, 6, 26#38, 12, 44" />
  <property name="SleeperVolumeStart" value="2, 1, 31#10, 1, 32#14, 1, 31#25, 1, 28#2, 1, 6#2, 1, -3" />
  <property name="SleeperVolumeGroup" value="GroupGenericZombie,3,4,GroupGenericZombie,3,4,GroupZomBadass,3,4,GroupZomBadass,3,4,GroupGenericZombie,6,7,GroupGenericZombie,3,4" />
  <property name="SleeperVolumeGameStageAdjust" value=",,,medium,," />
  <property name="SleeperIsLootVolume" value="True,True,True,True,True,False" />
  <property name="SleeperIsBossVolume" value="False,False,False,False,False,False" />
  <property name="SleeperVolumeGroupId" value="0,0,0,0,0,0" />
  <property name="SleeperVolumeFlags" value="0,0,0,0,0,0" />
  <property name="ExcludePOICulling" value="False" />
  <property name="ShowQuestClearCount" value="1" />
  <property name="SleeperIsQuestExclude" value="False,False,False,False,False,False" />
  <property name="PrefabSize" value="42, 13, 42" />
  <property name="SleeperVolumeTriggeredBy" value=" # # # # # " />
  <property name="QuestTags" value="clear, fetch, infested" />
  <property class="Stats">
    <property name="TotalVertices" value="375117" />
    <property name="TotalTriangles" value="143938" />
    <property class="BlockEntities">
      <property name="Vertices" value="241690" />
      <property name="Triangles" value="65459" />
    </property>
    <property class="ChunkMeshes0">
      <property name="Vertices" value="130995" />
      <property name="Triangles" value="75059" />
    </property>
    <property class="ChunkMeshes1">
      <property name="Vertices" value="0" />
      <property name="Triangles" value="0" />
    </property>
    <property class="ChunkMeshes2">
      <property name="Vertices" value="448" />
      <property name="Triangles" value="224" />
    </property>
    <property class="ChunkMeshes3">
      <property name="Vertices" value="0" />
      <property name="Triangles" value="0" />
    </property>
    <property class="ChunkMeshes4">
      <property name="Vertices" value="0" />
      <property name="Triangles" value="0" />
    </property>
    <property class="ChunkMeshes5">
      <property name="Vertices" value="1984" />
      <property name="Triangles" value="3196" />
    </property>
  </property>
  <property class="IndexedBlockOffsets">
    <property class="challenge_sinks">
      <property name="0" value="8, 1, 37" />
    </property>
    <property class="POILight">
      <property name="0" value="35, 3, 37" />
      <property name="1" value="23, 3, 39" />
    </property>
    <property class="Rally">
      <property name="0" value="18, 1, 3" />
    </property>
    <property class="challenge_barrels">
      <property name="0" value="32, 1, 31" />
    </property>
    <property class="TraderOnOff">
      <property name="0" value="5, 1, 32" />
    </property>
    <property class="challenge_vending">
      <property name="0" value="23, 1, 14" />
    </property>
    <property class="challenge_officechairs">
      <property name="0" value="10, 1, 33" />
    </property>
    <property class="FetchContainer">
      <property name="0" value="23, 8, 23" />
    </property>
  </property>
</prefab>