﻿<?xml version="1.0" encoding="UTF-8"?>
<prefab>
  <property name="CopyAirBlocks" value="True" />
  <property name="ExcludeDistantPOIMesh" value="False" />
  <property name="ExcludePOICulling" value="False" />
  <property name="DistantPOIYOffset" value="0" />
  <property name="AllowTopSoilDecorations" value="True" />
  <property name="DifficultyTier" value="5" />
  <property name="ShowQuestClearCount" value="1" />
  <property name="TraderArea" value="False" />
  <property name="RotationToFaceNorth" value="0" />
  <property name="Zoning" value="none" />
  <property name="QuestTags" value="clear, fetch" />
  <property name="YOffset" value="-6" />
  <property name="SleeperVolumeSize" value="17, 4, 39#11, 7, 15#7, 3, 14#11, 3, 8#17, 5, 3#10, 5, 6#8, 4, 36#5, 3, 29#6, 5, 6#12, 3, 18#8, 3, 22#20, 3, 23#19, 3, 15" />
  <property name="SleeperVolumeStart" value="37, 15, 18#19, 15, 19#20, 11, 19#27, 11, 19#21, 9, 16#28, 11, 27#45, 11, 20#39, 11, 27#39, 9, 20#39, 7, 16#43, 7, 35#23, 6, 34#19, 7, 17" />
  <property name="SleeperVolumeGroupId" value="0,0,0,0,0,0,0,0,0,0,0,0,0" />
  <property name="SleeperVolumeGroup" value="GroupZomSoldier,21,23,GroupHospital,9,10,ZomHazMatOnly,4,5,GroupLabWorker,3,4,GroupZomSoldier,3,4,ZomBurnt,4,5,GroupLabWorker,17,18,GroupGenericZombie,6,7,ZomBusinessman,1,2,GroupGenericZombie,5,6,GroupHospital,5,6,GroupZomSoldier,8,9,GroupGenericZombie,13,14" />
  <property name="SleeperIsLootVolume" value="False,False,False,False,False,False,False,False,False,False,False,False,False" />
  <property name="SleeperIsQuestExclude" value="False,False,False,False,False,False,False,False,False,False,False,False,False" />
  <property name="SleeperVolumeFlags" value="0,0,0,0,2,0,0,0,2,0,0,0,0" />
  <property name="EditorGroups" value="Emergency Services" />
  <property name="PrefabSize" value="70, 27, 70" />
  <property name="Tags" value="industrial" />
  <property name="SleeperVolumeTriggeredBy" value=" # # # # # # # # # # # # " />
  <property class="Stats">
    <property name="TotalVertices" value="1193939" />
    <property name="TotalTriangles" value="846276" />
    <property class="BlockEntities">
      <property name="Vertices" value="1025990" />
      <property name="Triangles" value="730692" />
    </property>
    <property class="ChunkMeshes0">
      <property name="Vertices" value="139741" />
      <property name="Triangles" value="83568" />
    </property>
    <property class="ChunkMeshes1">
      <property name="Vertices" value="0" />
      <property name="Triangles" value="0" />
    </property>
    <property class="ChunkMeshes2">
      <property name="Vertices" value="11964" />
      <property name="Triangles" value="6736" />
    </property>
    <property class="ChunkMeshes3">
      <property name="Vertices" value="624" />
      <property name="Triangles" value="312" />
    </property>
    <property class="ChunkMeshes4">
      <property name="Vertices" value="0" />
      <property name="Triangles" value="0" />
    </property>
    <property class="ChunkMeshes5">
      <property name="Vertices" value="15620" />
      <property name="Triangles" value="24968" />
    </property>
  </property>
  <property class="IndexedBlockOffsets">
    <property class="quest_wood_trees">
      <property name="0" value="52, 6, 68" />
    </property>
    <property class="challenge_polymers">
      <property name="0" value="42, 11, 51" />
      <property name="1" value="43, 11, 52" />
    </property>
    <property class="quest_feather">
      <property name="0" value="35, 9, 55" />
    </property>
    <property class="challenge_sinks">
      <property name="0" value="35, 6, 57" />
      <property name="1" value="35, 7, 57" />
    </property>
    <property class="POILight">
      <property name="0" value="42, 9, 54" />
    </property>
    <property class="challenge_mech_parts">
      <property name="0" value="49, 15, 53" />
    </property>
    <property class="challenge_leather">
      <property name="0" value="45, 7, 53" />
      <property name="1" value="46, 7, 53" />
      <property name="2" value="47, 7, 53" />
    </property>
    <property class="FetchContainer">
      <property name="0" value="47, 12, 43" />
    </property>
    <property class="challenge_gore">
      <property name="0" value="43, 11, 35" />
      <property name="1" value="42, 11, 39" />
      <property name="2" value="41, 6, 42" />
      <property name="3" value="41, 6, 43" />
      <property name="4" value="43, 11, 43" />
      <property name="5" value="41, 6, 44" />
      <property name="6" value="40, 6, 45" />
      <property name="7" value="40, 6, 46" />
      <property name="8" value="41, 6, 46" />
      <property name="9" value="41, 6, 47" />
      <property name="10" value="40, 6, 48" />
      <property name="11" value="42, 11, 49" />
    </property>
    <property class="Rally">
      <property name="0" value="30, 7, 61" />
    </property>
    <property class="challenge_steel">
      <property name="0" value="42, 11, 52" />
    </property>
  </property>
</prefab>