﻿<?xml version="1.0" encoding="UTF-8"?>
<prefab>
  <property name="CopyAirBlocks" value="True" />
  <property name="AllowTopSoilDecorations" value="False" />
  <property name="TraderArea" value="False" />
  <property name="ExcludeDistantPOIMesh" value="False" />
  <property name="ExcludePOICulling" value="False" />
  <property name="DifficultyTier" value="2" />
  <property name="Zoning" value="Residential" />
  <property name="RotationToFaceNorth" value="2" />
  <property name="DistantPOIYOffset" value="0" />
  <property name="EditorGroups" value="Wilderness" />
  <property name="SleeperVolumeStart" value="22, 0, 9#22, 5, 32#9, 0, 29#2, 6, 18#12, 6, 16#12, 2, 15#12, 10, 16#11, 14, 15#2, 2, 18" />
  <property name="SleeperVolumeSize" value="11, 3, 20#10, 3, 7#24, 3, 11#9, 2, 9#10, 3, 12#9, 2, 13#8, 3, 12#11, 4, 13#8, 2, 9" />
  <property name="SleeperVolumeGroup" value="S_-Group_Generic_Zombie,3,3,S_-Group_Generic_Zombie,1,2,S_-Group_Generic_Zombie,3,3,S_-Group_Generic_Zombie,2,2,S_-Group_Generic_Zombie,3,3,S_-Group_Generic_Zombie,3,5,S_Zom_Businessman,2,3,S_-_Group_Zom_Badass,3,3,S_-Group_Generic_Zombie,2,3" />
  <property name="SleeperVolumeGameStageAdjust" value=",,,,,,,,,,,," />
  <property name="SleeperIsLootVolume" value="False,False,False,False,False,False,False,False,False" />
  <property name="SleeperIsQuestExclude" value="False,False,False,False,False,False,False,False,False" />
  <property name="SleeperVolumeFlags" value="0,0,0,0,0,0,0,0,0" />
  <property name="SleeperVolumeGroupId" value="0,0,0,0,0,0,0,0,0" />
  <property name="ShowQuestClearCount" value="0" />
  <property name="YOffset" value="-1" />
  <property name="Tags" value="industrial" />
  <property name="PrefabSize" value="42, 17, 42" />
  <property name="SleeperVolumeTriggeredBy" value=" # # # # # # # # " />
  <property name="QuestTags" value="clear, fetch, infested" />
  <property class="IndexedBlockOffsets">
    <property class="quest_feather">
      <property name="0" value="2, 11, 18" />
    </property>
    <property class="FetchContainer">
      <property name="0" value="29, 6, 35" />
    </property>
    <property class="POILight">
      <property name="0" value="25, 3, 35" />
      <property name="1" value="28, 3, 35" />
      <property name="2" value="30, 2, 36" />
    </property>
    <property class="TraderOnOff">
      <property name="0" value="28, 1, 32" />
    </property>
    <property class="Rally">
      <property name="0" value="9, 1, 38" />
    </property>
    <property class="quest_stone">
      <property name="0" value="30, 0, 36" />
    </property>
  </property>
  <property class="Stats">
    <property name="TotalVertices" value="306863" />
    <property name="TotalTriangles" value="139934" />
    <property class="BlockEntities">
      <property name="Vertices" value="268598" />
      <property name="Triangles" value="113271" />
    </property>
    <property class="ChunkMeshes0">
      <property name="Vertices" value="32193" />
      <property name="Triangles" value="18129" />
    </property>
    <property class="ChunkMeshes1">
      <property name="Vertices" value="0" />
      <property name="Triangles" value="0" />
    </property>
    <property class="ChunkMeshes2">
      <property name="Vertices" value="0" />
      <property name="Triangles" value="0" />
    </property>
    <property class="ChunkMeshes3">
      <property name="Vertices" value="1362" />
      <property name="Triangles" value="1146" />
    </property>
    <property class="ChunkMeshes4">
      <property name="Vertices" value="0" />
      <property name="Triangles" value="0" />
    </property>
    <property class="ChunkMeshes5">
      <property name="Vertices" value="0" />
      <property name="Triangles" value="0" />
    </property>
    <property class="ChunkMeshes6">
      <property name="Vertices" value="4710" />
      <property name="Triangles" value="7388" />
    </property>
  </property>
</prefab>