﻿<?xml version="1.0" encoding="UTF-8"?>
<prefab>
  <property name="CopyAirBlocks" value="True" />
  <property name="AllowTopSoilDecorations" value="True" />
  <property name="TraderArea" value="False" />
  <property name="ExcludeDistantPOIMesh" value="False" />
  <property name="ExcludePOICulling" value="False" />
  <property name="QuestTags" value="clear, fetch" />
  <property name="DifficultyTier" value="3" />
  <property name="RotationToFaceNorth" value="2" />
  <property name="YOffset" value="-30" />
  <property name="DistantPOIYOffset" value="0" />
  <property name="AllowedBiomes" value="desert" />
  <property name="AllowedTownships" value="wilderness" />
  <property name="EditorGroups" value="Bunker_Mine" />
  <property name="SleeperVolumeStart" value="2, 2, 2#1, 7, 2#1, 11, 12#2, 29, 1" />
  <property name="SleeperVolumeSize" value="29, 5, 27#30, 4, 28#24, 18, 18#30, 5, 29" />
  <property name="SleeperVolumeGroup" value="GroupGenericZombie,17,22,ZomUtilityWorker,8,12,ZomUtilityWorker,3,3,ZomUtilityWorker,3,4" />
  <property name="SleeperVolumeGameStageAdjust" value=",,," />
  <property name="SleeperIsLootVolume" value="False,False,False,False" />
  <property name="SleeperIsQuestExclude" value="False,False,False,False" />
  <property name="SleeperVolumeFlags" value="0,0,0,0" />
  <property name="SleeperVolumeGroupId" value="0,0,0,0" />
  <property name="ShowQuestClearCount" value="0" />
  <property name="Zoning" value="none" />
  <property name="POIMarkerSize" value="1, 1, 1" />
  <property name="POIMarkerStart" value="6, 29, -1" />
  <property name="POIMarkerGroup" value="1" />
  <property name="POIMarkerTags" value="" />
  <property name="POIMarkerType" value="RoadExit" />
  <property name="POIMarkerPartToSpawn" value="" />
  <property name="POIMarkerPartRotations" value="2" />
  <property name="POIMarkerPartSpawnChance" value="1" />
  <property name="Tags" value="desert, wilderness" />
  <property name="PrefabSize" value="33, 49, 31" />
  <property name="SleeperVolumeTriggeredBy" value=" # # # " />
  <property class="IndexedBlockOffsets">
    <property class="Rally">
      <property name="0" value="0, 31, 1" />
    </property>
    <property class="challenge_mech_parts">
      <property name="0" value="26, 7, 21" />
      <property name="1" value="19, 7, 27" />
    </property>
    <property class="quest_wood_trees">
      <property name="0" value="25, 30, 1" />
      <property name="1" value="17, 30, 2" />
      <property name="2" value="31, 30, 14" />
    </property>
    <property class="challenge_stump">
      <property name="0" value="11, 30, 3" />
    </property>
    <property class="challenge_gore">
      <property name="0" value="6, 28, 4" />
      <property name="1" value="2, 30, 5" />
      <property name="2" value="4, 28, 5" />
      <property name="3" value="8, 29, 6" />
      <property name="4" value="11, 30, 6" />
      <property name="5" value="5, 28, 7" />
      <property name="6" value="6, 28, 7" />
      <property name="7" value="6, 8, 9" />
      <property name="8" value="9, 30, 9" />
      <property name="9" value="7, 30, 10" />
      <property name="10" value="8, 30, 10" />
      <property name="11" value="2, 30, 11" />
      <property name="12" value="4, 30, 11" />
      <property name="13" value="5, 30, 11" />
      <property name="14" value="5, 30, 12" />
    </property>
    <property class="TraderOnOff">
      <property name="0" value="28, 3, 15" />
      <property name="1" value="28, 7, 26" />
      <property name="2" value="17, 3, 27" />
    </property>
    <property class="challenge_sinks">
      <property name="0" value="19, 3, 19" />
      <property name="1" value="20, 3, 19" />
      <property name="2" value="21, 3, 19" />
      <property name="3" value="22, 3, 19" />
      <property name="4" value="23, 3, 19" />
      <property name="5" value="19, 3, 20" />
      <property name="6" value="20, 3, 20" />
      <property name="7" value="21, 3, 20" />
      <property name="8" value="22, 3, 20" />
      <property name="9" value="23, 3, 20" />
      <property name="10" value="19, 3, 21" />
      <property name="11" value="20, 3, 21" />
      <property name="12" value="21, 3, 21" />
      <property name="13" value="22, 3, 21" />
      <property name="14" value="23, 3, 21" />
      <property name="15" value="25, 3, 23" />
      <property name="16" value="25, 4, 23" />
      <property name="17" value="25, 5, 23" />
      <property name="18" value="30, 3, 23" />
      <property name="19" value="21, 3, 24" />
      <property name="20" value="22, 3, 24" />
      <property name="21" value="22, 4, 24" />
      <property name="22" value="22, 5, 24" />
      <property name="23" value="23, 3, 24" />
      <property name="24" value="25, 3, 24" />
      <property name="25" value="25, 4, 24" />
      <property name="26" value="21, 3, 25" />
      <property name="27" value="21, 4, 25" />
      <property name="28" value="21, 5, 25" />
      <property name="29" value="22, 3, 25" />
      <property name="30" value="22, 4, 25" />
      <property name="31" value="22, 5, 25" />
      <property name="32" value="23, 3, 25" />
      <property name="33" value="23, 4, 25" />
      <property name="34" value="23, 5, 25" />
      <property name="35" value="25, 3, 25" />
      <property name="36" value="25, 4, 25" />
      <property name="37" value="25, 5, 25" />
      <property name="38" value="21, 3, 26" />
      <property name="39" value="22, 3, 26" />
      <property name="40" value="22, 4, 26" />
      <property name="41" value="22, 5, 26" />
      <property name="42" value="23, 3, 26" />
      <property name="43" value="25, 3, 26" />
      <property name="44" value="25, 4, 26" />
      <property name="45" value="25, 3, 27" />
      <property name="46" value="30, 7, 27" />
      <property name="47" value="18, 3, 28" />
      <property name="48" value="19, 3, 28" />
      <property name="49" value="19, 4, 28" />
      <property name="50" value="19, 5, 28" />
      <property name="51" value="20, 3, 28" />
      <property name="52" value="21, 3, 28" />
      <property name="53" value="21, 4, 28" />
      <property name="54" value="21, 5, 28" />
      <property name="55" value="22, 3, 28" />
      <property name="56" value="23, 3, 28" />
      <property name="57" value="23, 4, 28" />
      <property name="58" value="23, 5, 28" />
      <property name="59" value="24, 3, 28" />
      <property name="60" value="25, 3, 28" />
      <property name="61" value="25, 5, 28" />
      <property name="62" value="28, 7, 28" />
      <property name="63" value="30, 7, 28" />
    </property>
    <property class="FetchContainer">
      <property name="0" value="30, 7, 16" />
    </property>
    <property class="challenge_leather">
      <property name="0" value="30, 7, 23" />
      <property name="1" value="30, 7, 24" />
    </property>
    <property class="POILight">
      <property name="0" value="3, 11, 18" />
      <property name="1" value="3, 16, 18" />
      <property name="2" value="3, 22, 18" />
      <property name="3" value="3, 28, 18" />
    </property>
    <property class="challenge_polymers">
      <property name="0" value="30, 3, 8" />
    </property>
    <property class="challenge_pallet">
      <property name="0" value="18, 11, 12" />
      <property name="1" value="19, 11, 13" />
      <property name="2" value="20, 11, 13" />
      <property name="3" value="20, 12, 13" />
    </property>
    <property class="challenge_steel">
      <property name="0" value="25, 3, 22" />
    </property>
  </property>
  <property class="Stats">
    <property name="TotalVertices" value="700602" />
    <property name="TotalTriangles" value="286164" />
    <property class="BlockEntities">
      <property name="Vertices" value="584021" />
      <property name="Triangles" value="202813" />
    </property>
    <property class="ChunkMeshes0">
      <property name="Vertices" value="102523" />
      <property name="Triangles" value="61825" />
    </property>
    <property class="ChunkMeshes1">
      <property name="Vertices" value="1540" />
      <property name="Triangles" value="770" />
    </property>
    <property class="ChunkMeshes2">
      <property name="Vertices" value="0" />
      <property name="Triangles" value="0" />
    </property>
    <property class="ChunkMeshes3">
      <property name="Vertices" value="576" />
      <property name="Triangles" value="288" />
    </property>
    <property class="ChunkMeshes4">
      <property name="Vertices" value="0" />
      <property name="Triangles" value="0" />
    </property>
    <property class="ChunkMeshes5">
      <property name="Vertices" value="11942" />
      <property name="Triangles" value="20468" />
    </property>
  </property>
</prefab>