﻿<?xml version="1.0" encoding="UTF-8"?>
<prefab>
  <property name="CopyAirBlocks" value="True" />
  <property name="AllowTopSoilDecorations" value="True" />
  <property name="TraderArea" value="False" />
  <property name="ExcludeDistantPOIMesh" value="False" />
  <property name="ExcludePOICulling" value="False" />
  <property name="QuestTags" value="clear, fetch" />
  <property name="DifficultyTier" value="5" />
  <property name="Zoning" value="Industrial" />
  <property name="RotationToFaceNorth" value="0" />
  <property name="YOffset" value="-1" />
  <property name="DistantPOIYOffset" value="0" />
  <property name="AllowedBiomes" value="wasteland" />
  <property name="AllowedTownships" value="city" />
  <property name="EditorGroups" value="industrial" />
  <property name="SleeperVolumeStart" value="4, 41, 2#13, 2, 24#13, 7, 24#1, 2, 20#12, 2, 19#24, 1, 2#34, 4, 6#34, 8, 6#26, 10, 2#34, 12, 6#34, 12, 24#34, 16, 6#34, 16, 24#34, 20, 6#34, 24, 6#1, 2, 3#6, 2, 3#12, 1, 13#5, 6, 8#5, 6, 2#4, 11, 13#4, 11, 2#4, 16, 10#4, 16, 2#4, 21, 2#14, 21, 2#4, 21, 12#5, 27, 16#14, 26, 15#4, 26, 9#12, 26, 2#4, 26, 2#8, 32, 3#4, 31, 2#4, 31, 11#4, 36, 2#13, 12, 23#26, 22, 10#0, 1, 0#0, 0, 0#0, 0, 0#0, 0, 0#0, 0, 0#0, 0, 0#0, 0, 0#0, 0, 0#0, 0, 0#0, 0, 0#0, 0, 0#0, 0, 0#0, 0, 0#0, 0, 0#0, 0, 0#0, 0, 0#0, 0, 0#0, 0, 0#0, 0, 0#0, 0, 0#0, 0, 0#0, 0, 0#0, 0, 0#0, 0, 0#0, 0, 0#0, 0, 0#0, 0, 0#0, 0, 0#0, 0, 0#0, 0, 0#0, 0, 0#0, 0, 0#0, 0, 0#0, 0, 0#0, 0, 0" />
  <property name="SleeperVolumeSize" value="20, 7, 14#20, 3, 10#20, 3, 10#11, 3, 15#22, 3, 4#9, 3, 17#8, 3, 17#8, 3, 17#8, 3, 17#8, 3, 17#8, 3, 5#8, 3, 17#8, 3, 5#8, 3, 24#8, 6, 22#5, 6, 17#14, 3, 9#10, 3, 5#19, 5, 12#19, 5, 6#20, 5, 7#20, 5, 11#20, 5, 10#20, 5, 8#10, 5, 10#10, 5, 10#20, 5, 8#9, 3, 3#10, 5, 5#20, 5, 6#12, 5, 7#8, 5, 7#4, 2, 3#20, 5, 9#20, 5, 9#20, 5, 18#18, 2, 7#6, 3, 5#4, 3, 2#3, 3, 3#3, 3, 3#3, 3, 3#3, 3, 3#3, 3, 3#3, 3, 3#3, 3, 3#3, 3, 3#3, 3, 3#3, 3, 3#3, 3, 3#3, 3, 3#3, 3, 3#3, 3, 3#3, 3, 3#3, 3, 3#3, 3, 3#3, 3, 3#3, 3, 3#3, 3, 3#3, 3, 3#3, 3, 3#3, 3, 3#3, 3, 3#3, 3, 3#3, 3, 3#3, 3, 3#3, 3, 3#3, 3, 3#3, 3, 3#3, 3, 3#3, 3, 3#3, 3, 3#3, 3, 3" />
  <property name="SleeperVolumeGroup" value="GroupZomBadass,5,7,GroupGenericZombie,3,5,ZomBusinessman,3,5,GroupGenericZombie,2,4,GroupGenericZombie,3,5,GroupGenericZombie,3,5,GroupAbandonedHouse,2,4,GroupAbandonedHouse,2,4,GroupGenericZombie,2,3,GroupBikerBar,2,5,GroupZomBadassOnly,1,1,GroupHospital,2,5,GroupZomSoldier,1,2,ZomUtilityWorker,3,5,GroupBikerBar,3,5,GroupGenericZombie,2,7,GroupGenericZombie,2,4,GroupAbandonedHouse,1,4,ZomBusinessman,2,5,ZomUtilityWorker,1,2,GroupLabWorker,2,5,GroupGenericZombie,2,5,ZomHazMatOnly,2,5,GroupZomSoldier,2,5,ZomUtilityWorker,2,3,GroupGenericZombie,2,3,ZomBusinessman,2,3,GroupBikerBar,2,3,GroupGenericZombie,1,2,ZomBusinessman,2,4,ZomBusinessman,2,3,ZomUtilityWorker,1,2,GroupZomBadassOnly,1,2,GroupGhostTown,2,3,GroupGenericZombie,3,5,GroupBikerBar,5,7,GroupGenericZombie,1,3,GroupGenericZombie,1,2,GroupGenericZombie,0,0,GroupGenericZombie,1,2,GroupGenericZombie,1,2,GroupGenericZombie,1,2,GroupGenericZombie,1,2,GroupGenericZombie,1,2,GroupGenericZombie,1,2,GroupGenericZombie,1,2,GroupGenericZombie,1,2,GroupGenericZombie,1,2,GroupGenericZombie,1,2,GroupGenericZombie,1,2,GroupGenericZombie,1,2,GroupGenericZombie,1,2,GroupGenericZombie,1,2,GroupGenericZombie,1,2,GroupGenericZombie,1,2,GroupGenericZombie,1,2,GroupGenericZombie,1,2,GroupGenericZombie,1,2,GroupGenericZombie,1,2,GroupGenericZombie,1,2,GroupGenericZombie,1,2,GroupGenericZombie,1,2,GroupGenericZombie,1,2,GroupGenericZombie,1,2,GroupGenericZombie,1,2,GroupGenericZombie,1,2,GroupGenericZombie,1,2,GroupGenericZombie,1,2,GroupGenericZombie,1,2,GroupGenericZombie,1,2,GroupGenericZombie,1,2,GroupGenericZombie,1,2,GroupGenericZombie,1,2" />
  <property name="SleeperVolumeGameStageAdjust" value="0,,,,,,,,,,,,,,,,,,,,,,,,,,,,,,,,,,,,,,,,,,,,,,,,,,,,,,,,,,,,,,,,,,,,,,,," />
  <property name="SleeperIsLootVolume" value="False,False,False,False,False,False,False,False,False,False,False,False,False,False,False,False,False,False,False,False,False,False,False,False,False,False,False,False,False,False,False,False,False,False,False,False,False,False,False,False,False,False,False,False,False,False,False,False,False,False,False,False,False,False,False,False,False,False,False,False,False,False,False,False,False,False,False,False,False,False,False,False,False" />
  <property name="SleeperIsQuestExclude" value="False,False,False,False,False,False,False,False,False,False,False,False,False,False,False,False,False,False,False,False,False,False,False,False,False,False,False,False,False,False,False,False,False,False,False,False,False,False,False,False,False,False,False,False,False,False,False,False,False,False,False,False,False,False,False,False,False,False,False,False,False,False,False,False,False,False,False,False,False,False,False,False,False" />
  <property name="SleeperVolumeFlags" value="2,0,0,0,0,0,0,0,0,0,0,0,0,0,0,0,0,0,0,0,0,0,0,0,0,0,0,0,0,0,0,0,0,0,0,0,0,0,0,0,0,0,0,0,0,0,0,0,0,0,0,0,0,0,0,0,0,0,0,0,0,0,0,0,0,0,0,0,0,0,0,0,0" />
  <property name="SleeperVolumeGroupId" value="0,0,0,0,0,0,0,0,0,0,0,0,0,0,0,1,0,0,0,0,0,0,0,0,0,0,0,0,0,0,0,0,0,0,0,0,0,0,1,0,0,0,0,0,0,0,0,0,0,0,0,0,0,0,0,0,0,0,0,0,0,0,0,0,0,0,0,0,0,0,0,0,0" />
  <property name="ShowQuestClearCount" value="0" />
  <property name="SleeperVolumeTriggeredBy" value=" # # # # # # # # # # # # # # # # # # # # # # # # # # # # # # # # # # # # # # # # # # # # # # # # # # # # # # # # # # # # # # # # # # # # # # # # " />
  <property name="PrefabSize" value="44, 48, 37" />
  <property class="IndexedBlockOffsets">
    <property class="challenge_polymers">
      <property name="0" value="32, 1, 34" />
    </property>
    <property class="POILight">
      <property name="0" value="40, 4, 6" />
      <property name="1" value="40, 8, 6" />
      <property name="2" value="40, 12, 6" />
      <property name="3" value="40, 20, 6" />
      <property name="4" value="40, 24, 6" />
      <property name="5" value="38, 6, 7" />
      <property name="6" value="38, 10, 7" />
      <property name="7" value="38, 14, 7" />
      <property name="8" value="38, 18, 7" />
      <property name="9" value="38, 22, 7" />
      <property name="10" value="38, 26, 7" />
      <property name="11" value="39, 6, 16" />
      <property name="12" value="39, 14, 16" />
      <property name="13" value="39, 18, 16" />
      <property name="14" value="39, 22, 16" />
      <property name="15" value="39, 26, 16" />
      <property name="16" value="41, 4, 16" />
      <property name="17" value="41, 8, 16" />
      <property name="18" value="41, 12, 16" />
      <property name="19" value="41, 16, 16" />
      <property name="20" value="41, 20, 16" />
    </property>
    <property class="challenge_sinks">
      <property name="0" value="40, 4, 9" />
      <property name="1" value="40, 8, 9" />
      <property name="2" value="40, 12, 9" />
      <property name="3" value="40, 16, 9" />
      <property name="4" value="40, 20, 9" />
      <property name="5" value="40, 24, 9" />
    </property>
    <property class="TraderOnOff">
      <property name="0" value="37, 16, 22" />
    </property>
    <property class="challenge_leather">
      <property name="0" value="41, 4, 18" />
      <property name="1" value="41, 8, 18" />
      <property name="2" value="41, 12, 18" />
      <property name="3" value="41, 16, 18" />
      <property name="4" value="41, 20, 18" />
      <property name="5" value="41, 24, 18" />
      <property name="6" value="41, 4, 19" />
      <property name="7" value="41, 8, 19" />
      <property name="8" value="41, 12, 19" />
      <property name="9" value="41, 16, 19" />
      <property name="10" value="41, 20, 19" />
      <property name="11" value="41, 24, 19" />
      <property name="12" value="41, 4, 20" />
      <property name="13" value="41, 8, 20" />
      <property name="14" value="41, 12, 20" />
      <property name="15" value="41, 16, 20" />
      <property name="16" value="41, 20, 20" />
      <property name="17" value="41, 24, 20" />
      <property name="18" value="41, 4, 21" />
      <property name="19" value="41, 8, 21" />
      <property name="20" value="41, 12, 21" />
      <property name="21" value="41, 16, 21" />
      <property name="22" value="41, 20, 21" />
      <property name="23" value="41, 24, 21" />
    </property>
    <property class="FetchContainer">
      <property name="0" value="40, 28, 9" />
    </property>
    <property class="challenge_mech_parts">
      <property name="0" value="8, 12, 18" />
      <property name="1" value="18, 12, 18" />
    </property>
    <property class="challenge_gore">
      <property name="0" value="15, 2, 25" />
    </property>
    <property class="quest_feather">
      <property name="0" value="40, 29, 13" />
    </property>
    <property class="challenge_steel">
      <property name="0" value="39, 24, 11" />
    </property>
  </property>
  <property class="Stats">
    <property name="TotalVertices" value="919876" />
    <property name="TotalTriangles" value="405106" />
    <property class="BlockEntities">
      <property name="Vertices" value="719332" />
      <property name="Triangles" value="286811" />
    </property>
    <property class="ChunkMeshes0">
      <property name="Vertices" value="173188" />
      <property name="Triangles" value="95643" />
    </property>
    <property class="ChunkMeshes1">
      <property name="Vertices" value="0" />
      <property name="Triangles" value="0" />
    </property>
    <property class="ChunkMeshes2">
      <property name="Vertices" value="26968" />
      <property name="Triangles" value="22060" />
    </property>
    <property class="ChunkMeshes3">
      <property name="Vertices" value="0" />
      <property name="Triangles" value="0" />
    </property>
    <property class="ChunkMeshes4">
      <property name="Vertices" value="0" />
      <property name="Triangles" value="0" />
    </property>
    <property class="ChunkMeshes5">
      <property name="Vertices" value="388" />
      <property name="Triangles" value="592" />
    </property>
  </property>
</prefab>