﻿<?xml version="1.0" encoding="UTF-8"?>
<prefab>
  <property name="CopyAirBlocks" value="True" />
  <property name="AllowTopSoilDecorations" value="True" />
  <property name="TraderArea" value="False" />
  <property name="ExcludeDistantPOIMesh" value="False" />
  <property name="ExcludePOICulling" value="False" />
  <property name="DifficultyTier" value="3" />
  <property name="Zoning" value="Commercial, Downtown, Industrial, ResidentialNew, ResidentialOld, Residential" />
  <property name="RotationToFaceNorth" value="1" />
  <property name="YOffset" value="-31" />
  <property name="DistantPOIYOffset" value="0" />
  <property name="AllowedBiomes" value="burnt_forest,snow,plains,pine_forest,forest,desert,wasteland" />
  <property name="AllowedTownships" value="city,rural,town,wilderness" />
  <property name="EditorGroups" value="Wilderness" />
  <property name="SleeperVolumeStart" value="23, 19, 3#15, 19, 3#10, 19, 16#1, 31, 2#20, 8, 10#1, 4, 17#11, 2, 8" />
  <property name="SleeperVolumeSize" value="15, 9, 18#8, 9, 13#13, 9, 15#17, 5, 29#10, 11, 32#18, 3, 22#7, 3, 6" />
  <property name="SleeperVolumeGroup" value="S_Zom_Utility_Worker,5,5,S_Zom_Utility_Worker,6,6,S_Zom_Utility_Worker,4,4,S_-_Group_Zom_Badass_Only,4,4,S_-_Group_Zom_Badass,9,9,S_Zom_HazMat_Only,7,7,S_-_Group_Zom_Badass_Only,2,2" />
  <property name="SleeperVolumeGameStageAdjust" value=",,,,,," />
  <property name="SleeperIsLootVolume" value="False,False,False,False,False,False,False" />
  <property name="SleeperIsBossVolume" value="False,False,False,False,False,False,False" />
  <property name="SleeperVolumeFlags" value="0,0,0,0,0,0,0" />
  <property name="SleeperVolumeGroupId" value="0,0,0,0,0,0,0" />
  <property name="ShowQuestClearCount" value="1" />
  <property name="SleeperIsQuestExclude" value="False,False,False,False,False,False,False" />
  <property name="PrefabSize" value="42, 42, 42" />
  <property name="Tags" value="wilderness,industrial" />
  <property name="SleeperVolumeTriggeredBy" value=" # # # # # # " />
  <property name="QuestTags" value="clear, fetch, infested" />
  <property class="IndexedBlockOffsets">
    <property class="FetchContainer">
      <property name="0" value="30, 16, 34" />
    </property>
    <property class="POILight">
      <property name="0" value="40, 31, 26" />
      <property name="1" value="40, 31, 29" />
    </property>
    <property class="TraderOnOff">
      <property name="0" value="26, 19, 13" />
    </property>
    <property class="brBlock">
      <property name="0" value="9, 33, 13" />
    </property>
    <property class="lpblock">
      <property name="0" value="12, 31, 14" />
    </property>
    <property class="quest_stone">
      <property name="0" value="29, 31, 32" />
    </property>
    <property class="quest_feather">
      <property name="0" value="9, 31, 33" />
    </property>
    <property class="Rally">
      <property name="0" value="39, 31, 36" />
    </property>
  </property>
  <property class="Stats">
    <property name="TotalVertices" value="646016" />
    <property name="TotalTriangles" value="354479" />
    <property class="BlockEntities">
      <property name="Vertices" value="548747" />
      <property name="Triangles" value="273131" />
    </property>
    <property class="ChunkMeshes0">
      <property name="Vertices" value="76049" />
      <property name="Triangles" value="52068" />
    </property>
    <property class="ChunkMeshes1">
      <property name="Vertices" value="0" />
      <property name="Triangles" value="0" />
    </property>
    <property class="ChunkMeshes2">
      <property name="Vertices" value="250" />
      <property name="Triangles" value="164" />
    </property>
    <property class="ChunkMeshes3">
      <property name="Vertices" value="136" />
      <property name="Triangles" value="68" />
    </property>
    <property class="ChunkMeshes4">
      <property name="Vertices" value="4560" />
      <property name="Triangles" value="2280" />
    </property>
    <property class="ChunkMeshes5">
      <property name="Vertices" value="0" />
      <property name="Triangles" value="0" />
    </property>
    <property class="ChunkMeshes6">
      <property name="Vertices" value="16274" />
      <property name="Triangles" value="26768" />
    </property>
  </property>
</prefab>