﻿<?xml version="1.0" encoding="UTF-8"?>
<prefab>
  <property name="CopyAirBlocks" value="True" />
  <property name="AllowTopSoilDecorations" value="True" />
  <property name="TraderArea" value="False" />
  <property name="ExcludeDistantPOIMesh" value="False" />
  <property name="ExcludePOICulling" value="False" />
  <property name="QuestTags" value="clear, fetch, infested" />
  <property name="DifficultyTier" value="4" />
  <property name="Zoning" value="Commercial, Downtown, Residential" />
  <property name="RotationToFaceNorth" value="0" />
  <property name="YOffset" value="-1" />
  <property name="DistantPOIYOffset" value="-1" />
  <property name="AllowedBiomes" value="burnt_forest,snow,plains,pine_forest,forest,desert,wasteland" />
  <property name="AllowedTownships" value="city,rural,town" />
  <property name="EditorGroups" value="commercial, industrial, rural" />
  <property name="SleeperVolumeStart" value="3, 1, 11#3, 1, 21#28, 1, 11#0, 4, 8#13, 1, 11#19, 1, 21#32, 1, 21#48, 1, 45#48, 1, 21" />
  <property name="SleeperVolumeSize" value="10, 3, 10#16, 3, 29#29, 3, 10#60, 4, 48#15, 3, 10#13, 3, 29#16, 3, 29#9, 3, 5#9, 3, 24" />
  <property name="SleeperVolumeGroup" value="ZomBusinessman,5,6,GroupAbandonedHouse,6,6,GroupGenericZombie,6,8,GroupAbandonedHouse,9,11,GroupGenericZombie,6,8,GroupGenericZombie,5,7,GroupGenericZombie,4,4,GroupGenericZombie,2,4,GroupGenericZombie,4,4" />
  <property name="SleeperVolumeGameStageAdjust" value=",,,,,,,," />
  <property name="SleeperIsLootVolume" value="True,False,True,False,False,False,False,False,False" />
  <property name="SleeperIsBossVolume" value="False,False,False,False,False,False,False,False,False" />
  <property name="SleeperVolumeFlags" value="0,0,0,0,0,0,0,0,0" />
  <property name="SleeperVolumeGroupId" value="0,0,0,0,0,0,0,0,0" />
  <property name="ShowQuestClearCount" value="1" />
  <property name="SleeperIsQuestExclude" value="False,False,False,False,False,False,False,False,False" />
  <property name="PrefabSize" value="60, 12, 60" />
  <property name="Tags" value="countrytown, countryresidential, commercial, residential, rural, downtown" />
  <property name="SleeperVolumeTriggeredBy" value=" # # # # # # # # " />
  <property class="IndexedBlockOffsets">
    <property class="challenge_sinks">
      <property name="0" value="55, 1, 48" />
    </property>
    <property class="POILight">
      <property name="0" value="47, 3, 50" />
      <property name="1" value="51, 3, 46" />
      <property name="2" value="51, 3, 48" />
      <property name="3" value="51, 3, 50" />
      <property name="4" value="55, 3, 46" />
    </property>
    <property class="FetchContainer">
      <property name="0" value="56, 1, 42" />
    </property>
    <property class="challenge_polymers">
      <property name="0" value="56, 1, 46" />
    </property>
    <property class="quest_feather">
      <property name="0" value="47, 5, 36" />
    </property>
    <property class="TraderOnOff">
      <property name="0" value="51, 5, 46" />
    </property>
    <property class="challenge_pallet">
      <property name="0" value="49, 5, 32" />
    </property>
    <property class="challenge_steel">
      <property name="0" value="31, 6, 28" />
    </property>
    <property class="challenge_gore">
      <property name="0" value="46, 5, 35" />
      <property name="1" value="47, 5, 35" />
    </property>
    <property class="challenge_cars">
      <property name="0" value="50, 1, 6" />
    </property>
    <property class="challenge_mech_parts">
      <property name="0" value="56, 1, 43" />
    </property>
  </property>
  <property class="Stats">
    <property name="TotalVertices" value="905083" />
    <property name="TotalTriangles" value="354245" />
    <property class="BlockEntities">
      <property name="Vertices" value="824790" />
      <property name="Triangles" value="305956" />
    </property>
    <property class="ChunkMeshes0">
      <property name="Vertices" value="74278" />
      <property name="Triangles" value="40107" />
    </property>
    <property class="ChunkMeshes1">
      <property name="Vertices" value="0" />
      <property name="Triangles" value="0" />
    </property>
    <property class="ChunkMeshes2">
      <property name="Vertices" value="2085" />
      <property name="Triangles" value="1282" />
    </property>
    <property class="ChunkMeshes3">
      <property name="Vertices" value="144" />
      <property name="Triangles" value="72" />
    </property>
    <property class="ChunkMeshes4">
      <property name="Vertices" value="0" />
      <property name="Triangles" value="0" />
    </property>
    <property class="ChunkMeshes5">
      <property name="Vertices" value="3786" />
      <property name="Triangles" value="6828" />
    </property>
  </property>
</prefab>