﻿<?xml version="1.0" encoding="UTF-8"?>
<prefab>
  <property name="CopyAirBlocks" value="True" />
  <property name="AllowTopSoilDecorations" value="True" />
  <property name="TraderArea" value="False" />
  <property name="ExcludeDistantPOIMesh" value="False" />
  <property name="ExcludePOICulling" value="False" />
  <property name="QuestTags" value="clear, fetch, infested" />
  <property name="DifficultyTier" value="5" />
  <property name="Zoning" value="Commercial, Downtown, Industrial, ResidentialNew, ResidentialOld, Residential" />
  <property name="RotationToFaceNorth" value="0" />
  <property name="DistantPOIYOffset" value="0" />
  <property name="AllowedBiomes" value="burnt_forest,snow,pine_forest,forest,desert,wasteland" />
  <property name="AllowedTownships" value="city,rural,town,wilderness" />
  <property name="EditorGroups" value="Wilderness, rural" />
  <property name="SleeperVolumeStart" value="1, 1, 0#8, 6, 7#8, 10, 7#7, 14, 6#31, 15, 22" />
  <property name="SleeperVolumeSize" value="41, 5, 41#31, 4, 26#31, 4, 26#33, 8, 28#8, 4, 8" />
  <property name="SleeperVolumeGroup" value="GroupGenericZombie,15,20,GroupAbandonedHouse,15,20,GroupZomBadass,20,30,GroupZomBadassOnly,10,15,GroupZomBadassOnly,4,4" />
  <property name="SleeperVolumeGameStageAdjust" value=",,,," />
  <property name="SleeperIsLootVolume" value="False,False,False,False,True" />
  <property name="SleeperIsBossVolume" value="False,False,False,False,False" />
  <property name="SleeperVolumeFlags" value="0,0,0,0,0" />
  <property name="SleeperVolumeGroupId" value="0,0,0,0,0" />
  <property name="ShowQuestClearCount" value="1" />
  <property name="SleeperIsQuestExclude" value="False,False,False,False,False" />
  <property name="PrefabSize" value="42, 22, 42" />
  <property name="Tags" value="rural" />
  <property name="YOffset" value="-1" />
  <property name="SleeperVolumeTriggeredBy" value=" # # # # " />
  <property class="IndexedBlockOffsets">
    <property class="quest_wood_trees">
      <property name="0" value="40, 2, 39" />
    </property>
    <property class="POILight">
      <property name="0" value="23, 5, 21" />
      <property name="1" value="27, 5, 21" />
      <property name="2" value="35, 5, 21" />
      <property name="3" value="34, 4, 22" />
      <property name="4" value="23, 7, 24" />
      <property name="5" value="23, 5, 26" />
      <property name="6" value="27, 5, 26" />
      <property name="7" value="22, 11, 27" />
      <property name="8" value="25, 11, 27" />
      <property name="9" value="25, 7, 28" />
      <property name="10" value="28, 7, 28" />
      <property name="11" value="24, 2, 30" />
      <property name="12" value="25, 11, 30" />
      <property name="13" value="28, 4, 30" />
      <property name="14" value="30, 4, 30" />
      <property name="15" value="31, 2, 30" />
      <property name="16" value="28, 5, 32" />
      <property name="17" value="30, 5, 32" />
    </property>
    <property class="challenge_leather">
      <property name="0" value="23, 15, 22" />
      <property name="1" value="23, 7, 29" />
      <property name="2" value="21, 7, 30" />
      <property name="3" value="27, 11, 30" />
      <property name="4" value="28, 11, 30" />
      <property name="5" value="29, 11, 30" />
    </property>
    <property class="TraderOnOff">
      <property name="0" value="32, 7, 21" />
      <property name="1" value="21, 15, 23" />
      <property name="2" value="22, 7, 23" />
      <property name="3" value="24, 7, 25" />
      <property name="4" value="30, 11, 26" />
      <property name="5" value="32, 2, 29" />
      <property name="6" value="32, 11, 29" />
      <property name="7" value="28, 2, 31" />
      <property name="8" value="30, 2, 31" />
    </property>
    <property class="challenge_gore">
      <property name="0" value="22, 11, 21" />
      <property name="1" value="23, 15, 21" />
      <property name="2" value="24, 11, 21" />
      <property name="3" value="30, 11, 21" />
      <property name="4" value="26, 11, 22" />
      <property name="5" value="31, 11, 24" />
      <property name="6" value="35, 9, 24" />
      <property name="7" value="26, 15, 25" />
      <property name="8" value="29, 11, 25" />
      <property name="9" value="36, 9, 25" />
      <property name="10" value="28, 15, 27" />
      <property name="11" value="30, 7, 27" />
      <property name="12" value="21, 11, 28" />
      <property name="13" value="36, 7, 29" />
      <property name="14" value="31, 2, 33" />
    </property>
    <property class="challenge_sinks">
      <property name="0" value="27, 11, 24" />
      <property name="1" value="25, 16, 26" />
      <property name="2" value="26, 7, 26" />
      <property name="3" value="28, 7, 26" />
      <property name="4" value="25, 16, 27" />
      <property name="5" value="34, 11, 29" />
      <property name="6" value="36, 11, 30" />
    </property>
    <property class="FetchContainer">
      <property name="0" value="32, 4, 21" />
      <property name="1" value="35, 11, 21" />
      <property name="2" value="26, 11, 27" />
      <property name="3" value="36, 16, 24" />
    </property>
    <property class="challenge_mech_parts">
      <property name="0" value="35, 7, 17" />
    </property>
    <property class="challenge_polymers">
      <property name="0" value="24, 2, 24" />
      <property name="1" value="35, 2, 25" />
      <property name="2" value="31, 2, 26" />
      <property name="3" value="25, 2, 30" />
      <property name="4" value="30, 11, 30" />
    </property>
    <property class="challenge_pallet">
      <property name="0" value="19, 11, 25" />
      <property name="1" value="19, 12, 25" />
    </property>
    <property class="Rally">
      <property name="0" value="32, 2, 38" />
    </property>
  </property>
  <property class="Stats">
    <property name="TotalVertices" value="1299846" />
    <property name="TotalTriangles" value="614123" />
    <property class="BlockEntities">
      <property name="Vertices" value="1117563" />
      <property name="Triangles" value="504978" />
    </property>
    <property class="ChunkMeshes0">
      <property name="Vertices" value="168071" />
      <property name="Triangles" value="96741" />
    </property>
    <property class="ChunkMeshes1">
      <property name="Vertices" value="3456" />
      <property name="Triangles" value="1728" />
    </property>
    <property class="ChunkMeshes2">
      <property name="Vertices" value="2472" />
      <property name="Triangles" value="1236" />
    </property>
    <property class="ChunkMeshes3">
      <property name="Vertices" value="3360" />
      <property name="Triangles" value="1680" />
    </property>
    <property class="ChunkMeshes4">
      <property name="Vertices" value="0" />
      <property name="Triangles" value="0" />
    </property>
    <property class="ChunkMeshes5">
      <property name="Vertices" value="4924" />
      <property name="Triangles" value="7760" />
    </property>
  </property>
</prefab>