﻿<?xml version="1.0" encoding="UTF-8"?>
<prefab>
  <property name="CopyAirBlocks" value="True" />
  <property name="AllowTopSoilDecorations" value="True" />
  <property name="TraderArea" value="False" />
  <property name="ExcludeDistantPOIMesh" value="False" />
  <property name="ExcludePOICulling" value="False" />
  <property name="QuestTags" value="clear, fetch, infested" />
  <property name="DifficultyTier" value="3" />
  <property name="Zoning" value="Commercial, Industrial, Residential" />
  <property name="RotationToFaceNorth" value="0" />
  <property name="YOffset" value="-1" />
  <property name="DistantPOIYOffset" value="-1" />
  <property name="AllowedBiomes" value="burnt_forest,snow,plains,pine_forest,forest,desert,wasteland" />
  <property name="AllowedTownships" value="city,rural,town" />
  <property name="EditorGroups" value="Wilderness, commercial, industrial, rural" />
  <property name="SleeperVolumeStart" value="24, 1, 29#1, 1, 29#1, 1, 1#23, 1, 1#7, 6, 0#32, 5, 28" />
  <property name="SleeperVolumeSize" value="24, 3, 20#23, 3, 20#22, 3, 28#24, 3, 28#26, 4, 27#16, 6, 22" />
  <property name="SleeperVolumeGroup" value="GroupAbandonedHouse,10,12,GroupAbandonedHouse,6,10,GroupAbandonedHouse,8,10,GroupZomBadass,7,10,GroupAbandonedHouse,6,7,GroupAbandonedHouse,7,12" />
  <property name="SleeperVolumeGameStageAdjust" value=",,,,," />
  <property name="SleeperIsLootVolume" value="False,False,False,True,False,False" />
  <property name="SleeperIsBossVolume" value="False,False,False,True,False,False" />
  <property name="SleeperVolumeFlags" value="0,0,0,0,0,0" />
  <property name="SleeperVolumeGroupId" value="0,0,0,0,0,0" />
  <property name="ShowQuestClearCount" value="1" />
  <property name="SleeperIsQuestExclude" value="False,False,False,False,False,False" />
  <property name="PrefabSize" value="60, 12, 60" />
  <property name="Tags" value="countrytown, commercial" />
  <property name="SleeperVolumeTriggeredBy" value=" # # # # # " />
  <property class="IndexedBlockOffsets">
    <property class="POILight">
      <property name="0" value="48, 4, 47" />
    </property>
    <property class="FetchContainer">
      <property name="0" value="45, 1, 29" />
    </property>
    <property class="challenge_polymers">
      <property name="0" value="51, 1, 59" />
    </property>
    <property class="challenge_pallet">
      <property name="0" value="35, 7, 46" />
    </property>
    <property class="TraderOnOff">
      <property name="0" value="42, 1, 49" />
      <property name="1" value="41, 2, 50" />
    </property>
    <property class="quest_feather">
      <property name="0" value="49, 1, 46" />
    </property>
    <property class="challenge_sinks">
      <property name="0" value="46, 2, 32" />
    </property>
    <property class="challenge_steel">
      <property name="0" value="9, 1, 36" />
      <property name="1" value="9, 1, 37" />
      <property name="2" value="9, 1, 44" />
      <property name="3" value="9, 1, 45" />
    </property>
    <property class="quest_wood_trees">
      <property name="0" value="53, 1, 37" />
    </property>
    <property class="brBlock">
      <property name="0" value="42, 1, 2" />
    </property>
    <property class="challenge_mech_parts">
      <property name="0" value="39, 6, 48" />
      <property name="1" value="43, 6, 48" />
    </property>
    <property class="Rally">
      <property name="0" value="40, 1, 57" />
    </property>
  </property>
  <property class="Stats">
    <property name="TotalVertices" value="892337" />
    <property name="TotalTriangles" value="405444" />
    <property class="BlockEntities">
      <property name="Vertices" value="786853" />
      <property name="Triangles" value="344236" />
    </property>
    <property class="ChunkMeshes0">
      <property name="Vertices" value="97536" />
      <property name="Triangles" value="52456" />
    </property>
    <property class="ChunkMeshes1">
      <property name="Vertices" value="0" />
      <property name="Triangles" value="0" />
    </property>
    <property class="ChunkMeshes2">
      <property name="Vertices" value="1640" />
      <property name="Triangles" value="960" />
    </property>
    <property class="ChunkMeshes3">
      <property name="Vertices" value="2736" />
      <property name="Triangles" value="1368" />
    </property>
    <property class="ChunkMeshes4">
      <property name="Vertices" value="0" />
      <property name="Triangles" value="0" />
    </property>
    <property class="ChunkMeshes5">
      <property name="Vertices" value="3572" />
      <property name="Triangles" value="6424" />
    </property>
  </property>
</prefab>