﻿<?xml version="1.0" encoding="UTF-8"?>
<prefab>
  <property name="CopyAirBlocks" value="True" />
  <property name="AllowTopSoilDecorations" value="True" />
  <property name="TraderArea" value="False" />
  <property name="ExcludeDistantPOIMesh" value="False" />
  <property name="ExcludePOICulling" value="False" />
  <property name="QuestTags" value="clear, fetch, infested" />
  <property name="DifficultyTier" value="2" />
  <property name="Zoning" value="Commercial, Downtown, Industrial, ResidentialOld, Residential" />
  <property name="RotationToFaceNorth" value="2" />
  <property name="YOffset" value="-1" />
  <property name="DistantPOIYOffset" value="0" />
  <property name="AllowedBiomes" value="burnt_forest,snow,plains,pine_forest,forest,desert,wasteland" />
  <property name="AllowedTownships" value="city,rural,town" />
  <property name="EditorGroups" value="Wilderness, Ancap Zone, burnt, commercial, downtown, government, industrial, out buildings, remnant, rural" />
  <property name="SleeperVolumeStart" value="2, 1, 12#14, 0, 11#2, 1, 1#22, 2, 11#15, 5, 11#2, 5, 12#8, 5, 12#2, 9, 11" />
  <property name="SleeperVolumeSize" value="11, 2, 11#7, 4, 11#19, 4, 10#2, 3, 13#5, 2, 12#5, 2, 12#6, 2, 12#19, 4, 13" />
  <property name="SleeperVolumeGroup" value="ZomBusinessman,2,2,GroupGenericZombie,3,3,GroupGenericZombie,4,4,GroupGenericZombie,2,2,ZomJanitorOnly,3,3,ZomSpiderOnly,2,2,ZomBusinessman,3,3,ZomBusinessman,8,8" />
  <property name="SleeperVolumeGameStageAdjust" value="0,0,0,0,0,0,0,0" />
  <property name="SleeperIsLootVolume" value="False,False,False,False,False,False,False,False" />
  <property name="SleeperIsBossVolume" value="False,False,False,False,False,False,False,False" />
  <property name="SleeperVolumeFlags" value="0,0,2,2,0,0,0,0" />
  <property name="SleeperVolumeGroupId" value="0,0,0,0,0,0,0,0" />
  <property name="ShowQuestClearCount" value="1" />
  <property name="SleeperIsQuestExclude" value="False,False,False,False,False,False,False,False" />
  <property name="PrefabSize" value="25, 12, 25" />
  <property name="Tags" value="countrytown, countryresidential, industrial" />
  <property name="SleeperVolumeTriggeredBy" value=" # # # # # # # " />
  <property class="IndexedBlockOffsets">
    <property class="Rally">
      <property name="0" value="2, 1, 1" />
    </property>
    <property class="quest_wood">
      <property name="0" value="1, 1, 6" />
    </property>
    <property class="POILight">
      <property name="0" value="18, 3, 14" />
      <property name="1" value="18, 7, 14" />
      <property name="2" value="15, 3, 19" />
      <property name="3" value="16, 3, 19" />
      <property name="4" value="16, 7, 19" />
      <property name="5" value="17, 3, 19" />
      <property name="6" value="18, 3, 19" />
    </property>
    <property class="challenge_polymers">
      <property name="0" value="13, 2, 10" />
    </property>
    <property class="FetchContainer">
      <property name="0" value="14, 9, 12" />
      <property name="1" value="14, 5, 21" />
      <property name="2" value="12, 5, 22" />
    </property>
    <property class="challenge_sinks">
      <property name="0" value="11, 6, 12" />
    </property>
    <property class="challenge_steel">
      <property name="0" value="3, 5, 18" />
    </property>
    <property class="quest_feather">
      <property name="0" value="14, 11, 12" />
    </property>
    <property class="brBlock">
      <property name="0" value="12, 9, 20" />
    </property>
  </property>
  <property class="Stats">
    <property name="TotalVertices" value="150112" />
    <property name="TotalTriangles" value="63609" />
    <property class="BlockEntities">
      <property name="Vertices" value="125132" />
      <property name="Triangles" value="48457" />
    </property>
    <property class="ChunkMeshes0">
      <property name="Vertices" value="23400" />
      <property name="Triangles" value="12444" />
    </property>
    <property class="ChunkMeshes1">
      <property name="Vertices" value="0" />
      <property name="Triangles" value="0" />
    </property>
    <property class="ChunkMeshes2">
      <property name="Vertices" value="0" />
      <property name="Triangles" value="0" />
    </property>
    <property class="ChunkMeshes3">
      <property name="Vertices" value="24" />
      <property name="Triangles" value="12" />
    </property>
    <property class="ChunkMeshes4">
      <property name="Vertices" value="0" />
      <property name="Triangles" value="0" />
    </property>
    <property class="ChunkMeshes5">
      <property name="Vertices" value="1556" />
      <property name="Triangles" value="2696" />
    </property>
  </property>
</prefab>