﻿<?xml version="1.0" encoding="UTF-8"?>
<prefab>
  <property name="CopyAirBlocks" value="True" />
  <property name="AllowTopSoilDecorations" value="False" />
  <property name="TraderArea" value="False" />
  <property name="ExcludeDistantPOIMesh" value="False" />
  <property name="ExcludePOICulling" value="False" />
  <property name="QuestTags" value="clear, fetch, infested" />
  <property name="DifficultyTier" value="4" />
  <property name="Zoning" value="Commercial, Downtown, Residential" />
  <property name="RotationToFaceNorth" value="1" />
  <property name="YOffset" value="-9" />
  <property name="DistantPOIYOffset" value="0" />
  <property name="AllowedBiomes" value="burnt_forest,snow,plains,pine_forest,forest,desert,wasteland" />
  <property name="AllowedTownships" value="city,rural,town" />
  <property name="EditorGroups" value="downtown" />
  <property name="SleeperVolumeStart" value="6, 10, 11#6, 5, 23#20, 5, 11#6, 5, 11#6, 15, 11#4, 22, 11#4, 14, 11" />
  <property name="SleeperVolumeSize" value="25, 4, 18#25, 4, 7#11, 4, 12#13, 4, 11#25, 4, 18#30, 7, 19#10, 6, 19" />
  <property name="SleeperVolumeGroup" value="GroupZomBadass,20,20,GroupZomBadass,2,2,GroupZomBadassOnly,2,2,ZomUtilityWorker,2,2,GroupZomBadassOnly,2,2,animalZombieVultureRadiated,9,9,GroupZomBadass,9,9" />
  <property name="SleeperVolumeGameStageAdjust" value=",,,," />
  <property name="SleeperIsLootVolume" value="False,False,False,False,True,False,False" />
  <property name="SleeperIsBossVolume" value="False,False,False,False,False" />
  <property name="SleeperVolumeFlags" value="0,0,0,0,0,2,2" />
  <property name="SleeperVolumeGroupId" value="0,0,0,0,0,1,1" />
  <property name="ShowQuestClearCount" value="1" />
  <property name="SleeperIsQuestExclude" value="False,False,False,False,False,False,False" />
  <property name="PrefabSize" value="42, 27, 42" />
  <property name="Tags" value="commercial, downtown" />
  <property name="ThemeTags" value="books" />
  <property name="ThemeRepeatDistance" value="200" />
  <property name="SleeperVolumeTriggeredBy" value=" # # # # # # " />
  <property class="IndexedBlockOffsets">
    <property class="challenge_mech_parts">
      <property name="0" value="23, 15, 27" />
    </property>
    <property class="POILight">
      <property name="0" value="35, 9, 23" />
      <property name="1" value="25, 8, 24" />
      <property name="2" value="26, 10, 24" />
      <property name="3" value="30, 10, 24" />
      <property name="4" value="22, 12, 26" />
      <property name="5" value="22, 16, 28" />
    </property>
    <property class="TraderOnOff">
      <property name="0" value="16, 10, 13" />
      <property name="1" value="6, 10, 14" />
      <property name="2" value="13, 10, 20" />
      <property name="3" value="16, 10, 20" />
    </property>
    <property class="challenge_leather">
      <property name="0" value="26, 10, 25" />
      <property name="1" value="30, 10, 25" />
      <property name="2" value="26, 10, 26" />
      <property name="3" value="30, 10, 26" />
      <property name="4" value="26, 10, 27" />
      <property name="5" value="29, 15, 27" />
      <property name="6" value="29, 16, 27" />
      <property name="7" value="30, 10, 27" />
      <property name="8" value="26, 10, 28" />
      <property name="9" value="27, 10, 28" />
      <property name="10" value="28, 10, 28" />
      <property name="11" value="29, 10, 28" />
      <property name="12" value="30, 10, 28" />
    </property>
    <property class="FetchContainer">
      <property name="0" value="26, 19, 12" />
    </property>
    <property class="challenge_sinks">
      <property name="0" value="26, 5, 28" />
    </property>
    <property class="challenge_gore">
      <property name="0" value="30, 10, 14" />
      <property name="1" value="23, 2, 17" />
    </property>
    <property class="challenge_pallet">
      <property name="0" value="21, 5, 24" />
      <property name="1" value="21, 6, 24" />
      <property name="2" value="21, 5, 25" />
    </property>
    <property class="challenge_polymers">
      <property name="0" value="26, 10, 18" />
    </property>
    <property class="Rally">
      <property name="0" value="38, 9, 20" />
    </property>
  </property>
  <property class="Stats">
    <property name="TotalVertices" value="592675" />
    <property name="TotalTriangles" value="320900" />
    <property class="BlockEntities">
      <property name="Vertices" value="484843" />
      <property name="Triangles" value="249358" />
    </property>
    <property class="ChunkMeshes0">
      <property name="Vertices" value="93826" />
      <property name="Triangles" value="54218" />
    </property>
    <property class="ChunkMeshes1">
      <property name="Vertices" value="0" />
      <property name="Triangles" value="0" />
    </property>
    <property class="ChunkMeshes2">
      <property name="Vertices" value="6744" />
      <property name="Triangles" value="5620" />
    </property>
    <property class="ChunkMeshes3">
      <property name="Vertices" value="0" />
      <property name="Triangles" value="0" />
    </property>
    <property class="ChunkMeshes4">
      <property name="Vertices" value="0" />
      <property name="Triangles" value="0" />
    </property>
    <property class="ChunkMeshes5">
      <property name="Vertices" value="7262" />
      <property name="Triangles" value="11704" />
    </property>
  </property>
</prefab>