﻿<?xml version="1.0" encoding="UTF-8"?>
<prefab>
  <property name="CopyAirBlocks" value="True" />
  <property name="AllowTopSoilDecorations" value="False" />
  <property name="TraderArea" value="False" />
  <property name="ExcludeDistantPOIMesh" value="False" />
  <property name="ExcludePOICulling" value="False" />
  <property name="DifficultyTier" value="4" />
  <property name="QuestTags" value="clear, fetch, infested" />
  <property name="Zoning" value="Residential" />
  <property name="RotationToFaceNorth" value="0" />
  <property name="YOffset" value="-20" />
  <property name="DistantPOIYOffset" value="0" />
  <property name="EditorGroups" value="commercial" />
  <property name="SleeperVolumeStart" value="14, 17, 17#19, 14, 16#11, 1, 16#17, 0, 2#18, 5, 2#5, 11, 3#3, 1, 2#2, 6, 13#7, 1, 12#10, 4, 11#12, 10, 6" />
  <property name="SleeperVolumeSize" value="4, 3, 6#4, 3, 2#4, 4, 8#8, 4, 6#5, 4, 8#3, 2, 3#11, 6, 8#4, 2, 3#4, 2, 3#4, 4, 4#14, 4, 7" />
  <property name="SleeperVolumeGroup" value="GroupGenericZombie,3,3,GroupAbandonedHouse,3,3,GroupGhostTown,4,4,GroupZomBadass,4,4,GroupZomBadass,6,6,ZomHazMatOnly,3,3,ZomBurnt,3,3,GroupAbandonedHouse,5,5,ZomBusinessman,2,2,ZomUtilityWorker,5,5,GroupGenericZombie,5,5" />
  <property name="SleeperVolumeGameStageAdjust" value="" />
  <property name="SleeperIsLootVolume" value="False,False,False,False,False,False,False,False,False,False,False" />
  <property name="SleeperIsQuestExclude" value="False,False,False,False,False,False,False,False,False,False,False" />
  <property name="SleeperVolumeFlags" value="0,0,0,0,0,0,0,0,0,0,0" />
  <property name="SleeperVolumeGroupId" value="0,0,0,0,0,0,0,0,0,0,0" />
  <property name="ShowQuestClearCount" value="0" />
  <property name="PrefabSize" value="27, 39, 25" />
  <property name="Tags" value="wilderness" />
  <property name="SleeperVolumeTriggeredBy" value=" # # # # # # # # # # " />
  <property class="IndexedBlockOffsets">
    <property class="quest_wood_trees">
      <property name="0" value="21, 21, 11" />
    </property>
    <property class="FetchContainer">
      <property name="0" value="22, 9, 19" />
    </property>
    <property class="brBlock">
      <property name="0" value="18, 21, 7" />
    </property>
    <property class="challenge_gore">
      <property name="0" value="19, 9, 19" />
      <property name="1" value="21, 9, 19" />
      <property name="2" value="18, 9, 20" />
      <property name="3" value="19, 9, 20" />
    </property>
    <property class="POILight">
      <property name="0" value="17, 20, 12" />
      <property name="1" value="16, 15, 15" />
      <property name="2" value="21, 1, 17" />
    </property>
    <property class="Rally">
      <property name="0" value="20, 22, 14" />
    </property>
  </property>
  <property class="Stats">
    <property name="TotalVertices" value="231805" />
    <property name="TotalTriangles" value="166687" />
    <property class="BlockEntities">
      <property name="Vertices" value="203143" />
      <property name="Triangles" value="141051" />
    </property>
    <property class="ChunkMeshes0">
      <property name="Vertices" value="16888" />
      <property name="Triangles" value="8948" />
    </property>
    <property class="ChunkMeshes1">
      <property name="Vertices" value="2944" />
      <property name="Triangles" value="1472" />
    </property>
    <property class="ChunkMeshes2">
      <property name="Vertices" value="0" />
      <property name="Triangles" value="0" />
    </property>
    <property class="ChunkMeshes3">
      <property name="Vertices" value="0" />
      <property name="Triangles" value="0" />
    </property>
    <property class="ChunkMeshes4">
      <property name="Vertices" value="0" />
      <property name="Triangles" value="0" />
    </property>
    <property class="ChunkMeshes5">
      <property name="Vertices" value="8830" />
      <property name="Triangles" value="15216" />
    </property>
  </property>
</prefab>