﻿<?xml version="1.0" encoding="UTF-8"?>
<prefab>
  <property name="CopyAirBlocks" value="True" />
  <property name="AllowTopSoilDecorations" value="True" />
  <property name="TraderArea" value="False" />
  <property name="ExcludeDistantPOIMesh" value="False" />
  <property name="ExcludePOICulling" value="False" />
  <property name="DifficultyTier" value="2" />
  <property name="Zoning" value="Commercial, Downtown, Industrial, ResidentialNew, ResidentialOld, Residential" />
  <property name="RotationToFaceNorth" value="3" />
  <property name="YOffset" value="-2" />
  <property name="DistantPOIYOffset" value="0" />
  <property name="AllowedBiomes" value="snow,plains,pine_forest,forest,desert,city" />
  <property name="AllowedTownships" value="city,rural,town,wilderness" />
  <property name="EditorGroups" value="Wilderness" />
  <property name="SleeperVolumeStart" value="13, 2, 3#11, 2, 12#15, 2, 27#10, 7, 7#10, 2, 13#5, 2, 41" />
  <property name="SleeperVolumeSize" value="13, 3, 8#20, 5, 14#16, 3, 6#25, 3, 28#4, 8, 5#14, 3, 4" />
  <property name="SleeperVolumeGroup" value="GroupGenericZombie,3,4,GroupGenericZombie,6,6,GroupGenericZombie,2,3,GroupGenericZombie,5,7,GroupZomBadass,2,2,GroupGenericZombie,1,2" />
  <property name="SleeperVolumeGameStageAdjust" value=",,,,," />
  <property name="SleeperIsLootVolume" value="False,False,False,False,True,False" />
  <property name="SleeperIsBossVolume" value="False,False,False,False,False,False" />
  <property name="SleeperVolumeFlags" value="0,0,0,0,0,0" />
  <property name="SleeperVolumeGroupId" value="0,0,0,0,0,0" />
  <property name="ShowQuestClearCount" value="1" />
  <property name="SleeperIsQuestExclude" value="False,False,False,False,False,False" />
  <property name="PrefabSize" value="42, 22, 42" />
  <property name="Tags" value="residential" />
  <property name="SleeperVolumeTriggeredBy" value=" # # # # # " />
  <property name="QuestTags" value="clear, fetch, infested" />
  <property class="Stats">
    <property name="TotalVertices" value="450620" />
    <property name="TotalTriangles" value="248704" />
    <property class="BlockEntities">
      <property name="Vertices" value="340613" />
      <property name="Triangles" value="173889" />
    </property>
    <property class="ChunkMeshes0">
      <property name="Vertices" value="103115" />
      <property name="Triangles" value="65623" />
    </property>
    <property class="ChunkMeshes1">
      <property name="Vertices" value="0" />
      <property name="Triangles" value="0" />
    </property>
    <property class="ChunkMeshes2">
      <property name="Vertices" value="1464" />
      <property name="Triangles" value="732" />
    </property>
    <property class="ChunkMeshes3">
      <property name="Vertices" value="168" />
      <property name="Triangles" value="84" />
    </property>
    <property class="ChunkMeshes4">
      <property name="Vertices" value="0" />
      <property name="Triangles" value="0" />
    </property>
    <property class="ChunkMeshes5">
      <property name="Vertices" value="5260" />
      <property name="Triangles" value="8376" />
    </property>
  </property>
  <property class="IndexedBlockOffsets">
    <property class="Rally">
      <property name="0" value="2, 2, 10" />
    </property>
    <property class="quest_wood">
      <property name="0" value="37, 2, 21" />
      <property name="1" value="37, 2, 23" />
      <property name="2" value="37, 2, 25" />
      <property name="3" value="37, 2, 30" />
      <property name="4" value="37, 2, 32" />
    </property>
    <property class="challenge_cars">
      <property name="0" value="18, 2, 38" />
    </property>
    <property class="POILight">
      <property name="0" value="22, 16, 22" />
      <property name="1" value="23, 16, 22" />
      <property name="2" value="23, 5, 23" />
      <property name="3" value="22, 16, 24" />
      <property name="4" value="23, 16, 24" />
      <property name="5" value="21, 13, 28" />
      <property name="6" value="23, 13, 28" />
      <property name="7" value="25, 5, 28" />
      <property name="8" value="25, 13, 28" />
      <property name="9" value="27, 13, 28" />
      <property name="10" value="28, 5, 28" />
      <property name="11" value="29, 13, 28" />
      <property name="12" value="22, 13, 29" />
      <property name="13" value="24, 13, 29" />
      <property name="14" value="26, 13, 29" />
      <property name="15" value="28, 13, 29" />
      <property name="16" value="21, 13, 30" />
      <property name="17" value="23, 7, 30" />
      <property name="18" value="23, 13, 30" />
      <property name="19" value="25, 13, 30" />
      <property name="20" value="27, 13, 30" />
      <property name="21" value="29, 7, 30" />
      <property name="22" value="29, 13, 30" />
      <property name="23" value="22, 13, 31" />
      <property name="24" value="24, 13, 31" />
      <property name="25" value="25, 5, 31" />
      <property name="26" value="26, 13, 31" />
      <property name="27" value="28, 5, 31" />
      <property name="28" value="28, 13, 31" />
    </property>
    <property class="challenge_officechairs">
      <property name="0" value="24, 2, 5" />
      <property name="1" value="24, 7, 13" />
    </property>
    <property class="FetchContainer">
      <property name="0" value="15, 12, 14" />
    </property>
    <property class="challenge_sinks">
      <property name="0" value="12, 7, 24" />
      <property name="1" value="13, 8, 25" />
    </property>
    <property class="quest_wood_trees">
      <property name="0" value="29, 2, 38" />
    </property>
    <property class="TraderOnOff">
      <property name="0" value="31, 7, 15" />
      <property name="1" value="22, 14, 18" />
    </property>
  </property>
</prefab>