﻿<?xml version="1.0" encoding="UTF-8"?>
<prefab>
  <property name="CopyAirBlocks" value="True" />
  <property name="AllowTopSoilDecorations" value="False" />
  <property name="YOffset" value="-1" />
  <property name="RotationToFaceNorth" value="2" />
  <property name="Zoning" value="any" />
  <property name="Tags" value="commercial, rural, downtown" />
  <property name="ThemeTags" value="books" />
  <property name="ThemeRepeatDistance" value="200" />
  <property name="DuplicateRepeatDistance" value="1200" />
  <property name="TraderArea" value="False" />
  <property name="DistantPOIYOffset" value="0" />
  <property name="SleeperVolumeSize" value="41, 9, 41#41, 8, 41#41, 8, 41#41, 8, 41#30, 8, 10#41, 8, 41#9, 8, 10#32, 8, 15#32, 8, 17#32, 8, 14#15, 8, 15#9, 8, 30" />
  <property name="SleeperVolumeStart" value="5, 1, 15#5, 10, 15#5, 18, 15#5, 26, 15#16, 34, 15#5, 42, 15#37, 26, 35#5, 26, 41#5, 34, 25#5, 34, 42#5, 18, 41#37, 18, 26" />
  <property name="SleeperVolumeGroup" value="GroupGenericZombie,7,8,GroupGenericZombie,5,6,ZomBusinessman,7,8,ZomUtilityWorker,9,10,GroupGhostTown,3,4,GroupZomBadass,9,10,ZomUtilityWorker,3,4,GroupGhostTown,5,6,GroupBikerBar,5,6,GroupGhostTown,3,4,ZomBusinessman,3,3,ZomBusinessman,3,4" />
  <property name="SleeperVolumeGameStageAdjust" value=",,,,,,,,,," />
  <property name="SleeperIsLootVolume" value="False,False,False,False,False,False,True,True,False,False,True,True" />
  <property name="ExcludeDistantPOIMesh" value="False" />
  <property name="EditorGroups" value="downtown" />
  <property name="SleeperIsBossVolume" value="False,False,False,False,False,False,False,False,False,False,False,False" />
  <property name="QuestTags" value="clear, fetch, infested" />
  <property name="ShowQuestClearCount" value="3" />
  <property name="DifficultyTier" value="5" />
  <property name="ExcludePOICulling" value="False" />
  <property name="SleeperVolumeGroupId" value="0,0,0,0,0,0,0,0,0,0,0,0" />
  <property name="SleeperVolumeFlags" value="0,0,0,0,0,0,0,0,0,0,0,0" />
  <property name="SleeperIsQuestExclude" value="False,False,False,False,False,False,False,False,False,False,False,False" />
  <property name="PrefabSize" value="60, 66, 60" />
  <property name="SleeperVolumeTriggeredBy" value=" # # # # # # # # # # # " />
  <property class="Stats">
    <property name="TotalVertices" value="1518849" />
    <property name="TotalTriangles" value="650162" />
    <property class="BlockEntities">
      <property name="Vertices" value="1075371" />
      <property name="Triangles" value="390274" />
    </property>
    <property class="ChunkMeshes0">
      <property name="Vertices" value="409048" />
      <property name="Triangles" value="232114" />
    </property>
    <property class="ChunkMeshes1">
      <property name="Vertices" value="0" />
      <property name="Triangles" value="0" />
    </property>
    <property class="ChunkMeshes2">
      <property name="Vertices" value="24292" />
      <property name="Triangles" value="12138" />
    </property>
    <property class="ChunkMeshes3">
      <property name="Vertices" value="1104" />
      <property name="Triangles" value="552" />
    </property>
    <property class="ChunkMeshes4">
      <property name="Vertices" value="0" />
      <property name="Triangles" value="0" />
    </property>
    <property class="ChunkMeshes5">
      <property name="Vertices" value="9034" />
      <property name="Triangles" value="15084" />
    </property>
  </property>
  <property class="IndexedBlockOffsets">
    <property class="quest_wood_trees">
      <property name="0" value="50, 2, 51" />
      <property name="1" value="54, 2, 51" />
    </property>
    <property class="challenge_pallet">
      <property name="0" value="32, 36, 50" />
    </property>
    <property class="POILight">
      <property name="0" value="38, 24, 46" />
      <property name="1" value="36, 6, 49" />
      <property name="2" value="36, 14, 49" />
      <property name="3" value="36, 22, 49" />
      <property name="4" value="36, 30, 49" />
      <property name="5" value="36, 38, 49" />
      <property name="6" value="30, 20, 50" />
      <property name="7" value="37, 49, 50" />
      <property name="8" value="32, 28, 51" />
      <property name="9" value="39, 5, 51" />
    </property>
    <property class="challenge_officechairs">
      <property name="0" value="38, 19, 39" />
    </property>
    <property class="TraderOnOff">
      <property name="0" value="41, 40, 48" />
    </property>
    <property class="challenge_sinks">
      <property name="0" value="43, 27, 37" />
      <property name="1" value="43, 35, 37" />
      <property name="2" value="36, 35, 39" />
      <property name="3" value="38, 28, 40" />
      <property name="4" value="38, 36, 40" />
      <property name="5" value="43, 27, 40" />
      <property name="6" value="43, 35, 40" />
      <property name="7" value="38, 28, 42" />
      <property name="8" value="38, 36, 42" />
      <property name="9" value="43, 27, 43" />
      <property name="10" value="43, 35, 43" />
    </property>
    <property class="challenge_vending">
      <property name="0" value="30, 27, 19" />
    </property>
    <property class="FetchContainer">
      <property name="0" value="33, 46, 50" />
    </property>
    <property class="Rally">
      <property name="0" value="38, 3, 21" />
    </property>
    <property class="challenge_barrels">
      <property name="0" value="34, 3, 22" />
    </property>
  </property>
</prefab>