﻿<?xml version="1.0" encoding="UTF-8"?>
<prefab>
  <property name="CopyAirBlocks" value="True" />
  <property name="AllowTopSoilDecorations" value="True" />
  <property name="TraderArea" value="False" />
  <property name="ExcludeDistantPOIMesh" value="False" />
  <property name="ExcludePOICulling" value="False" />
  <property name="DifficultyTier" value="5" />
  <property name="Zoning" value="Residential" />
  <property name="RotationToFaceNorth" value="2" />
  <property name="YOffset" value="-24" />
  <property name="DistantPOIYOffset" value="0" />
  <property name="EditorGroups" value="Wilderness" />
  <property name="TraderAreaProtect" value="37, 48, 31" />
  <property name="TraderAreaTeleportSize" value="37, 48, 31" />
  <property name="TraderAreaTeleportCenter" value="0, 0, 0" />
  <property name="SleeperVolumeStart" value="12, 1, 1#12, 1, 1#10, 1, 1#20, 13, 1#20, 9, 1#17, 5, 1#20, 1, 1#2, 1, 1#2, 5, 1#2, 9, 1" />
  <property name="SleeperVolumeSize" value="8, 8, 9#8, 12, 9#10, 16, 9#9, 2, 9#9, 2, 9#12, 2, 9#9, 2, 9#8, 2, 9#8, 2, 9#8, 3, 9" />
  <property name="SleeperVolumeGroup" value="GroupZomSoldier,4,4,GroupZomSoldier,4,4,GroupZomSoldier,4,4,GroupZomSoldier,4,4,GroupGenericZombie,4,4,GroupZomSoldier,4,4,GroupZomSoldier,4,4,GroupZomSoldier,4,4,GroupZomSoldier,4,4,ZomHazMatOnly,8,8" />
  <property name="SleeperVolumeGameStageAdjust" value=",easy,,,,,,,,hard" />
  <property name="SleeperIsLootVolume" value="False,False,False,False,False,False,False,False,False,False" />
  <property name="SleeperIsQuestExclude" value="False,False,False,False,False,False,False,False,False,False" />
  <property name="SleeperVolumeFlags" value="2,2,2,2,2,2,2,2,2,2" />
  <property name="SleeperVolumeGroupId" value="0,0,0,0,0,0,0,0,0,0" />
  <property name="ShowQuestClearCount" value="1" />
  <property name="SleeperVolumeTriggeredBy" value=" # # # # # # # # # " />
  <property name="PrefabSize" value="30, 25, 11" />
  <property class="IndexedBlockOffsets">
    <property class="POILight">
      <property name="0" value="28, 3, 8" />
      <property name="1" value="28, 7, 8" />
      <property name="2" value="28, 11, 8" />
      <property name="3" value="28, 15, 8" />
      <property name="4" value="15, 2, 9" />
      <property name="5" value="15, 6, 9" />
      <property name="6" value="15, 10, 9" />
      <property name="7" value="16, 15, 9" />
      <property name="8" value="28, 13, 9" />
    </property>
    <property class="challenge_polymers">
      <property name="0" value="18, 1, 8" />
      <property name="1" value="18, 13, 8" />
    </property>
    <property class="challenge_sinks">
      <property name="0" value="15, 3, 7" />
      <property name="1" value="15, 7, 7" />
      <property name="2" value="15, 11, 7" />
    </property>
    <property class="challenge_pallet">
      <property name="0" value="12, 5, 6" />
      <property name="1" value="11, 5, 7" />
    </property>
    <property class="challenge_mech_parts">
      <property name="0" value="16, 13, 6" />
      <property name="1" value="27, 15, 6" />
      <property name="2" value="19, 5, 9" />
      <property name="3" value="19, 9, 9" />
      <property name="4" value="20, 9, 9" />
    </property>
    <property class="FetchContainer">
      <property name="0" value="21, 2, 8" />
    </property>
    <property class="Rally">
      <property name="0" value="15, 1, 2" />
    </property>
    <property class="brBlock">
      <property name="0" value="28, 13, 7" />
    </property>
    <property class="challenge_steel">
      <property name="0" value="26, 3, 8" />
    </property>
  </property>
</prefab>