﻿<?xml version="1.0" encoding="UTF-8"?>
<prefab>
  <property name="CopyAirBlocks" value="True" />
  <property name="AllowTopSoilDecorations" value="True" />
  <property name="TraderArea" value="False" />
  <property name="ExcludeDistantPOIMesh" value="False" />
  <property name="ExcludePOICulling" value="False" />
  <property name="DifficultyTier" value="3" />
  <property name="Zoning" value="none" />
  <property name="AllowedBiomes" value="wasteland" />
  <property name="AllowedTownships" value="wilderness" />
  <property name="RotationToFaceNorth" value="1" />
  <property name="YOffset" value="-2" />
  <property name="DistantPOIYOffset" value="0" />
  <property name="EditorGroups" value="Bunker_Mine" />
  <property name="SleeperVolumeStart" value="33, 2, 5#30, 4, 13#30, 6, 21#26, 1, 21#26, 2, 14#27, 2, 6#1, 6, 6#1, 2, 16#4, 2, 8#-1, 10, 5#3, 2, 29" />
  <property name="SleeperVolumeSize" value="11, 3, 13#12, 6, 8#11, 4, 14#12, 5, 11#7, 3, 7#3, 7, 8#26, 3, 11#26, 7, 19#23, 4, 9#44, 21, 32#5, 10, 5" />
  <property name="SleeperVolumeGroup" value="GroupGenericZombie,1,2,GroupGenericZombie,1,2,GroupGenericZombie,3,3,GroupZomSoldier,3,3,GroupZomSoldier,1,2,GroupGenericZombie,1,1,GroupLabWorker,5,5,GroupZomSoldier,5,6,ZomUtilityWorker,3,3,GroupGenericZombie,8,12,GroupZomSoldier,1,1" />
  <property name="SleeperVolumeGameStageAdjust" value=",,,,,,,,,," />
  <property name="SleeperIsLootVolume" value="False,False,False,False,False,False,False,False,False,False,True" />
  <property name="SleeperIsQuestExclude" value="False,False,False,False,False,False,False,False,False,False,False" />
  <property name="SleeperVolumeFlags" value="0,0,0,0,0,0,0,0,0,0,0" />
  <property name="SleeperVolumeGroupId" value="0,0,0,0,0,0,0,0,0,0,0" />
  <property name="ShowQuestClearCount" value="2" />
  <property name="Tags" value="wasteland, industrial, wastelandindustrial" />
  <property name="POIMarkerSize" value="1, 13, 10" />
  <property name="POIMarkerStart" value="42, 1, 0" />
  <property name="POIMarkerGroup" value="1" />
  <property name="POIMarkerTags" value="" />
  <property name="POIMarkerType" value="PartSpawn" />
  <property name="POIMarkerPartToSpawn" value="part_driveway_industrial_04" />
  <property name="POIMarkerPartRotations" value="1" />
  <property name="POIMarkerPartSpawnChance" value="1" />
  <property name="PrefabSize" value="42, 27, 42" />
  <property name="SleeperVolumeTriggeredBy" value=" # # # # # # # # # # " />
  <property name="QuestTags" value="pine_forest" />
  <property class="IndexedBlockOffsets">
    <property class="challenge_polymers">
      <property name="0" value="37, 2, 6" />
      <property name="1" value="40, 2, 8" />
      <property name="2" value="37, 2, 12" />
      <property name="3" value="39, 2, 18" />
      <property name="4" value="37, 6, 19" />
    </property>
    <property class="challenge_leather">
      <property name="0" value="36, 2, 16" />
    </property>
    <property class="POILight">
      <property name="0" value="37, 10, 26" />
    </property>
    <property class="TraderOnOff">
      <property name="0" value="39, 6, 14" />
    </property>
    <property class="challenge_mech_parts">
      <property name="0" value="22, 3, 10" />
    </property>
    <property class="challenge_gore">
      <property name="0" value="40, 2, 17" />
      <property name="1" value="39, 6, 18" />
    </property>
    <property class="challenge_pallet">
      <property name="0" value="21, 2, 10" />
      <property name="1" value="23, 2, 10" />
      <property name="2" value="26, 2, 13" />
      <property name="3" value="22, 2, 14" />
      <property name="4" value="23, 2, 14" />
      <property name="5" value="26, 2, 14" />
    </property>
    <property class="quest_wood_trees">
      <property name="0" value="41, 2, 23" />
      <property name="1" value="40, 2, 29" />
      <property name="2" value="40, 2, 36" />
    </property>
    <property class="challenge_sinks">
      <property name="0" value="37, 7, 22" />
    </property>
  </property>
  <property class="Stats">
    <property name="TotalVertices" value="904961" />
    <property name="TotalTriangles" value="390842" />
    <property class="BlockEntities">
      <property name="Vertices" value="710456" />
      <property name="Triangles" value="267689" />
    </property>
    <property class="ChunkMeshes0">
      <property name="Vertices" value="185529" />
      <property name="Triangles" value="113229" />
    </property>
    <property class="ChunkMeshes1">
      <property name="Vertices" value="0" />
      <property name="Triangles" value="0" />
    </property>
    <property class="ChunkMeshes2">
      <property name="Vertices" value="1720" />
      <property name="Triangles" value="860" />
    </property>
    <property class="ChunkMeshes3">
      <property name="Vertices" value="2224" />
      <property name="Triangles" value="1112" />
    </property>
    <property class="ChunkMeshes4">
      <property name="Vertices" value="0" />
      <property name="Triangles" value="0" />
    </property>
    <property class="ChunkMeshes5">
      <property name="Vertices" value="5032" />
      <property name="Triangles" value="7952" />
    </property>
  </property>
</prefab>