﻿<?xml version="1.0" encoding="UTF-8"?>
<prefab>
  <property name="CopyAirBlocks" value="True" />
  <property name="AllowTopSoilDecorations" value="True" />
  <property name="TraderArea" value="False" />
  <property name="ExcludeDistantPOIMesh" value="False" />
  <property name="ExcludePOICulling" value="False" />
  <property name="QuestTags" value="clear, fetch, infested" />
  <property name="DifficultyTier" value="2" />
  <property name="Zoning" value="Commercial, Industrial, ResidentialNew, ResidentialOld, Residential" />
  <property name="RotationToFaceNorth" value="2" />
  <property name="YOffset" value="-1" />
  <property name="DistantPOIYOffset" value="0" />
  <property name="AllowedBiomes" value="burnt_forest,snow,plains,pine_forest,forest,desert,wasteland" />
  <property name="AllowedTownships" value="city,rural,town" />
  <property name="EditorGroups" value="wilderness" />
  <property name="SleeperVolumeStart" value="9, 1, 4#34, 1, 18#23, 1, 18#9, 1, 18#23, 1, 28#9, 5, 9" />
  <property name="SleeperVolumeSize" value="32, 3, 14#4, 3, 18#11, 3, 10#14, 3, 20#11, 3, 10#29, 3, 26" />
  <property name="SleeperVolumeGroup" value="GroupAbandonedHouse,8,8,GroupGenericZombie,2,3,GroupGhostTown,3,5,ZomJanitorOnly,3,5,ZomBusinessman,3,6,GroupAbandonedHouse,2,3" />
  <property name="SleeperVolumeGameStageAdjust" value=",,,,," />
  <property name="SleeperIsLootVolume" value="False,False,False,False,False,False" />
  <property name="SleeperIsBossVolume" value="False,False,False,False,False,False" />
  <property name="SleeperVolumeFlags" value="0,0,0,0,0,0" />
  <property name="SleeperVolumeGroupId" value="0,0,0,0,0,0" />
  <property name="ShowQuestClearCount" value="1" />
  <property name="SleeperIsQuestExclude" value="False,False,False,False,False,False" />
  <property name="PrefabSize" value="42, 10, 42" />
  <property name="Tags" value="commercial" />
  <property name="SleeperVolumeTriggeredBy" value=" # # # # # " />
  <property class="IndexedBlockOffsets">
    <property class="challenge_cars">
      <property name="0" value="28, 1, 4" />
      <property name="1" value="34, 1, 4" />
    </property>
    <property class="Rally">
      <property name="0" value="21, 1, 2" />
    </property>
    <property class="POILight">
      <property name="0" value="30, 3, 26" />
      <property name="1" value="24, 3, 28" />
      <property name="2" value="27, 1, 30" />
      <property name="3" value="24, 3, 32" />
      <property name="4" value="30, 3, 32" />
      <property name="5" value="29, 1, 34" />
      <property name="6" value="22, 3, 36" />
      <property name="7" value="26, 3, 36" />
    </property>
    <property class="challenge_polymers">
      <property name="0" value="39, 1, 25" />
      <property name="1" value="40, 1, 33" />
    </property>
    <property class="challenge_leather">
      <property name="0" value="15, 1, 21" />
      <property name="1" value="16, 1, 21" />
      <property name="2" value="17, 1, 21" />
      <property name="3" value="18, 1, 30" />
      <property name="4" value="19, 1, 30" />
      <property name="5" value="20, 1, 30" />
      <property name="6" value="21, 1, 30" />
    </property>
    <property class="challenge_mech_parts">
      <property name="0" value="32, 1, 34" />
    </property>
    <property class="challenge_gore">
      <property name="0" value="25, 1, 21" />
      <property name="1" value="36, 1, 21" />
      <property name="2" value="24, 1, 31" />
    </property>
    <property class="challenge_steel">
      <property name="0" value="21, 1, 17" />
    </property>
    <property class="challenge_sinks">
      <property name="0" value="25, 3, 34" />
      <property name="1" value="23, 2, 36" />
    </property>
    <property class="TraderOnOff">
      <property name="0" value="23, 3, 6" />
      <property name="1" value="22, 1, 7" />
    </property>
    <property class="FetchContainer">
      <property name="0" value="28, 2, 22" />
    </property>
    <property class="quest_feather">
      <property name="0" value="23, 6, 13" />
      <property name="1" value="25, 7, 15" />
    </property>
  </property>
  <property class="Stats">
    <property name="TotalVertices" value="385423" />
    <property name="TotalTriangles" value="174544" />
    <property class="BlockEntities">
      <property name="Vertices" value="337762" />
      <property name="Triangles" value="141889" />
    </property>
    <property class="ChunkMeshes0">
      <property name="Vertices" value="42953" />
      <property name="Triangles" value="26563" />
    </property>
    <property class="ChunkMeshes1">
      <property name="Vertices" value="0" />
      <property name="Triangles" value="0" />
    </property>
    <property class="ChunkMeshes2">
      <property name="Vertices" value="1254" />
      <property name="Triangles" value="824" />
    </property>
    <property class="ChunkMeshes3">
      <property name="Vertices" value="0" />
      <property name="Triangles" value="0" />
    </property>
    <property class="ChunkMeshes4">
      <property name="Vertices" value="0" />
      <property name="Triangles" value="0" />
    </property>
    <property class="ChunkMeshes5">
      <property name="Vertices" value="3454" />
      <property name="Triangles" value="5268" />
    </property>
  </property>
</prefab>