﻿<?xml version="1.0" encoding="UTF-8"?>
<prefab>
  <property name="CopyAirBlocks" value="True" />
  <property name="AllowTopSoilDecorations" value="False" />
  <property name="Zoning" value="Commercial" />
  <property name="RotationToFaceNorth" value="2" />
  <property name="AllowedTownships" value="city,town,rural" />
  <property name="Condition" value="New" />
  <property name="TraderArea" value="False" />
  <property name="ExcludeDistantPOIMesh" value="False" />
  <property name="DistantPOIYOffset" value="0" />
  <property name="EditorGroups" value="commercial" />
  <property name="DifficultyTier" value="2" />
  <property name="Tags" value="commercial" />
  <property name="ThemeTags" value="books" />
  <property name="ThemeRepeatDistance" value="200" />
  <property name="SleeperVolumeSize" value="34, 4, 19#13, 3, 8#11, 3, 8#9, 4, 5#36, 5, 27" />
  <property name="SleeperVolumeStart" value="4, 3, 11#14, 3, 30#27, 3, 30#4, 3, 30#3, 8, 12" />
  <property name="SleeperVolumeGroup" value="GroupGenericZombie,7,9,GroupGenericZombie,3,4,GroupGenericZombie,3,4,GroupGenericZombie,3,4,GroupZomBadass,3,6" />
  <property name="SleeperVolumeGameStageAdjust" value=",,,,," />
  <property name="SleeperIsLootVolume" value="True,True,True,True,True" />
  <property name="SleeperIsBossVolume" value="False,False,False,False,False,False" />
  <property name="SleeperVolumeGroupId" value="0,0,0,0,0" />
  <property name="SleeperVolumeFlags" value="0,0,0,0,0" />
  <property name="ExcludePOICulling" value="False" />
  <property name="ShowQuestClearCount" value="1" />
  <property name="SleeperIsQuestExclude" value="False,False,False,False,False" />
  <property name="PrefabSize" value="42, 21, 42" />
  <property name="YOffset" value="-1" />
  <property name="SleeperVolumeTriggeredBy" value=" # # # # " />
  <property name="QuestTags" value="clear, fetch, infested" />
  <property class="Stats">
    <property name="TotalVertices" value="284509" />
    <property name="TotalTriangles" value="124905" />
    <property class="BlockEntities">
      <property name="Vertices" value="181446" />
      <property name="Triangles" value="62631" />
    </property>
    <property class="ChunkMeshes0">
      <property name="Vertices" value="86230" />
      <property name="Triangles" value="45082" />
    </property>
    <property class="ChunkMeshes1">
      <property name="Vertices" value="0" />
      <property name="Triangles" value="0" />
    </property>
    <property class="ChunkMeshes2">
      <property name="Vertices" value="12261" />
      <property name="Triangles" value="10044" />
    </property>
    <property class="ChunkMeshes3">
      <property name="Vertices" value="0" />
      <property name="Triangles" value="0" />
    </property>
    <property class="ChunkMeshes4">
      <property name="Vertices" value="0" />
      <property name="Triangles" value="0" />
    </property>
    <property class="ChunkMeshes5">
      <property name="Vertices" value="4572" />
      <property name="Triangles" value="7148" />
    </property>
  </property>
  <property class="IndexedBlockOffsets">
    <property class="POILight">
      <property name="0" value="38, 11, 8" />
    </property>
    <property class="challenge_officechairs">
      <property name="0" value="21, 3, 24" />
    </property>
    <property class="challenge_sinks">
      <property name="0" value="5, 4, 32" />
      <property name="1" value="7, 3, 33" />
      <property name="2" value="9, 3, 33" />
    </property>
    <property class="TraderOnOff">
      <property name="0" value="22, 4, 11" />
    </property>
    <property class="Rally">
      <property name="0" value="24, 1, 5" />
    </property>
    <property class="challenge_barrels">
      <property name="0" value="21, 1, 6" />
    </property>
    <property class="FetchContainer">
      <property name="0" value="28, 16, 22" />
      <property name="1" value="24, 8, 31" />
    </property>
    <property class="challenge_vending">
      <property name="0" value="30, 3, 36" />
    </property>
  </property>
</prefab>