﻿<?xml version="1.0" encoding="UTF-8"?>
<prefab>
  <property name="CopyAirBlocks" value="True" />
  <property name="AllowTopSoilDecorations" value="True" />
  <property name="TraderArea" value="False" />
  <property name="ExcludeDistantPOIMesh" value="False" />
  <property name="ExcludePOICulling" value="False" />
  <property name="QuestTags" value="clear, fetch, infested" />
  <property name="DifficultyTier" value="3" />
  <property name="Zoning" value="Commercial" />
  <property name="RotationToFaceNorth" value="2" />
  <property name="YOffset" value="-7" />
  <property name="DistantPOIYOffset" value="0" />
  <property name="EditorGroups" value="commercial" />
  <property name="SleeperVolumeStart" value="36, 1, 21#37, 9, 8#33, 13, 9#35, 19, 14#36, 25, 13#34, 31, 9#35, 37, 13#37, 2, 19#46, 2, 16" />
  <property name="SleeperVolumeSize" value="19, 4, 23#18, 3, 29#23, 3, 26#22, 3, 21#19, 3, 23#21, 3, 26#21, 3, 21#3, 3, 2#6, 3, 4" />
  <property name="SleeperVolumeGroup" value="S_-_Group_Lab_Worker,2,3,S_-Group_Generic_Zombie,4,5,S_Zom_Businessman,4,5,S_Zom_Businessman,2,3,S_Zom_Businessman,1,1,S_-_Group_Lab_Worker,4,5,S_-_Group_Lab_Worker,9,10,S_Zom_Burnt,1,1,S_Zom_HazMat_Only,1,2" />
  <property name="SleeperVolumeGameStageAdjust" value=",,,,,,,," />
  <property name="SleeperIsLootVolume" value="False,False,False,False,False,False,False,False,False" />
  <property name="SleeperIsQuestExclude" value="False,False,False,False,False,False,False,False,False" />
  <property name="SleeperVolumeFlags" value="0,0,0,0,0,0,0,0,0" />
  <property name="SleeperVolumeGroupId" value="0,0,0,0,0,0,0,0,0" />
  <property name="ShowQuestClearCount" value="0" />
  <property name="PrefabSize" value="60, 49, 60" />
  <property name="Tags" value="commercial,downtown,industrial,countrytown,countryresidential,rural" />
  <property name="SleeperVolumeTriggeredBy" value=" # # # # # # # # " />
  <property class="IndexedBlockOffsets">
    <property class="Rally">
      <property name="0" value="45, 9, 15" />
    </property>
    <property class="POILight">
      <property name="0" value="49, 4, 47" />
      <property name="1" value="52, 4, 47" />
    </property>
    <property class="TraderOnOff">
      <property name="0" value="47, 13, 33" />
      <property name="1" value="47, 19, 33" />
      <property name="2" value="47, 25, 33" />
      <property name="3" value="47, 31, 33" />
      <property name="4" value="46, 2, 34" />
      <property name="5" value="52, 2, 34" />
    </property>
    <property class="FetchContainer">
      <property name="0" value="53, 14, 19" />
      <property name="1" value="48, 31, 23" />
    </property>
  </property>
  <property class="Stats">
    <property name="TotalVertices" value="1168190" />
    <property name="TotalTriangles" value="490811" />
    <property class="BlockEntities">
      <property name="Vertices" value="989264" />
      <property name="Triangles" value="376147" />
    </property>
    <property class="ChunkMeshes0">
      <property name="Vertices" value="155384" />
      <property name="Triangles" value="89350" />
    </property>
    <property class="ChunkMeshes1">
      <property name="Vertices" value="0" />
      <property name="Triangles" value="0" />
    </property>
    <property class="ChunkMeshes2">
      <property name="Vertices" value="0" />
      <property name="Triangles" value="0" />
    </property>
    <property class="ChunkMeshes3">
      <property name="Vertices" value="13104" />
      <property name="Triangles" value="7410" />
    </property>
    <property class="ChunkMeshes4">
      <property name="Vertices" value="0" />
      <property name="Triangles" value="0" />
    </property>
    <property class="ChunkMeshes5">
      <property name="Vertices" value="0" />
      <property name="Triangles" value="0" />
    </property>
    <property class="ChunkMeshes6">
      <property name="Vertices" value="10438" />
      <property name="Triangles" value="17904" />
    </property>
  </property>
</prefab>