﻿<?xml version="1.0" encoding="UTF-8"?>
<prefab>
  <property name="CopyAirBlocks" value="True" />
  <property name="ExcludeDistantPOIMesh" value="False" />
  <property name="DistantPOIYOffset" value="0" />
  <property name="RotationToFaceNorth" value="2" />
  <property name="AllowTopSoilDecorations" value="False" />
  <property name="DifficultyTier" value="1" />
  <property name="TraderArea" value="False" />
  <property name="EditorGroups" value="house new" />
  <property name="YOffset" value="-1" />
  <property name="ExcludePOICulling" value="False" />
  <property name="Zoning" value="ResidentialNew" />
  <property name="AllowedTownships" value="city,town,rural,wilderness" />
  <property name="Tags" value="residential" />
  <property name="SleeperVolumeSize" value="16, 6, 16#16, 8, 16" />
  <property name="SleeperVolumeStart" value="10, 0, 12#10, 6, 12" />
  <property name="SleeperVolumeGroup" value="S_-Group_Generic_Zombie,4,6,S_-_Group_Zom_Badass,1,2" />
  <property name="SleeperVolumeGameStageAdjust" value="" />
  <property name="SleeperIsLootVolume" value="False,False" />
  <property name="QuestTags" value="clear, fetch, infested" />
  <property name="ShowQuestClearCount" value="1" />
  <property name="SleeperVolumeGroupId" value="0,0" />
  <property name="SleeperIsQuestExclude" value="False,False" />
  <property name="SleeperVolumeFlags" value="0,0" />
  <property name="SleeperIsBossVolume" value="False,False" />
  <property name="PrefabSize" value="42, 15, 42" />
  <property name="SleeperVolumeTriggeredBy" value=" # " />
  <property class="Stats">
    <property name="TotalVertices" value="98859" />
    <property name="TotalTriangles" value="44993" />
    <property class="BlockEntities">
      <property name="Vertices" value="76312" />
      <property name="Triangles" value="28570" />
    </property>
    <property class="ChunkMeshes0">
      <property name="Vertices" value="16829" />
      <property name="Triangles" value="8229" />
    </property>
    <property class="ChunkMeshes1">
      <property name="Vertices" value="0" />
      <property name="Triangles" value="0" />
    </property>
    <property class="ChunkMeshes2">
      <property name="Vertices" value="0" />
      <property name="Triangles" value="0" />
    </property>
    <property class="ChunkMeshes3">
      <property name="Vertices" value="888" />
      <property name="Triangles" value="746" />
    </property>
    <property class="ChunkMeshes4">
      <property name="Vertices" value="120" />
      <property name="Triangles" value="60" />
    </property>
    <property class="ChunkMeshes5">
      <property name="Vertices" value="0" />
      <property name="Triangles" value="0" />
    </property>
    <property class="ChunkMeshes6">
      <property name="Vertices" value="4710" />
      <property name="Triangles" value="7388" />
    </property>
  </property>
  <property class="IndexedBlockOffsets">
    <property class="quest_wood">
      <property name="0" value="23, 1, 12" />
    </property>
    <property class="quest_feather">
      <property name="0" value="15, 3, 12" />
    </property>
    <property class="POILight">
      <property name="0" value="21, 5, 22" />
    </property>
    <property class="TraderOnOff">
      <property name="0" value="22, 3, 20" />
    </property>
    <property class="Rally">
      <property name="0" value="23, 1, 7" />
    </property>
    <property class="FetchContainer">
      <property name="0" value="23, 7, 25" />
    </property>
  </property>
</prefab>