﻿<?xml version="1.0" encoding="UTF-8"?>
<prefab>
  <property name="CopyAirBlocks" value="True" />
  <property name="AllowTopSoilDecorations" value="False" />
  <property name="TraderArea" value="False" />
  <property name="ExcludeDistantPOIMesh" value="False" />
  <property name="ExcludePOICulling" value="False" />
  <property name="DifficultyTier" value="1" />
  <property name="Zoning" value="Residential" />
  <property name="RotationToFaceNorth" value="0" />
  <property name="YOffset" value="-5" />
  <property name="DistantPOIYOffset" value="0" />
  <property name="EditorGroups" value="industrial" />
  <property name="TraderAreaProtect" value="37, 48, 31" />
  <property name="TraderAreaTeleportSize" value="10, 1, 10" />
  <property name="TraderAreaTeleportCenter" value="0, 0, 0" />
  <property name="SleeperVolumeStart" value="3, 5, 3#20, 5, 3#21, 5, 25#33, 5, 25#2, 9, 3#2, 14, 3#2, 17, 3#2, 22, 3#2, 27, 3#2, 32, 3#2, 37, 3#2, 42, 3#2, 47, 3#2, 52, 3" />
  <property name="SleeperVolumeSize" value="20, 4, 14#21, 4, 23#12, 4, 8#7, 4, 8#38, 5, 30#38, 3, 30#38, 5, 30#38, 5, 30#38, 5, 30#38, 5, 30#38, 5, 30#38, 5, 30#38, 5, 30#38, 5, 30" />
  <property name="SleeperVolumeGroup" value="GroupGenericZombie,6,6,GroupGenericZombie,14,14,GroupGenericZombie,6,6,GroupGenericZombie,2,2,GroupGenericZombie,23,23,GroupGenericZombie,28,28,GroupGenericZombie,23,23,GroupGenericZombie,23,23,GroupGenericZombie,23,23,GroupGenericZombie,23,23,GroupGenericZombie,23,23,GroupGenericZombie,23,23,GroupGenericZombie,23,23,GroupGenericZombie,8,8" />
  <property name="SleeperVolumeGameStageAdjust" value=",,,,,,,,,,,,," />
  <property name="SleeperIsLootVolume" value="False,False,False,False,False,False,False,False,False,False,False,False,False,False" />
  <property name="SleeperIsQuestExclude" value="False,False,False,False,False,False,False,False,False,False,False,False,False,False" />
  <property name="SleeperVolumeFlags" value="0,0,0,0,0,0,0,0,0,0,0,0,0,0" />
  <property name="SleeperVolumeGroupId" value="0,0,0,0,0,0,0,0,0,0,0,0,0,0" />
  <property name="ShowQuestClearCount" value="0" />
  <property name="PrefabSize" value="42, 57, 42" />
  <property name="SleeperVolumeTriggeredBy" value=" # # # # # # # # # # # # # " />
  <property class="IndexedBlockOffsets">
    <property class="POILight">
      <property name="0" value="30, 8, 4" />
    </property>
    <property class="challenge_polymers">
      <property name="0" value="30, 7, 21" />
      <property name="1" value="31, 51, 25" />
      <property name="2" value="24, 6, 26" />
      <property name="3" value="22, 6, 28" />
      <property name="4" value="32, 6, 32" />
    </property>
    <property class="challenge_pallet">
      <property name="0" value="26, 12, 24" />
      <property name="1" value="26, 14, 24" />
      <property name="2" value="26, 17, 24" />
      <property name="3" value="26, 19, 24" />
      <property name="4" value="26, 22, 24" />
      <property name="5" value="26, 24, 24" />
      <property name="6" value="26, 27, 24" />
      <property name="7" value="26, 29, 24" />
      <property name="8" value="26, 32, 24" />
      <property name="9" value="26, 34, 24" />
      <property name="10" value="26, 37, 24" />
      <property name="11" value="26, 39, 24" />
      <property name="12" value="26, 42, 24" />
      <property name="13" value="26, 44, 24" />
      <property name="14" value="26, 47, 24" />
      <property name="15" value="26, 49, 24" />
      <property name="16" value="26, 52, 24" />
      <property name="17" value="26, 54, 24" />
      <property name="18" value="27, 12, 24" />
      <property name="19" value="27, 14, 24" />
      <property name="20" value="27, 17, 24" />
      <property name="21" value="27, 19, 24" />
      <property name="22" value="27, 22, 24" />
      <property name="23" value="27, 24, 24" />
      <property name="24" value="27, 27, 24" />
      <property name="25" value="27, 29, 24" />
      <property name="26" value="27, 32, 24" />
      <property name="27" value="27, 34, 24" />
      <property name="28" value="27, 37, 24" />
      <property name="29" value="27, 39, 24" />
      <property name="30" value="27, 42, 24" />
      <property name="31" value="27, 44, 24" />
      <property name="32" value="27, 47, 24" />
      <property name="33" value="27, 49, 24" />
      <property name="34" value="27, 52, 24" />
      <property name="35" value="27, 54, 24" />
    </property>
    <property class="challenge_steel">
      <property name="0" value="14, 5, 17" />
    </property>
    <property class="TraderOnOff">
      <property name="0" value="28, 51, 30" />
    </property>
    <property class="challenge_sinks">
      <property name="0" value="28, 6, 28" />
    </property>
    <property class="quest_feather">
      <property name="0" value="38, 56, 32" />
    </property>
  </property>
  <property class="Stats">
    <property name="TotalVertices" value="1455869" />
    <property name="TotalTriangles" value="683695" />
    <property class="BlockEntities">
      <property name="Vertices" value="1181980" />
      <property name="Triangles" value="515570" />
    </property>
    <property class="ChunkMeshes0">
      <property name="Vertices" value="263745" />
      <property name="Triangles" value="158869" />
    </property>
    <property class="ChunkMeshes1">
      <property name="Vertices" value="0" />
      <property name="Triangles" value="0" />
    </property>
    <property class="ChunkMeshes2">
      <property name="Vertices" value="6496" />
      <property name="Triangles" value="3248" />
    </property>
    <property class="ChunkMeshes3">
      <property name="Vertices" value="0" />
      <property name="Triangles" value="0" />
    </property>
    <property class="ChunkMeshes4">
      <property name="Vertices" value="0" />
      <property name="Triangles" value="0" />
    </property>
    <property class="ChunkMeshes5">
      <property name="Vertices" value="3648" />
      <property name="Triangles" value="6008" />
    </property>
  </property>
</prefab>