﻿<?xml version="1.0" encoding="UTF-8"?>
<prefab>
  <property name="CopyAirBlocks" value="True" />
  <property name="AllowTopSoilDecorations" value="True" />
  <property name="TraderArea" value="False" />
  <property name="ExcludeDistantPOIMesh" value="False" />
  <property name="ExcludePOICulling" value="False" />
  <property name="DifficultyTier" value="2" />
  <property name="Zoning" value="Commercial, Downtown, Industrial, ResidentialNew, ResidentialOld, Residential" />
  <property name="RotationToFaceNorth" value="2" />
  <property name="YOffset" value="-3" />
  <property name="DistantPOIYOffset" value="0" />
  <property name="AllowedBiomes" value="burnt_forest,snow,plains,pine_forest,forest,desert,wasteland" />
  <property name="AllowedTownships" value="city,rural,town,wilderness" />
  <property name="EditorGroups" value="commercial, downtown" />
  <property name="SleeperVolumeStart" value="11, 9, 34#7, 3, 7#11, 2, 25#8, 2, 34#12, 14, 7#12, 2, 7#31, 2, 7#7, 3, -8#21, 9, 27#11, 10, 6#21, 10, 6#11, 9, 26" />
  <property name="SleeperVolumeSize" value="16, 6, 5#4, 3, 27#18, 5, 9#23, 5, 7#18, 7, 26#19, 5, 18#3, 3, 27#28, 3, 13#10, 4, 7#10, 3, 20#10, 4, 21#10, 4, 8" />
  <property name="SleeperVolumeGroup" value="GroupGenericZombie,3,4,GroupGenericZombie,2,2,ZomBusinessman,3,5,GroupGenericZombie,2,3,GroupZomBadass,3,4,GroupGenericZombie,6,8,GroupGenericZombie,1,2,GroupGenericZombie,2,4,GroupGenericZombie,2,3,ZomBusinessman,2,3,GroupGenericZombie,1,2,GroupGenericZombie,1,2" />
  <property name="SleeperVolumeGameStageAdjust" value="250,medium,250,easy,250,250,250,easy,250,250,250,350" />
  <property name="SleeperIsLootVolume" value="False,False,False,False,False,True,False,False,False,False,False,False" />
  <property name="SleeperIsQuestExclude" value="False,False,False,False,False,False,False,False,False,False,False,False" />
  <property name="SleeperVolumeFlags" value="0,0,0,0,0,0,0,0,0,0,0,0" />
  <property name="SleeperVolumeGroupId" value="0,0,0,0,0,0,0,0,0,0,0,0" />
  <property name="ShowQuestClearCount" value="0" />
  <property name="PrefabSize" value="42, 21, 42" />
  <property name="Tags" value="commercial" />
  <property name="SleeperVolumeTriggeredBy" value=" # # # # # # # # # # # " />
  <property name="QuestTags" value="clear, fetch, infested" />
  <property class="IndexedBlockOffsets">
    <property class="TraderOnOff">
      <property name="0" value="22, 8, 22" />
      <property name="1" value="29, 8, 22" />
      <property name="2" value="29, 4, 25" />
      <property name="3" value="25, 3, 26" />
      <property name="4" value="22, 3, 30" />
      <property name="5" value="24, 3, 30" />
      <property name="6" value="25, 9, 30" />
    </property>
    <property class="POILight">
      <property name="0" value="30, 11, 37" />
      <property name="1" value="21, 11, 38" />
      <property name="2" value="22, 11, 38" />
      <property name="3" value="23, 11, 38" />
      <property name="4" value="25, 11, 38" />
      <property name="5" value="26, 11, 38" />
      <property name="6" value="27, 11, 38" />
      <property name="7" value="28, 11, 38" />
      <property name="8" value="29, 11, 38" />
    </property>
    <property class="challenge_mech_parts">
      <property name="0" value="23, 4, 8" />
      <property name="1" value="24, 4, 8" />
      <property name="2" value="25, 4, 8" />
      <property name="3" value="26, 4, 8" />
      <property name="4" value="27, 4, 8" />
      <property name="5" value="28, 4, 8" />
      <property name="6" value="29, 4, 8" />
      <property name="7" value="26, 4, 11" />
      <property name="8" value="27, 4, 11" />
      <property name="9" value="28, 4, 11" />
      <property name="10" value="29, 4, 11" />
      <property name="11" value="22, 4, 12" />
      <property name="12" value="26, 4, 13" />
      <property name="13" value="27, 4, 13" />
      <property name="14" value="28, 4, 13" />
      <property name="15" value="29, 4, 13" />
    </property>
    <property class="challenge_sinks">
      <property name="0" value="22, 9, 27" />
      <property name="1" value="23, 3, 29" />
      <property name="2" value="24, 10, 32" />
    </property>
    <property class="challenge_leather">
      <property name="0" value="22, 10, 22" />
      <property name="1" value="22, 10, 23" />
      <property name="2" value="22, 10, 24" />
      <property name="3" value="22, 10, 25" />
      <property name="4" value="23, 10, 25" />
      <property name="5" value="24, 10, 25" />
      <property name="6" value="25, 10, 25" />
    </property>
    <property class="challenge_polymers">
      <property name="0" value="29, 9, 31" />
      <property name="1" value="29, 9, 32" />
    </property>
    <property class="FetchContainer">
      <property name="0" value="25, 13, 29" />
      <property name="1" value="24, 6, 31" />
      <property name="2" value="24, 4, 32" />
      <property name="3" value="25, 3, 34" />
    </property>
    <property class="Rally">
      <property name="0" value="30, 3, 1" />
    </property>
  </property>
  <property class="Stats">
    <property name="TotalVertices" value="484480" />
    <property name="TotalTriangles" value="188228" />
    <property class="BlockEntities">
      <property name="Vertices" value="383321" />
      <property name="Triangles" value="125945" />
    </property>
    <property class="ChunkMeshes0">
      <property name="Vertices" value="92533" />
      <property name="Triangles" value="51315" />
    </property>
    <property class="ChunkMeshes1">
      <property name="Vertices" value="0" />
      <property name="Triangles" value="0" />
    </property>
    <property class="ChunkMeshes2">
      <property name="Vertices" value="3210" />
      <property name="Triangles" value="2312" />
    </property>
    <property class="ChunkMeshes3">
      <property name="Vertices" value="0" />
      <property name="Triangles" value="0" />
    </property>
    <property class="ChunkMeshes4">
      <property name="Vertices" value="0" />
      <property name="Triangles" value="0" />
    </property>
    <property class="ChunkMeshes5">
      <property name="Vertices" value="5416" />
      <property name="Triangles" value="8656" />
    </property>
  </property>
</prefab>