﻿<?xml version="1.0" encoding="UTF-8"?>
<prefab>
  <property name="CopyAirBlocks" value="True" />
  <property name="AllowTopSoilDecorations" value="True" />
  <property name="TraderArea" value="False" />
  <property name="ExcludeDistantPOIMesh" value="False" />
  <property name="ExcludePOICulling" value="False" />
  <property name="DifficultyTier" value="2" />
  <property name="QuestTags" value="clear, fetch, infested" />
  <property name="Zoning" value="Residential" />
  <property name="RotationToFaceNorth" value="2" />
  <property name="YOffset" value="-1" />
  <property name="DistantPOIYOffset" value="0" />
  <property name="EditorGroups" value="house new, rural, downtown, house old" />
  <property name="SleeperVolumeStart" value="8, 1, 17#9, 1, 25#15, 1, 15#26, 1, 28#3, 1, 1" />
  <property name="SleeperVolumeSize" value="7, 3, 7#6, 3, 3#11, 3, 16#3, 3, 3#37, 3, 14" />
  <property name="SleeperVolumeGroup" value="S_-_Group_Hospital,2,2,S_-_Group_Hospital,1,1,S_-_Group_Hospital,4,6,S_-_Group_Zom_Badass,1,1,S_-Group_Generic_Zombie,4,6" />
  <property name="SleeperVolumeGameStageAdjust" value=",,,," />
  <property name="SleeperIsLootVolume" value="False,False,False,False,False" />
  <property name="SleeperIsBossVolume" value="False,False,False,False,False" />
  <property name="SleeperVolumeFlags" value="0,0,0,0,0" />
  <property name="SleeperVolumeGroupId" value="0,0,0,0,0" />
  <property name="ShowQuestClearCount" value="1" />
  <property name="SleeperIsQuestExclude" value="False,False,False,False,False" />
  <property name="PrefabSize" value="42, 9, 42" />
  <property name="Tags" value="commercial,residential" />
  <property name="SleeperVolumeTriggeredBy" value=" # # # # " />
  <property class="IndexedBlockOffsets">
    <property class="POILight">
      <property name="0" value="25, 5, 21" />
      <property name="1" value="21, 5, 27" />
      <property name="2" value="27, 4, 28" />
      <property name="3" value="21, 5, 29" />
      <property name="4" value="23, 5, 29" />
      <property name="5" value="27, 4, 29" />
    </property>
    <property class="quest_wood_trees">
      <property name="0" value="37, 1, 37" />
    </property>
    <property class="TraderOnOff">
      <property name="0" value="26, 1, 18" />
    </property>
    <property class="FetchContainer">
      <property name="0" value="25, 2, 23" />
      <property name="1" value="28, 0, 30" />
    </property>
    <property class="Rally">
      <property name="0" value="38, 1, 8" />
    </property>
  </property>
  <property class="Stats">
    <property name="TotalVertices" value="273712" />
    <property name="TotalTriangles" value="168627" />
    <property class="BlockEntities">
      <property name="Vertices" value="253646" />
      <property name="Triangles" value="153509" />
    </property>
    <property class="ChunkMeshes0">
      <property name="Vertices" value="13950" />
      <property name="Triangles" value="7396" />
    </property>
    <property class="ChunkMeshes1">
      <property name="Vertices" value="0" />
      <property name="Triangles" value="0" />
    </property>
    <property class="ChunkMeshes2">
      <property name="Vertices" value="586" />
      <property name="Triangles" value="384" />
    </property>
    <property class="ChunkMeshes3">
      <property name="Vertices" value="628" />
      <property name="Triangles" value="314" />
    </property>
    <property class="ChunkMeshes4">
      <property name="Vertices" value="648" />
      <property name="Triangles" value="324" />
    </property>
    <property class="ChunkMeshes5">
      <property name="Vertices" value="0" />
      <property name="Triangles" value="0" />
    </property>
    <property class="ChunkMeshes6">
      <property name="Vertices" value="4254" />
      <property name="Triangles" value="6700" />
    </property>
  </property>
</prefab>