﻿<?xml version="1.0" encoding="UTF-8"?>
<prefab>
  <property name="CopyAirBlocks" value="True" />
  <property name="AllowTopSoilDecorations" value="False" />
  <property name="Zoning" value="Industrial" />
  <property name="RotationToFaceNorth" value="2" />
  <property name="AllowedTownships" value="town,rural,wilderness" />
  <property name="ExcludeDistantPOIMesh" value="False" />
  <property name="TraderArea" value="False" />
  <property name="DistantPOIYOffset" value="0" />
  <property name="EditorGroups" value="industrial" />
  <property name="DifficultyTier" value="0" />
  <property name="ExcludePOICulling" value="False" />
  <property name="YOffset" value="-1" />
  <property name="ShowQuestClearCount" value="1" />
  <property name="Tags" value="wilderness,industrial,residential,countrytown,nodiagonal" />
  <property name="POIMarkerSize" value="7, 13, 3#5, 13, 2" />
  <property name="POIMarkerStart" value="9, 0, -3#10, 0, -2" />
  <property name="POIMarkerGroup" value="driveway,driveway2" />
  <property name="POIMarkerTags" value="rural#countrytown" />
  <property name="POIMarkerType" value="PartSpawn,PartSpawn" />
  <property name="POIMarkerPartToSpawn" value="part_driveway_rural_08,part_driveway_countrytown_13" />
  <property name="POIMarkerPartRotations" value="2,2" />
  <property name="POIMarkerPartSpawnChance" value="1,1" />
  <property name="PrefabSize" value="25, 17, 25" />
  <property class="Stats">
    <property name="TotalVertices" value="23553" />
    <property name="TotalTriangles" value="24483" />
    <property class="BlockEntities">
      <property name="Vertices" value="9746" />
      <property name="Triangles" value="12824" />
    </property>
    <property class="ChunkMeshes0">
      <property name="Vertices" value="12125" />
      <property name="Triangles" value="8835" />
    </property>
    <property class="ChunkMeshes1">
      <property name="Vertices" value="0" />
      <property name="Triangles" value="0" />
    </property>
    <property class="ChunkMeshes2">
      <property name="Vertices" value="0" />
      <property name="Triangles" value="0" />
    </property>
    <property class="ChunkMeshes3">
      <property name="Vertices" value="0" />
      <property name="Triangles" value="0" />
    </property>
    <property class="ChunkMeshes4">
      <property name="Vertices" value="72" />
      <property name="Triangles" value="36" />
    </property>
    <property class="ChunkMeshes5">
      <property name="Vertices" value="0" />
      <property name="Triangles" value="0" />
    </property>
    <property class="ChunkMeshes6">
      <property name="Vertices" value="0" />
      <property name="Triangles" value="0" />
    </property>
    <property class="ChunkMeshes7">
      <property name="Vertices" value="1610" />
      <property name="Triangles" value="2788" />
    </property>
    <property class="ChunkMeshes8">
      <property name="Vertices" value="0" />
      <property name="Triangles" value="0" />
    </property>
    <property class="ChunkMeshes9">
      <property name="Vertices" value="0" />
      <property name="Triangles" value="0" />
    </property>
  </property>
  <property class="IndexedBlockOffsets">
    <property class="Rally">
      <property name="0" value="12, 1, 4" />
    </property>
  </property>
</prefab>