﻿<?xml version="1.0" encoding="UTF-8"?>
<prefab>
  <property name="CopyAirBlocks" value="True" />
  <property name="AllowTopSoilDecorations" value="True" />
  <property name="TraderArea" value="False" />
  <property name="ExcludeDistantPOIMesh" value="False" />
  <property name="ExcludePOICulling" value="False" />
  <property name="QuestTags" value="clear, fetch, infested" />
  <property name="DifficultyTier" value="3" />
  <property name="Zoning" value="ResidentialNew, ResidentialOld, Residential" />
  <property name="RotationToFaceNorth" value="0" />
  <property name="YOffset" value="-1" />
  <property name="DistantPOIYOffset" value="0" />
  <property name="AllowedBiomes" value="burnt_forest,snow,plains,pine_forest,forest,desert,wasteland" />
  <property name="AllowedTownships" value="city,rural,town,wilderness" />
  <property name="EditorGroups" value="Wilderness" />
  <property name="SleeperVolumeStart" value="13, 2, 11#2, 1, 8#4, 1, 32#4, 1, 8#31, 1, 8#4, 2, 10#4, 2, 16#14, 3, 17#15, 6, 25#22, 6, 18#22, 6, 10#7, 6, 10" />
  <property name="SleeperVolumeSize" value="16, 2, 20#2, 3, 26#28, 3, 2#28, 3, 2#11, 3, 26#9, 3, 6#9, 2, 16#7, 5, 8#14, 2, 6#7, 2, 6#7, 3, 8#6, 3, 6" />
  <property name="SleeperVolumeGroup" value="S_-Group_Generic_Zombie,5,7,S_-Group_Generic_Zombie,1,3,S_-Group_Generic_Zombie,1,3,S_-Group_Generic_Zombie,1,2,S_-Group_Generic_Zombie,3,4,S_-Group_Generic_Zombie,2,3,S_-Group_Generic_Zombie,4,6,S_Zom_Spider_Only,2,3,S_-Group_Generic_Zombie,3,4,S_-Group_Generic_Zombie,1,2,S_-Group_Generic_Zombie,2,3,S_Zom_Snow,2,3" />
  <property name="SleeperVolumeGameStageAdjust" value=",,,,,,,,,,,,,,,," />
  <property name="SleeperIsLootVolume" value="False,False,False,False,False,False,False,False,False,False,False,False" />
  <property name="SleeperIsQuestExclude" value="False,False,False,False,False,False,False,False,False,False,False,False" />
  <property name="SleeperVolumeFlags" value="0,1,0,0,0,0,0,2,0,0,0,0" />
  <property name="SleeperVolumeGroupId" value="0,0,0,0,0,0,0,0,0,0,0,0" />
  <property name="ShowQuestClearCount" value="0" />
  <property name="PrefabSize" value="42, 17, 42" />
  <property name="Tags" value="wilderness,rural" />
  <property name="SleeperVolumeTriggeredBy" value=" # # # # # # # # # # # " />
  <property class="IndexedBlockOffsets">
    <property class="POILight">
      <property name="0" value="29, 4, 23" />
      <property name="1" value="24, 8, 25" />
      <property name="2" value="24, 8, 26" />
      <property name="3" value="24, 8, 27" />
      <property name="4" value="24, 8, 28" />
    </property>
    <property class="FetchContainer">
      <property name="0" value="23, 7, 12" />
    </property>
    <property class="quest_wood">
      <property name="0" value="6, 3, 18" />
    </property>
    <property class="TraderOnOff">
      <property name="0" value="15, 2, 29" />
    </property>
    <property class="Rally">
      <property name="0" value="40, 1, 28" />
    </property>
  </property>
  <property class="Stats">
    <property name="TotalVertices" value="414336" />
    <property name="TotalTriangles" value="183260" />
    <property class="BlockEntities">
      <property name="Vertices" value="336463" />
      <property name="Triangles" value="132917" />
    </property>
    <property class="ChunkMeshes0">
      <property name="Vertices" value="71351" />
      <property name="Triangles" value="41951" />
    </property>
    <property class="ChunkMeshes1">
      <property name="Vertices" value="0" />
      <property name="Triangles" value="0" />
    </property>
    <property class="ChunkMeshes2">
      <property name="Vertices" value="16" />
      <property name="Triangles" value="8" />
    </property>
    <property class="ChunkMeshes3">
      <property name="Vertices" value="1796" />
      <property name="Triangles" value="996" />
    </property>
    <property class="ChunkMeshes4">
      <property name="Vertices" value="0" />
      <property name="Triangles" value="0" />
    </property>
    <property class="ChunkMeshes5">
      <property name="Vertices" value="0" />
      <property name="Triangles" value="0" />
    </property>
    <property class="ChunkMeshes6">
      <property name="Vertices" value="4710" />
      <property name="Triangles" value="7388" />
    </property>
  </property>
</prefab>