﻿<?xml version="1.0" encoding="UTF-8"?>
<prefab>
  <property name="CopyAirBlocks" value="True" />
  <property name="AllowTopSoilDecorations" value="True" />
  <property name="TraderArea" value="False" />
  <property name="ExcludeDistantPOIMesh" value="False" />
  <property name="ExcludePOICulling" value="False" />
  <property name="DifficultyTier" value="2" />
  <property name="Zoning" value="Residential" />
  <property name="RotationToFaceNorth" value="2" />
  <property name="YOffset" value="-12" />
  <property name="DistantPOIYOffset" value="0" />
  <property name="EditorGroups" value="Wilderness" />
  <property name="TraderAreaProtect" value="37, 48, 31" />
  <property name="TraderAreaTeleportSize" value="37, 48, 31" />
  <property name="TraderAreaTeleportCenter" value="0, 0, 0" />
  <property name="SleeperVolumeStart" value="8, 0, 0" />
  <property name="SleeperVolumeSize" value="23, 3, 11" />
  <property name="SleeperVolumeGroup" value="GroupGenericZombie,1,2" />
  <property name="SleeperVolumeGameStageAdjust" value="" />
  <property name="SleeperIsLootVolume" value="False" />
  <property name="SleeperIsQuestExclude" value="False" />
  <property name="SleeperVolumeFlags" value="0" />
  <property name="SleeperVolumeGroupId" value="0" />
  <property name="ShowQuestClearCount" value="0" />
  <property name="SleeperVolumeTriggeredBy" value=" " />
  <property name="PrefabSize" value="31, 13, 11" />
  <property class="IndexedBlockOffsets">
    <property class="challenge_sinks">
      <property name="0" value="28, 1, 5" />
      <property name="1" value="29, 1, 5" />
    </property>
    <property class="POILight">
      <property name="0" value="16, 3, 7" />
      <property name="1" value="27, 1, 7" />
      <property name="2" value="23, 3, 8" />
      <property name="3" value="27, 1, 9" />
    </property>
    <property class="TraderOnOff">
      <property name="0" value="24, 1, 5" />
      <property name="1" value="18, 1, 6" />
      <property name="2" value="21, 1, 6" />
    </property>
    <property class="challenge_mech_parts">
      <property name="0" value="20, 2, 9" />
    </property>
    <property class="challenge_leather">
      <property name="0" value="22, 1, 1" />
      <property name="1" value="22, 1, 2" />
      <property name="2" value="22, 1, 3" />
      <property name="3" value="23, 1, 3" />
      <property name="4" value="24, 1, 3" />
    </property>
    <property class="challenge_polymers">
      <property name="0" value="28, 2, 5" />
      <property name="1" value="23, 3, 9" />
    </property>
  </property>
</prefab>