﻿<?xml version="1.0" encoding="UTF-8"?>
<prefab>
  <property name="CopyAirBlocks" value="True" />
  <property name="AllowTopSoilDecorations" value="False" />
  <property name="Zoning" value="ResidentialOld, ResidentialNew, Industrial" />
  <property name="RotationToFaceNorth" value="2" />
  <property name="AllowedTownships" value="city,town,rural" />
  <property name="YOffset" value="-1" />
  <property name="TraderArea" value="False" />
  <property name="ExcludeDistantPOIMesh" value="False" />
  <property name="DistantPOIYOffset" value="0" />
  <property name="EditorGroups" value="industrial" />
  <property name="DifficultyTier" value="0" />
  <property name="ExcludePOICulling" value="False" />
  <property name="SleeperVolumeSize" value="21, 21, 24" />
  <property name="SleeperVolumeStart" value="2, 0, 1" />
  <property name="SleeperVolumeGroupId" value="0" />
  <property name="SleeperVolumeGroup" value="S_-Group_Generic_Zombie,0,1" />
  <property name="SleeperIsLootVolume" value="False" />
  <property name="SleeperIsBossVolume" value="False" />
  <property name="SleeperVolumeFlags" value="0" />
  <property name="ShowQuestClearCount" value="1" />
  <property name="SleeperIsQuestExclude" value="False" />
  <property name="Tags" value="wilderness,industrial,residential,countrytown,nodiagonal" />
  <property name="PrefabSize" value="25, 21, 25" />
  <property class="Stats">
    <property name="TotalVertices" value="84192" />
    <property name="TotalTriangles" value="79887" />
    <property class="BlockEntities">
      <property name="Vertices" value="55535" />
      <property name="Triangles" value="56980" />
    </property>
    <property class="ChunkMeshes0">
      <property name="Vertices" value="26407" />
      <property name="Triangles" value="19719" />
    </property>
    <property class="ChunkMeshes1">
      <property name="Vertices" value="0" />
      <property name="Triangles" value="0" />
    </property>
    <property class="ChunkMeshes2">
      <property name="Vertices" value="576" />
      <property name="Triangles" value="288" />
    </property>
    <property class="ChunkMeshes3">
      <property name="Vertices" value="0" />
      <property name="Triangles" value="0" />
    </property>
    <property class="ChunkMeshes4">
      <property name="Vertices" value="0" />
      <property name="Triangles" value="0" />
    </property>
    <property class="ChunkMeshes5">
      <property name="Vertices" value="0" />
      <property name="Triangles" value="0" />
    </property>
    <property class="ChunkMeshes6">
      <property name="Vertices" value="0" />
      <property name="Triangles" value="0" />
    </property>
    <property class="ChunkMeshes7">
      <property name="Vertices" value="1674" />
      <property name="Triangles" value="2900" />
    </property>
    <property class="ChunkMeshes8">
      <property name="Vertices" value="0" />
      <property name="Triangles" value="0" />
    </property>
    <property class="ChunkMeshes9">
      <property name="Vertices" value="0" />
      <property name="Triangles" value="0" />
    </property>
  </property>
  <property class="IndexedBlockOffsets">
    <property class="Rally">
      <property name="0" value="11, 1, 2" />
    </property>
  </property>
</prefab>