﻿<?xml version="1.0" encoding="UTF-8"?>
<prefab>
  <property name="CopyAirBlocks" value="False" />
  <property name="ExcludeDistantPOIMesh" value="False" />
  <property name="ExcludePOICulling" value="False" />
  <property name="DistantPOIYOffset" value="0" />
  <property name="AllowTopSoilDecorations" value="True" />
  <property name="DifficultyTier" value="5" />
  <property name="ShowQuestClearCount" value="3" />
  <property name="TraderArea" value="False" />
  <property name="RotationToFaceNorth" value="2" />
  <property name="Zoning" value="none" />
  <property name="YOffset" value="-12" />
  <property name="EditorGroups" value="test stuff" />
  <property name="PrefabSize" value="111, 43, 91" />
  <property name="Tags" value="snow, wilderness, pine_forest" />
  <property name="POIMarkerSize" value="8, 1, 8#4, 2, 5" />
  <property name="POIMarkerStart" value="1, 11, 91#50, 10, 21" />
  <property name="POIMarkerGroup" value="1,Drugs" />
  <property name="POIMarkerTags" value="#" />
  <property name="POIMarkerType" value="RoadExit,PartSpawn" />
  <property name="POIMarkerPartToSpawn" value=",part_loot_t5" />
  <property name="POIMarkerPartRotations" value="0,3" />
  <property name="POIMarkerPartSpawnChance" value="1,0.2" />
  <property name="SleeperVolumeSize" value="1, 3, 1#1, 3, 1#15, 7, 16#15, 5, 29#19, 4, 44#15, 4, 30#15, 4, 33#15, 4, 24#15, 4, 42#15, 3, 32#15, 4, 39#49, 5, 10#22, 10, 19#15, 4, 12#59, 8, 23#17, 10, 37#12, 9, 13#37, 9, 26#26, 6, 32#31, 6, 46" />
  <property name="SleeperVolumeStart" value="48, 18, -92#48, 18, -93#41, 30, -66#41, 25, -71#39, 21, -78#41, 17, -88#41, 17, -58#41, 13, -83#41, 13, -59#41, 10, -85#41, 9, -53#18, 12, 80#27, 22, 48#81, 21, 35#37, 21, 12#20, 21, 15#37, 21, 35#49, 22, 35#56, 16, 28#25, 15, 13" />
  <property name="SleeperVolumeGroupId" value="1,1,0,0,0,1,0,0,0,0,0,0,0,0,0,0,0,0,0,0" />
  <property name="SleeperVolumeGroup" value="zombieYo,1,1,zombiePartyGirl,1,1,ZomUtilityWorker,3,4,GroupNightClub,5,6,GroupNightClub,12,17,GroupGenericZombie,15,20,GroupNightClub,10,12,GroupBikerBar,9,12,GroupBikerBar,12,18,ZomUtilityWorker,10,15,ZomUtilityWorker,8,12,GroupBikerBar,5,9,ZomFatCops,5,6,GroupGenericZombie,2,3,GroupNightClub,13,16,GroupBikerBar,5,9,GroupBikerBar,4,5,GroupNightClub,17,20,GroupBikerBar,30,37,GroupBikerBar,35,40" />
  <property name="SleeperIsLootVolume" value="False,False,False,False,False,False,False,False,False,False,False,False,False,False,False,False,False,False,False,False" />
  <property name="SleeperIsQuestExclude" value="False,False,False,False,False,False,False,False,False,False,False,False,False,False,False,False,False,False,False,False" />
  <property name="SleeperVolumeFlags" value="0,0,2,0,0,0,0,0,0,0,0,2,0,0,0,0,0,0,0,0" />
  <property name="SleeperVolumeTriggeredBy" value=" # # # # # # # # # # # # # # # # # # # " />
  <property class="Stats">
    <property name="TotalVertices" value="1467711" />
    <property name="TotalTriangles" value="851006" />
    <property class="BlockEntities">
      <property name="Vertices" value="1011376" />
      <property name="Triangles" value="527863" />
    </property>
    <property class="ChunkMeshes0">
      <property name="Vertices" value="402511" />
      <property name="Triangles" value="251267" />
    </property>
    <property class="ChunkMeshes1">
      <property name="Vertices" value="11328" />
      <property name="Triangles" value="5664" />
    </property>
    <property class="ChunkMeshes2">
      <property name="Vertices" value="2358" />
      <property name="Triangles" value="1248" />
    </property>
    <property class="ChunkMeshes3">
      <property name="Vertices" value="432" />
      <property name="Triangles" value="216" />
    </property>
    <property class="ChunkMeshes4">
      <property name="Vertices" value="0" />
      <property name="Triangles" value="0" />
    </property>
    <property class="ChunkMeshes5">
      <property name="Vertices" value="39706" />
      <property name="Triangles" value="64748" />
    </property>
  </property>
  <property class="IndexedBlockOffsets">
    <property class="Rally">
      <property name="0" value="1, 12, 86" />
    </property>
    <property class="TraderOnOff">
      <property name="0" value="87, 22, 16" />
      <property name="1" value="88, 22, 16" />
    </property>
    <property class="quest_wood_trees">
      <property name="0" value="101, 22, 46" />
      <property name="1" value="95, 22, 60" />
    </property>
    <property class="challenge_sinks">
      <property name="0" value="74, 23, 50" />
      <property name="1" value="82, 19, 51" />
      <property name="2" value="74, 29, 52" />
      <property name="3" value="82, 19, 52" />
      <property name="4" value="82, 23, 53" />
    </property>
    <property class="POILight">
      <property name="0" value="87, 22, 64" />
    </property>
    <property class="challenge_mech_parts">
      <property name="0" value="77, 23, 57" />
    </property>
    <property class="challenge_steel">
      <property name="0" value="30, 16, 18" />
      <property name="1" value="27, 22, 20" />
    </property>
    <property class="challenge_polymers">
      <property name="0" value="93, 22, 47" />
    </property>
    <property class="challenge_gore">
      <property name="0" value="92, 22, 44" />
    </property>
    <property class="FetchContainer">
      <property name="0" value="74, 28, 46" />
      <property name="1" value="79, 21, 49" />
      <property name="2" value="77, 28, 53" />
      <property name="3" value="77, 22, 56" />
    </property>
    <property class="challenge_pallet">
      <property name="0" value="73, 28, 49" />
    </property>
    <property class="challenge_leather">
      <property name="0" value="73, 23, 56" />
      <property name="1" value="73, 23, 57" />
    </property>
    <property class="challenge_cars">
      <property name="0" value="41, 17, 40" />
      <property name="1" value="45, 22, 41" />
    </property>
    <property class="quest_feather">
      <property name="0" value="61, 29, 47" />
    </property>
    <property class="quest_wood">
      <property name="0" value="51, 23, 56" />
    </property>
    <property class="quest_stone_boulder">
      <property name="0" value="108, 13, 48" />
      <property name="1" value="108, 14, 60" />
    </property>
  </property>
</prefab>