﻿<?xml version="1.0" encoding="UTF-8"?>
<prefab>
  <property name="CopyAirBlocks" value="True" />
  <property name="AllowTopSoilDecorations" value="True" />
  <property name="TraderArea" value="False" />
  <property name="ExcludeDistantPOIMesh" value="False" />
  <property name="ExcludePOICulling" value="False" />
  <property name="QuestTags" value="clear, fetch, infested" />
  <property name="DifficultyTier" value="2" />
  <property name="Zoning" value="ResidentialOld, Residential" />
  <property name="RotationToFaceNorth" value="2" />
  <property name="YOffset" value="-2" />
  <property name="DistantPOIYOffset" value="0" />
  <property name="AllowedBiomes" value="burnt_forest,snow,plains,pine_forest,forest,desert,wasteland" />
  <property name="AllowedTownships" value="rural,wilderness" />
  <property name="EditorGroups" value="wilderness" />
  <property name="SleeperVolumeStart" value="20, 2, 8#3, 0, 8#25, 7, 9#9, 5, 12#18, 5, 9#9, 11, 10" />
  <property name="SleeperVolumeSize" value="19, 3, 26#17, 5, 26#9, 2, 20#9, 4, 14#7, 4, 17#25, 3, 18" />
  <property name="SleeperVolumeGroup" value="GroupGhostTown,4,9,GroupGhostTown,2,3,GroupAbandonedHouse,2,3,GroupGenericZombie,2,2,GroupBikerBar,5,5,GroupGhostTown,5,5" />
  <property name="SleeperVolumeGameStageAdjust" value=",,,,," />
  <property name="SleeperIsLootVolume" value="False,False,False,False,False,False" />
  <property name="SleeperIsBossVolume" value="False,False,False,False,False,False" />
  <property name="SleeperVolumeFlags" value="0,0,0,0,2,0" />
  <property name="SleeperVolumeGroupId" value="0,0,0,0,0,0" />
  <property name="ShowQuestClearCount" value="1" />
  <property name="SleeperIsQuestExclude" value="False,False,False,False,False,False" />
  <property name="PrefabSize" value="42, 19, 42" />
  <property name="Tags" value="residential" />
  <property name="SleeperVolumeTriggeredBy" value=" # # # # # " />
  <property class="IndexedBlockOffsets">
    <property class="Rally">
      <property name="0" value="15, 2, 7" />
    </property>
    <property class="challenge_gore">
      <property name="0" value="29, 5, 21" />
      <property name="1" value="34, 2, 21" />
      <property name="2" value="28, 2, 23" />
      <property name="3" value="31, 2, 23" />
      <property name="4" value="28, 4, 25" />
      <property name="5" value="22, 2, 33" />
    </property>
    <property class="TraderOnOff">
      <property name="0" value="24, 3, 21" />
      <property name="1" value="36, 2, 21" />
      <property name="2" value="36, 2, 22" />
    </property>
    <property class="challenge_sinks">
      <property name="0" value="27, 7, 21" />
      <property name="1" value="25, 3, 22" />
      <property name="2" value="24, 3, 23" />
    </property>
    <property class="POILight">
      <property name="0" value="29, 9, 21" />
    </property>
    <property class="challenge_polymers">
      <property name="0" value="21, 3, 18" />
    </property>
    <property class="challenge_leather">
      <property name="0" value="27, 7, 20" />
    </property>
    <property class="brBlock">
      <property name="0" value="23, 11, 21" />
    </property>
    <property class="quest_feather">
      <property name="0" value="23, 14, 13" />
    </property>
    <property class="challenge_mech_parts">
      <property name="0" value="26, 3, 27" />
    </property>
    <property class="challenge_steel">
      <property name="0" value="31, 2, 27" />
    </property>
    <property class="challenge_cars">
      <property name="0" value="32, 2, 31" />
    </property>
    <property class="challenge_stump">
      <property name="0" value="37, 2, 8" />
    </property>
  </property>
  <property class="Stats">
    <property name="TotalVertices" value="407172" />
    <property name="TotalTriangles" value="208614" />
    <property class="BlockEntities">
      <property name="Vertices" value="361299" />
      <property name="Triangles" value="179747" />
    </property>
    <property class="ChunkMeshes0">
      <property name="Vertices" value="39667" />
      <property name="Triangles" value="20191" />
    </property>
    <property class="ChunkMeshes1">
      <property name="Vertices" value="0" />
      <property name="Triangles" value="0" />
    </property>
    <property class="ChunkMeshes2">
      <property name="Vertices" value="728" />
      <property name="Triangles" value="664" />
    </property>
    <property class="ChunkMeshes3">
      <property name="Vertices" value="576" />
      <property name="Triangles" value="288" />
    </property>
    <property class="ChunkMeshes4">
      <property name="Vertices" value="0" />
      <property name="Triangles" value="0" />
    </property>
    <property class="ChunkMeshes5">
      <property name="Vertices" value="4902" />
      <property name="Triangles" value="7724" />
    </property>
  </property>
</prefab>