﻿<?xml version="1.0" encoding="UTF-8"?>
<prefab>
  <property name="CopyAirBlocks" value="True" />
  <property name="ExcludeDistantPOIMesh" value="False" />
  <property name="ExcludePOICulling" value="False" />
  <property name="DistantPOIYOffset" value="0" />
  <property name="AllowTopSoilDecorations" value="True" />
  <property name="DifficultyTier" value="1" />
  <property name="SleeperVolumeSize" value="10, 10, 13" />
  <property name="SleeperVolumeStart" value="1, 2, 1" />
  <property name="SleeperVolumeGroup" value="ZomUtilityWorker,3,3" />
  <property name="SleeperIsLootVolume" value="False" />
  <property name="SleeperIsBossVolume" value="False" />
  <property name="ShowQuestClearCount" value="1" />
  <property name="TraderArea" value="False" />
  <property name="RotationToFaceNorth" value="3" />
  <property name="EditorGroups" value="Destroyed, Bunker_Mine" />
  <property name="Zoning" value="none" />
  <property name="AllowedBiomes" value="burnt_forest,wasteland" />
  <property name="AllowedTownships" value="wilderness" />
  <property name="SleeperVolumeGroupId" value="0" />
  <property name="SleeperIsQuestExclude" value="False" />
  <property name="SleeperVolumeFlags" value="0" />
  <property name="YOffset" value="-8" />
  <property name="Tags" value="wasteland, wilderness" />
  <property name="POIMarkerSize" value="1, 1, 1" />
  <property name="POIMarkerStart" value="-1, 7, 5" />
  <property name="POIMarkerGroup" value="1" />
  <property name="POIMarkerTags" value="" />
  <property name="POIMarkerType" value="RoadExit" />
  <property name="POIMarkerPartToSpawn" value="" />
  <property name="POIMarkerPartRotations" value="1" />
  <property name="POIMarkerPartSpawnChance" value="1" />
  <property name="PrefabSize" value="12, 27, 15" />
  <property name="SleeperVolumeTriggeredBy" value=" " />
  <property name="QuestTags" value="burnt_forest, wasteland" />
  <property class="Stats">
    <property name="TotalVertices" value="78440" />
    <property name="TotalTriangles" value="35661" />
    <property class="BlockEntities">
      <property name="Vertices" value="73334" />
      <property name="Triangles" value="31331" />
    </property>
    <property class="ChunkMeshes0">
      <property name="Vertices" value="3556" />
      <property name="Triangles" value="1826" />
    </property>
    <property class="ChunkMeshes1">
      <property name="Vertices" value="0" />
      <property name="Triangles" value="0" />
    </property>
    <property class="ChunkMeshes2">
      <property name="Vertices" value="0" />
      <property name="Triangles" value="0" />
    </property>
    <property class="ChunkMeshes3">
      <property name="Vertices" value="0" />
      <property name="Triangles" value="0" />
    </property>
    <property class="ChunkMeshes4">
      <property name="Vertices" value="0" />
      <property name="Triangles" value="0" />
    </property>
    <property class="ChunkMeshes5">
      <property name="Vertices" value="1550" />
      <property name="Triangles" value="2504" />
    </property>
  </property>
  <property class="IndexedBlockOffsets">
    <property class="quest_wood_trees">
      <property name="0" value="9, 8, 12" />
      <property name="1" value="8, 8, 7" />
    </property>
    <property class="challenge_pallet">
      <property name="0" value="3, 4, 4" />
      <property name="1" value="2, 3, 5" />
    </property>
    <property class="TraderOnOff">
      <property name="0" value="6, 3, 10" />
      <property name="1" value="8, 3, 8" />
    </property>
  </property>
</prefab>