﻿<?xml version="1.0" encoding="UTF-8"?>
<prefab>
  <property name="CopyAirBlocks" value="True" />
  <property name="AllowTopSoilDecorations" value="True" />
  <property name="TraderArea" value="False" />
  <property name="ExcludeDistantPOIMesh" value="False" />
  <property name="ExcludePOICulling" value="False" />
  <property name="QuestTags" value="clear, fetch, infested" />
  <property name="DifficultyTier" value="3" />
  <property name="Zoning" value="Commercial, Industrial, ResidentialNew, ResidentialOld, Residential" />
  <property name="RotationToFaceNorth" value="2" />
  <property name="YOffset" value="-2" />
  <property name="DistantPOIYOffset" value="0" />
  <property name="AllowedTownships" value="city,rural,town,wilderness" />
  <property name="EditorGroups" value="Wilderness, industrial, commercial, downtown" />
  <property name="SleeperVolumeStart" value="3, 2, 3#26, 2, 4#16, 2, 4#11, 2, 22#32, 2, 1#5, 4, 31#7, 4, 14#28, 4, 14#16, 6, 32" />
  <property name="SleeperVolumeSize" value="13, 3, 15#11, 4, 14#9, 3, 18#19, 3, 23#13, 3, 43#3, 3, 7#7, 4, 4#8, 4, 4#10, 5, 8" />
  <property name="SleeperVolumeGroup" value="S_-Group_Generic_Zombie,4,4,S_-Group_Generic_Zombie,4,4,S_-Group_Generic_Zombie,4,5,S_-Group_Generic_Zombie,12,15,S_-Group_Generic_Zombie,5,6,S_-_Group_Zom_Badass_Only,1,1,S_-Group_Generic_Zombie,1,2,S_-Group_Generic_Zombie,3,4,S_-Group_Generic_Zombie,7,7" />
  <property name="SleeperVolumeGameStageAdjust" value="" />
  <property name="SleeperIsLootVolume" value="False,False,False,False,False,False,False,False,False" />
  <property name="SleeperIsBossVolume" value="False,False,False,False,False,False,False,False,False" />
  <property name="SleeperVolumeFlags" value="0,0,0,0,0,0,0,0,0" />
  <property name="SleeperVolumeGroupId" value="0,0,0,0,0,0,0,0,0" />
  <property name="ShowQuestClearCount" value="1" />
  <property name="SleeperIsQuestExclude" value="False,False,False,False,False,False,False,False,False" />
  <property name="Tags" value="wilderness" />
  <property name="PrefabSize" value="45, 13, 45" />
  <property name="SleeperVolumeTriggeredBy" value=" # # # # # # # # " />
  <property class="IndexedBlockOffsets">
    <property class="TraderOnOff">
      <property name="0" value="30, 2, 29" />
    </property>
    <property class="Rally">
      <property name="0" value="21, 2, 1" />
    </property>
    <property class="POILight">
      <property name="0" value="22, 6, 22" />
    </property>
    <property class="FetchContainer">
      <property name="0" value="21, 8, 39" />
    </property>
    <property class="quest_feather">
      <property name="0" value="30, 3, 31" />
    </property>
  </property>
  <property class="Stats">
    <property name="TotalVertices" value="446570" />
    <property name="TotalTriangles" value="180434" />
    <property class="BlockEntities">
      <property name="Vertices" value="396463" />
      <property name="Triangles" value="147361" />
    </property>
    <property class="ChunkMeshes0">
      <property name="Vertices" value="42487" />
      <property name="Triangles" value="23145" />
    </property>
    <property class="ChunkMeshes1">
      <property name="Vertices" value="0" />
      <property name="Triangles" value="0" />
    </property>
    <property class="ChunkMeshes2">
      <property name="Vertices" value="0" />
      <property name="Triangles" value="0" />
    </property>
    <property class="ChunkMeshes3">
      <property name="Vertices" value="24" />
      <property name="Triangles" value="12" />
    </property>
    <property class="ChunkMeshes4">
      <property name="Vertices" value="2016" />
      <property name="Triangles" value="1008" />
    </property>
    <property class="ChunkMeshes5">
      <property name="Vertices" value="0" />
      <property name="Triangles" value="0" />
    </property>
    <property class="ChunkMeshes6">
      <property name="Vertices" value="5580" />
      <property name="Triangles" value="8908" />
    </property>
  </property>
</prefab>