﻿<?xml version="1.0" encoding="UTF-8"?>
<prefab>
  <property name="CopyAirBlocks" value="True" />
  <property name="AllowTopSoilDecorations" value="False" />
  <property name="TraderArea" value="False" />
  <property name="ExcludeDistantPOIMesh" value="False" />
  <property name="ExcludePOICulling" value="False" />
  <property name="DifficultyTier" value="4" />
  <property name="Zoning" value="Commercial, Downtown, Industrial, ResidentialNew, ResidentialOld, Residential" />
  <property name="RotationToFaceNorth" value="3" />
  <property name="YOffset" value="-1" />
  <property name="DistantPOIYOffset" value="0" />
  <property name="AllowedBiomes" value="snow,plains,pine_forest,forest,desert,city" />
  <property name="AllowedTownships" value="city,rural,town,wilderness" />
  <property name="EditorGroups" value="Wilderness" />
  <property name="SleeperVolumeStart" value="12, 1, 13#31, 1, 24#14, 1, 22#13, 6, 13#23, 6, 10#32, 6, 13#16, 13, 21" />
  <property name="SleeperVolumeSize" value="29, 3, 11#12, 3, 13#17, 3, 13#10, 3, 21#9, 3, 24#9, 3, 14#6, 3, 6" />
  <property name="SleeperVolumeGroup" value="GroupAbandonedHouse,8,9,GroupGenericZombie,6,7,GroupBikerBar,8,9,GroupGhostTown,8,9,GroupGenericZombie,8,9,GroupHospital,3,3,GroupZomBadassOnly,2,2" />
  <property name="SleeperVolumeGameStageAdjust" value=",,,,,," />
  <property name="SleeperIsLootVolume" value="False,False,False,False,False,False,False" />
  <property name="SleeperIsBossVolume" value="False,False,False,False,False,False,False" />
  <property name="SleeperVolumeFlags" value="0,0,0,0,0,0,0" />
  <property name="SleeperVolumeGroupId" value="0,0,0,0,0,0,0" />
  <property name="ShowQuestClearCount" value="1" />
  <property name="SleeperIsQuestExclude" value="False,False,False,False,False,False,False" />
  <property name="PrefabSize" value="42, 20, 42" />
  <property name="Tags" value="residential" />
  <property name="SleeperVolumeTriggeredBy" value=" # # # # # # " />
  <property name="QuestTags" value="clear, fetch, infested" />
  <property class="IndexedBlockOffsets">
    <property class="Rally">
      <property name="0" value="2, 1, 27" />
    </property>
    <property class="quest_wood_trees">
      <property name="0" value="31, 1, 35" />
    </property>
    <property class="challenge_polymers">
      <property name="0" value="33, 1, 21" />
      <property name="1" value="28, 6, 22" />
      <property name="2" value="36, 2, 23" />
      <property name="3" value="27, 6, 28" />
    </property>
    <property class="POILight">
      <property name="0" value="38, 3, 16" />
      <property name="1" value="38, 9, 17" />
      <property name="2" value="38, 9, 19" />
      <property name="3" value="38, 3, 20" />
    </property>
    <property class="challenge_sinks">
      <property name="0" value="21, 7, 12" />
      <property name="1" value="24, 7, 12" />
    </property>
    <property class="TraderOnOff">
      <property name="0" value="37, 1, 18" />
    </property>
    <property class="challenge_leather">
      <property name="0" value="23, 1, 22" />
      <property name="1" value="22, 6, 23" />
      <property name="2" value="23, 1, 23" />
      <property name="3" value="23, 6, 23" />
      <property name="4" value="33, 6, 23" />
      <property name="5" value="22, 6, 24" />
      <property name="6" value="23, 1, 24" />
      <property name="7" value="23, 6, 24" />
      <property name="8" value="33, 6, 24" />
      <property name="9" value="25, 1, 25" />
      <property name="10" value="26, 1, 25" />
      <property name="11" value="33, 6, 25" />
      <property name="12" value="25, 1, 26" />
      <property name="13" value="25, 1, 27" />
      <property name="14" value="25, 1, 28" />
      <property name="15" value="26, 6, 28" />
      <property name="16" value="25, 1, 29" />
      <property name="17" value="25, 1, 30" />
      <property name="18" value="26, 1, 30" />
      <property name="19" value="27, 1, 30" />
    </property>
    <property class="brBlock">
      <property name="0" value="15, 13, 20" />
    </property>
    <property class="challenge_mech_parts">
      <property name="0" value="27, 6, 13" />
      <property name="1" value="27, 6, 15" />
    </property>
    <property class="challenge_cars">
      <property name="0" value="7, 1, 28" />
    </property>
    <property class="challenge_gore">
      <property name="0" value="34, 1, 23" />
      <property name="1" value="34, 1, 31" />
    </property>
  </property>
  <property class="Stats">
    <property name="TotalVertices" value="649271" />
    <property name="TotalTriangles" value="300514" />
    <property class="BlockEntities">
      <property name="Vertices" value="566350" />
      <property name="Triangles" value="254815" />
    </property>
    <property class="ChunkMeshes0">
      <property name="Vertices" value="79259" />
      <property name="Triangles" value="40895" />
    </property>
    <property class="ChunkMeshes1">
      <property name="Vertices" value="0" />
      <property name="Triangles" value="0" />
    </property>
    <property class="ChunkMeshes2">
      <property name="Vertices" value="898" />
      <property name="Triangles" value="656" />
    </property>
    <property class="ChunkMeshes3">
      <property name="Vertices" value="24" />
      <property name="Triangles" value="12" />
    </property>
    <property class="ChunkMeshes4">
      <property name="Vertices" value="0" />
      <property name="Triangles" value="0" />
    </property>
    <property class="ChunkMeshes5">
      <property name="Vertices" value="2740" />
      <property name="Triangles" value="4136" />
    </property>
  </property>
</prefab>