﻿<?xml version="1.0" encoding="UTF-8"?>
<prefab>
  <property name="CopyAirBlocks" value="True" />
  <property name="ExcludeDistantPOIMesh" value="False" />
  <property name="ExcludePOICulling" value="False" />
  <property name="DistantPOIYOffset" value="0" />
  <property name="AllowTopSoilDecorations" value="True" />
  <property name="DifficultyTier" value="1" />
  <property name="ShowQuestClearCount" value="1" />
  <property name="TraderArea" value="False" />
  <property name="SleeperVolumeSize" value="10, 9, 13" />
  <property name="SleeperVolumeStart" value="1, 1, 1" />
  <property name="SleeperVolumeGroup" value="GroupHospital,1,2" />
  <property name="SleeperIsLootVolume" value="False" />
  <property name="SleeperIsBossVolume" value="False" />
  <property name="RotationToFaceNorth" value="3" />
  <property name="EditorGroups" value="Destroyed, Bunker_Mine" />
  <property name="Zoning" value="none" />
  <property name="AllowedBiomes" value="burnt_forest,wasteland" />
  <property name="AllowedTownships" value="wilderness" />
  <property name="SleeperVolumeGroupId" value="0" />
  <property name="SleeperIsQuestExclude" value="False" />
  <property name="SleeperVolumeFlags" value="0" />
  <property name="YOffset" value="-8" />
  <property name="Tags" value="wasteland, wilderness" />
  <property name="POIMarkerSize" value="1, 1, 1#3, 1, 3#2, 2, 3" />
  <property name="POIMarkerStart" value="-1, 7, 9#2, 3, 7#2, 3, 7" />
  <property name="POIMarkerGroup" value="1,2,3" />
  <property name="POIMarkerTags" value="##" />
  <property name="POIMarkerType" value="RoadExit,PartSpawn,PartSpawn" />
  <property name="POIMarkerPartToSpawn" value=",part_horde_large,part_loot_t1" />
  <property name="POIMarkerPartRotations" value="1,0,1" />
  <property name="POIMarkerPartSpawnChance" value="1,0.8,0.2" />
  <property name="PrefabSize" value="12, 28, 15" />
  <property name="SleeperVolumeTriggeredBy" value=" " />
  <property name="QuestTags" value="burnt_forest,wasteland" />
  <property class="Stats">
    <property name="TotalVertices" value="46028" />
    <property name="TotalTriangles" value="45035" />
    <property class="BlockEntities">
      <property name="Vertices" value="40068" />
      <property name="Triangles" value="40003" />
    </property>
    <property class="ChunkMeshes0">
      <property name="Vertices" value="3968" />
      <property name="Triangles" value="2208" />
    </property>
    <property class="ChunkMeshes1">
      <property name="Vertices" value="0" />
      <property name="Triangles" value="0" />
    </property>
    <property class="ChunkMeshes2">
      <property name="Vertices" value="0" />
      <property name="Triangles" value="0" />
    </property>
    <property class="ChunkMeshes3">
      <property name="Vertices" value="336" />
      <property name="Triangles" value="168" />
    </property>
    <property class="ChunkMeshes4">
      <property name="Vertices" value="0" />
      <property name="Triangles" value="0" />
    </property>
    <property class="ChunkMeshes5">
      <property name="Vertices" value="1656" />
      <property name="Triangles" value="2656" />
    </property>
  </property>
  <property class="IndexedBlockOffsets">
    <property class="challenge_sinks">
      <property name="0" value="2, 4, 3" />
      <property name="1" value="3, 3, 3" />
    </property>
    <property class="quest_wood_trees">
      <property name="0" value="8, 8, 12" />
    </property>
    <property class="challenge_gore">
      <property name="0" value="9, 3, 9" />
    </property>
  </property>
</prefab>