﻿<?xml version="1.0" encoding="UTF-8"?>
<prefab>
  <property name="CopyAirBlocks" value="True" />
  <property name="AllowTopSoilDecorations" value="True" />
  <property name="TraderArea" value="False" />
  <property name="ExcludeDistantPOIMesh" value="False" />
  <property name="ExcludePOICulling" value="False" />
  <property name="DifficultyTier" value="2" />
  <property name="Zoning" value="Residential" />
  <property name="RotationToFaceNorth" value="2" />
  <property name="YOffset" value="-31" />
  <property name="DistantPOIYOffset" value="0" />
  <property name="EditorGroups" value="Wilderness" />
  <property name="TraderAreaProtect" value="37, 48, 31" />
  <property name="TraderAreaTeleportSize" value="37, 48, 31" />
  <property name="TraderAreaTeleportCenter" value="0, 0, 0" />
  <property name="SleeperVolumeStart" value="5, 20, 5#43, 20, 2#25, 3, 0" />
  <property name="SleeperVolumeSize" value="9, 3, 5#9, 3, 9#27, 3, 16" />
  <property name="SleeperVolumeGroup" value="GroupZomSoldier,4,4,GroupZomSoldier,7,7,ZomBusinessman,7,7" />
  <property name="SleeperVolumeGameStageAdjust" value=",," />
  <property name="SleeperIsLootVolume" value="False,False,False" />
  <property name="SleeperIsQuestExclude" value="False,False,False" />
  <property name="SleeperVolumeFlags" value="0,0,0" />
  <property name="SleeperVolumeGroupId" value="0,0,0" />
  <property name="ShowQuestClearCount" value="1" />
  <property name="SleeperVolumeTriggeredBy" value=" # # " />
  <property name="PrefabSize" value="54, 32, 16" />
  <property class="IndexedBlockOffsets">
    <property class="challenge_sinks">
      <property name="0" value="48, 3, 10" />
      <property name="1" value="48, 4, 10" />
      <property name="2" value="44, 3, 12" />
      <property name="3" value="44, 3, 14" />
      <property name="4" value="45, 3, 14" />
      <property name="5" value="52, 7, 14" />
      <property name="6" value="52, 8, 14" />
    </property>
    <property class="POILight">
      <property name="0" value="48, 25, 8" />
      <property name="1" value="49, 11, 11" />
      <property name="2" value="44, 5, 13" />
      <property name="3" value="48, 5, 13" />
    </property>
    <property class="TraderOnOff">
      <property name="0" value="45, 3, 8" />
      <property name="1" value="45, 20, 8" />
      <property name="2" value="51, 7, 13" />
      <property name="3" value="50, 7, 14" />
    </property>
    <property class="challenge_polymers">
      <property name="0" value="39, 4, 1" />
      <property name="1" value="40, 4, 1" />
    </property>
    <property class="FetchContainer">
      <property name="0" value="43, 3, 4" />
    </property>
    <property class="challenge_mech_parts">
      <property name="0" value="43, 3, 10" />
      <property name="1" value="49, 20, 10" />
      <property name="2" value="49, 5, 12" />
    </property>
    <property class="challenge_leather">
      <property name="0" value="37, 3, 9" />
      <property name="1" value="38, 3, 9" />
      <property name="2" value="39, 3, 9" />
      <property name="3" value="40, 3, 9" />
      <property name="4" value="41, 3, 9" />
      <property name="5" value="42, 3, 9" />
    </property>
    <property class="challenge_elec_parts">
      <property name="0" value="47, 1, 3" />
      <property name="1" value="49, 1, 3" />
    </property>
    <property class="challenge_pallet">
      <property name="0" value="48, 3, 14" />
    </property>
  </property>
  <property class="Stats">
    <property name="TotalVertices" value="331190" />
    <property name="TotalTriangles" value="159938" />
    <property class="BlockEntities">
      <property name="Vertices" value="264423" />
      <property name="Triangles" value="110988" />
    </property>
    <property class="ChunkMeshes0">
      <property name="Vertices" value="58667" />
      <property name="Triangles" value="35950" />
    </property>
    <property class="ChunkMeshes1">
      <property name="Vertices" value="0" />
      <property name="Triangles" value="0" />
    </property>
    <property class="ChunkMeshes2">
      <property name="Vertices" value="270" />
      <property name="Triangles" value="168" />
    </property>
    <property class="ChunkMeshes3">
      <property name="Vertices" value="24" />
      <property name="Triangles" value="12" />
    </property>
    <property class="ChunkMeshes4">
      <property name="Vertices" value="0" />
      <property name="Triangles" value="0" />
    </property>
    <property class="ChunkMeshes5">
      <property name="Vertices" value="7806" />
      <property name="Triangles" value="12820" />
    </property>
  </property>
</prefab>