﻿<?xml version="1.0" encoding="UTF-8"?>
<prefab>
  <property name="CopyAirBlocks" value="True" />
  <property name="AllowTopSoilDecorations" value="True" />
  <property name="TraderArea" value="False" />
  <property name="ExcludeDistantPOIMesh" value="False" />
  <property name="ExcludePOICulling" value="False" />
  <property name="QuestTags" value="clear, fetch, infested" />
  <property name="DifficultyTier" value="2" />
  <property name="Zoning" value="Commercial, Downtown, Industrial, Residential" />
  <property name="RotationToFaceNorth" value="3" />
  <property name="YOffset" value="-13" />
  <property name="DistantPOIYOffset" value="0" />
  <property name="AllowedBiomes" value="burnt_forest,snow,plains,pine_forest,forest,desert,wasteland" />
  <property name="AllowedTownships" value="city,rural,town,wilderness" />
  <property name="EditorGroups" value="Wilderness" />
  <property name="SleeperVolumeStart" value="3, 1, 5#7, 1, 15#2, 13, 2#5, 24, 14#2, 13, 18#4, 18, 15#5, 13, 15#3, 8, 3" />
  <property name="SleeperVolumeSize" value="19, 2, 9#10, 3, 3#19, 5, 13#15, 2, 8#19, 2, 4#16, 3, 4#11, 2, 3#16, 2, 6" />
  <property name="SleeperVolumeGroup" value="ZomUtilityWorker,4,4,ZomUtilityWorker,2,2,ZomUtilityWorker,4,6,ZomUtilityWorker,2,5,ZomJanitorOnly,2,2,ZomUtilityWorker,3,3,ZomUtilityWorker,1,2,ZomJanitorOnly,2,3" />
  <property name="SleeperVolumeGameStageAdjust" value="0,0,0,0,0,,," />
  <property name="SleeperIsLootVolume" value="False,False,False,False,False,False,False,False" />
  <property name="SleeperIsBossVolume" value="False,False,False,False,False,False,False,False" />
  <property name="SleeperVolumeFlags" value="0,0,0,0,0,0,0,0" />
  <property name="SleeperVolumeGroupId" value="0,0,0,0,0,0,0,0" />
  <property name="ShowQuestClearCount" value="1" />
  <property name="SleeperIsQuestExclude" value="False,False,False,False,False,False,False,False" />
  <property name="PrefabSize" value="25, 25, 25" />
  <property name="Tags" value="countryresidential, industrial, rural" />
  <property name="SleeperVolumeTriggeredBy" value=" # # # # # # # " />
  <property class="IndexedBlockOffsets">
    <property class="POILight">
      <property name="0" value="14, 15, 13" />
      <property name="1" value="19, 15, 13" />
      <property name="2" value="13, 16, 16" />
      <property name="3" value="17, 16, 16" />
      <property name="4" value="17, 22, 16" />
      <property name="5" value="20, 15, 17" />
      <property name="6" value="14, 15, 20" />
      <property name="7" value="19, 15, 20" />
    </property>
    <property class="challenge_polymers">
      <property name="0" value="20, 13, 14" />
      <property name="1" value="18, 2, 16" />
    </property>
    <property class="quest_feather">
      <property name="0" value="20, 13, 7" />
    </property>
    <property class="challenge_mech_parts">
      <property name="0" value="19, 3, 15" />
      <property name="1" value="20, 3, 15" />
    </property>
    <property class="challenge_gore">
      <property name="0" value="16, 2, 12" />
    </property>
    <property class="FetchContainer">
      <property name="0" value="18, 24, 18" />
    </property>
    <property class="TraderOnOff">
      <property name="0" value="14, 13, 15" />
      <property name="1" value="12, 24, 16" />
    </property>
    <property class="Rally">
      <property name="0" value="3, 13, 20" />
    </property>
    <property class="challenge_sinks">
      <property name="0" value="16, 19, 15" />
      <property name="1" value="18, 20, 18" />
    </property>
    <property class="brBlock">
      <property name="0" value="17, 2, 16" />
    </property>
  </property>
  <property class="Stats">
    <property name="TotalVertices" value="476394" />
    <property name="TotalTriangles" value="208743" />
    <property class="BlockEntities">
      <property name="Vertices" value="342845" />
      <property name="Triangles" value="121329" />
    </property>
    <property class="ChunkMeshes0">
      <property name="Vertices" value="120771" />
      <property name="Triangles" value="76756" />
    </property>
    <property class="ChunkMeshes1">
      <property name="Vertices" value="9408" />
      <property name="Triangles" value="4704" />
    </property>
    <property class="ChunkMeshes2">
      <property name="Vertices" value="172" />
      <property name="Triangles" value="86" />
    </property>
    <property class="ChunkMeshes3">
      <property name="Vertices" value="0" />
      <property name="Triangles" value="0" />
    </property>
    <property class="ChunkMeshes4">
      <property name="Vertices" value="0" />
      <property name="Triangles" value="0" />
    </property>
    <property class="ChunkMeshes5">
      <property name="Vertices" value="3198" />
      <property name="Triangles" value="5868" />
    </property>
  </property>
</prefab>