﻿<?xml version="1.0" encoding="UTF-8"?>
<prefab>
  <property name="CopyAirBlocks" value="True" />
  <property name="AllowTopSoilDecorations" value="True" />
  <property name="TraderArea" value="False" />
  <property name="ExcludeDistantPOIMesh" value="False" />
  <property name="ExcludePOICulling" value="False" />
  <property name="QuestTags" value="clear, fetch" />
  <property name="DifficultyTier" value="5" />
  <property name="Zoning" value="none" />
  <property name="AllowedTownships" value="wilderness" />
  <property name="AllowedBiomes" value="burnt_forest,wasteland" />
  <property name="RotationToFaceNorth" value="0" />
  <property name="YOffset" value="-9" />
  <property name="DistantPOIYOffset" value="0" />
  <property name="EditorGroups" value="Bunker_Mine" />
  <property name="SleeperVolumeStart" value="100, 9, 93#97, 2, 36#93, 1, 36#97, 3, 18#93, 2, 3#97, 3, 2#76, 2, 32#81, 2, 32#66, 2, 47#68, 2, 52#80, 2, 62#85, 2, 71#96, 2, 75#86, 2, 86#94, 2, 90#87, 2, 111#79, 2, 110#74, 2, 97#69, 2, 110#60, 2, 101#58, 2, 84#74, 2, 88#77, 2, 77#71, 2, 73#64, 3, 75#64, 3, 73#62, 2, 64#62, 2, 59#48, 2, 57#48, 2, 47#53, 3, 37#19, 2, 62" />
  <property name="SleeperVolumeSize" value="16, 4, 32#19, 3, 40#7, 3, 14#17, 1, 17#21, 1, 32#15, 4, 22#5, 2, 4#10, 2, 17#6, 3, 5#14, 3, 18#10, 3, 10#10, 4, 15#11, 3, 15#7, 3, 11#15, 4, 24#7, 3, 9#8, 3, 10#18, 3, 13#10, 2, 7#9, 3, 13#15, 4, 15#11, 3, 9#8, 3, 11#6, 4, 7#7, 2, 6#12, 2, 2#6, 2, 9#7, 2, 5#14, 4, 21#18, 3, 10#15, 3, 10#29, 3, 15" />
  <property name="SleeperVolumeGroup" value="GroupZomSoldier,2,3,GroupGenericZombie,7,9,GroupZomSoldier,1,1,GroupZomSoldier,1,2,GroupGenericZombie,5,7,GroupGenericZombie,1,1,ZomFatCops,2,2,ZomJanitorOnly,2,2,GroupGenericZombie,1,1,GroupLabWorker,2,3,ZomJanitorOnly,1,1,GroupGenericZombie,2,2,GroupZomBadass,1,2,GroupZomSoldier,1,2,GroupGenericZombie,3,4,ZomJanitorOnly,1,2,ZomUtilityWorker,2,4,ZomBusinessman,3,4,GroupZomBadass,5,7,ZomHazMatOnly,1,2,GroupGenericZombie,3,3,ZomFatCops,1,2,ZomUtilityWorker,2,2,GroupLabWorker,1,1,GroupZomBadassOnly,3,3,GroupZomSoldier,1,1,ZomSpiderOnly,1,1,GroupLabWorker,2,2,ZomHazMatOnly,2,2,GroupHospital,3,4,GroupGenericZombie,2,3,GroupZomSoldier,10,10" />
  <property name="SleeperVolumeGameStageAdjust" value=",,,,,,,,,,,,,,,,,,,,,,,,,,,,,,,,," />
  <property name="SleeperIsLootVolume" value="False,False,False,False,False,False,False,False,False,False,False,False,False,False,False,False,False,False,False,False,False,False,False,False,False,False,False,False,False,False,False,False" />
  <property name="SleeperIsQuestExclude" value="False,False,False,False,False,False,False,False,False,False,False,False,False,False,False,False,False,False,False,False,False,False,False,False,False,False,False,False,False,False,False,False" />
  <property name="SleeperVolumeFlags" value="2,0,0,0,0,0,0,0,0,0,0,0,0,0,0,0,0,0,0,0,0,0,0,0,0,0,0,0,0,0,0,0" />
  <property name="SleeperVolumeGroupId" value="0,0,0,0,0,0,0,0,0,0,0,0,0,0,0,0,0,0,0,0,0,0,0,0,0,0,0,0,0,0,0,0" />
  <property name="ShowQuestClearCount" value="3" />
  <property name="Tags" value="wilderness, pine_forest" />
  <property name="POIMarkerSize" value="1, 1, 1#1, 1, 1" />
  <property name="POIMarkerStart" value="108, 8, 129#112, 8, 129" />
  <property name="POIMarkerGroup" value="2,1" />
  <property name="POIMarkerTags" value="#" />
  <property name="POIMarkerType" value="RoadExit,RoadExit" />
  <property name="POIMarkerPartToSpawn" value="," />
  <property name="POIMarkerPartRotations" value="0,0" />
  <property name="POIMarkerPartSpawnChance" value="1,1" />
  <property name="PrefabSize" value="117, 31, 129" />
  <property name="SleeperVolumeTriggeredBy" value=" # # # # # # # # # # # # # # # # # # # # # # # # # # # # # # # " />
  <property class="IndexedBlockOffsets">
    <property class="quest_wood_trees">
      <property name="0" value="115, 11, 85" />
    </property>
    <property class="POILight">
      <property name="0" value="106, 9, 114" />
    </property>
    <property class="FetchContainer">
      <property name="0" value="97, 2, 75" />
    </property>
    <property class="challenge_gore">
      <property name="0" value="99, 2, 49" />
      <property name="1" value="100, 2, 49" />
    </property>
    <property class="challenge_sinks">
      <property name="0" value="109, 5, 65" />
      <property name="1" value="109, 6, 65" />
    </property>
    <property class="TraderOnOff">
      <property name="0" value="110, 2, 69" />
    </property>
    <property class="challenge_polymers">
      <property name="0" value="113, 2, 47" />
    </property>
    <property class="challenge_steel">
      <property name="0" value="112, 3, 40" />
    </property>
    <property class="challenge_pallet">
      <property name="0" value="105, 5, 99" />
      <property name="1" value="104, 5, 100" />
      <property name="2" value="105, 5, 100" />
      <property name="3" value="105, 5, 104" />
    </property>
    <property class="challenge_elec_parts">
      <property name="0" value="88, 2, 73" />
      <property name="1" value="89, 2, 73" />
      <property name="2" value="88, 2, 74" />
      <property name="3" value="89, 2, 74" />
    </property>
    <property class="challenge_mech_parts">
      <property name="0" value="108, 2, 16" />
      <property name="1" value="109, 2, 17" />
      <property name="2" value="109, 2, 18" />
    </property>
    <property class="challenge_cars">
      <property name="0" value="106, 9, 107" />
      <property name="1" value="111, 10, 107" />
    </property>
    <property class="Rally">
      <property name="0" value="115, 10, 127" />
    </property>
  </property>
  <property class="Stats">
    <property name="TotalVertices" value="2000441" />
    <property name="TotalTriangles" value="1172691" />
    <property class="BlockEntities">
      <property name="Vertices" value="1853584" />
      <property name="Triangles" value="1018065" />
    </property>
    <property class="ChunkMeshes0">
      <property name="Vertices" value="75991" />
      <property name="Triangles" value="42594" />
    </property>
    <property class="ChunkMeshes1">
      <property name="Vertices" value="0" />
      <property name="Triangles" value="0" />
    </property>
    <property class="ChunkMeshes2">
      <property name="Vertices" value="108" />
      <property name="Triangles" value="88" />
    </property>
    <property class="ChunkMeshes3">
      <property name="Vertices" value="4080" />
      <property name="Triangles" value="2040" />
    </property>
    <property class="ChunkMeshes4">
      <property name="Vertices" value="0" />
      <property name="Triangles" value="0" />
    </property>
    <property class="ChunkMeshes5">
      <property name="Vertices" value="66678" />
      <property name="Triangles" value="109904" />
    </property>
  </property>
</prefab>