﻿<?xml version="1.0" encoding="UTF-8"?>
<prefab>
  <property name="CopyAirBlocks" value="True" />
  <property name="AllowTopSoilDecorations" value="True" />
  <property name="TraderArea" value="False" />
  <property name="ExcludeDistantPOIMesh" value="False" />
  <property name="ExcludePOICulling" value="False" />
  <property name="QuestTags" value="clear, fetch, infested" />
  <property name="DifficultyTier" value="5" />
  <property name="Zoning" value="Industrial, Residential" />
  <property name="RotationToFaceNorth" value="3" />
  <property name="YOffset" value="-32" />
  <property name="DistantPOIYOffset" value="0" />
  <property name="AllowedTownships" value="rural,wilderness" />
  <property name="EditorGroups" value="Wilderness" />
  <property name="SleeperVolumeStart" value="15, 34, 34#15, 34, 2#20, 2, 33#21, 2, 5#49, 2, 35#39, 12, 41#31, 7, 39" />
  <property name="SleeperVolumeSize" value="38, 3, 27#38, 3, 32#28, 3, 24#20, 3, 28#8, 3, 6#13, 6, 12#14, 3, 17" />
  <property name="SleeperVolumeGroup" value="GroupZomSoldier,14,18,ZomUtilityWorker,6,7,GroupZomSoldier,12,16,GroupZomSoldier,7,8,GroupZomBadassOnly,4,4,GroupZomSoldier,15,17,GroupZomSoldier,17,19" />
  <property name="SleeperVolumeGameStageAdjust" value=",,," />
  <property name="SleeperIsLootVolume" value="False,False,False,False,False,False,False" />
  <property name="SleeperIsBossVolume" value="False,False,False,False,False" />
  <property name="SleeperVolumeFlags" value="0,0,0,0,0,2,2" />
  <property name="SleeperVolumeGroupId" value="0,0,0,0,0,1,1" />
  <property name="ShowQuestClearCount" value="0" />
  <property name="SleeperIsQuestExclude" value="False,False,False,False,False,False,False" />
  <property name="PrefabSize" value="58, 42, 63" />
  <property name="Tags" value="wilderness, rural" />
  <property name="SleeperVolumeTriggeredBy" value=" # # # # # # " />
  <property class="IndexedBlockOffsets">
    <property class="challenge_cars">
      <property name="0" value="7, 34, 53" />
      <property name="1" value="7, 34, 57" />
    </property>
    <property class="POILight">
      <property name="0" value="45, 36, 47" />
      <property name="1" value="45, 36, 50" />
      <property name="2" value="46, 4, 53" />
    </property>
    <property class="quest_wood">
      <property name="0" value="50, 34, 57" />
      <property name="1" value="46, 34, 58" />
    </property>
    <property class="challenge_polymers">
      <property name="0" value="30, 2, 34" />
    </property>
    <property class="TraderOnOff">
      <property name="0" value="46, 40, 31" />
      <property name="1" value="47, 2, 37" />
      <property name="2" value="45, 2, 38" />
      <property name="3" value="48, 2, 38" />
    </property>
    <property class="challenge_mech_parts">
      <property name="0" value="51, 2, 38" />
      <property name="1" value="52, 2, 38" />
    </property>
    <property class="challenge_gore">
      <property name="0" value="40, 2, 36" />
      <property name="1" value="44, 34, 44" />
    </property>
    <property class="challenge_steel">
      <property name="0" value="50, 3, 36" />
    </property>
    <property class="FetchContainer">
      <property name="0" value="31, 3, 53" />
      <property name="1" value="41, 2, 53" />
    </property>
    <property class="challenge_pallet">
      <property name="0" value="16, 34, 57" />
      <property name="1" value="19, 34, 57" />
    </property>
    <property class="lpblock">
      <property name="0" value="42, 36, 30" />
    </property>
    <property class="challenge_sinks">
      <property name="0" value="45, 3, 43" />
      <property name="1" value="47, 2, 46" />
    </property>
  </property>
  <property class="Stats">
    <property name="TotalVertices" value="1016397" />
    <property name="TotalTriangles" value="427501" />
    <property class="BlockEntities">
      <property name="Vertices" value="841733" />
      <property name="Triangles" value="288642" />
    </property>
    <property class="ChunkMeshes0">
      <property name="Vertices" value="141180" />
      <property name="Triangles" value="87023" />
    </property>
    <property class="ChunkMeshes1">
      <property name="Vertices" value="0" />
      <property name="Triangles" value="0" />
    </property>
    <property class="ChunkMeshes2">
      <property name="Vertices" value="360" />
      <property name="Triangles" value="260" />
    </property>
    <property class="ChunkMeshes3">
      <property name="Vertices" value="2808" />
      <property name="Triangles" value="1404" />
    </property>
    <property class="ChunkMeshes4">
      <property name="Vertices" value="0" />
      <property name="Triangles" value="0" />
    </property>
    <property class="ChunkMeshes5">
      <property name="Vertices" value="30316" />
      <property name="Triangles" value="50172" />
    </property>
  </property>
</prefab>