﻿<?xml version="1.0" encoding="UTF-8"?>
<prefab>
  <property name="CopyAirBlocks" value="True" />
  <property name="AllowTopSoilDecorations" value="True" />
  <property name="TraderArea" value="False" />
  <property name="ExcludeDistantPOIMesh" value="False" />
  <property name="ExcludePOICulling" value="False" />
  <property name="QuestTags" value="clear, fetch, infested" />
  <property name="DifficultyTier" value="2" />
  <property name="Zoning" value="Commercial, Industrial, ResidentialNew, ResidentialOld, Residential" />
  <property name="RotationToFaceNorth" value="3" />
  <property name="YOffset" value="-2" />
  <property name="DistantPOIYOffset" value="0" />
  <property name="AllowedBiomes" value="burnt_forest,snow,plains,pine_forest,forest,desert,wasteland" />
  <property name="AllowedTownships" value="city,rural,town" />
  <property name="EditorGroups" value="Wilderness, Ancap Zone, burnt, commercial, downtown, government, industrial, out buildings, remnant, rural" />
  <property name="SleeperVolumeStart" value="17, 2, 32#17, 2, 6#17, 1, 11#17, 7, 11#17, 12, 10#7, 2, 6#28, 2, 5#17, 7, 18" />
  <property name="SleeperVolumeSize" value="11, 4, 4#11, 3, 4#11, 5, 20#12, 5, 6#12, 5, 22#10, 7, 30#8, 5, 31#12, 5, 14" />
  <property name="SleeperVolumeGroup" value="GroupBikerBar,1,2,GroupBikerBar,1,2,ZomFatCops,3,5,GroupBikerBar,1,2,GroupGenericZombie,3,5,GroupGenericZombie,4,4,GroupAbandonedHouse,5,5,ZomBusinessman,3,3" />
  <property name="SleeperVolumeGameStageAdjust" value="50,0,0,0,0,0,0,0" />
  <property name="SleeperIsLootVolume" value="False,False,False,False,False,False,False,False" />
  <property name="SleeperIsBossVolume" value="False,False,False,False,False,False,False,False" />
  <property name="SleeperVolumeFlags" value="0,0,0,0,0,0,0,0" />
  <property name="SleeperVolumeGroupId" value="0,0,0,0,0,0,0,0" />
  <property name="ShowQuestClearCount" value="1" />
  <property name="SleeperIsQuestExclude" value="False,False,False,False,False,False,False,False" />
  <property name="PrefabSize" value="42, 15, 42" />
  <property name="Tags" value="industrial" />
  <property name="ThemeTags" value="gas" />
  <property name="ThemeDistance" value="500" />
  <property name="SleeperVolumeTriggeredBy" value=" # # # # # # # " />
  <property class="IndexedBlockOffsets">
    <property class="Rally">
      <property name="0" value="7, 2, 5" />
    </property>
    <property class="challenge_steel">
      <property name="0" value="23, 13, 14" />
    </property>
    <property class="challenge_polymers">
      <property name="0" value="29, 2, 30" />
    </property>
    <property class="POILight">
      <property name="0" value="29, 4, 21" />
      <property name="1" value="25, 5, 24" />
      <property name="2" value="25, 11, 24" />
      <property name="3" value="25, 5, 28" />
      <property name="4" value="29, 4, 31" />
      <property name="5" value="23, 4, 32" />
    </property>
    <property class="brBlock">
      <property name="0" value="20, 13, 12" />
    </property>
    <property class="challenge_sinks">
      <property name="0" value="27, 9, 23" />
      <property name="1" value="27, 8, 25" />
    </property>
    <property class="quest_feather">
      <property name="0" value="25, 13, 13" />
    </property>
    <property class="challenge_gore">
      <property name="0" value="24, 8, 27" />
    </property>
    <property class="challenge_mech_parts">
      <property name="0" value="25, 2, 15" />
    </property>
    <property class="TraderOnOff">
      <property name="0" value="22, 13, 23" />
    </property>
    <property class="FetchContainer">
      <property name="0" value="23, 10, 24" />
    </property>
  </property>
  <property class="Stats">
    <property name="TotalVertices" value="379737" />
    <property name="TotalTriangles" value="146491" />
    <property class="BlockEntities">
      <property name="Vertices" value="342223" />
      <property name="Triangles" value="121487" />
    </property>
    <property class="ChunkMeshes0">
      <property name="Vertices" value="31662" />
      <property name="Triangles" value="16676" />
    </property>
    <property class="ChunkMeshes1">
      <property name="Vertices" value="0" />
      <property name="Triangles" value="0" />
    </property>
    <property class="ChunkMeshes2">
      <property name="Vertices" value="848" />
      <property name="Triangles" value="424" />
    </property>
    <property class="ChunkMeshes3">
      <property name="Vertices" value="0" />
      <property name="Triangles" value="0" />
    </property>
    <property class="ChunkMeshes4">
      <property name="Vertices" value="0" />
      <property name="Triangles" value="0" />
    </property>
    <property class="ChunkMeshes5">
      <property name="Vertices" value="5004" />
      <property name="Triangles" value="7904" />
    </property>
  </property>
</prefab>