﻿<?xml version="1.0" encoding="UTF-8"?>
<prefab>
  <property name="CopyAirBlocks" value="True" />
  <property name="AllowTopSoilDecorations" value="True" />
  <property name="TraderArea" value="False" />
  <property name="ExcludeDistantPOIMesh" value="False" />
  <property name="ExcludePOICulling" value="False" />
  <property name="QuestTags" value="clear, fetch, infested" />
  <property name="DifficultyTier" value="2" />
  <property name="Zoning" value="Commercial, Downtown, Industrial, ResidentialNew, ResidentialOld, Residential" />
  <property name="RotationToFaceNorth" value="0" />
  <property name="YOffset" value="-1" />
  <property name="DistantPOIYOffset" value="0" />
  <property name="AllowedBiomes" value="burnt_forest,snow,plains,pine_forest,forest,desert,wasteland" />
  <property name="AllowedTownships" value="city,rural,town" />
  <property name="EditorGroups" value="Wilderness" />
  <property name="SleeperVolumeStart" value="21, 1, 4#21, 8, 4#21, 15, 4#2, 0, 4#1, 0, 32" />
  <property name="SleeperVolumeSize" value="17, 3, 27#17, 3, 27#17, 3, 27#17, 3, 27#42, 3, 13" />
  <property name="SleeperVolumeGroup" value="GroupGenericZombie,7,7,GroupGenericZombie,7,7,GroupGenericZombie,6,6,GroupGenericZombie,2,2,GroupGenericZombie,2,2" />
  <property name="SleeperVolumeGameStageAdjust" value=",," />
  <property name="SleeperIsLootVolume" value="False,False,False,False,False" />
  <property name="SleeperIsBossVolume" value="False,False,False" />
  <property name="SleeperVolumeFlags" value="0,0,0,0,0" />
  <property name="SleeperVolumeGroupId" value="0,0,0,0,0" />
  <property name="ShowQuestClearCount" value="1" />
  <property name="SleeperIsQuestExclude" value="False,False,False,False,False" />
  <property name="PrefabSize" value="42, 26, 42" />
  <property name="Tags" value="commercial, downtown" />
  <property name="ThemeTags" value="multi" />
  <property name="ThemeRepeatDistance" value="150" />
  <property name="SleeperVolumeTriggeredBy" value=" # # # # " />
  <property class="IndexedBlockOffsets">
    <property class="challenge_mech_parts">
      <property name="0" value="37, 8, 30" />
    </property>
    <property class="POILight">
      <property name="0" value="38, 3, 32" />
    </property>
    <property class="FetchContainer">
      <property name="0" value="37, 17, 16" />
      <property name="1" value="37, 3, 18" />
    </property>
    <property class="challenge_polymers">
      <property name="0" value="37, 1, 32" />
    </property>
    <property class="Rally">
      <property name="0" value="10, 1, 40" />
    </property>
    <property class="challenge_sinks">
      <property name="0" value="37, 2, 7" />
      <property name="1" value="37, 9, 7" />
      <property name="2" value="37, 16, 7" />
    </property>
    <property class="TraderOnOff">
      <property name="0" value="29, 15, 25" />
      <property name="1" value="32, 8, 28" />
      <property name="2" value="28, 1, 31" />
    </property>
    <property class="challenge_leather">
      <property name="0" value="31, 16, 21" />
      <property name="1" value="31, 16, 22" />
      <property name="2" value="21, 15, 27" />
      <property name="3" value="25, 15, 27" />
      <property name="4" value="21, 15, 28" />
      <property name="5" value="25, 15, 28" />
      <property name="6" value="21, 15, 29" />
      <property name="7" value="25, 15, 29" />
      <property name="8" value="22, 15, 30" />
      <property name="9" value="23, 15, 30" />
      <property name="10" value="24, 15, 30" />
    </property>
    <property class="challenge_gore">
      <property name="0" value="21, 1, 26" />
    </property>
    <property class="brBlock">
      <property name="0" value="31, 22, 18" />
      <property name="1" value="27, 22, 19" />
    </property>
    <property class="challenge_steel">
      <property name="0" value="26, 15, 22" />
    </property>
    <property class="challenge_pallet">
      <property name="0" value="21, 8, 30" />
    </property>
  </property>
  <property class="Stats">
    <property name="TotalVertices" value="1274379" />
    <property name="TotalTriangles" value="510456" />
    <property class="BlockEntities">
      <property name="Vertices" value="994952" />
      <property name="Triangles" value="347206" />
    </property>
    <property class="ChunkMeshes0">
      <property name="Vertices" value="272251" />
      <property name="Triangles" value="156736" />
    </property>
    <property class="ChunkMeshes1">
      <property name="Vertices" value="0" />
      <property name="Triangles" value="0" />
    </property>
    <property class="ChunkMeshes2">
      <property name="Vertices" value="6544" />
      <property name="Triangles" value="5438" />
    </property>
    <property class="ChunkMeshes3">
      <property name="Vertices" value="0" />
      <property name="Triangles" value="0" />
    </property>
    <property class="ChunkMeshes4">
      <property name="Vertices" value="0" />
      <property name="Triangles" value="0" />
    </property>
    <property class="ChunkMeshes5">
      <property name="Vertices" value="632" />
      <property name="Triangles" value="1076" />
    </property>
  </property>
</prefab>