﻿<?xml version="1.0" encoding="UTF-8"?>
<prefab>
  <property name="CopyAirBlocks" value="True" />
  <property name="AllowTopSoilDecorations" value="False" />
  <property name="TraderArea" value="False" />
  <property name="ExcludeDistantPOIMesh" value="False" />
  <property name="ExcludePOICulling" value="False" />
  <property name="DifficultyTier" value="3" />
  <property name="Zoning" value="Commercial, Downtown, ResidentialNew, ResidentialOld, Residential" />
  <property name="RotationToFaceNorth" value="0" />
  <property name="YOffset" value="-4" />
  <property name="DistantPOIYOffset" value="0" />
  <property name="AllowedBiomes" value="burnt_forest,snow,plains,pine_forest,forest,desert,wasteland" />
  <property name="AllowedTownships" value="city,rural,town" />
  <property name="EditorGroups" value="Wilderness" />
  <property name="SleeperVolumeStart" value="22, 1, 27#38, 1, 27#11, 1, 29#43, 5, 30#21, 5, 28#14, 5, 26#21, 10, 29#19, 10, 27#10, 10, 26#11, 15, 27#33, 15, 31#43, 15, 33#36, 15, 27#9, 19, 24" />
  <property name="SleeperVolumeSize" value="16, 3, 15#10, 3, 15#10, 3, 13#6, 3, 13#22, 3, 16#7, 3, 5#12, 4, 13#18, 4, 5#8, 3, 16#6, 4, 15#10, 3, 11#5, 3, 9#13, 3, 5#41, 5, 20" />
  <property name="SleeperVolumeGroup" value="GroupBikerBar,6,7,GroupGenericZombie,1,2,GroupZomBadassOnly,1,1,ZomBusinessman,1,2,GroupGenericZombie,5,6,GroupGenericZombie,1,1,GroupZomSoldier,1,2,GroupZomBadassOnly,1,1,GroupZomBadass,1,1,GroupZomBadass,1,1,GroupZomBadass,1,1,GroupZomBadassOnly,5,6,GroupZomBadass,1,1,GroupGenericZombie,2,3" />
  <property name="SleeperVolumeGameStageAdjust" value=",,,,,,,,,,,,," />
  <property name="SleeperIsLootVolume" value="False,False,False,False,False,False,False,False,False,False,False,False,False,False" />
  <property name="SleeperIsBossVolume" value="False,False,False,False,False,False,False,False,False,False,False,False,False,False" />
  <property name="SleeperVolumeFlags" value="0,0,0,0,0,0,0,0,0,0,0,0,0,0" />
  <property name="SleeperVolumeGroupId" value="0,0,0,0,0,0,0,0,0,0,0,0,0,0" />
  <property name="ShowQuestClearCount" value="1" />
  <property name="SleeperIsQuestExclude" value="False,False,False,False,False,False,False,False,False,False,False,False,False,False" />
  <property name="PrefabSize" value="60, 25, 60" />
  <property name="Tags" value="commercial, downtown" />
  <property name="SleeperVolumeTriggeredBy" value=" # # # # # # # # # # # # # " />
  <property name="QuestTags" value="clear, fetch, infested" />
  <property class="IndexedBlockOffsets">
    <property class="challenge_cars">
      <property name="0" value="54, 4, 29" />
    </property>
    <property class="quest_stone">
      <property name="0" value="55, 4, 38" />
      <property name="1" value="50, 4, 39" />
      <property name="2" value="52, 4, 44" />
    </property>
    <property class="challenge_gore">
      <property name="0" value="38, 1, 30" />
      <property name="1" value="43, 15, 31" />
      <property name="2" value="31, 10, 32" />
      <property name="3" value="30, 15, 36" />
      <property name="4" value="32, 15, 37" />
      <property name="5" value="38, 10, 37" />
      <property name="6" value="40, 10, 37" />
      <property name="7" value="39, 10, 39" />
      <property name="8" value="36, 5, 40" />
      <property name="9" value="38, 10, 40" />
      <property name="10" value="40, 1, 40" />
      <property name="11" value="40, 10, 40" />
      <property name="12" value="41, 5, 41" />
    </property>
    <property class="POILight">
      <property name="0" value="46, 12, 35" />
      <property name="1" value="47, 12, 35" />
      <property name="2" value="47, 5, 41" />
    </property>
    <property class="challenge_sinks">
      <property name="0" value="47, 10, 32" />
      <property name="1" value="47, 15, 32" />
      <property name="2" value="46, 11, 35" />
      <property name="3" value="46, 16, 35" />
    </property>
    <property class="TraderOnOff">
      <property name="0" value="37, 10, 32" />
      <property name="1" value="37, 15, 32" />
      <property name="2" value="30, 10, 34" />
      <property name="3" value="30, 15, 34" />
      <property name="4" value="32, 1, 34" />
      <property name="5" value="37, 1, 34" />
      <property name="6" value="45, 10, 34" />
      <property name="7" value="45, 15, 34" />
      <property name="8" value="37, 5, 36" />
      <property name="9" value="44, 15, 36" />
      <property name="10" value="35, 15, 37" />
      <property name="11" value="37, 5, 38" />
      <property name="12" value="37, 1, 39" />
    </property>
    <property class="quest_feather">
      <property name="0" value="44, 20, 40" />
    </property>
    <property class="challenge_barrels">
      <property name="0" value="28, 4, 19" />
    </property>
    <property class="FetchContainer">
      <property name="0" value="36, 20, 27" />
    </property>
    <property class="Rally">
      <property name="0" value="31, 4, 53" />
    </property>
    <property class="challenge_officechairs">
      <property name="0" value="46, 15, 38" />
      <property name="1" value="46, 5, 40" />
    </property>
    <property class="brBlock">
      <property name="0" value="46, 10, 41" />
    </property>
  </property>
  <property class="Stats">
    <property name="TotalVertices" value="873865" />
    <property name="TotalTriangles" value="396397" />
    <property class="BlockEntities">
      <property name="Vertices" value="733819" />
      <property name="Triangles" value="302847" />
    </property>
    <property class="ChunkMeshes0">
      <property name="Vertices" value="120464" />
      <property name="Triangles" value="68924" />
    </property>
    <property class="ChunkMeshes1">
      <property name="Vertices" value="0" />
      <property name="Triangles" value="0" />
    </property>
    <property class="ChunkMeshes2">
      <property name="Vertices" value="9454" />
      <property name="Triangles" value="7506" />
    </property>
    <property class="ChunkMeshes3">
      <property name="Vertices" value="0" />
      <property name="Triangles" value="0" />
    </property>
    <property class="ChunkMeshes4">
      <property name="Vertices" value="0" />
      <property name="Triangles" value="0" />
    </property>
    <property class="ChunkMeshes5">
      <property name="Vertices" value="10128" />
      <property name="Triangles" value="17120" />
    </property>
  </property>
</prefab>