﻿<?xml version="1.0" encoding="UTF-8"?>
<prefab>
  <property name="CopyAirBlocks" value="True" />
  <property name="AllowTopSoilDecorations" value="True" />
  <property name="TraderArea" value="False" />
  <property name="ExcludeDistantPOIMesh" value="False" />
  <property name="ExcludePOICulling" value="False" />
  <property name="QuestTags" value="clear, fetch, infested" />
  <property name="DifficultyTier" value="5" />
  <property name="Zoning" value="ResidentialOld, Residential" />
  <property name="RotationToFaceNorth" value="2" />
  <property name="YOffset" value="-4" />
  <property name="DistantPOIYOffset" value="0" />
  <property name="AllowedBiomes" value="pine_forest" />
  <property name="AllowedTownships" value="city,rural,town,wilderness" />
  <property name="EditorGroups" value="house old" />
  <property name="TraderAreaProtect" value="37, 48, 31" />
  <property name="TraderAreaTeleportSize" value="37, 48, 31" />
  <property name="TraderAreaTeleportCenter" value="0, 0, 0" />
  <property name="SleeperVolumeStart" value="26, 5, 38#32, 6, 30#28, 6, 27#33, 6, 20#30, 6, 17#21, 6, 9#20, 6, 21#21, 6, 31#29, 10, 18#32, 10, 28#32, 11, 32#28, 11, 29#20, 11, 28#20, 11, 21#21, 11, 16#21, 11, 9#21, 1, 9#29, 2, 26#21, 1, 21#29, 1, 16#32, 1, 26#29, 1, 27#22, 1, 30" />
  <property name="SleeperVolumeSize" value="8, 3, 10#7, 3, 8#11, 3, 3#6, 3, 7#6, 3, 3#9, 4, 12#8, 3, 10#11, 3, 7#10, 4, 10#7, 4, 4#7, 3, 6#4, 3, 9#8, 3, 10#9, 3, 7#8, 3, 5#8, 3, 7#8, 3, 11#3, 4, 12#8, 3, 9#10, 4, 10#7, 3, 12#3, 1, 11#7, 3, 7" />
  <property name="SleeperVolumeGroup" value="GroupZomBadassOnly,2,6,GroupZomBadassOnly,2,4,GroupZomBadassOnly,2,5,GroupZomBadassOnly,2,4,GroupZomBadassOnly,1,4,GroupZomBadassOnly,5,9,GroupZomBadassOnly,2,6,GroupZomBadassOnly,1,4,GroupZomBadassOnly,2,6,GroupZomBadassOnly,1,3,GroupZomBadassOnly,1,3,GroupZomBadassOnly,3,6,GroupZomBadassOnly,2,5,GroupZomBadassOnly,2,6,GroupZomBadassOnly,2,5,GroupZomBadassOnly,4,9,GroupZomBadassOnly,8,13,GroupZomBadassOnly,1,3,GroupZomBadassOnly,3,7,GroupZomBadassOnly,5,10,GroupZomBadassOnly,7,14,GroupZomBadassOnly,1,4,GroupZomBadassOnly,4,7" />
  <property name="SleeperVolumeGameStageAdjust" value=",,,,,,,,,,,,,,,,,,,,,," />
  <property name="SleeperIsLootVolume" value="False,False,False,False,False,False,False,False,False,False,False,False,False,False,False,False,False,False,False,False,False,False,False" />
  <property name="SleeperIsQuestExclude" value="False,False,False,False,False,False,False,False,False,False,False,False,False,False,False,False,False,False,False,False,False,False,False" />
  <property name="SleeperVolumeFlags" value="2,2,2,2,2,2,2,2,2,2,2,2,2,2,2,2,2,2,2,2,2,2,2" />
  <property name="SleeperVolumeGroupId" value="0,0,0,0,0,0,0,0,0,0,0,0,0,0,0,0,0,0,0,0,0,0,0" />
  <property name="ShowQuestClearCount" value="0" />
  <property name="PrefabSize" value="60, 24, 60" />
  <property name="Tags" value="countrytown, countryresidential, residential, rural" />
  <property name="SleeperVolumeTriggeredBy" value=" # # # # # # # # # # # # # # # # # # # # # # " />
  <property class="IndexedBlockOffsets">
    <property class="challenge_polymers">
      <property name="0" value="43, 4, 51" />
    </property>
    <property class="FetchContainer">
      <property name="0" value="32, 8, 31" />
    </property>
    <property class="POILight">
      <property name="0" value="34, 2, 31" />
      <property name="1" value="31, 12, 33" />
      <property name="2" value="33, 6, 36" />
      <property name="3" value="37, 6, 36" />
      <property name="4" value="34, 6, 43" />
    </property>
    <property class="challenge_leather">
      <property name="0" value="24, 6, 14" />
      <property name="1" value="24, 6, 15" />
      <property name="2" value="25, 1, 29" />
      <property name="3" value="26, 1, 29" />
    </property>
    <property class="challenge_mech_parts">
      <property name="0" value="34, 6, 22" />
      <property name="1" value="36, 11, 24" />
    </property>
    <property class="challenge_sinks">
      <property name="0" value="35, 11, 31" />
    </property>
    <property class="TraderOnOff">
      <property name="0" value="33, 11, 30" />
      <property name="1" value="36, 6, 30" />
      <property name="2" value="32, 11, 34" />
    </property>
    <property class="challenge_pallet">
      <property name="0" value="30, 1, 33" />
      <property name="1" value="31, 11, 34" />
    </property>
    <property class="Rally">
      <property name="0" value="32, 5, 1" />
    </property>
  </property>
  <property class="Stats">
    <property name="TotalVertices" value="593482" />
    <property name="TotalTriangles" value="266545" />
    <property class="BlockEntities">
      <property name="Vertices" value="489694" />
      <property name="Triangles" value="200833" />
    </property>
    <property class="ChunkMeshes0">
      <property name="Vertices" value="93042" />
      <property name="Triangles" value="48542" />
    </property>
    <property class="ChunkMeshes1">
      <property name="Vertices" value="0" />
      <property name="Triangles" value="0" />
    </property>
    <property class="ChunkMeshes2">
      <property name="Vertices" value="1262" />
      <property name="Triangles" value="1086" />
    </property>
    <property class="ChunkMeshes3">
      <property name="Vertices" value="24" />
      <property name="Triangles" value="12" />
    </property>
    <property class="ChunkMeshes4">
      <property name="Vertices" value="0" />
      <property name="Triangles" value="0" />
    </property>
    <property class="ChunkMeshes5">
      <property name="Vertices" value="9460" />
      <property name="Triangles" value="16072" />
    </property>
  </property>
</prefab>