﻿<?xml version="1.0" encoding="UTF-8"?>
<prefab>
  <property name="CopyAirBlocks" value="True" />
  <property name="AllowTopSoilDecorations" value="False" />
  <property name="TraderArea" value="False" />
  <property name="ExcludeDistantPOIMesh" value="False" />
  <property name="ExcludePOICulling" value="False" />
  <property name="DifficultyTier" value="3" />
  <property name="Zoning" value="Commercial" />
  <property name="RotationToFaceNorth" value="0" />
  <property name="DistantPOIYOffset" value="0" />
  <property name="YOffset" value="-6" />
  <property name="EditorGroups" value="oldwest, commercial" />
  <property name="TraderAreaProtect" value="37, 48, 31" />
  <property name="TraderAreaTeleportSize" value="10, 1, 10" />
  <property name="TraderAreaTeleportCenter" value="0, 0, 0" />
  <property name="SleeperVolumeStart" value="0, 1, -3#4, 6, -3#0, 18, -3#0, 14, -2#0, 13, 5#36, 6, -3#11, 6, -3#24, 1, -3" />
  <property name="SleeperVolumeSize" value="24, 5, 33#7, 6, 33#56, 9, 33#56, 2, 7#56, 4, 20#7, 6, 28#25, 6, 28#24, 5, 33" />
  <property name="SleeperVolumeGroup" value="GroupGhostTown,12,12,GroupGhostTown,4,4,GroupGhostTown,9,9,GroupGhostTown,23,3,GroupGhostTown,9,9,GroupGhostTown,4,4,GroupGhostTown,14,14,GroupGhostTown,12,12" />
  <property name="SleeperVolumeGameStageAdjust" value=",," />
  <property name="SleeperIsLootVolume" value="False,False,False,False,False,False,False,False" />
  <property name="SleeperIsQuestExclude" value="False,False,False,False,False,False,False,False" />
  <property name="SleeperVolumeFlags" value="0,0,0,0,0,0,0,0" />
  <property name="SleeperVolumeGroupId" value="0,0,0,0,0,0,0,0" />
  <property name="ShowQuestClearCount" value="1" />
  <property name="SleeperVolumeTriggeredBy" value=" # # # # # # # " />
  <property name="PrefabSize" value="50, 27, 25" />
  <property name="QuestTags" value="clear, fetch, infested" />
  <property name="Tags" value="oldwest" />
  <property class="IndexedBlockOffsets">
    <property class="challenge_sinks">
      <property name="0" value="32, 7, 2" />
      <property name="1" value="32, 7, 5" />
      <property name="2" value="36, 7, 2" />
      <property name="3" value="36, 7, 3" />
      <property name="4" value="36, 7, 4" />
      <property name="5" value="36, 7, 5" />
    </property>
    <property class="challenge_polymers">
      <property name="0" value="43, 13, 5" />
    </property>
    <property class="POILight">
      <property name="0" value="41, 10, 5" />
      <property name="1" value="44, 10, 8" />
    </property>
    <property class="FetchContainer">
      <property name="0" value="39, 7, 2" />
      <property name="1" value="27, 13, 2" />
    </property>
    <property class="brBlock">
      <property name="0" value="29, 20, 9" />
    </property>
    <property class="TraderOnOff">
      <property name="0" value="33, 7, 6" />
    </property>
    <property class="Rally">
      <property name="0" value="25, 7, 23" />
    </property>
    <property class="quest_feather">
      <property name="0" value="28, 20, 18" />
    </property>
  </property>
  <property class="Stats">
    <property name="TotalVertices" value="961127" />
    <property name="TotalTriangles" value="554009" />
    <property class="BlockEntities">
      <property name="Vertices" value="705165" />
      <property name="Triangles" value="406389" />
    </property>
    <property class="ChunkMeshes0">
      <property name="Vertices" value="223338" />
      <property name="Triangles" value="122692" />
    </property>
    <property class="ChunkMeshes1">
      <property name="Vertices" value="6144" />
      <property name="Triangles" value="3072" />
    </property>
    <property class="ChunkMeshes2">
      <property name="Vertices" value="22304" />
      <property name="Triangles" value="14724" />
    </property>
    <property class="ChunkMeshes3">
      <property name="Vertices" value="0" />
      <property name="Triangles" value="0" />
    </property>
    <property class="ChunkMeshes4">
      <property name="Vertices" value="0" />
      <property name="Triangles" value="0" />
    </property>
    <property class="ChunkMeshes5">
      <property name="Vertices" value="4176" />
      <property name="Triangles" value="7132" />
    </property>
  </property>
</prefab>