﻿<?xml version="1.0" encoding="UTF-8"?>
<prefab>
  <property name="CopyAirBlocks" value="True" />
  <property name="AllowTopSoilDecorations" value="True" />
  <property name="TraderArea" value="False" />
  <property name="ExcludeDistantPOIMesh" value="False" />
  <property name="ExcludePOICulling" value="False" />
  <property name="QuestTags" value="clear, fetch, infested" />
  <property name="DifficultyTier" value="5" />
  <property name="Zoning" value="Commercial, Downtown, Industrial, Residential" />
  <property name="RotationToFaceNorth" value="0" />
  <property name="YOffset" value="-22" />
  <property name="DistantPOIYOffset" value="0" />
  <property name="AllowedBiomes" value="burnt_forest,plains,pine_forest,forest,desert,wasteland" />
  <property name="AllowedTownships" value="city,town" />
  <property name="EditorGroups" value="wilderness" />
  <property name="SleeperVolumeStart" value="30, 10, 29#10, 4, 4#11, 22, 43#8, 9, 4#10, 17, 6#29, 15, 29#25, 4, 4#36, 4, 4#11, 22, 27#11, 22, 36#8, 10, 29#8, 15, 29#18, 26, 35" />
  <property name="SleeperVolumeSize" value="22, 4, 23#15, 5, 46#38, 4, 6#42, 7, 23#40, 7, 21#23, 6, 23#11, 5, 46#12, 5, 46#38, 4, 9#37, 4, 7#22, 4, 23#21, 6, 23#24, 3, 9" />
  <property name="SleeperVolumeGroup" value="S_Zom_Utility_Worker,3,7,S_-Group_Generic_Zombie,4,8,S_Zom_Utility_Worker,1,2,S_Zom_Utility_Worker,8,17,S_-Group_Generic_Zombie,6,12,S_-_Group_Ghost_Town,6,13,S_-_Group_Zom_Badass_Only,8,16,S_-Group_Generic_Zombie,5,10,S_Zom_Utility_Worker,2,5,S_Zom_Businessman,5,10,S_Zom_Utility_Worker,4,9,S_-_Group_Ghost_Town,5,11,S_-Group_Generic_Zombie,2,4" />
  <property name="SleeperVolumeGameStageAdjust" value=",,,,,,,,,,,," />
  <property name="SleeperIsLootVolume" value="False,False,False,False,False,False,False,False,False,False,False,False,False" />
  <property name="SleeperIsBossVolume" value="False,False,False,False,False,False,False,False,False,False,False,False,False" />
  <property name="SleeperVolumeFlags" value="0,0,0,0,0,0,0,0,0,0,0,0,0" />
  <property name="SleeperVolumeGroupId" value="0,0,0,0,0,0,0,0,0,0,0,0,0" />
  <property name="ShowQuestClearCount" value="1" />
  <property name="SleeperIsQuestExclude" value="False,False,False,False,False,False,False,False,False,False,False,False,False" />
  <property name="PrefabSize" value="60, 29, 60" />
  <property name="Tags" value="industrial,countrytown,residential,countryresidential,rural" />
  <property name="SleeperVolumeTriggeredBy" value=" # # # # # # # # # # # # " />
  <property class="IndexedBlockOffsets">
    <property class="POILight">
      <property name="0" value="31, 6, 30" />
      <property name="1" value="42, 13, 30" />
      <property name="2" value="40, 20, 33" />
      <property name="3" value="42, 13, 41" />
      <property name="4" value="40, 20, 43" />
    </property>
    <property class="FetchContainer">
      <property name="0" value="39, 4, 36" />
      <property name="1" value="40, 24, 42" />
    </property>
    <property class="quest_feather">
      <property name="0" value="34, 28, 43" />
    </property>
    <property class="brBlock">
      <property name="0" value="20, 27, 38" />
    </property>
    <property class="Rally">
      <property name="0" value="27, 22, 51" />
    </property>
    <property class="TraderOnOff">
      <property name="0" value="33, 22, 38" />
    </property>
  </property>
  <property class="Stats">
    <property name="TotalVertices" value="789087" />
    <property name="TotalTriangles" value="380716" />
    <property class="BlockEntities">
      <property name="Vertices" value="567427" />
      <property name="Triangles" value="237132" />
    </property>
    <property class="ChunkMeshes0">
      <property name="Vertices" value="105958" />
      <property name="Triangles" value="64654" />
    </property>
    <property class="ChunkMeshes1">
      <property name="Vertices" value="92288" />
      <property name="Triangles" value="46144" />
    </property>
    <property class="ChunkMeshes2">
      <property name="Vertices" value="5456" />
      <property name="Triangles" value="2832" />
    </property>
    <property class="ChunkMeshes3">
      <property name="Vertices" value="586" />
      <property name="Triangles" value="522" />
    </property>
    <property class="ChunkMeshes4">
      <property name="Vertices" value="0" />
      <property name="Triangles" value="0" />
    </property>
    <property class="ChunkMeshes5">
      <property name="Vertices" value="0" />
      <property name="Triangles" value="0" />
    </property>
    <property class="ChunkMeshes6">
      <property name="Vertices" value="17372" />
      <property name="Triangles" value="29432" />
    </property>
  </property>
</prefab>