﻿<?xml version="1.0" encoding="UTF-8"?>
<prefab>
  <property name="CopyAirBlocks" value="True" />
  <property name="AllowTopSoilDecorations" value="True" />
  <property name="TraderArea" value="False" />
  <property name="ExcludeDistantPOIMesh" value="False" />
  <property name="ExcludePOICulling" value="False" />
  <property name="QuestTags" value="clear, fetch, infested" />
  <property name="DifficultyTier" value="4" />
  <property name="Zoning" value="Downtown, Residential" />
  <property name="RotationToFaceNorth" value="2" />
  <property name="YOffset" value="-1" />
  <property name="DistantPOIYOffset" value="0" />
  <property name="AllowedBiomes" value="burnt_forest,snow,plains,pine_forest,forest,desert,wasteland" />
  <property name="AllowedTownships" value="city,town" />
  <property name="EditorGroups" value="wilderness" />
  <property name="SleeperVolumeStart" value="6, 1, 20#6, 1, 8#19, 0, 20#24, 1, 8#6, 11, 9#3, -1, 1#37, -1, 8#3, 0, 39#32, 1, 29#2, 1, 8#20, 1, 30" />
  <property name="SleeperVolumeSize" value="13, 5, 19#18, 5, 12#18, 7, 9#13, 5, 12#31, 4, 30#38, 7, 7#4, 7, 34#34, 4, 3#5, 3, 9#4, 4, 32#12, 4, 7" />
  <property name="SleeperVolumeGroup" value="GroupZomBadass,5,5,ZomBusinessman,4,5,GroupBikerBar,5,5,GroupGenericZombie,4,4,GroupGenericZombie,8,8,GroupGenericZombie,3,3,GroupGenericZombie,3,3,GroupGenericZombie,3,3,ZomFatCops,2,2,GroupGenericZombie,6,6,GroupZomBadassOnly,3,3" />
  <property name="SleeperVolumeGameStageAdjust" value=",,,,,,,,,," />
  <property name="SleeperIsLootVolume" value="False,False,False,False,False,False,False,False,False,False,False" />
  <property name="SleeperIsBossVolume" value="False,False,False,False,False,False,False,False,False,False,False" />
  <property name="SleeperVolumeFlags" value="2,0,0,0,0,0,0,0,0,0,0" />
  <property name="SleeperVolumeGroupId" value="0,0,0,0,0,0,0,0,0,0,0" />
  <property name="ShowQuestClearCount" value="1" />
  <property name="SleeperIsQuestExclude" value="False,False,False,False,False,False,False,False,False,False,False" />
  <property name="PrefabSize" value="42, 14, 42" />
  <property name="Tags" value="commercial, downtown" />
  <property name="ThemeTags" value="prison" />
  <property name="ThemeRepeatDistance" value="1000" />
  <property name="SleeperVolumeTriggeredBy" value=" # # # # # # # # # # " />
  <property class="IndexedBlockOffsets">
    <property class="quest_wood">
      <property name="0" value="25, 1, 5" />
    </property>
    <property class="Rally">
      <property name="0" value="20, 1, 1" />
    </property>
    <property class="challenge_polymers">
      <property name="0" value="35, 1, 40" />
    </property>
    <property class="TraderOnOff">
      <property name="0" value="30, 4, 21" />
      <property name="1" value="25, 1, 23" />
      <property name="2" value="26, 1, 29" />
    </property>
    <property class="challenge_leather">
      <property name="0" value="8, 1, 10" />
      <property name="1" value="10, 1, 10" />
      <property name="2" value="11, 1, 10" />
      <property name="3" value="12, 1, 10" />
      <property name="4" value="13, 1, 10" />
      <property name="5" value="14, 1, 10" />
      <property name="6" value="15, 1, 10" />
      <property name="7" value="16, 1, 10" />
      <property name="8" value="17, 1, 10" />
      <property name="9" value="18, 1, 10" />
      <property name="10" value="19, 1, 10" />
    </property>
    <property class="challenge_gore">
      <property name="0" value="21, 1, 39" />
    </property>
    <property class="POILight">
      <property name="0" value="27, 8, 24" />
      <property name="1" value="33, 8, 32" />
      <property name="2" value="22, 8, 34" />
    </property>
    <property class="FetchContainer">
      <property name="0" value="27, 12, 20" />
    </property>
    <property class="challenge_sinks">
      <property name="0" value="24, 1, 31" />
      <property name="1" value="30, 1, 31" />
      <property name="2" value="26, 1, 34" />
      <property name="3" value="30, 1, 34" />
      <property name="4" value="22, 1, 36" />
    </property>
    <property class="challenge_cars">
      <property name="0" value="33, 1, 3" />
    </property>
    <property class="challenge_mech_parts">
      <property name="0" value="28, 1, 21" />
      <property name="1" value="32, 1, 24" />
    </property>
    <property class="challenge_steel">
      <property name="0" value="34, 2, 36" />
    </property>
  </property>
  <property class="Stats">
    <property name="TotalVertices" value="349380" />
    <property name="TotalTriangles" value="146668" />
    <property class="BlockEntities">
      <property name="Vertices" value="292930" />
      <property name="Triangles" value="112506" />
    </property>
    <property class="ChunkMeshes0">
      <property name="Vertices" value="52392" />
      <property name="Triangles" value="29222" />
    </property>
    <property class="ChunkMeshes1">
      <property name="Vertices" value="0" />
      <property name="Triangles" value="0" />
    </property>
    <property class="ChunkMeshes2">
      <property name="Vertices" value="280" />
      <property name="Triangles" value="140" />
    </property>
    <property class="ChunkMeshes3">
      <property name="Vertices" value="936" />
      <property name="Triangles" value="468" />
    </property>
    <property class="ChunkMeshes4">
      <property name="Vertices" value="0" />
      <property name="Triangles" value="0" />
    </property>
    <property class="ChunkMeshes5">
      <property name="Vertices" value="2842" />
      <property name="Triangles" value="4332" />
    </property>
  </property>
</prefab>