﻿<?xml version="1.0" encoding="UTF-8"?>
<prefab>
  <property name="CopyAirBlocks" value="True" />
  <property name="ExcludeDistantPOIMesh" value="False" />
  <property name="DistantPOIYOffset" value="0" />
  <property name="RotationToFaceNorth" value="2" />
  <property name="AllowTopSoilDecorations" value="False" />
  <property name="DifficultyTier" value="1" />
  <property name="TraderArea" value="False" />
  <property name="EditorGroups" value="house new" />
  <property name="ExcludePOICulling" value="False" />
  <property name="Zoning" value="ResidentialNew" />
  <property name="AllowedTownships" value="city,town,rural" />
  <property name="Tags" value="residential,countryresidential" />
  <property name="SleeperVolumeSize" value="15, 4, 20#15, 5, 20#15, 7, 20" />
  <property name="SleeperVolumeStart" value="10, 0, 10#10, 4, 10#10, 9, 10" />
  <property name="SleeperVolumeGroup" value="S_-Group_Generic_Zombie,2,3,S_-Group_Generic_Zombie,2,3,S_-_Group_Zom_Badass,1,2" />
  <property name="SleeperVolumeGameStageAdjust" value="" />
  <property name="SleeperIsLootVolume" value="False,False,False" />
  <property name="QuestTags" value="clear, fetch, infested" />
  <property name="SleeperVolumeGroupId" value="0,0,0" />
  <property name="SleeperIsBossVolume" value="False,False,False" />
  <property name="SleeperVolumeFlags" value="0,0,0" />
  <property name="ShowQuestClearCount" value="1" />
  <property name="SleeperIsQuestExclude" value="False,False,False" />
  <property name="POIMarkerSize" value="4, 13, 1" />
  <property name="POIMarkerStart" value="16, 0, -1" />
  <property name="POIMarkerGroup" value="driveway" />
  <property name="POIMarkerTags" value="residential" />
  <property name="POIMarkerType" value="PartSpawn" />
  <property name="POIMarkerPartToSpawn" value="part_driveway_countryresidential_01" />
  <property name="POIMarkerPartRotations" value="2" />
  <property name="POIMarkerPartSpawnChance" value="1" />
  <property name="PrefabSize" value="42, 18, 42" />
  <property name="YOffset" value="-1" />
  <property name="SleeperVolumeTriggeredBy" value=" # # " />
  <property class="Stats">
    <property name="TotalVertices" value="195430" />
    <property name="TotalTriangles" value="82911" />
    <property class="BlockEntities">
      <property name="Vertices" value="164125" />
      <property name="Triangles" value="61662" />
    </property>
    <property class="ChunkMeshes0">
      <property name="Vertices" value="24863" />
      <property name="Triangles" value="12405" />
    </property>
    <property class="ChunkMeshes1">
      <property name="Vertices" value="0" />
      <property name="Triangles" value="0" />
    </property>
    <property class="ChunkMeshes2">
      <property name="Vertices" value="0" />
      <property name="Triangles" value="0" />
    </property>
    <property class="ChunkMeshes3">
      <property name="Vertices" value="1684" />
      <property name="Triangles" value="1432" />
    </property>
    <property class="ChunkMeshes4">
      <property name="Vertices" value="48" />
      <property name="Triangles" value="24" />
    </property>
    <property class="ChunkMeshes5">
      <property name="Vertices" value="0" />
      <property name="Triangles" value="0" />
    </property>
    <property class="ChunkMeshes6">
      <property name="Vertices" value="4710" />
      <property name="Triangles" value="7388" />
    </property>
  </property>
  <property class="IndexedBlockOffsets">
    <property class="Rally">
      <property name="0" value="12, 1, 6" />
    </property>
    <property class="quest_wood">
      <property name="0" value="14, 1, 8" />
      <property name="1" value="20, 1, 8" />
    </property>
    <property class="POILight">
      <property name="0" value="17, 15, 23" />
      <property name="1" value="19, 4, 23" />
      <property name="2" value="20, 8, 23" />
      <property name="3" value="14, 4, 24" />
      <property name="4" value="15, 8, 24" />
      <property name="5" value="18, 4, 29" />
    </property>
    <property class="TraderOnOff">
      <property name="0" value="15, 6, 22" />
      <property name="1" value="18, 2, 28" />
    </property>
    <property class="quest_feather">
      <property name="0" value="22, 10, 14" />
    </property>
    <property class="FetchContainer">
      <property name="0" value="22, 10, 21" />
    </property>
  </property>
</prefab>