﻿<?xml version="1.0" encoding="UTF-8"?>
<prefab>
  <property name="CopyAirBlocks" value="True" />
  <property name="ExcludeDistantPOIMesh" value="False" />
  <property name="ExcludePOICulling" value="False" />
  <property name="DistantPOIYOffset" value="0" />
  <property name="AllowTopSoilDecorations" value="False" />
  <property name="DifficultyTier" value="5" />
  <property name="QuestTags" value="clear, fetch, infested" />
  <property name="TraderArea" value="False" />
  <property name="RotationToFaceNorth" value="2" />
  <property name="SleeperVolumeSize" value="30, 3, 21#43, 6, 15#22, 3, 54#21, 7, 33#43, 6, 15#25, 11, 20#20, 9, 30#15, 9, 39#19, 9, 12#29, 3, 18#17, 9, 19#38, 9, 17#32, 10, 24#24, 9, 37#18, 11, 52#21, 11, 16#34, 10, 16#20, 5, 22#22, 6, 15#21, 12, 28#27, 13, 17#33, 12, 18#18, 12, 15#15, 15, 26#14, 17, 42#22, 12, 35#19, 15, 20#21, 16, 20#23, 15, 15#31, 14, 15#19, 15, 35#25, 8, 20#28, 10, 15#24, 13, 17#36, 11, 43#27, 17, 19#29, 14, 36#18, 8, 35#18, 13, 21#35, 11, 15#21, 10, 37#15, 15, 18#30, 11, 21#31, 14, 26#30, 13, 51#19, 14, 49#32, 12, 19#30, 12, 18#26, 10, 32#17, 5, 48#43, 12, 12#15, 3, 14#87, 6, 18#26, 9, 15#77, 3, 5#8, 6, 95#53, 4, 47#53, 5, 44#53, 4, 48#25, 7, 20#15, 8, 11" />
  <property name="SleeperVolumeStart" value="67, 74, 22#23, 76, 22#21, 76, 37#76, 76, 45#55, 67, 21#29, 65, 20#9, 66, 19#7, 66, 51#24, 67, 42#13, 67, 55#18, 67, 54#24, 67, 75#62, 67, 72#73, 65, 37#24, 56, 40#23, 56, 23#44, 56, 23#78, 55, 23#78, 60, 30#77, 54, 45#71, 53, 74#38, 54, 74#4, 42, 9#3, 44, 24#1, 42, 51#19, 40, 21#25, 42, 56#24, 40, 76#45, 41, 80#68, 42, 75#77, 40, 39#75, 50, 18#70, 40, 23#46, 42, 22#-3, 31, 58#6, 31, 41#5, 29, 8#35, 30, 40#46, 31, 19#64, 31, 20#78, 32, 35#81, 30, 73#50, 31, 73#3, 21, 9#3, 19, 35#34, 22, 39#35, 20, 21#67, 18, 20#75, 21, 38#58, 22, 41#56, 20, 79#2, 22, 86#10, 22, 1#69, 5, 36#21, 13, 33#56, 12, 2#2, 6, 35#2, 10, 35#2, 15, 35#27, 20, 71#9, 59, 7" />
  <property name="SleeperVolumeGroup" value="GroupGenericZombie,6,7,GroupGenericZombie,9,10,GroupGenericZombie,9,10,GroupGenericZombie,8,9,GroupGenericZombie,9,10,GroupGenericZombie,9,10,GroupGenericZombie,9,10,GroupGenericZombie,9,10,GroupGenericZombie,9,10,GroupGenericZombie,5,6,GroupGenericZombie,8,9,GroupGenericZombie,8,9,GroupGenericZombie,9,10,GroupGenericZombie,7,8,GroupGenericZombie,9,10,GroupGenericZombie,5,6,GroupGenericZombie,4,5,GroupGenericZombie,8,9,GroupGenericZombie,9,10,GroupGenericZombie,9,10,GroupGenericZombie,8,9,GroupGenericZombie,7,8,GroupGenericZombie,7,8,GroupGenericZombie,7,8,GroupGenericZombie,9,10,GroupGenericZombie,9,10,GroupGenericZombie,9,10,GroupGenericZombie,8,9,GroupGenericZombie,5,6,GroupGenericZombie,7,8,GroupGenericZombie,8,9,GroupGenericZombie,9,10,GroupGenericZombie,9,10,GroupGenericZombie,5,6,GroupGenericZombie,8,9,GroupGenericZombie,9,10,GroupGenericZombie,5,6,GroupGenericZombie,5,6,GroupGenericZombie,9,10,GroupGenericZombie,9,10,GroupGenericZombie,8,9,GroupGenericZombie,7,8,GroupGenericZombie,9,10,GroupGenericZombie,8,9,GroupGenericZombie,9,10,GroupGenericZombie,9,10,GroupGenericZombie,7,8,GroupGenericZombie,7,8,GroupGenericZombie,5,6,GroupGenericZombie,6,7,GroupGenericZombie,9,10,GroupGenericZombie,3,4,GroupGenericZombie,9,10,GroupGenericZombie,8,9,GroupGenericZombie,3,4,GroupGenericZombie,4,5,GroupGenericZombie,9,10,GroupGenericZombie,6,7,GroupGenericZombie,6,7,GroupGenericZombie,6,7,GroupGenericZombie,7,8" />
  <property name="SleeperIsLootVolume" value="False,False,False,False,False,False,False,False,False,False,False,False,False,False,False,False,False,False,False,False,False,False,False,False,False,False,False,False,False,False,False,False,False,False,False,False,False,False,False,False,False,False,False,False,False,False,False,False,False,False,False,False,False,False,False,False,False,False,False,False,False" />
  <property name="SleeperIsBossVolume" value="False,False,False,False,False,False,False,False,False,False,False,False,False,False,False,False,False,False,False,False,False,False,False,False,False,False,False,False,False,False,False,False,False,False,False,False,False,False,False,False,False,False,False,False,False,False,False" />
  <property name="SleeperVolumeGroupId" value="0,0,0,0,0,0,0,0,0,0,0,0,0,0,0,0,0,0,0,0,0,0,0,0,0,0,0,0,0,0,0,0,0,0,0,0,0,0,0,0,0,0,0,0,0,0,0,0,0,0,0,0,0,0,0,0,0,0,0,0,0" />
  <property name="SleeperVolumeFlags" value="0,0,0,0,0,0,0,0,0,0,0,0,0,0,0,0,0,0,0,0,0,0,0,0,0,0,0,0,0,0,0,0,0,0,0,0,0,0,0,0,0,0,0,0,0,0,0,0,0,0,0,0,0,0,0,0,0,0,0,0,0" />
  <property name="YOffset" value="-22" />
  <property name="ShowQuestClearCount" value="1" />
  <property name="SleeperIsQuestExclude" value="False,False,False,False,False,False,False,False,False,False,False,False,False,False,False,False,False,False,False,False,False,False,False,False,False,False,False,False,False,False,False,False,False,False,False,False,False,False,False,False,False,False,False,False,False,False,False,False,False,False,False,False,False,False,False,False,False,False,False,False,False" />
  <property name="PrefabSize" value="100, 96, 100" />
  <property name="Tags" value="wilderness, downtown" />
  <property name="ThemeTags" value="multi" />
  <property name="ThemeRepeatDistance" value="150" />
  <property name="Zoning" value="none" />
  <property name="SleeperVolumeTriggeredBy" value=" # # # # # # # # # # # # # # # # # # # # # # # # # # # # # # # # # # # # # # # # # # # # # # # # # # # # # # # # # # # # " />
  <property class="Stats">
    <property name="TotalVertices" value="11283163" />
    <property name="TotalTriangles" value="5189362" />
    <property class="BlockEntities">
      <property name="Vertices" value="9228834" />
      <property name="Triangles" value="3911531" />
    </property>
    <property class="ChunkMeshes0">
      <property name="Vertices" value="1885249" />
      <property name="Triangles" value="1125621" />
    </property>
    <property class="ChunkMeshes1">
      <property name="Vertices" value="90204" />
      <property name="Triangles" value="45102" />
    </property>
    <property class="ChunkMeshes2">
      <property name="Vertices" value="15486" />
      <property name="Triangles" value="8660" />
    </property>
    <property class="ChunkMeshes3">
      <property name="Vertices" value="2600" />
      <property name="Triangles" value="1300" />
    </property>
    <property class="ChunkMeshes4">
      <property name="Vertices" value="0" />
      <property name="Triangles" value="0" />
    </property>
    <property class="ChunkMeshes5">
      <property name="Vertices" value="60790" />
      <property name="Triangles" value="97148" />
    </property>
  </property>
  <property class="IndexedBlockOffsets">
    <property class="challenge_mech_parts">
      <property name="0" value="85, 56, 84" />
      <property name="1" value="91, 56, 84" />
      <property name="2" value="96, 56, 84" />
      <property name="3" value="91, 56, 88" />
      <property name="4" value="86, 56, 89" />
      <property name="5" value="96, 56, 89" />
      <property name="6" value="96, 76, 89" />
      <property name="7" value="96, 77, 89" />
    </property>
    <property class="POILight">
      <property name="0" value="94, 26, 83" />
      <property name="1" value="83, 25, 84" />
      <property name="2" value="85, 56, 85" />
      <property name="3" value="91, 57, 87" />
      <property name="4" value="84, 76, 89" />
      <property name="5" value="85, 38, 89" />
      <property name="6" value="90, 76, 89" />
    </property>
    <property class="TraderOnOff">
      <property name="0" value="90, 51, 69" />
      <property name="1" value="86, 25, 78" />
      <property name="2" value="86, 35, 81" />
    </property>
    <property class="challenge_polymers">
      <property name="0" value="82, 67, 82" />
      <property name="1" value="87, 67, 82" />
      <property name="2" value="89, 30, 83" />
      <property name="3" value="92, 34, 83" />
      <property name="4" value="93, 33, 84" />
      <property name="5" value="93, 68, 84" />
      <property name="6" value="86, 33, 86" />
      <property name="7" value="88, 33, 86" />
      <property name="8" value="96, 42, 86" />
      <property name="9" value="86, 67, 87" />
      <property name="10" value="86, 42, 89" />
      <property name="11" value="89, 25, 89" />
    </property>
    <property class="challenge_leather">
      <property name="0" value="83, 67, 82" />
      <property name="1" value="87, 42, 86" />
    </property>
    <property class="brBlock">
      <property name="0" value="91, 67, 30" />
    </property>
    <property class="challenge_steel">
      <property name="0" value="85, 51, 83" />
    </property>
    <property class="challenge_cars">
      <property name="0" value="85, 22, 5" />
    </property>
    <property class="challenge_sinks">
      <property name="0" value="94, 43, 87" />
    </property>
    <property class="quest_feather">
      <property name="0" value="91, 76, 55" />
      <property name="1" value="96, 77, 59" />
    </property>
    <property class="challenge_gore">
      <property name="0" value="83, 56, 83" />
    </property>
    <property class="challenge_pallet">
      <property name="0" value="92, 76, 65" />
      <property name="1" value="93, 76, 65" />
    </property>
    <property class="quest_wood">
      <property name="0" value="96, 22, 11" />
      <property name="1" value="97, 22, 16" />
    </property>
    <property class="quest_wood_trees">
      <property name="0" value="91, 23, 22" />
    </property>
    <property class="quest_stone">
      <property name="0" value="35, 68, 24" />
      <property name="1" value="35, 68, 26" />
      <property name="2" value="35, 68, 27" />
    </property>
    <property class="Rally">
      <property name="0" value="68, 22, 2" />
    </property>
  </property>
</prefab>