﻿<?xml version="1.0" encoding="UTF-8"?>
<prefab>
  <property name="CopyAirBlocks" value="True" />
  <property name="AllowTopSoilDecorations" value="False" />
  <property name="TraderArea" value="False" />
  <property name="ExcludeDistantPOIMesh" value="False" />
  <property name="ExcludePOICulling" value="False" />
  <property name="DifficultyTier" value="1" />
  <property name="Zoning" value="Downtown, ResidentialNew, ResidentialOld, Residential" />
  <property name="RotationToFaceNorth" value="2" />
  <property name="YOffset" value="-1" />
  <property name="DistantPOIYOffset" value="0" />
  <property name="AllowedTownships" value="city,rural,town,wilderness" />
  <property name="EditorGroups" value="Wilderness" />
  <property name="SleeperVolumeStart" value="4, 1, 3#6, 5, 6#9, 7, 9" />
  <property name="SleeperVolumeSize" value="18, 3, 19#15, 3, 15#10, 4, 9" />
  <property name="SleeperVolumeGroup" value="S_-_Group_Ghost_Town,2,3,S_-Group_Generic_Zombie,2,3,S_-_Group_Zom_Soldier,1,1" />
  <property name="SleeperVolumeGameStageAdjust" value="" />
  <property name="SleeperIsLootVolume" value="False,False,False" />
  <property name="SleeperIsBossVolume" value="False,False,False" />
  <property name="SleeperVolumeFlags" value="0,0,0" />
  <property name="SleeperVolumeGroupId" value="0,0,0" />
  <property name="ShowQuestClearCount" value="1" />
  <property name="SleeperIsQuestExclude" value="False,False,False" />
  <property name="PrefabSize" value="25, 13, 25" />
  <property name="Tags" value="wilderness" />
  <property name="SleeperVolumeTriggeredBy" value=" # # " />
  <property name="QuestTags" value="clear, fetch, infested" />
  <property class="IndexedBlockOffsets">
    <property class="TraderOnOff">
      <property name="0" value="15, 1, 15" />
      <property name="1" value="15, 9, 16" />
    </property>
    <property class="POILight">
      <property name="0" value="13, 3, 13" />
      <property name="1" value="14, 5, 17" />
    </property>
    <property class="Rally">
      <property name="0" value="19, 1, 3" />
    </property>
    <property class="FetchContainer">
      <property name="0" value="18, 10, 9" />
    </property>
  </property>
  <property class="Stats">
    <property name="TotalVertices" value="174875" />
    <property name="TotalTriangles" value="78716" />
    <property class="BlockEntities">
      <property name="Vertices" value="141166" />
      <property name="Triangles" value="59611" />
    </property>
    <property class="ChunkMeshes0">
      <property name="Vertices" value="31365" />
      <property name="Triangles" value="16713" />
    </property>
    <property class="ChunkMeshes1">
      <property name="Vertices" value="0" />
      <property name="Triangles" value="0" />
    </property>
    <property class="ChunkMeshes2">
      <property name="Vertices" value="832" />
      <property name="Triangles" value="416" />
    </property>
    <property class="ChunkMeshes3">
      <property name="Vertices" value="592" />
      <property name="Triangles" value="296" />
    </property>
    <property class="ChunkMeshes4">
      <property name="Vertices" value="0" />
      <property name="Triangles" value="0" />
    </property>
    <property class="ChunkMeshes5">
      <property name="Vertices" value="0" />
      <property name="Triangles" value="0" />
    </property>
    <property class="ChunkMeshes6">
      <property name="Vertices" value="920" />
      <property name="Triangles" value="1680" />
    </property>
  </property>
</prefab>