﻿<?xml version="1.0" encoding="UTF-8"?>
<prefab>
  <property name="CopyAirBlocks" value="True" />
  <property name="AllowTopSoilDecorations" value="False" />
  <property name="TraderArea" value="False" />
  <property name="ExcludeDistantPOIMesh" value="False" />
  <property name="ExcludePOICulling" value="False" />
  <property name="QuestTags" value="clear, fetch, infested" />
  <property name="DifficultyTier" value="5" />
  <property name="Zoning" value="ResidentialOld, Residential, Rural, Downtown" />
  <property name="RotationToFaceNorth" value="2" />
  <property name="YOffset" value="-9" />
  <property name="DistantPOIYOffset" value="0" />
  <property name="AllowedTownships" value="city,rural,town,wilderness" />
  <property name="EditorGroups" value="house old" />
  <property name="SleeperVolumeStart" value="67, 21, 21#4, 21, 21#3, 21, 30#2, 16, 30#35, 16, 16#2, 16, 19#66, 16, 19#86, 16, 51#88, 27, 45#86, 11, 51#65, 11, 19#35, 11, 15#2, 11, 19#1, 11, 32#2, 5, 32#1, 5, 18#38, 5, 13#36, 5, 28#56, 5, 18#86, 4, 54#86, 3, 31#83, 20, 29#86, 16, 40#86, 16, 30#86, 11, 19#53, 11, 15#18, 11, 19#29, 14, 25" />
  <property name="SleeperVolumeSize" value="26, 3, 8#28, 3, 7#12, 2, 32#11, 3, 33#30, 10, 17#33, 3, 11#32, 3, 9#12, 3, 12#5, 3, 8#12, 3, 12#19, 3, 12#17, 3, 20#15, 3, 12#13, 3, 31#12, 3, 23#36, 2, 14#17, 3, 14#33, 3, 7#42, 3, 12#11, 6, 9#12, 5, 22#13, 3, 33#12, 3, 10#12, 3, 10#12, 3, 32#12, 3, 20#17, 3, 12#6, 5, 10" />
  <property name="SleeperVolumeGroup" value="GroupGenericZombie,4,5,GroupGenericZombie,4,5,GroupGenericZombie,5,6,GroupAbandonedHouse,7,8,GroupHospital,9,10,GroupZomSoldier,8,9,GroupGenericZombie,4,5,GroupZomBadass,3,4,GroupGenericZombie,1,1,GroupGenericZombie,2,2,GroupHospital,4,5,GroupHospital,5,6,GroupHospital,3,4,GroupZomBadass,9,10,GroupGenericZombie,5,6,GroupZomBadass,6,7,ZomBurnt,2,3,GroupZomBadassOnly,2,3,GroupGenericZombie,7,8,GroupZomBadass,7,10,GroupGenericZombie,4,5,GroupGenericZombie,5,5,GroupGenericZombie,3,4,GroupGenericZombie,3,4,GroupGenericZombie,4,5,GroupZomBadassOnly,5,6,GroupZomBadass,5,6,GroupGenericZombie,1,1" />
  <property name="SleeperVolumeGameStageAdjust" value=",,,,,,,,,0,,,,,,,,,,,,,,,,,,," />
  <property name="SleeperIsLootVolume" value="False,False,False,False,False,False,False,False,False,False,False,False,False,False,False,False,False,False,False,False,False,False,False,False,False,False,False,False" />
  <property name="SleeperIsBossVolume" value="False,False,False,False,False,False,False,False,False,False,False,False,False,False,False,False,False,False,False,False,True,False,False,False,False,False,False,False,False" />
  <property name="SleeperVolumeFlags" value="0,0,0,0,0,0,0,0,0,0,0,0,0,0,0,0,0,0,0,0,0,0,0,0,0,0,0,0" />
  <property name="SleeperVolumeGroupId" value="0,0,0,0,0,0,0,0,0,0,0,0,0,0,0,0,0,0,0,0,0,0,0,0,0,0,0,0" />
  <property name="ShowQuestClearCount" value="1" />
  <property name="SleeperIsQuestExclude" value="False,False,False,False,False,False,False,False,False,False,False,False,False,False,False,False,False,False,False,False,False,False,False,False,False,False,False,False" />
  <property name="PrefabSize" value="100, 48, 100" />
  <property name="Tags" value="rural, downtown" />
  <property name="SleeperVolumeTriggeredBy" value=" # # # # # # # # # # # # # # # # # # # # # # # # # # # " />
  <property class="IndexedBlockOffsets">
    <property class="quest_wood_trees">
      <property name="0" value="84, 9, 27" />
    </property>
    <property class="TraderOnOff">
      <property name="0" value="86, 5, 71" />
      <property name="1" value="86, 5, 74" />
      <property name="2" value="95, 5, 69" />
      <property name="3" value="86, 11, 70" />
      <property name="4" value="90, 11, 70" />
      <property name="5" value="92, 11, 72" />
      <property name="6" value="83, 16, 76" />
      <property name="7" value="87, 16, 73" />
      <property name="8" value="91, 16, 73" />
      <property name="9" value="93, 16, 66" />
      <property name="10" value="95, 16, 72" />
      <property name="11" value="95, 16, 76" />
    </property>
    <property class="challenge_sinks">
      <property name="0" value="82, 5, 74" />
      <property name="1" value="83, 5, 70" />
      <property name="2" value="83, 5, 72" />
      <property name="3" value="83, 5, 74" />
      <property name="4" value="84, 5, 70" />
      <property name="5" value="88, 5, 67" />
      <property name="6" value="82, 6, 74" />
      <property name="7" value="88, 16, 66" />
    </property>
    <property class="POILight">
      <property name="0" value="90, 6, 76" />
      <property name="1" value="94, 6, 76" />
      <property name="2" value="89, 7, 77" />
      <property name="3" value="94, 7, 77" />
      <property name="4" value="83, 8, 71" />
      <property name="5" value="90, 8, 71" />
      <property name="6" value="94, 8, 71" />
      <property name="7" value="89, 12, 73" />
      <property name="8" value="91, 12, 67" />
      <property name="9" value="92, 12, 69" />
      <property name="10" value="96, 12, 67" />
      <property name="11" value="88, 13, 70" />
      <property name="12" value="92, 17, 68" />
      <property name="13" value="85, 19, 74" />
      <property name="14" value="87, 19, 75" />
      <property name="15" value="90, 19, 66" />
      <property name="16" value="91, 19, 74" />
      <property name="17" value="93, 19, 74" />
      <property name="18" value="95, 19, 66" />
      <property name="19" value="96, 19, 75" />
      <property name="20" value="92, 21, 76" />
      <property name="21" value="88, 22, 72" />
    </property>
    <property class="challenge_polymers">
      <property name="0" value="84, 5, 76" />
      <property name="1" value="88, 5, 74" />
      <property name="2" value="96, 11, 77" />
      <property name="3" value="85, 21, 77" />
      <property name="4" value="89, 21, 77" />
      <property name="5" value="92, 21, 69" />
    </property>
    <property class="challenge_pallet">
      <property name="0" value="89, 5, 67" />
      <property name="1" value="92, 5, 67" />
      <property name="2" value="91, 6, 67" />
      <property name="3" value="92, 6, 67" />
      <property name="4" value="92, 7, 67" />
      <property name="5" value="82, 21, 73" />
      <property name="6" value="83, 21, 72" />
      <property name="7" value="85, 21, 72" />
      <property name="8" value="86, 21, 72" />
      <property name="9" value="83, 22, 72" />
      <property name="10" value="89, 22, 69" />
    </property>
    <property class="challenge_gore">
      <property name="0" value="83, 6, 78" />
      <property name="1" value="95, 11, 74" />
    </property>
    <property class="challenge_stump">
      <property name="0" value="93, 9, 21" />
    </property>
    <property class="challenge_mech_parts">
      <property name="0" value="96, 11, 78" />
    </property>
    <property class="FetchContainer">
      <property name="0" value="88, 11, 78" />
    </property>
    <property class="quest_feather">
      <property name="0" value="47, 33, 71" />
    </property>
    <property class="Rally">
      <property name="0" value="51, 9, 15" />
    </property>
    <property class="challenge_cars">
      <property name="0" value="53, 9, 48" />
    </property>
    <property class="challenge_steel">
      <property name="0" value="91, 12, 42" />
    </property>
    <property class="brBlock">
      <property name="0" value="96, 11, 73" />
    </property>
  </property>
  <property class="Stats">
    <property name="TotalVertices" value="2832795" />
    <property name="TotalTriangles" value="1246273" />
    <property class="BlockEntities">
      <property name="Vertices" value="2335077" />
      <property name="Triangles" value="931071" />
    </property>
    <property class="ChunkMeshes0">
      <property name="Vertices" value="442421" />
      <property name="Triangles" value="245924" />
    </property>
    <property class="ChunkMeshes1">
      <property name="Vertices" value="0" />
      <property name="Triangles" value="0" />
    </property>
    <property class="ChunkMeshes2">
      <property name="Vertices" value="23113" />
      <property name="Triangles" value="17950" />
    </property>
    <property class="ChunkMeshes3">
      <property name="Vertices" value="312" />
      <property name="Triangles" value="156" />
    </property>
    <property class="ChunkMeshes4">
      <property name="Vertices" value="0" />
      <property name="Triangles" value="0" />
    </property>
    <property class="ChunkMeshes5">
      <property name="Vertices" value="31872" />
      <property name="Triangles" value="51172" />
    </property>
  </property>
</prefab>