﻿<?xml version="1.0" encoding="UTF-8"?>
<prefab>
  <property name="CopyAirBlocks" value="True" />
  <property name="ExcludeDistantPOIMesh" value="False" />
  <property name="ExcludePOICulling" value="False" />
  <property name="DistantPOIYOffset" value="0" />
  <property name="AllowTopSoilDecorations" value="False" />
  <property name="DifficultyTier" value="5" />
  <property name="ShowQuestClearCount" value="1" />
  <property name="TraderArea" value="False" />
  <property name="PrefabSize" value="60, 48, 60" />
  <property name="RotationToFaceNorth" value="2" />
  <property name="Zoning" value="downtown" />
  <property name="EditorGroups" value="downtown" />
  <property name="YOffset" value="-6" />
  <property name="Tags" value="commercial, downtown" />
  <property name="SleeperVolumeSize" value="19, 5, 42#12, 5, 8#5, 4, 11#10, 4, 3#9, 4, 8#13, 4, 10#10, 4, 7#10, 4, 12#8, 4, 10#14, 4, 5#12, 4, 9#10, 3, 4#13, 3, 15#13, 5, 17#14, 4, 8#13, 5, 8#8, 5, 8#13, 3, 9#10, 4, 5#12, 4, 8#10, 4, 6#19, 4, 10#9, 4, 8#8, 4, 9#10, 4, 22#19, 4, 10#8, 4, 8#9, 4, 19#10, 4, 18#12, 3, 9#10, 3, 4#12, 4, 9#9, 4, 4#12, 4, 9#9, 4, 5#12, 4, 13#10, 4, 8#7, 4, 8#11, 4, 21#19, 4, 11#19, 4, 11#9, 3, 8#8, 4, 5#12, 4, 18#11, 3, 18#7, 3, 9#19, 3, 12#10, 4, 3#8, 4, 8#8, 4, 9#10, 3, 18#12, 4, 10#12, 4, 9#21, 6, 43#15, 6, 28#8, 3, 11#21, 4, 45#21, 4, 44#21, 4, 45" />
  <property name="SleeperVolumeStart" value="17, 6, 8#5, 6, 19#38, 12, 43#38, 12, 39#48, 12, 34#43, 12, 42#47, 12, 21#46, 12, 9#38, 12, 8#34, 12, 28#4, 12, 9#3, 12, 19#3, 12, 38#4, 6, 34#41, 6, 34#4, 6, 10#47, 6, 10#3, 17, 43#3, 17, 38#4, 17, 9#3, 17, 17#37, 17, 42#47, 17, 34#38, 17, 8#46, 17, 9#37, 22, 42#48, 22, 34#37, 22, 8#46, 22, 9#4, 22, 9#3, 22, 19#4, 22, 43#4, 22, 38#4, 27, 9#4, 27, 18#4, 27, 39#38, 27, 34#49, 27, 34#45, 27, 9#37, 27, 42#37, 32, 42#47, 32, 34#4, 32, 38#4, 32, 9#45, 32, 9#38, 32, 8#37, 37, 42#38, 37, 39#48, 37, 34#38, 37, 8#46, 37, 9#4, 37, 9#4, 37, 43#34, 42, 9#4, 42, 24#38, 6, 9#16, 17, 8#16, 27, 8#16, 37, 8" />
  <property name="SleeperVolumeGroupId" value="0,0,0,0,0,0,0,0,0,0,0,0,0,0,0,0,0,0,0,0,0,0,0,0,0,0,0,0,0,0,0,0,0,0,0,0,0,0,0,0,0,0,0,0,0,0,0,0,0,0,0,0,0,0,0,0,0,0,0" />
  <property name="SleeperVolumeGroup" value="GroupGenericZombie,6,6,GroupGenericZombie,2,2,GroupGenericZombie,1,2,GroupGenericZombie,1,2,GroupGenericZombie,2,3,GroupGenericZombie,1,2,GroupGenericZombie,1,2,GroupGenericZombie,1,1,GroupGenericZombie,2,3,GroupGenericZombie,1,2,GroupGenericZombie,1,2,GroupGenericZombie,1,1,GroupGenericZombie,3,4,GroupGenericZombie,3,4,GroupGenericZombie,2,3,GroupGenericZombie,2,3,GroupGenericZombie,2,2,GroupGenericZombie,1,2,GroupGenericZombie,1,2,GroupGenericZombie,1,2,GroupGenericZombie,1,1,GroupBikerBar,3,4,GroupBikerBar,5,6,GroupGenericZombie,2,3,GroupGenericZombie,3,4,GroupGenericZombie,3,4,GroupGenericZombie,2,2,GroupGenericZombie,2,3,GroupGenericZombie,2,3,GroupGenericZombie,2,2,GroupGenericZombie,1,1,GroupGenericZombie,2,2,GroupGenericZombie,1,1,GroupGenericZombie,1,2,GroupGenericZombie,2,2,GroupGenericZombie,2,3,GroupZomSoldier,4,4,GroupZomSoldier,3,3,GroupHospital,3,4,GroupGenericZombie,5,6,ZomBurnt,2,3,GroupGenericZombie,2,2,GroupGenericZombie,2,2,ZomUtilityWorker,3,4,GroupGenericZombie,5,6,GroupGenericZombie,2,3,GroupGenericZombie,3,4,GroupGenericZombie,1,2,GroupGenericZombie,2,3,GroupGenericZombie,2,4,GroupGenericZombie,2,3,GroupGenericZombie,2,3,GroupGenericZombie,2,3,GroupGenericZombie,10,12,GroupGenericZombie,5,6,GroupGenericZombie,2,2,GroupGenericZombie,3,4,GroupGenericZombie,3,4,GroupGenericZombie,3,4" />
  <property name="SleeperIsLootVolume" value="False,False,False,False,False,False,False,False,False,False,False,False,False,False,False,False,False,False,False,False,False,False,False,False,False,False,False,False,False,False,False,False,False,False,False,False,False,False,False,False,False,False,False,False,False,False,False,False,False,False,False,False,False,False,False,False,False,False,False" />
  <property name="SleeperIsQuestExclude" value="False,False,False,False,False,False,False,False,False,False,False,False,False,False,False,False,False,False,False,False,False,False,False,False,False,False,False,False,False,False,False,False,False,False,False,False,False,False,False,False,False,False,False,False,False,False,False,False,False,False,False,False,False,False,False,False,False,False,False" />
  <property name="SleeperVolumeFlags" value="2,0,0,0,0,0,0,0,0,4,0,0,0,0,0,0,0,0,0,0,0,0,0,0,0,0,0,0,0,0,0,0,0,0,0,0,2,0,0,0,0,0,0,0,0,0,0,0,0,0,0,0,0,2,2,0,4,4,4" />
  <property name="SleeperVolumeTriggeredBy" value=" # # # # # # # # # # # # # # # # # # # # # # # # # # # # # # # # # # # # # # # # # # # # # # # # # # # # # # # # # # " />
  <property name="QuestTags" value="clear, restore_power, infested" />
  <property class="IndexedBlockOffsets">
    <property class="challenge_polymers">
      <property name="0" value="51, 18, 46" />
      <property name="1" value="49, 18, 47" />
      <property name="2" value="51, 6, 47" />
      <property name="3" value="51, 43, 47" />
    </property>
    <property class="POILight">
      <property name="0" value="48, 25, 46" />
      <property name="1" value="50, 25, 46" />
      <property name="2" value="50, 9, 48" />
      <property name="3" value="50, 7, 50" />
      <property name="4" value="52, 8, 50" />
      <property name="5" value="53, 8, 50" />
      <property name="6" value="54, 8, 50" />
    </property>
    <property class="TraderOnOff">
      <property name="0" value="47, 12, 49" />
      <property name="1" value="47, 17, 49" />
      <property name="2" value="47, 22, 49" />
      <property name="3" value="47, 27, 49" />
      <property name="4" value="47, 32, 49" />
      <property name="5" value="47, 37, 49" />
    </property>
    <property class="challenge_sinks">
      <property name="0" value="47, 12, 47" />
      <property name="1" value="47, 17, 47" />
      <property name="2" value="49, 6, 47" />
      <property name="3" value="49, 43, 47" />
      <property name="4" value="49, 44, 47" />
      <property name="5" value="50, 13, 47" />
      <property name="6" value="50, 23, 47" />
      <property name="7" value="50, 28, 47" />
      <property name="8" value="50, 33, 47" />
      <property name="9" value="50, 38, 47" />
      <property name="10" value="53, 37, 48" />
      <property name="11" value="46, 17, 50" />
      <property name="12" value="46, 22, 50" />
      <property name="13" value="46, 27, 50" />
      <property name="14" value="46, 32, 50" />
    </property>
    <property class="challenge_pallet">
      <property name="0" value="52, 38, 34" />
      <property name="1" value="52, 37, 35" />
      <property name="2" value="52, 38, 36" />
      <property name="3" value="51, 27, 37" />
      <property name="4" value="52, 38, 37" />
      <property name="5" value="51, 38, 40" />
    </property>
    <property class="challenge_mech_parts">
      <property name="0" value="51, 17, 35" />
      <property name="1" value="51, 12, 37" />
      <property name="2" value="50, 6, 39" />
      <property name="3" value="48, 6, 43" />
    </property>
    <property class="quest_wood_trees">
      <property name="0" value="53, 6, 57" />
    </property>
    <property class="Rally">
      <property name="0" value="24, 6, 3" />
    </property>
    <property class="quest_wood">
      <property name="0" value="32, 7, 33" />
      <property name="1" value="32, 7, 36" />
      <property name="2" value="32, 7, 45" />
    </property>
    <property class="challenge_leather">
      <property name="0" value="51, 22, 38" />
    </property>
    <property class="challenge_steel">
      <property name="0" value="45, 19, 10" />
    </property>
    <property class="challenge_gore">
      <property name="0" value="50, 7, 48" />
    </property>
    <property class="QuestRestorePower">
      <property name="0" value="51, 6, 12" />
    </property>
  </property>
  <property class="Stats">
    <property name="TotalVertices" value="3279008" />
    <property name="TotalTriangles" value="1351705" />
    <property class="BlockEntities">
      <property name="Vertices" value="2602078" />
      <property name="Triangles" value="938894" />
    </property>
    <property class="ChunkMeshes0">
      <property name="Vertices" value="654780" />
      <property name="Triangles" value="388715" />
    </property>
    <property class="ChunkMeshes1">
      <property name="Vertices" value="1536" />
      <property name="Triangles" value="768" />
    </property>
    <property class="ChunkMeshes2">
      <property name="Vertices" value="9624" />
      <property name="Triangles" value="5096" />
    </property>
    <property class="ChunkMeshes3">
      <property name="Vertices" value="360" />
      <property name="Triangles" value="180" />
    </property>
    <property class="ChunkMeshes4">
      <property name="Vertices" value="0" />
      <property name="Triangles" value="0" />
    </property>
    <property class="ChunkMeshes5">
      <property name="Vertices" value="10630" />
      <property name="Triangles" value="18052" />
    </property>
  </property>
</prefab>