﻿<?xml version="1.0" encoding="UTF-8"?>
<prefab>
  <property name="CopyAirBlocks" value="True" />
  <property name="AllowTopSoilDecorations" value="True" />
  <property name="TraderArea" value="False" />
  <property name="ExcludeDistantPOIMesh" value="False" />
  <property name="ExcludePOICulling" value="False" />
  <property name="QuestTags" value="clear, fetch, infested" />
  <property name="DifficultyTier" value="3" />
  <property name="Zoning" value="ResidentialNew, ResidentialOld, Residential" />
  <property name="RotationToFaceNorth" value="3" />
  <property name="YOffset" value="-5" />
  <property name="DistantPOIYOffset" value="0" />
  <property name="AllowedBiomes" value="burnt_forest,snow,plains,pine_forest,forest,desert,wasteland" />
  <property name="AllowedTownships" value="rural,town,wilderness" />
  <property name="EditorGroups" value="Wilderness" />
  <property name="SleeperVolumeStart" value="8, 5, 14#8, 5, 22#8, 5, 38#17, 5, 38#17, 5, 22#28, 5, 25#28, 5, 45#28, 5, 14#36, 5, 37#36, 5, 14#35, 8, 33#44, 9, 29#35, 9, 25#36, 9, 15#45, 9, 15#32, 10, 18#35, 13, 15" />
  <property name="SleeperVolumeSize" value="20, 3, 8#9, 3, 16#9, 3, 20#11, 3, 20#11, 3, 16#7, 3, 20#8, 3, 13#8, 2, 11#17, 3, 21#16, 2, 22#9, 3, 3#8, 3, 7#9, 3, 8#8, 2, 10#7, 2, 14#4, 3, 6#17, 2, 21" />
  <property name="SleeperVolumeGroup" value="S_-Group_Generic_Zombie,1,2,S_-Group_Generic_Zombie,1,2,S_-Group_Generic_Zombie,1,2,S_-Group_Generic_Zombie,1,2,S_-Group_Generic_Zombie,1,2,S_-Group_Generic_Zombie,1,1,S_-Group_Generic_Zombie,1,1,S_-Group_Generic_Zombie,1,3,S_-Group_Generic_Zombie,3,4,S_-Group_Generic_Zombie,6,7,S_-Group_Generic_Zombie,1,1,S_-Group_Generic_Zombie,1,3,S_-Group_Generic_Zombie,2,3,S_-Group_Generic_Zombie,2,4,S_-Group_Generic_Zombie,2,5,S_-Group_Generic_Zombie,2,3,S_-Group_Generic_Zombie,6,8" />
  <property name="SleeperVolumeGameStageAdjust" value=",,,,,,0,,,,,,,,,," />
  <property name="SleeperIsLootVolume" value="False,False,False,False,False,False,False,False,False,False,False,False,False,False,False,False,False" />
  <property name="SleeperIsQuestExclude" value="False,False,False,False,False,False,False,False,False,False,False,False,False,False,False,False,False" />
  <property name="SleeperVolumeFlags" value="0,0,0,0,1,0,0,0,0,0,0,0,0,0,0,0,0" />
  <property name="SleeperVolumeGroupId" value="0,0,0,0,0,0,0,0,0,0,0,0,0,0,0,0,0" />
  <property name="ShowQuestClearCount" value="0" />
  <property name="PrefabSize" value="60, 18, 60" />
  <property name="Tags" value="wilderness,countrytown,rural" />
  <property name="SleeperVolumeTriggeredBy" value=" # # # # # # # # # # # # # # # # " />
  <property class="IndexedBlockOffsets">
    <property class="Rally">
      <property name="0" value="29, 5, 5" />
    </property>
    <property class="quest_stone">
      <property name="0" value="24, 5, 45" />
    </property>
    <property class="POILight">
      <property name="0" value="46, 7, 30" />
      <property name="1" value="50, 5, 30" />
      <property name="2" value="46, 7, 32" />
      <property name="3" value="50, 5, 33" />
    </property>
    <property class="FetchContainer">
      <property name="0" value="47, 10, 33" />
    </property>
    <property class="TraderOnOff">
      <property name="0" value="49, 9, 21" />
      <property name="1" value="50, 9, 22" />
      <property name="2" value="46, 5, 26" />
      <property name="3" value="46, 9, 28" />
      <property name="4" value="50, 9, 28" />
    </property>
  </property>
  <property class="Stats">
    <property name="TotalVertices" value="1329306" />
    <property name="TotalTriangles" value="581396" />
    <property class="BlockEntities">
      <property name="Vertices" value="1244301" />
      <property name="Triangles" value="523985" />
    </property>
    <property class="ChunkMeshes0">
      <property name="Vertices" value="58427" />
      <property name="Triangles" value="30291" />
    </property>
    <property class="ChunkMeshes1">
      <property name="Vertices" value="6528" />
      <property name="Triangles" value="3264" />
    </property>
    <property class="ChunkMeshes2">
      <property name="Vertices" value="0" />
      <property name="Triangles" value="0" />
    </property>
    <property class="ChunkMeshes3">
      <property name="Vertices" value="5640" />
      <property name="Triangles" value="4332" />
    </property>
    <property class="ChunkMeshes4">
      <property name="Vertices" value="4080" />
      <property name="Triangles" value="2040" />
    </property>
    <property class="ChunkMeshes5">
      <property name="Vertices" value="0" />
      <property name="Triangles" value="0" />
    </property>
    <property class="ChunkMeshes6">
      <property name="Vertices" value="10330" />
      <property name="Triangles" value="17484" />
    </property>
  </property>
</prefab>