﻿<?xml version="1.0" encoding="UTF-8"?>
<prefab>
  <property name="CopyAirBlocks" value="True" />
  <property name="AllowTopSoilDecorations" value="False" />
  <property name="Zoning" value="Industrial" />
  <property name="RotationToFaceNorth" value="2" />
  <property name="AllowedTownships" value="town,rural,wilderness" />
  <property name="ExcludeDistantPOIMesh" value="False" />
  <property name="TraderArea" value="False" />
  <property name="DistantPOIYOffset" value="0" />
  <property name="EditorGroups" value="industrial" />
  <property name="DifficultyTier" value="0" />
  <property name="ExcludePOICulling" value="False" />
  <property name="YOffset" value="-1" />
  <property name="ShowQuestClearCount" value="1" />
  <property name="Tags" value="wilderness,industrial,residential,countrytown,nodiagonal" />
  <property name="PrefabSize" value="25, 16, 25" />
  <property class="Stats">
    <property name="TotalVertices" value="28170" />
    <property name="TotalTriangles" value="26878" />
    <property class="BlockEntities">
      <property name="Vertices" value="12024" />
      <property name="Triangles" value="15321" />
    </property>
    <property class="ChunkMeshes0">
      <property name="Vertices" value="13238" />
      <property name="Triangles" value="8101" />
    </property>
    <property class="ChunkMeshes1">
      <property name="Vertices" value="1280" />
      <property name="Triangles" value="640" />
    </property>
    <property class="ChunkMeshes2">
      <property name="Vertices" value="0" />
      <property name="Triangles" value="0" />
    </property>
    <property class="ChunkMeshes3">
      <property name="Vertices" value="0" />
      <property name="Triangles" value="0" />
    </property>
    <property class="ChunkMeshes4">
      <property name="Vertices" value="0" />
      <property name="Triangles" value="0" />
    </property>
    <property class="ChunkMeshes5">
      <property name="Vertices" value="0" />
      <property name="Triangles" value="0" />
    </property>
    <property class="ChunkMeshes6">
      <property name="Vertices" value="0" />
      <property name="Triangles" value="0" />
    </property>
    <property class="ChunkMeshes7">
      <property name="Vertices" value="1628" />
      <property name="Triangles" value="2816" />
    </property>
    <property class="ChunkMeshes8">
      <property name="Vertices" value="0" />
      <property name="Triangles" value="0" />
    </property>
    <property class="ChunkMeshes9">
      <property name="Vertices" value="0" />
      <property name="Triangles" value="0" />
    </property>
  </property>
  <property class="IndexedBlockOffsets">
    <property class="Rally">
      <property name="0" value="11, 1, 2" />
    </property>
  </property>
</prefab>