﻿<?xml version="1.0" encoding="UTF-8"?>
<prefab>
  <property name="CopyAirBlocks" value="True" />
  <property name="AllowTopSoilDecorations" value="True" />
  <property name="TraderArea" value="False" />
  <property name="ExcludeDistantPOIMesh" value="False" />
  <property name="ExcludePOICulling" value="False" />
  <property name="QuestTags" value="clear, fetch, infested" />
  <property name="DifficultyTier" value="3" />
  <property name="Zoning" value="ResidentialNew, ResidentialOld, Residential" />
  <property name="RotationToFaceNorth" value="3" />
  <property name="YOffset" value="-1" />
  <property name="DistantPOIYOffset" value="0" />
  <property name="AllowedBiomes" value="burnt_forest,snow,pine_forest,forest,desert,wasteland" />
  <property name="AllowedTownships" value="city,rural,town,wilderness" />
  <property name="EditorGroups" value="house new, house old, rural" />
  <property name="SleeperVolumeStart" value="14, 1, 1#11, 6, 2#4, 6, 23#17, 1, 31#19, 1, 23#13, 1, 24#13, 2, 31#13, 2, 35#1, 1, 2" />
  <property name="SleeperVolumeSize" value="22, 3, 22#25, 4, 21#26, 4, 16#17, 3, 9#14, 3, 8#6, 4, 7#4, 4, 4#4, 4, 4#11, 3, 21" />
  <property name="SleeperVolumeGroup" value="GroupAbandonedHouse,5,5,GroupAbandonedHouse,5,5,GroupZomBadassOnly,3,3,GroupAbandonedHouse,4,4,GroupAbandonedHouse,3,3,GroupAbandonedHouse,1,2,GroupAbandonedHouse,1,2,GroupZomBadassOnly,1,1,GroupGenericZombie,2,2" />
  <property name="SleeperVolumeGameStageAdjust" value=",,,,,,,," />
  <property name="SleeperIsLootVolume" value="False,False,False,False,False,False,False,False,False" />
  <property name="SleeperIsQuestExclude" value="False,False,False,False,False,False,False,False,False" />
  <property name="SleeperVolumeFlags" value="0,0,0,0,0,0,0,0,0" />
  <property name="SleeperVolumeGroupId" value="0,0,0,0,0,0,0,0,0" />
  <property name="ShowQuestClearCount" value="0" />
  <property name="PrefabSize" value="42, 16, 42" />
  <property name="Tags" value="residential" />
  <property name="SleeperVolumeTriggeredBy" value=" # # # # # # # # " />
  <property class="IndexedBlockOffsets">
    <property class="Rally">
      <property name="0" value="3, 1, 5" />
    </property>
    <property class="challenge_gore">
      <property name="0" value="23, 2, 26" />
    </property>
    <property class="POILight">
      <property name="0" value="21, 4, 37" />
    </property>
    <property class="TraderOnOff">
      <property name="0" value="24, 2, 21" />
      <property name="1" value="24, 2, 26" />
      <property name="2" value="22, 2, 28" />
      <property name="3" value="23, 2, 31" />
    </property>
    <property class="FetchContainer">
      <property name="0" value="21, 1, 27" />
      <property name="1" value="27, 7, 27" />
    </property>
    <property class="challenge_sinks">
      <property name="0" value="19, 6, 22" />
      <property name="1" value="19, 2, 27" />
      <property name="2" value="19, 3, 29" />
      <property name="3" value="13, 2, 30" />
      <property name="4" value="15, 3, 30" />
      <property name="5" value="16, 3, 30" />
    </property>
    <property class="challenge_pallet">
      <property name="0" value="29, 6, 15" />
      <property name="1" value="29, 7, 15" />
    </property>
    <property class="challenge_officechairs">
      <property name="0" value="28, 6, 27" />
    </property>
    <property class="quest_feather">
      <property name="0" value="28, 14, 31" />
    </property>
  </property>
  <property class="Stats">
    <property name="TotalVertices" value="604984" />
    <property name="TotalTriangles" value="292871" />
    <property class="BlockEntities">
      <property name="Vertices" value="534375" />
      <property name="Triangles" value="251234" />
    </property>
    <property class="ChunkMeshes0">
      <property name="Vertices" value="65027" />
      <property name="Triangles" value="33757" />
    </property>
    <property class="ChunkMeshes1">
      <property name="Vertices" value="0" />
      <property name="Triangles" value="0" />
    </property>
    <property class="ChunkMeshes2">
      <property name="Vertices" value="872" />
      <property name="Triangles" value="492" />
    </property>
    <property class="ChunkMeshes3">
      <property name="Vertices" value="0" />
      <property name="Triangles" value="0" />
    </property>
    <property class="ChunkMeshes4">
      <property name="Vertices" value="0" />
      <property name="Triangles" value="0" />
    </property>
    <property class="ChunkMeshes5">
      <property name="Vertices" value="4710" />
      <property name="Triangles" value="7388" />
    </property>
  </property>
</prefab>