﻿<?xml version="1.0" encoding="UTF-8"?>
<prefab>
  <property name="CopyAirBlocks" value="True" />
  <property name="AllowTopSoilDecorations" value="False" />
  <property name="TraderArea" value="False" />
  <property name="ExcludeDistantPOIMesh" value="False" />
  <property name="ExcludePOICulling" value="False" />
  <property name="QuestTags" value="clear, fetch, infested" />
  <property name="DifficultyTier" value="2" />
  <property name="Zoning" value="Commercial, Downtown, ResidentialNew, ResidentialOld, Residential" />
  <property name="RotationToFaceNorth" value="2" />
  <property name="YOffset" value="-10" />
  <property name="DistantPOIYOffset" value="0" />
  <property name="AllowedBiomes" value="burnt_forest,snow,plains,pine_forest,forest,desert,wasteland" />
  <property name="AllowedTownships" value="city,rural,town,wilderness" />
  <property name="EditorGroups" value="Wilderness" />
  <property name="SleeperVolumeStart" value="7, 2, 13#7, 10, 11#7, 17, 13#6, 9, 34" />
  <property name="SleeperVolumeSize" value="46, 3, 31#46, 6, 33#46, 6, 31#16, 6, 11" />
  <property name="SleeperVolumeGroup" value="GroupGenericZombie,4,4,GroupAbandonedHouse,10,10,GroupAbandonedHouse,10,10,ZomFatCops,3,3" />
  <property name="SleeperVolumeGameStageAdjust" value="," />
  <property name="SleeperIsLootVolume" value="False,False,False,True" />
  <property name="SleeperIsBossVolume" value="False,False" />
  <property name="SleeperVolumeFlags" value="0,0,0,0" />
  <property name="SleeperVolumeGroupId" value="0,0,0,0" />
  <property name="ShowQuestClearCount" value="1" />
  <property name="SleeperIsQuestExclude" value="False,False,False,False" />
  <property name="PrefabSize" value="60, 23, 60" />
  <property name="Tags" value="countrytown, commercial" />
  <property name="SleeperVolumeTriggeredBy" value=" # # # " />
  <property class="IndexedBlockOffsets">
    <property class="TraderOnOff">
      <property name="0" value="31, 10, 34" />
    </property>
    <property class="POILight">
      <property name="0" value="48, 14, 30" />
      <property name="1" value="49, 6, 34" />
      <property name="2" value="49, 14, 34" />
      <property name="3" value="50, 10, 34" />
      <property name="4" value="48, 14, 38" />
      <property name="5" value="49, 6, 39" />
      <property name="6" value="49, 10, 40" />
      <property name="7" value="46, 14, 41" />
      <property name="8" value="50, 14, 41" />
    </property>
    <property class="challenge_gore">
      <property name="0" value="50, 2, 22" />
    </property>
    <property class="challenge_mech_parts">
      <property name="0" value="48, 18, 34" />
    </property>
    <property class="FetchContainer">
      <property name="0" value="45, 18, 32" />
    </property>
    <property class="Rally">
      <property name="0" value="21, 10, 6" />
    </property>
    <property class="challenge_leather">
      <property name="0" value="47, 10, 30" />
      <property name="1" value="50, 10, 30" />
      <property name="2" value="51, 10, 30" />
      <property name="3" value="52, 10, 30" />
      <property name="4" value="47, 10, 31" />
      <property name="5" value="50, 10, 31" />
      <property name="6" value="52, 10, 31" />
      <property name="7" value="50, 10, 32" />
      <property name="8" value="52, 10, 32" />
      <property name="9" value="52, 10, 33" />
      <property name="10" value="52, 10, 34" />
      <property name="11" value="52, 10, 35" />
      <property name="12" value="52, 10, 36" />
      <property name="13" value="49, 10, 37" />
      <property name="14" value="50, 10, 37" />
      <property name="15" value="51, 10, 37" />
      <property name="16" value="52, 10, 37" />
      <property name="17" value="46, 10, 38" />
      <property name="18" value="47, 10, 38" />
      <property name="19" value="48, 10, 38" />
      <property name="20" value="49, 10, 38" />
      <property name="21" value="50, 10, 38" />
      <property name="22" value="51, 10, 38" />
      <property name="23" value="52, 10, 38" />
      <property name="24" value="46, 10, 39" />
      <property name="25" value="52, 10, 39" />
      <property name="26" value="46, 10, 40" />
      <property name="27" value="52, 10, 40" />
      <property name="28" value="46, 10, 41" />
      <property name="29" value="52, 10, 41" />
      <property name="30" value="46, 10, 42" />
      <property name="31" value="52, 10, 42" />
      <property name="32" value="46, 10, 43" />
      <property name="33" value="47, 10, 43" />
      <property name="34" value="48, 10, 43" />
      <property name="35" value="49, 10, 43" />
      <property name="36" value="50, 10, 43" />
      <property name="37" value="51, 10, 43" />
      <property name="38" value="52, 10, 43" />
    </property>
    <property class="challenge_sinks">
      <property name="0" value="33, 10, 35" />
      <property name="1" value="34, 10, 37" />
      <property name="2" value="34, 10, 39" />
      <property name="3" value="34, 10, 41" />
      <property name="4" value="34, 10, 43" />
    </property>
  </property>
  <property class="Stats">
    <property name="TotalVertices" value="1602847" />
    <property name="TotalTriangles" value="877344" />
    <property class="BlockEntities">
      <property name="Vertices" value="498455" />
      <property name="Triangles" value="218228" />
    </property>
    <property class="ChunkMeshes0">
      <property name="Vertices" value="1088934" />
      <property name="Triangles" value="638394" />
    </property>
    <property class="ChunkMeshes1">
      <property name="Vertices" value="0" />
      <property name="Triangles" value="0" />
    </property>
    <property class="ChunkMeshes2">
      <property name="Vertices" value="2582" />
      <property name="Triangles" value="2250" />
    </property>
    <property class="ChunkMeshes3">
      <property name="Vertices" value="3288" />
      <property name="Triangles" value="1644" />
    </property>
    <property class="ChunkMeshes4">
      <property name="Vertices" value="0" />
      <property name="Triangles" value="0" />
    </property>
    <property class="ChunkMeshes5">
      <property name="Vertices" value="9588" />
      <property name="Triangles" value="16828" />
    </property>
  </property>
</prefab>