﻿<?xml version="1.0" encoding="UTF-8"?>
<prefab>
  <property name="CopyAirBlocks" value="True" />
  <property name="AllowTopSoilDecorations" value="True" />
  <property name="TraderArea" value="False" />
  <property name="ExcludeDistantPOIMesh" value="False" />
  <property name="ExcludePOICulling" value="False" />
  <property name="QuestTags" value="clear, fetch, infested" />
  <property name="DifficultyTier" value="3" />
  <property name="Zoning" value="Commercial, Downtown, Industrial, Residential" />
  <property name="RotationToFaceNorth" value="0" />
  <property name="YOffset" value="-2" />
  <property name="DistantPOIYOffset" value="0" />
  <property name="AllowedTownships" value="rural,town,wilderness" />
  <property name="EditorGroups" value="wilderness" />
  <property name="SleeperVolumeStart" value="-22, 2, 7#2, 1, 7#33, 1, 13#2, 1, 13#20, 1, 13" />
  <property name="SleeperVolumeSize" value="24, 8, 40#39, 8, 6#27, 8, 38#18, 11, 18#13, 11, 26" />
  <property name="SleeperVolumeGroup" value="S_-_Group_Lab_Worker,5,5,S_Zom_Utility_Worker,1,1,S_Zom_Janitor_Only,10,10,S_-_Group_Lab_Worker,10,10,S_-Group_Generic_Zombie,10,10" />
  <property name="SleeperVolumeGameStageAdjust" value=",,,," />
  <property name="SleeperIsLootVolume" value="False,False,False,False,False" />
  <property name="SleeperIsBossVolume" value="False,False,False,False,False" />
  <property name="SleeperVolumeFlags" value="0,0,0,0,0" />
  <property name="SleeperVolumeGroupId" value="0,0,0,0,0" />
  <property name="ShowQuestClearCount" value="1" />
  <property name="SleeperIsQuestExclude" value="False,False,False,False,False" />
  <property name="PrefabSize" value="60, 14, 60" />
  <property name="Tags" value="commercial,industrial,countrytown,countryresidential,rural" />
  <property name="SleeperVolumeTriggeredBy" value=" # # # # " />
  <property class="IndexedBlockOffsets">
    <property class="quest_stone_boulder">
      <property name="0" value="10, 2, 10" />
    </property>
    <property class="FetchContainer">
      <property name="0" value="49, 4, 34" />
    </property>
    <property class="POILight">
      <property name="0" value="46, 5, 31" />
      <property name="1" value="46, 5, 35" />
      <property name="2" value="46, 5, 39" />
      <property name="3" value="46, 5, 43" />
    </property>
    <property class="Rally">
      <property name="0" value="10, 2, 57" />
    </property>
    <property class="quest_stone">
      <property name="0" value="54, 2, 10" />
    </property>
    <property class="quest_feather">
      <property name="0" value="14, 6, 13" />
    </property>
    <property class="quest_wood_trees">
      <property name="0" value="55, 2, 49" />
    </property>
    <property class="brBlock">
      <property name="0" value="32, 9, 16" />
    </property>
    <property class="quest_wood">
      <property name="0" value="50, 2, 48" />
    </property>
  </property>
  <property class="Stats">
    <property name="TotalVertices" value="564989" />
    <property name="TotalTriangles" value="233821" />
    <property class="BlockEntities">
      <property name="Vertices" value="525220" />
      <property name="Triangles" value="201694" />
    </property>
    <property class="ChunkMeshes0">
      <property name="Vertices" value="30215" />
      <property name="Triangles" value="16227" />
    </property>
    <property class="ChunkMeshes1">
      <property name="Vertices" value="0" />
      <property name="Triangles" value="0" />
    </property>
    <property class="ChunkMeshes2">
      <property name="Vertices" value="78" />
      <property name="Triangles" value="52" />
    </property>
    <property class="ChunkMeshes3">
      <property name="Vertices" value="0" />
      <property name="Triangles" value="0" />
    </property>
    <property class="ChunkMeshes4">
      <property name="Vertices" value="48" />
      <property name="Triangles" value="24" />
    </property>
    <property class="ChunkMeshes5">
      <property name="Vertices" value="0" />
      <property name="Triangles" value="0" />
    </property>
    <property class="ChunkMeshes6">
      <property name="Vertices" value="9428" />
      <property name="Triangles" value="15824" />
    </property>
  </property>
</prefab>