﻿<?xml version="1.0" encoding="UTF-8"?>
<prefab>
  <property name="CopyAirBlocks" value="True" />
  <property name="AllowTopSoilDecorations" value="True" />
  <property name="TraderArea" value="False" />
  <property name="ExcludeDistantPOIMesh" value="False" />
  <property name="ExcludePOICulling" value="False" />
  <property name="QuestTags" value="clear, fetch, infested" />
  <property name="DifficultyTier" value="2" />
  <property name="Zoning" value="Downtown, Industrial, ResidentialNew, ResidentialOld, Residential" />
  <property name="RotationToFaceNorth" value="2" />
  <property name="YOffset" value="-1" />
  <property name="DistantPOIYOffset" value="0" />
  <property name="AllowedBiomes" value="burnt_forest,snow,plains,pine_forest,forest,desert,wasteland" />
  <property name="AllowedTownships" value="city,rural,town" />
  <property name="EditorGroups" value="Wilderness" />
  <property name="SleeperVolumeStart" value="8, 1, 11#8, 6, 11#8, 10, 11" />
  <property name="SleeperVolumeSize" value="27, 3, 24#27, 3, 24#27, 3, 24" />
  <property name="SleeperVolumeGroup" value="GroupGenericZombie,4,4,GroupGenericZombie,8,8,ZomHazMatOnly,8,8" />
  <property name="SleeperVolumeGameStageAdjust" value=",," />
  <property name="SleeperIsLootVolume" value="False,False,False" />
  <property name="SleeperIsQuestExclude" value="False,False,False" />
  <property name="SleeperVolumeFlags" value="0,0,0" />
  <property name="SleeperVolumeGroupId" value="0,0,0" />
  <property name="ShowQuestClearCount" value="0" />
  <property name="PrefabSize" value="42, 23, 42" />
  <property name="Tags" value="commercial, downtown" />
  <property name="SleeperVolumeTriggeredBy" value=" # # " />
  <property class="IndexedBlockOffsets">
    <property class="challenge_gore">
      <property name="0" value="31, 2, 22" />
      <property name="1" value="33, 2, 23" />
    </property>
    <property class="challenge_cars">
      <property name="0" value="16, 1, 3" />
    </property>
    <property class="challenge_sinks">
      <property name="0" value="29, 2, 25" />
      <property name="1" value="29, 6, 25" />
      <property name="2" value="29, 11, 25" />
      <property name="3" value="30, 3, 25" />
      <property name="4" value="30, 10, 25" />
      <property name="5" value="29, 2, 32" />
      <property name="6" value="29, 6, 32" />
      <property name="7" value="29, 10, 32" />
      <property name="8" value="30, 3, 32" />
      <property name="9" value="32, 11, 33" />
    </property>
    <property class="FetchContainer">
      <property name="0" value="30, 15, 21" />
      <property name="1" value="30, 2, 22" />
    </property>
    <property class="TraderOnOff">
      <property name="0" value="21, 2, 27" />
      <property name="1" value="21, 6, 27" />
      <property name="2" value="21, 10, 27" />
      <property name="3" value="28, 6, 27" />
      <property name="4" value="28, 10, 27" />
      <property name="5" value="21, 2, 34" />
      <property name="6" value="21, 6, 34" />
      <property name="7" value="21, 10, 34" />
      <property name="8" value="28, 2, 34" />
      <property name="9" value="28, 6, 34" />
      <property name="10" value="28, 10, 34" />
    </property>
    <property class="Rally">
      <property name="0" value="28, 1, 2" />
    </property>
    <property class="challenge_officechairs">
      <property name="0" value="29, 2, 16" />
      <property name="1" value="28, 2, 18" />
    </property>
    <property class="brBlock">
      <property name="0" value="25, 1, 29" />
    </property>
  </property>
  <property class="Stats">
    <property name="TotalVertices" value="901987" />
    <property name="TotalTriangles" value="394573" />
    <property class="BlockEntities">
      <property name="Vertices" value="781268" />
      <property name="Triangles" value="324887" />
    </property>
    <property class="ChunkMeshes0">
      <property name="Vertices" value="108979" />
      <property name="Triangles" value="56328" />
    </property>
    <property class="ChunkMeshes1">
      <property name="Vertices" value="0" />
      <property name="Triangles" value="0" />
    </property>
    <property class="ChunkMeshes2">
      <property name="Vertices" value="7030" />
      <property name="Triangles" value="5970" />
    </property>
    <property class="ChunkMeshes3">
      <property name="Vertices" value="0" />
      <property name="Triangles" value="0" />
    </property>
    <property class="ChunkMeshes4">
      <property name="Vertices" value="0" />
      <property name="Triangles" value="0" />
    </property>
    <property class="ChunkMeshes5">
      <property name="Vertices" value="4710" />
      <property name="Triangles" value="7388" />
    </property>
  </property>
</prefab>