﻿<?xml version="1.0" encoding="UTF-8"?>
<prefab>
  <property name="CopyAirBlocks" value="True" />
  <property name="AllowTopSoilDecorations" value="True" />
  <property name="TraderArea" value="False" />
  <property name="ExcludeDistantPOIMesh" value="False" />
  <property name="ExcludePOICulling" value="False" />
  <property name="QuestTags" value="clear, fetch, infested" />
  <property name="DifficultyTier" value="2" />
  <property name="Zoning" value="Commercial" />
  <property name="RotationToFaceNorth" value="0" />
  <property name="YOffset" value="-1" />
  <property name="DistantPOIYOffset" value="0" />
  <property name="MaxPerHub" value="2" />
  <property name="AllowedTownships" value="city,rural,town" />
  <property name="EditorGroups" value="Wilderness, industrial, commercial, downtown, rural" />
  <property name="SleeperVolumeStart" value="10, 1, 10#14, 1, 11#10, 1, 2#15, 1, 2" />
  <property name="SleeperVolumeSize" value="4, 3, 15#19, 3, 15#5, 3, 7#18, 3, 9" />
  <property name="SleeperVolumeGroup" value="GroupGenericZombie,4,5,GroupGenericZombie,6,8,GroupGenericZombie,4,5,GroupGenericZombie,6,8" />
  <property name="SleeperVolumeGameStageAdjust" value=",,," />
  <property name="SleeperIsLootVolume" value="False,False,False,False" />
  <property name="SleeperIsQuestExclude" value="False,False,False,False" />
  <property name="SleeperVolumeFlags" value="0,0,0,0" />
  <property name="SleeperVolumeGroupId" value="0,0,0,0" />
  <property name="ShowQuestClearCount" value="0" />
  <property name="PrefabSize" value="42, 11, 42" />
  <property name="Tags" value="commercial" />
  <property name="SleeperVolumeTriggeredBy" value=" # # # " />
  <property class="IndexedBlockOffsets">
    <property class="POILight">
      <property name="0" value="32, 8, 39" />
      <property name="1" value="34, 8, 39" />
    </property>
    <property class="challenge_officechairs">
      <property name="0" value="10, 1, 3" />
    </property>
    <property class="FetchContainer">
      <property name="0" value="24, 4, 6" />
      <property name="1" value="23, 3, 9" />
    </property>
    <property class="quest_feather">
      <property name="0" value="27, 7, 18" />
    </property>
    <property class="TraderOnOff">
      <property name="0" value="31, 1, 6" />
      <property name="1" value="23, 1, 7" />
      <property name="2" value="25, 6, 7" />
      <property name="3" value="31, 1, 7" />
    </property>
    <property class="challenge_sinks">
      <property name="0" value="27, 1, 6" />
      <property name="1" value="24, 1, 8" />
      <property name="2" value="29, 2, 8" />
    </property>
    <property class="quest_wood">
      <property name="0" value="25, 1, 29" />
    </property>
    <property class="challenge_cars">
      <property name="0" value="23, 1, 35" />
    </property>
    <property class="Rally">
      <property name="0" value="18, 1, 37" />
    </property>
    <property class="challenge_gore">
      <property name="0" value="24, 1, 27" />
      <property name="1" value="25, 1, 36" />
    </property>
  </property>
  <property class="Stats">
    <property name="TotalVertices" value="368327" />
    <property name="TotalTriangles" value="133041" />
    <property class="BlockEntities">
      <property name="Vertices" value="338804" />
      <property name="Triangles" value="113657" />
    </property>
    <property class="ChunkMeshes0">
      <property name="Vertices" value="25711" />
      <property name="Triangles" value="13952" />
    </property>
    <property class="ChunkMeshes1">
      <property name="Vertices" value="0" />
      <property name="Triangles" value="0" />
    </property>
    <property class="ChunkMeshes2">
      <property name="Vertices" value="304" />
      <property name="Triangles" value="152" />
    </property>
    <property class="ChunkMeshes3">
      <property name="Vertices" value="168" />
      <property name="Triangles" value="84" />
    </property>
    <property class="ChunkMeshes4">
      <property name="Vertices" value="0" />
      <property name="Triangles" value="0" />
    </property>
    <property class="ChunkMeshes5">
      <property name="Vertices" value="3340" />
      <property name="Triangles" value="5196" />
    </property>
  </property>
</prefab>