﻿<?xml version="1.0" encoding="UTF-8"?>
<prefab>
  <property name="CopyAirBlocks" value="True" />
  <property name="AllowTopSoilDecorations" value="False" />
  <property name="Zoning" value="ResidentialOld" />
  <property name="RotationToFaceNorth" value="2" />
  <property name="AllowedTownships" value="rural,town,wilderness" />
  <property name="YOffset" value="-10" />
  <property name="TraderArea" value="False" />
  <property name="ExcludeDistantPOIMesh" value="False" />
  <property name="SleeperVolumeSize" value="21, 6, 32#24, 5, 38" />
  <property name="SleeperVolumeStart" value="11, 10, 4#8, 1, 4" />
  <property name="SleeperVolumeGroup" value="S_-_Group_Abandoned_House,3,4,S_-_Group_Zom_Badass,5,7" />
  <property name="SleeperVolumeGameStageAdjust" value=",medium" />
  <property name="SleeperIsLootVolume" value="False,False" />
  <property name="DistantPOIYOffset" value="0" />
  <property name="EditorGroups" value="house old, Wilderness" />
  <property name="SleeperIsBossVolume" value="" />
  <property name="DifficultyTier" value="1" />
  <property name="ExcludePOICulling" value="False" />
  <property name="ShowQuestClearCount" value="1" />
  <property name="PrefabSize" value="42, 22, 42" />
  <property name="Tags" value="wilderness" />
  <property name="SleeperVolumeGroupId" value="0,0" />
  <property name="SleeperIsQuestExclude" value="False,False" />
  <property name="SleeperVolumeFlags" value="0,0" />
  <property name="SleeperVolumeTriggeredBy" value=" # " />
  <property name="QuestTags" value="clear, fetch, infested" />
  <property class="Stats">
    <property name="TotalVertices" value="139325" />
    <property name="TotalTriangles" value="71052" />
    <property class="BlockEntities">
      <property name="Vertices" value="112405" />
      <property name="Triangles" value="48054" />
    </property>
    <property class="ChunkMeshes0">
      <property name="Vertices" value="19508" />
      <property name="Triangles" value="10986" />
    </property>
    <property class="ChunkMeshes1">
      <property name="Vertices" value="0" />
      <property name="Triangles" value="0" />
    </property>
    <property class="ChunkMeshes2">
      <property name="Vertices" value="0" />
      <property name="Triangles" value="0" />
    </property>
    <property class="ChunkMeshes3">
      <property name="Vertices" value="204" />
      <property name="Triangles" value="196" />
    </property>
    <property class="ChunkMeshes4">
      <property name="Vertices" value="0" />
      <property name="Triangles" value="0" />
    </property>
    <property class="ChunkMeshes5">
      <property name="Vertices" value="0" />
      <property name="Triangles" value="0" />
    </property>
    <property class="ChunkMeshes6">
      <property name="Vertices" value="7208" />
      <property name="Triangles" value="11816" />
    </property>
  </property>
  <property class="IndexedBlockOffsets">
    <property class="quest_wood_trees">
      <property name="0" value="31, 10, 3" />
    </property>
    <property class="POILight">
      <property name="0" value="25, 3, 24" />
      <property name="1" value="29, 3, 24" />
      <property name="2" value="21, 3, 26" />
      <property name="3" value="23, 3, 30" />
      <property name="4" value="26, 3, 30" />
      <property name="5" value="24, 21, 34" />
    </property>
    <property class="Rally">
      <property name="0" value="21, 10, 1" />
    </property>
    <property class="TraderOnOff">
      <property name="0" value="26, 1, 24" />
      <property name="1" value="24, 1, 30" />
    </property>
    <property class="FetchContainer">
      <property name="0" value="27, 2, 32" />
    </property>
  </property>
</prefab>