﻿<?xml version="1.0" encoding="UTF-8"?>
<prefab>
  <property name="CopyAirBlocks" value="True" />
  <property name="AllowTopSoilDecorations" value="True" />
  <property name="TraderArea" value="False" />
  <property name="ExcludeDistantPOIMesh" value="False" />
  <property name="ExcludePOICulling" value="False" />
  <property name="DifficultyTier" value="4" />
  <property name="Zoning" value="NoZone" />
  <property name="RotationToFaceNorth" value="2" />
  <property name="YOffset" value="-26" />
  <property name="DistantPOIYOffset" value="0" />
  <property name="AllowedBiomes" value="burnt_forest,wasteland" />
  <property name="AllowedTownships" value="wilderness" />
  <property name="EditorGroups" value="Wilderness" />
  <property name="SleeperVolumeStart" value="4, 0, -3#4, 6, -3#4, 11, -3#4, 17, -3" />
  <property name="SleeperVolumeSize" value="35, 6, 46#35, 5, 46#35, 6, 46#35, 9, 46" />
  <property name="SleeperVolumeGroup" value="ZomBusinessman,12,14,ZomBusinessman,10,10,ZomBusinessman,10,14,ZomBusinessman,12,15" />
  <property name="SleeperVolumeGameStageAdjust" value=",,," />
  <property name="SleeperIsLootVolume" value="False,False,False,False" />
  <property name="SleeperIsQuestExclude" value="False,False,False,False" />
  <property name="SleeperVolumeFlags" value="0,0,0,0" />
  <property name="SleeperVolumeGroupId" value="0,0,0,0" />
  <property name="ShowQuestClearCount" value="0" />
  <property name="PrefabSize" value="42, 37, 42" />
  <property name="Tags" value="wilderness, rural" />
  <property name="SleeperVolumeTriggeredBy" value=" # # # " />
  <property name="QuestTags" value="clear, fetch, infested" />
  <property class="Stats">
    <property name="TotalVertices" value="1482104" />
    <property name="TotalTriangles" value="745207" />
    <property class="BlockEntities">
      <property name="Vertices" value="1146941" />
      <property name="Triangles" value="515384" />
    </property>
    <property class="ChunkMeshes0">
      <property name="Vertices" value="317393" />
      <property name="Triangles" value="204697" />
    </property>
    <property class="ChunkMeshes1">
      <property name="Vertices" value="0" />
      <property name="Triangles" value="0" />
    </property>
    <property class="ChunkMeshes2">
      <property name="Vertices" value="2124" />
      <property name="Triangles" value="1706" />
    </property>
    <property class="ChunkMeshes3">
      <property name="Vertices" value="2040" />
      <property name="Triangles" value="1020" />
    </property>
    <property class="ChunkMeshes4">
      <property name="Vertices" value="0" />
      <property name="Triangles" value="0" />
    </property>
    <property class="ChunkMeshes5">
      <property name="Vertices" value="13606" />
      <property name="Triangles" value="22400" />
    </property>
  </property>
  <property class="IndexedBlockOffsets">
    <property class="quest_wood">
      <property name="0" value="37, 26, 28" />
    </property>
    <property class="challenge_polymers">
      <property name="0" value="25, 5, 21" />
      <property name="1" value="28, 5, 21" />
      <property name="2" value="26, 3, 22" />
      <property name="3" value="25, 26, 23" />
      <property name="4" value="31, 26, 23" />
      <property name="5" value="31, 3, 24" />
      <property name="6" value="28, 5, 25" />
      <property name="7" value="33, 27, 25" />
      <property name="8" value="22, 14, 26" />
      <property name="9" value="22, 15, 26" />
      <property name="10" value="22, 16, 26" />
      <property name="11" value="22, 17, 26" />
      <property name="12" value="28, 11, 26" />
      <property name="13" value="30, 26, 26" />
      <property name="14" value="21, 3, 27" />
      <property name="15" value="24, 5, 28" />
      <property name="16" value="28, 14, 28" />
      <property name="17" value="28, 15, 28" />
      <property name="18" value="28, 16, 28" />
      <property name="19" value="28, 17, 28" />
      <property name="20" value="23, 5, 29" />
      <property name="21" value="23, 10, 29" />
      <property name="22" value="24, 12, 29" />
      <property name="23" value="26, 3, 29" />
      <property name="24" value="21, 23, 30" />
      <property name="25" value="21, 24, 30" />
      <property name="26" value="24, 20, 30" />
      <property name="27" value="24, 21, 30" />
      <property name="28" value="24, 22, 30" />
      <property name="29" value="24, 23, 30" />
      <property name="30" value="24, 24, 30" />
      <property name="31" value="28, 5, 30" />
      <property name="32" value="22, 3, 32" />
      <property name="33" value="23, 14, 33" />
      <property name="34" value="23, 15, 33" />
      <property name="35" value="23, 16, 33" />
      <property name="36" value="23, 17, 33" />
      <property name="37" value="27, 21, 33" />
      <property name="38" value="27, 22, 33" />
      <property name="39" value="27, 23, 33" />
      <property name="40" value="27, 24, 33" />
      <property name="41" value="24, 5, 34" />
      <property name="42" value="23, 12, 35" />
      <property name="43" value="25, 23, 35" />
    </property>
    <property class="challenge_mech_parts">
      <property name="0" value="25, 4, 10" />
      <property name="1" value="21, 3, 12" />
      <property name="2" value="22, 3, 12" />
      <property name="3" value="24, 3, 12" />
    </property>
    <property class="challenge_leather">
      <property name="0" value="30, 26, 37" />
      <property name="1" value="27, 26, 38" />
      <property name="2" value="28, 26, 38" />
      <property name="3" value="29, 26, 38" />
      <property name="4" value="30, 26, 38" />
    </property>
    <property class="challenge_gore">
      <property name="0" value="21, 15, 22" />
      <property name="1" value="30, 12, 22" />
      <property name="2" value="34, 3, 22" />
      <property name="3" value="28, 27, 23" />
      <property name="4" value="27, 3, 25" />
      <property name="5" value="32, 3, 25" />
      <property name="6" value="32, 3, 27" />
      <property name="7" value="23, 3, 29" />
      <property name="8" value="25, 19, 31" />
      <property name="9" value="26, 19, 32" />
      <property name="10" value="21, 3, 33" />
      <property name="11" value="22, 3, 33" />
      <property name="12" value="27, 19, 33" />
      <property name="13" value="22, 10, 35" />
    </property>
    <property class="TraderOnOff">
      <property name="0" value="26, 10, 12" />
      <property name="1" value="32, 26, 17" />
    </property>
    <property class="POILight">
      <property name="0" value="22, 32, 37" />
    </property>
    <property class="quest_feather">
      <property name="0" value="21, 36, 38" />
    </property>
    <property class="challenge_sinks">
      <property name="0" value="32, 26, 10" />
      <property name="1" value="31, 27, 12" />
    </property>
    <property class="Rally">
      <property name="0" value="39, 26, 2" />
    </property>
  </property>
</prefab>