﻿<?xml version="1.0" encoding="UTF-8"?>
<prefab>
  <property name="CopyAirBlocks" value="True" />
  <property name="AllowTopSoilDecorations" value="True" />
  <property name="TraderArea" value="False" />
  <property name="ExcludeDistantPOIMesh" value="False" />
  <property name="ExcludePOICulling" value="False" />
  <property name="DifficultyTier" value="1" />
  <property name="Zoning" value="none, NoZone" />
  <property name="RotationToFaceNorth" value="1" />
  <property name="YOffset" value="-7" />
  <property name="DistantPOIYOffset" value="0" />
  <property name="AllowedBiomes" value="burnt_forest,pine_forest,desert,wasteland" />
  <property name="AllowedTownships" value="rural,town,wilderness" />
  <property name="EditorGroups" value="rural, Wilderness" />
  <property name="TraderAreaProtect" value="20, 0, 20" />
  <property name="TraderAreaTeleportSize" value="53, 22, 51" />
  <property name="TraderAreaTeleportCenter" value="0, 0, 0" />
  <property name="SleeperVolumeStart" value="8, 1, 1#11, 7, 14#7, 7, 0" />
  <property name="SleeperVolumeSize" value="10, 6, 23#4, 4, 8#12, 5, 14" />
  <property name="SleeperVolumeGroup" value="GroupZomBadass,6,6,GroupGhostTown,1,1,GroupGenericZombie,1,1" />
  <property name="SleeperVolumeGameStageAdjust" value=",," />
  <property name="SleeperIsLootVolume" value="False,False,False" />
  <property name="SleeperIsQuestExclude" value="False,False,False" />
  <property name="SleeperVolumeFlags" value="0,0,0" />
  <property name="SleeperVolumeGroupId" value="0,0,0" />
  <property name="ShowQuestClearCount" value="0" />
  <property name="PrefabSize" value="25, 15, 25" />
  <property name="Tags" value="countryresidential, rural" />
  <property name="SleeperVolumeTriggeredBy" value=" # # " />
  <property name="QuestTags" value="clear, infested" />
  <property class="Stats">
    <property name="TotalVertices" value="179222" />
    <property name="TotalTriangles" value="67819" />
    <property class="BlockEntities">
      <property name="Vertices" value="163293" />
      <property name="Triangles" value="56280" />
    </property>
    <property class="ChunkMeshes0">
      <property name="Vertices" value="12933" />
      <property name="Triangles" value="6693" />
    </property>
    <property class="ChunkMeshes1">
      <property name="Vertices" value="64" />
      <property name="Triangles" value="32" />
    </property>
    <property class="ChunkMeshes2">
      <property name="Vertices" value="376" />
      <property name="Triangles" value="302" />
    </property>
    <property class="ChunkMeshes3">
      <property name="Vertices" value="0" />
      <property name="Triangles" value="0" />
    </property>
    <property class="ChunkMeshes4">
      <property name="Vertices" value="0" />
      <property name="Triangles" value="0" />
    </property>
    <property class="ChunkMeshes5">
      <property name="Vertices" value="2556" />
      <property name="Triangles" value="4512" />
    </property>
  </property>
  <property class="IndexedBlockOffsets">
    <property class="Rally">
      <property name="0" value="4, 7, 4" />
    </property>
    <property class="challenge_pallet">
      <property name="0" value="10, 1, 15" />
      <property name="1" value="10, 2, 15" />
      <property name="2" value="10, 1, 18" />
    </property>
    <property class="challenge_gore">
      <property name="0" value="17, 8, 15" />
      <property name="1" value="16, 8, 18" />
    </property>
    <property class="TraderOnOff">
      <property name="0" value="14, 8, 15" />
      <property name="1" value="15, 1, 19" />
      <property name="2" value="12, 7, 21" />
    </property>
    <property class="challenge_polymers">
      <property name="0" value="15, 10, 15" />
      <property name="1" value="17, 8, 21" />
    </property>
    <property class="POILight">
      <property name="0" value="15, 3, 20" />
    </property>
  </property>
</prefab>