﻿<?xml version="1.0" encoding="UTF-8"?>
<prefab>
  <property name="CopyAirBlocks" value="True" />
  <property name="AllowTopSoilDecorations" value="False" />
  <property name="Zoning" value="Commercial" />
  <property name="RotationToFaceNorth" value="2" />
  <property name="AllowedTownships" value="city,town,rural" />
  <property name="Condition" value="New" />
  <property name="YOffset" value="-1" />
  <property name="TraderArea" value="False" />
  <property name="ExcludeDistantPOIMesh" value="False" />
  <property name="DistantPOIYOffset" value="0" />
  <property name="EditorGroups" value="commercial" />
  <property name="DifficultyTier" value="2" />
  <property name="ExcludePOICulling" value="False" />
  <property name="Tags" value="commercial" />
  <property name="SleeperVolumeSize" value="8, 3, 9#8, 3, 9#9, 3, 9#25, 4, 20#31, 9, 43" />
  <property name="SleeperVolumeStart" value="22, 1, 30#14, 1, 30#5, 1, 30#5, 1, 10#5, 1, -3" />
  <property name="SleeperVolumeGroup" value="GroupZomBadass,1,2,GroupZomBadassOnly,4,5,GroupGenericZombie,3,4,GroupLabWorker,8,10,GroupGenericZombie,5,6" />
  <property name="SleeperVolumeGameStageAdjust" value=",,,," />
  <property name="SleeperIsLootVolume" value="True,True,True,True,False" />
  <property name="SleeperIsBossVolume" value="False,False,False,False,False" />
  <property name="ShowQuestClearCount" value="1" />
  <property name="SleeperVolumeGroupId" value="0,0,0,0,0" />
  <property name="SleeperIsQuestExclude" value="False,False,False,False,False" />
  <property name="SleeperVolumeFlags" value="0,0,0,0,0" />
  <property name="PrefabSize" value="42, 12, 42" />
  <property name="SleeperVolumeTriggeredBy" value=" # # # # " />
  <property name="QuestTags" value="clear, fetch, infested" />
  <property class="Stats">
    <property name="TotalVertices" value="388085" />
    <property name="TotalTriangles" value="131699" />
    <property class="BlockEntities">
      <property name="Vertices" value="362621" />
      <property name="Triangles" value="114817" />
    </property>
    <property class="ChunkMeshes0">
      <property name="Vertices" value="21726" />
      <property name="Triangles" value="11514" />
    </property>
    <property class="ChunkMeshes1">
      <property name="Vertices" value="0" />
      <property name="Triangles" value="0" />
    </property>
    <property class="ChunkMeshes2">
      <property name="Vertices" value="502" />
      <property name="Triangles" value="372" />
    </property>
    <property class="ChunkMeshes3">
      <property name="Vertices" value="0" />
      <property name="Triangles" value="0" />
    </property>
    <property class="ChunkMeshes4">
      <property name="Vertices" value="0" />
      <property name="Triangles" value="0" />
    </property>
    <property class="ChunkMeshes5">
      <property name="Vertices" value="3236" />
      <property name="Triangles" value="4996" />
    </property>
  </property>
  <property class="IndexedBlockOffsets">
    <property class="challenge_barrels">
      <property name="0" value="23, 1, 10" />
    </property>
    <property class="Rally">
      <property name="0" value="18, 1, 3" />
    </property>
    <property class="POILight">
      <property name="0" value="29, 3, 32" />
      <property name="1" value="25, 3, 34" />
      <property name="2" value="29, 3, 36" />
    </property>
    <property class="TraderOnOff">
      <property name="0" value="9, 1, 31" />
    </property>
    <property class="FetchContainer">
      <property name="0" value="13, 7, 11" />
    </property>
    <property class="challenge_vending">
      <property name="0" value="7, 1, 16" />
    </property>
    <property class="challenge_sinks">
      <property name="0" value="7, 2, 33" />
      <property name="1" value="12, 2, 33" />
      <property name="2" value="7, 1, 36" />
      <property name="3" value="12, 1, 36" />
    </property>
  </property>
</prefab>