﻿<?xml version="1.0" encoding="UTF-8"?>
<prefab>
  <property name="CopyAirBlocks" value="True" />
  <property name="AllowTopSoilDecorations" value="True" />
  <property name="TraderArea" value="False" />
  <property name="ExcludeDistantPOIMesh" value="False" />
  <property name="ExcludePOICulling" value="False" />
  <property name="QuestTags" value="clear, fetch" />
  <property name="DifficultyTier" value="5" />
  <property name="Zoning" value="none" />
  <property name="AllowedBiomes" value="burnt_forest,wasteland" />
  <property name="AllowedTownships" value="city" />
  <property name="RotationToFaceNorth" value="3" />
  <property name="YOffset" value="-2" />
  <property name="DistantPOIYOffset" value="0" />
  <property name="EditorGroups" value="Entertainment" />
  <property name="SleeperVolumeStart" value="1, 1, 0" />
  <property name="SleeperVolumeSize" value="97, 17, 100" />
  <property name="SleeperVolumeGroup" value="GroupNightClub,90,100" />
  <property name="SleeperVolumeGameStageAdjust" value="" />
  <property name="SleeperIsLootVolume" value="False" />
  <property name="SleeperIsQuestExclude" value="False" />
  <property name="SleeperVolumeFlags" value="2" />
  <property name="SleeperVolumeGroupId" value="0" />
  <property name="ShowQuestClearCount" value="3" />
  <property name="Tags" value="wasteland, industrial" />
  <property name="PrefabSize" value="100, 24, 100" />
  <property name="POIMarkerSize" value="1, 13, 8" />
  <property name="POIMarkerStart" value="-1, 1, 29" />
  <property name="POIMarkerGroup" value="1" />
  <property name="POIMarkerTags" value="" />
  <property name="POIMarkerType" value="PartSpawn" />
  <property name="POIMarkerPartToSpawn" value="part_driveway_industrial_10" />
  <property name="POIMarkerPartRotations" value="3" />
  <property name="POIMarkerPartSpawnChance" value="1" />
  <property name="SleeperVolumeTriggeredBy" value=" " />
  <property class="IndexedBlockOffsets">
    <property class="challenge_polymers">
      <property name="0" value="83, 2, 73" />
    </property>
    <property class="Rally">
      <property name="0" value="0, 3, 36" />
    </property>
    <property class="quest_wood_trees">
      <property name="0" value="98, 2, 54" />
    </property>
    <property class="quest_stone_boulder">
      <property name="0" value="94, 2, 98" />
    </property>
    <property class="quest_wood">
      <property name="0" value="90, 3, 91" />
    </property>
    <property class="challenge_cars">
      <property name="0" value="87, 2, 73" />
    </property>
    <property class="POILight">
      <property name="0" value="82, 2, 78" />
    </property>
    <property class="challenge_sinks">
      <property name="0" value="82, 5, 35" />
    </property>
    <property class="TraderOnOff">
      <property name="0" value="81, 10, 63" />
    </property>
    <property class="FetchContainer">
      <property name="0" value="91, 1, 24" />
    </property>
    <property class="challenge_gore">
      <property name="0" value="82, 6, 63" />
    </property>
    <property class="challenge_mech_parts">
      <property name="0" value="86, 6, 59" />
    </property>
    <property class="quest_feather">
      <property name="0" value="81, 11, 37" />
    </property>
    <property class="challenge_leather">
      <property name="0" value="80, 2, 22" />
    </property>
  </property>
  <property class="Stats">
    <property name="TotalVertices" value="1330436" />
    <property name="TotalTriangles" value="919354" />
    <property class="BlockEntities">
      <property name="Vertices" value="1042504" />
      <property name="Triangles" value="710611" />
    </property>
    <property class="ChunkMeshes0">
      <property name="Vertices" value="240356" />
      <property name="Triangles" value="152541" />
    </property>
    <property class="ChunkMeshes1">
      <property name="Vertices" value="3904" />
      <property name="Triangles" value="1952" />
    </property>
    <property class="ChunkMeshes2">
      <property name="Vertices" value="7310" />
      <property name="Triangles" value="5650" />
    </property>
    <property class="ChunkMeshes3">
      <property name="Vertices" value="8280" />
      <property name="Triangles" value="4140" />
    </property>
    <property class="ChunkMeshes4">
      <property name="Vertices" value="0" />
      <property name="Triangles" value="0" />
    </property>
    <property class="ChunkMeshes5">
      <property name="Vertices" value="28082" />
      <property name="Triangles" value="44460" />
    </property>
  </property>
</prefab>