﻿<?xml version="1.0" encoding="UTF-8"?>
<prefab>
  <property name="CopyAirBlocks" value="True" />
  <property name="AllowTopSoilDecorations" value="True" />
  <property name="TraderArea" value="False" />
  <property name="ExcludeDistantPOIMesh" value="False" />
  <property name="ExcludePOICulling" value="False" />
  <property name="DifficultyTier" value="1" />
  <property name="Zoning" value="Downtown, ResidentialNew, ResidentialOld, Residential" />
  <property name="RotationToFaceNorth" value="2" />
  <property name="YOffset" value="-2" />
  <property name="DistantPOIYOffset" value="0" />
  <property name="AllowedBiomes" value="burnt_forest,snow,plains,pine_forest,forest,desert,wasteland" />
  <property name="AllowedTownships" value="city,rural,town,wilderness" />
  <property name="EditorGroups" value="wilderness" />
  <property name="SleeperVolumeStart" value="8, 1, 7#8, 1, 19" />
  <property name="SleeperVolumeSize" value="25, 8, 12#25, 3, 15" />
  <property name="SleeperVolumeGroup" value="S_-Group_Generic_Zombie,7,9,S_-Group_Generic_Zombie,7,9" />
  <property name="SleeperVolumeGameStageAdjust" value="," />
  <property name="SleeperIsLootVolume" value="False,False" />
  <property name="SleeperIsBossVolume" value="False,False" />
  <property name="SleeperVolumeFlags" value="0,0" />
  <property name="SleeperVolumeGroupId" value="0,0" />
  <property name="ShowQuestClearCount" value="1" />
  <property name="SleeperIsQuestExclude" value="False,False" />
  <property name="PrefabSize" value="42, 8, 42" />
  <property name="Tags" value="commercial,downtown,residential,countryresidential,rural" />
  <property name="SleeperVolumeTriggeredBy" value=" # " />
  <property name="QuestTags" value="clear, infested" />
  <property class="Stats">
    <property name="TotalVertices" value="173733" />
    <property name="TotalTriangles" value="85117" />
    <property class="BlockEntities">
      <property name="Vertices" value="156449" />
      <property name="Triangles" value="70731" />
    </property>
    <property class="ChunkMeshes0">
      <property name="Vertices" value="7614" />
      <property name="Triangles" value="3982" />
    </property>
    <property class="ChunkMeshes1">
      <property name="Vertices" value="0" />
      <property name="Triangles" value="0" />
    </property>
    <property class="ChunkMeshes2">
      <property name="Vertices" value="680" />
      <property name="Triangles" value="340" />
    </property>
    <property class="ChunkMeshes3">
      <property name="Vertices" value="0" />
      <property name="Triangles" value="0" />
    </property>
    <property class="ChunkMeshes4">
      <property name="Vertices" value="3864" />
      <property name="Triangles" value="1932" />
    </property>
    <property class="ChunkMeshes5">
      <property name="Vertices" value="0" />
      <property name="Triangles" value="0" />
    </property>
    <property class="ChunkMeshes6">
      <property name="Vertices" value="5126" />
      <property name="Triangles" value="8132" />
    </property>
  </property>
  <property class="IndexedBlockOffsets">
    <property class="Rally">
      <property name="0" value="20, 2, 4" />
    </property>
    <property class="quest_feather">
      <property name="0" value="21, 6, 31" />
      <property name="1" value="33, 4, 31" />
    </property>
    <property class="TraderOnOff">
      <property name="0" value="20, 2, 30" />
    </property>
  </property>
</prefab>