﻿<?xml version="1.0" encoding="UTF-8"?>
<prefab>
  <property name="CopyAirBlocks" value="True" />
  <property name="ExcludeDistantPOIMesh" value="False" />
  <property name="ExcludePOICulling" value="False" />
  <property name="DistantPOIYOffset" value="0" />
  <property name="AllowTopSoilDecorations" value="True" />
  <property name="DifficultyTier" value="5" />
  <property name="ShowQuestClearCount" value="3" />
  <property name="TraderArea" value="False" />
  <property name="PrefabSize" value="60, 30, 60" />
  <property name="RotationToFaceNorth" value="0" />
  <property name="Zoning" value="none" />
  <property name="QuestTags" value="clear, fetch, restore_power" />
  <property name="YOffset" value="-9" />
  <property name="EditorGroups" value="Destroyed, Entertainment" />
  <property name="Tags" value="desert, snow, downtown, pine_forest" />
  <property name="SleeperVolumeSize" value="15, 11, 2#15, 10, 16#24, 9, 18#23, 11, 14#19, 7, 20#40, 11, 53#16, 5, 15#22, 9, 14#7, 4, 25#22, 9, 14#14, 3, 16#13, 4, 15#22, 9, 14#9, 6, 5" />
  <property name="SleeperVolumeStart" value="43, 9, 32#43, 9, 35#19, 9, 32#35, 9, 17#40, 20, 32#0, 19, 0#1, 3, 33#4, 9, 17#27, 14, 2#4, 9, 2#3, 15, 33#4, 9, 33#35, 9, 2#49, 3, 34" />
  <property name="SleeperVolumeGroupId" value="0,0,0,0,0,0,0,0,0,0,0,0,0,0" />
  <property name="SleeperVolumeGroup" value="GroupZomBadass,1,4,GroupZomBadass,10,20,GroupZomBadass,15,20,GroupZomBadass,20,32,animalZombieVulture,4,5,GroupZomBadassOnly,20,40,GroupSpecialInfected,12,19,GroupZomBadass,10,18,zombieJanitorRadiated,15,22,GroupSpecialInfected,12,20,ZomBusinessman,5,10,GroupNightClub,5,8,GroupZomBadass,6,7,zombieMutatedRadiated,1,1" />
  <property name="SleeperIsLootVolume" value="False,True,True,True,True,True,True,True,True,True,True,True,True,False" />
  <property name="SleeperIsQuestExclude" value="False,False,False,False,False,False,False,False,False,False,False,False,False,False" />
  <property name="SleeperVolumeFlags" value="0,0,0,0,0,2,2,0,2,0,0,0,0,2" />
  <property name="SleeperVolumeTriggeredBy" value=" # # # # # # # # # # # # # " />
  <property class="IndexedBlockOffsets">
    <property class="POILight">
      <property name="0" value="47, 17, 47" />
      <property name="1" value="53, 17, 47" />
      <property name="2" value="50, 12, 49" />
      <property name="3" value="49, 13, 51" />
      <property name="4" value="51, 13, 51" />
    </property>
    <property class="challenge_leather">
      <property name="0" value="55, 9, 46" />
      <property name="1" value="55, 14, 46" />
      <property name="2" value="56, 9, 46" />
      <property name="3" value="56, 14, 46" />
      <property name="4" value="55, 9, 49" />
      <property name="5" value="55, 14, 49" />
      <property name="6" value="56, 9, 49" />
      <property name="7" value="56, 14, 49" />
    </property>
    <property class="challenge_gore">
      <property name="0" value="47, 14, 36" />
      <property name="1" value="53, 14, 39" />
      <property name="2" value="54, 9, 42" />
      <property name="3" value="47, 9, 45" />
    </property>
    <property class="challenge_polymers">
      <property name="0" value="48, 20, 46" />
    </property>
    <property class="TraderOnOff">
      <property name="0" value="52, 9, 34" />
      <property name="1" value="46, 9, 37" />
      <property name="2" value="48, 9, 37" />
    </property>
    <property class="challenge_sinks">
      <property name="0" value="48, 12, 33" />
      <property name="1" value="49, 12, 33" />
      <property name="2" value="53, 10, 33" />
      <property name="3" value="52, 6, 35" />
      <property name="4" value="47, 21, 36" />
      <property name="5" value="56, 10, 36" />
      <property name="6" value="47, 21, 37" />
      <property name="7" value="47, 21, 38" />
      <property name="8" value="47, 21, 39" />
    </property>
    <property class="QuestRestorePower">
      <property name="0" value="30, 19, 47" />
    </property>
    <property class="FetchContainer">
      <property name="0" value="44, 20, 35" />
      <property name="1" value="44, 14, 36" />
    </property>
    <property class="challenge_mech_parts">
      <property name="0" value="45, 14, 36" />
    </property>
    <property class="quest_wood_trees">
      <property name="0" value="46, 10, 55" />
      <property name="1" value="54, 10, 55" />
    </property>
    <property class="challenge_elec_parts">
      <property name="0" value="32, 20, 47" />
    </property>
    <property class="challenge_steel">
      <property name="0" value="21, 9, 48" />
      <property name="1" value="23, 9, 48" />
    </property>
    <property class="Rally">
      <property name="0" value="58, 9, 32" />
    </property>
  </property>
  <property class="Stats">
    <property name="TotalVertices" value="1391539" />
    <property name="TotalTriangles" value="591802" />
    <property class="BlockEntities">
      <property name="Vertices" value="1133748" />
      <property name="Triangles" value="434342" />
    </property>
    <property class="ChunkMeshes0">
      <property name="Vertices" value="243215" />
      <property name="Triangles" value="135494" />
    </property>
    <property class="ChunkMeshes1">
      <property name="Vertices" value="320" />
      <property name="Triangles" value="160" />
    </property>
    <property class="ChunkMeshes2">
      <property name="Vertices" value="2264" />
      <property name="Triangles" value="1254" />
    </property>
    <property class="ChunkMeshes3">
      <property name="Vertices" value="0" />
      <property name="Triangles" value="0" />
    </property>
    <property class="ChunkMeshes4">
      <property name="Vertices" value="0" />
      <property name="Triangles" value="0" />
    </property>
    <property class="ChunkMeshes5">
      <property name="Vertices" value="11992" />
      <property name="Triangles" value="20552" />
    </property>
  </property>
</prefab>