﻿<?xml version="1.0" encoding="UTF-8"?>
<prefab>
  <property name="CopyAirBlocks" value="True" />
  <property name="AllowTopSoilDecorations" value="False" />
  <property name="Zoning" value="Commercial, downtown" />
  <property name="RotationToFaceNorth" value="2" />
  <property name="AllowedTownships" value="city,town,rural" />
  <property name="YOffset" value="-1" />
  <property name="TraderArea" value="False" />
  <property name="DistantPOIYOffset" value="0" />
  <property name="ExcludeDistantPOIMesh" value="False" />
  <property name="SleeperVolumeSize" value="29, 9, 20#20, 9, 7#21, 9, 27#5, 5, 10#5, 5, 10#13, 5, 4#9, 4, 13" />
  <property name="SleeperVolumeStart" value="6, 0, 8#6, 0, 28#14, 9, 8#6, 0, 12#30, 0, 12#14, 0, 24#6, 5, 8" />
  <property name="SleeperVolumeGroup" value="S_-Group_Generic_Zombie,4,5,S_-Group_Generic_Zombie,2,2,S_-Group_Generic_Zombie,3,3,S_-_Group_Biker_Bar,1,1,S_-_Group_Biker_Bar,1,1,S_-_Group_Biker_Bar,1,1,S_-Group_Generic_Zombie,1,1" />
  <property name="SleeperVolumeGameStageAdjust" value="easy,,," />
  <property name="SleeperIsLootVolume" value="False,False,False,True,True,True,True" />
  <property name="EditorGroups" value="commercial" />
  <property name="SleeperIsBossVolume" value="False,False,False,False,False,False,False" />
  <property name="QuestTags" value="clear, fetch, infested" />
  <property name="DifficultyTier" value="2" />
  <property name="ExcludePOICulling" value="False" />
  <property name="SleeperVolumeGroupId" value="0,0,0,0,0,0,0" />
  <property name="SleeperVolumeFlags" value="0,0,0,2,2,2,2" />
  <property name="ShowQuestClearCount" value="1" />
  <property name="SleeperIsQuestExclude" value="False,False,False,False,False,False,False" />
  <property name="PrefabSize" value="42, 18, 42" />
  <property name="Tags" value="commercial,downtown" />
  <property name="SleeperVolumeTriggeredBy" value=" # # # # # # " />
  <property class="Stats">
    <property name="TotalVertices" value="608551" />
    <property name="TotalTriangles" value="242503" />
    <property class="BlockEntities">
      <property name="Vertices" value="531739" />
      <property name="Triangles" value="192925" />
    </property>
    <property class="ChunkMeshes0">
      <property name="Vertices" value="72516" />
      <property name="Triangles" value="44198" />
    </property>
    <property class="ChunkMeshes1">
      <property name="Vertices" value="0" />
      <property name="Triangles" value="0" />
    </property>
    <property class="ChunkMeshes2">
      <property name="Vertices" value="0" />
      <property name="Triangles" value="0" />
    </property>
    <property class="ChunkMeshes3">
      <property name="Vertices" value="1472" />
      <property name="Triangles" value="1104" />
    </property>
    <property class="ChunkMeshes4">
      <property name="Vertices" value="0" />
      <property name="Triangles" value="0" />
    </property>
    <property class="ChunkMeshes5">
      <property name="Vertices" value="0" />
      <property name="Triangles" value="0" />
    </property>
    <property class="ChunkMeshes6">
      <property name="Vertices" value="2824" />
      <property name="Triangles" value="4276" />
    </property>
  </property>
  <property class="IndexedBlockOffsets">
    <property class="quest_wood_trees">
      <property name="0" value="35, 1, 1" />
    </property>
    <property class="POILight">
      <property name="0" value="35, 5, 21" />
      <property name="1" value="31, 3, 22" />
      <property name="2" value="27, 3, 26" />
      <property name="3" value="29, 2, 29" />
      <property name="4" value="25, 3, 31" />
      <property name="5" value="31, 7, 31" />
      <property name="6" value="33, 4, 32" />
      <property name="7" value="21, 4, 35" />
    </property>
    <property class="TraderOnOff">
      <property name="0" value="32, 1, 21" />
      <property name="1" value="21, 1, 29" />
      <property name="2" value="26, 1, 31" />
    </property>
    <property class="FetchContainer">
      <property name="0" value="24, 1, 34" />
    </property>
    <property class="Rally">
      <property name="0" value="25, 1, 3" />
    </property>
  </property>
</prefab>