﻿<?xml version="1.0" encoding="UTF-8"?>
<prefab>
  <property name="CopyAirBlocks" value="False" />
  <property name="AllowTopSoilDecorations" value="True" />
  <property name="TraderArea" value="False" />
  <property name="ExcludeDistantPOIMesh" value="False" />
  <property name="ExcludePOICulling" value="False" />
  <property name="QuestTags" value="clear, fetch, infested" />
  <property name="DifficultyTier" value="4" />
  <property name="Zoning" value="Commercial, Downtown, Industrial, Residential" />
  <property name="RotationToFaceNorth" value="3" />
  <property name="YOffset" value="-1" />
  <property name="DistantPOIYOffset" value="0" />
  <property name="AllowedBiomes" value="burnt_forest,snow,plains,pine_forest,forest,desert,wasteland" />
  <property name="AllowedTownships" value="rural,town,wilderness" />
  <property name="EditorGroups" value="Wilderness" />
  <property name="SleeperVolumeStart" value="1, 1, 7#47, 1, 16#1, 1, 16#2, 1, 48#22, 1, 51#14, 2, 41#6, 2, 20#5, 2, 41#43, 2, 19#23, 2, 18#5, 6, 19#22, 7, 16#21, 9, 25" />
  <property name="SleeperVolumeSize" value="49, 3, 9#3, 2, 35#4, 3, 19#20, 3, 5#27, 3, 2#8, 3, 7#17, 3, 21#8, 3, 7#4, 3, 27#20, 3, 32#17, 3, 29#26, 2, 10#27, 4, 27" />
  <property name="SleeperVolumeGroup" value="S_-Group_Generic_Zombie,4,4,S_-Group_Generic_Zombie,2,2,S_-Group_Generic_Zombie,2,2,S_-Group_Generic_Zombie,2,2,S_Zom_Burnt,2,2,S_-Group_Generic_Zombie,2,2,S_-Group_Generic_Zombie,5,7,S_Zom_Businessman,2,3,S_-_Group_Biker_Bar,1,2,S_-Group_Generic_Zombie,5,7,S_-_Group_Biker_Bar,3,4,S_-Group_Generic_Zombie,1,3,S_-_Group_Zom_Badass,5,7" />
  <property name="SleeperVolumeGameStageAdjust" value=",,,,,,,,,,,,,,,,,,," />
  <property name="SleeperIsLootVolume" value="False,False,False,False,False,False,False,False,False,False,False,False,False" />
  <property name="SleeperIsQuestExclude" value="False,False,False,False,False,False,False,False,False,False,False,False,False" />
  <property name="SleeperVolumeFlags" value="0,0,0,0,0,0,0,0,0,0,0,0,0" />
  <property name="SleeperVolumeGroupId" value="0,0,0,0,0,0,0,0,0,0,0,0,0" />
  <property name="ShowQuestClearCount" value="0" />
  <property name="PrefabSize" value="60, 13, 60" />
  <property name="Tags" value="commercial,downtown,countrytown" />
  <property name="SleeperVolumeTriggeredBy" value=" # # # # # # # # # # # # " />
  <property class="IndexedBlockOffsets">
    <property class="POILight">
      <property name="0" value="34, 8, 46" />
      <property name="1" value="42, 8, 46" />
    </property>
    <property class="TraderOnOff">
      <property name="0" value="18, 2, 31" />
      <property name="1" value="20, 2, 35" />
      <property name="2" value="15, 2, 41" />
      <property name="3" value="20, 2, 41" />
    </property>
    <property class="Rally">
      <property name="0" value="1, 1, 38" />
    </property>
    <property class="quest_stone">
      <property name="0" value="40, 2, 48" />
    </property>
    <property class="FetchContainer">
      <property name="0" value="45, 11, 46" />
    </property>
    <property class="brBlock">
      <property name="0" value="40, 10, 48" />
    </property>
  </property>
  <property class="Stats">
    <property name="TotalVertices" value="576655" />
    <property name="TotalTriangles" value="268668" />
    <property class="BlockEntities">
      <property name="Vertices" value="502469" />
      <property name="Triangles" value="217254" />
    </property>
    <property class="ChunkMeshes0">
      <property name="Vertices" value="61738" />
      <property name="Triangles" value="33960" />
    </property>
    <property class="ChunkMeshes1">
      <property name="Vertices" value="0" />
      <property name="Triangles" value="0" />
    </property>
    <property class="ChunkMeshes2">
      <property name="Vertices" value="0" />
      <property name="Triangles" value="0" />
    </property>
    <property class="ChunkMeshes3">
      <property name="Vertices" value="3562" />
      <property name="Triangles" value="2578" />
    </property>
    <property class="ChunkMeshes4">
      <property name="Vertices" value="0" />
      <property name="Triangles" value="0" />
    </property>
    <property class="ChunkMeshes5">
      <property name="Vertices" value="0" />
      <property name="Triangles" value="0" />
    </property>
    <property class="ChunkMeshes6">
      <property name="Vertices" value="8886" />
      <property name="Triangles" value="14876" />
    </property>
  </property>
</prefab>