﻿<?xml version="1.0" encoding="UTF-8"?>
<prefab>
  <property name="CopyAirBlocks" value="True" />
  <property name="AllowTopSoilDecorations" value="True" />
  <property name="TraderArea" value="False" />
  <property name="ExcludeDistantPOIMesh" value="False" />
  <property name="ExcludePOICulling" value="False" />
  <property name="DifficultyTier" value="1" />
  <property name="Zoning" value="NoZone" />
  <property name="RotationToFaceNorth" value="2" />
  <property name="YOffset" value="-2" />
  <property name="DistantPOIYOffset" value="0" />
  <property name="EditorGroups" value="Wilderness" />
  <property name="TraderAreaProtect" value="20, 0, 20" />
  <property name="TraderAreaTeleportSize" value="53, 22, 51" />
  <property name="TraderAreaTeleportCenter" value="0, 0, 0" />
  <property name="SleeperVolumeStart" value="0, 2, 0" />
  <property name="SleeperVolumeSize" value="12, 3, 20" />
  <property name="SleeperVolumeGroup" value="S_-Group_Generic_Zombie,2,4" />
  <property name="SleeperVolumeGameStageAdjust" value="" />
  <property name="SleeperIsLootVolume" value="False" />
  <property name="SleeperIsQuestExclude" value="False" />
  <property name="SleeperVolumeFlags" value="0" />
  <property name="SleeperVolumeGroupId" value="0" />
  <property name="ShowQuestClearCount" value="1" />
  <property name="Tags" value="wilderness" />
  <property name="PrefabSize" value="12, 8, 20" />
  <property class="IndexedBlockOffsets">
    <property class="quest_wood">
      <property name="0" value="10, 2, 5" />
    </property>
    <property class="brBlock">
      <property name="0" value="6, 2, 15" />
    </property>
    <property class="quest_feather">
      <property name="0" value="8, 3, 2" />
      <property name="1" value="11, 2, 8" />
    </property>
    <property class="Rally">
      <property name="0" value="9, 2, 10" />
    </property>
  </property>
  <property class="Stats">
    <property name="TotalVertices" value="31898" />
    <property name="TotalTriangles" value="37955" />
    <property class="BlockEntities">
      <property name="Vertices" value="27100" />
      <property name="Triangles" value="33803" />
    </property>
    <property class="ChunkMeshes0">
      <property name="Vertices" value="156" />
      <property name="Triangles" value="140" />
    </property>
    <property class="ChunkMeshes1">
      <property name="Vertices" value="0" />
      <property name="Triangles" value="0" />
    </property>
    <property class="ChunkMeshes2">
      <property name="Vertices" value="0" />
      <property name="Triangles" value="0" />
    </property>
    <property class="ChunkMeshes3">
      <property name="Vertices" value="0" />
      <property name="Triangles" value="0" />
    </property>
    <property class="ChunkMeshes4">
      <property name="Vertices" value="1378" />
      <property name="Triangles" value="1260" />
    </property>
    <property class="ChunkMeshes5">
      <property name="Vertices" value="2256" />
      <property name="Triangles" value="1128" />
    </property>
    <property class="ChunkMeshes6">
      <property name="Vertices" value="0" />
      <property name="Triangles" value="0" />
    </property>
    <property class="ChunkMeshes7">
      <property name="Vertices" value="1008" />
      <property name="Triangles" value="1624" />
    </property>
    <property class="ChunkMeshes8">
      <property name="Vertices" value="0" />
      <property name="Triangles" value="0" />
    </property>
    <property class="ChunkMeshes9">
      <property name="Vertices" value="0" />
      <property name="Triangles" value="0" />
    </property>
  </property>
</prefab>