﻿<?xml version="1.0" encoding="UTF-8"?>
<prefab>
  <property name="CopyAirBlocks" value="True" />
  <property name="AllowTopSoilDecorations" value="True" />
  <property name="TraderArea" value="False" />
  <property name="ExcludeDistantPOIMesh" value="False" />
  <property name="ExcludePOICulling" value="False" />
  <property name="DifficultyTier" value="1" />
  <property name="Zoning" value="ResidentialOld" />
  <property name="AllowedTownships" value="wilderness" />
  <property name="AllowedBiomes" value="pine_forest" />
  <property name="RotationToFaceNorth" value="2" />
  <property name="YOffset" value="-15" />
  <property name="DistantPOIYOffset" value="0" />
  <property name="EditorGroups" value="Wilderness" />
  <property name="TraderAreaProtect" value="20, 0, 20" />
  <property name="TraderAreaTeleportSize" value="23, 6, 18" />
  <property name="TraderAreaTeleportCenter" value="0, 0, 0" />
  <property name="SleeperVolumeStart" value="0, 1, 3#10, 1, 3#20, 6, 3" />
  <property name="SleeperVolumeSize" value="10, 4, 17#10, 4, 17#9, 11, 17" />
  <property name="SleeperVolumeGroup" value="S_-_Group_Biker_Bar,2,4,S_-Group_Generic_Zombie,1,1,S_-_Group_Ghost_Town,1,2" />
  <property name="SleeperVolumeGameStageAdjust" value=",," />
  <property name="SleeperIsLootVolume" value="False,False,False" />
  <property name="SleeperIsQuestExclude" value="False,False,False" />
  <property name="SleeperVolumeFlags" value="0,0,0" />
  <property name="SleeperVolumeGroupId" value="0,0,0" />
  <property name="ShowQuestClearCount" value="0" />
  <property class="IndexedBlockOffsets">
    <property class="brBlock">
      <property name="0" value="8, 5, 11" />
      <property name="1" value="9, 5, 11" />
    </property>
  </property>
  <property class="Stats">
    <property name="TotalVertices" value="159679" />
    <property name="TotalTriangles" value="158321" />
    <property class="BlockEntities">
      <property name="Vertices" value="148054" />
      <property name="Triangles" value="145220" />
    </property>
    <property class="ChunkMeshes0">
      <property name="Vertices" value="4706" />
      <property name="Triangles" value="2572" />
    </property>
    <property class="ChunkMeshes1">
      <property name="Vertices" value="0" />
      <property name="Triangles" value="0" />
    </property>
    <property class="ChunkMeshes2">
      <property name="Vertices" value="0" />
      <property name="Triangles" value="0" />
    </property>
    <property class="ChunkMeshes3">
      <property name="Vertices" value="0" />
      <property name="Triangles" value="0" />
    </property>
    <property class="ChunkMeshes4">
      <property name="Vertices" value="2109" />
      <property name="Triangles" value="2551" />
    </property>
    <property class="ChunkMeshes5">
      <property name="Vertices" value="0" />
      <property name="Triangles" value="0" />
    </property>
    <property class="ChunkMeshes6">
      <property name="Vertices" value="0" />
      <property name="Triangles" value="0" />
    </property>
    <property class="ChunkMeshes7">
      <property name="Vertices" value="4606" />
      <property name="Triangles" value="7876" />
    </property>
    <property class="ChunkMeshes8">
      <property name="Vertices" value="0" />
      <property name="Triangles" value="0" />
    </property>
    <property class="ChunkMeshes9">
      <property name="Vertices" value="204" />
      <property name="Triangles" value="102" />
    </property>
  </property>
</prefab>