﻿<?xml version="1.0" encoding="UTF-8"?>
<prefab>
  <property name="CopyAirBlocks" value="True" />
  <property name="ExcludeDistantPOIMesh" value="False" />
  <property name="DistantPOIYOffset" value="0" />
  <property name="RotationToFaceNorth" value="2" />
  <property name="AllowTopSoilDecorations" value="False" />
  <property name="DifficultyTier" value="1" />
  <property name="TraderArea" value="False" />
  <property name="EditorGroups" value="house new" />
  <property name="YOffset" value="-1" />
  <property name="ExcludePOICulling" value="False" />
  <property name="Zoning" value="ResidentialNew" />
  <property name="AllowedTownships" value="city,town,rural,wilderness" />
  <property name="Tags" value="residential" />
  <property name="SleeperVolumeSize" value="16, 6, 16#16, 7, 16" />
  <property name="SleeperVolumeStart" value="10, 0, 10#10, 6, 10" />
  <property name="SleeperVolumeGroup" value="S_-Group_Generic_Zombie,4,6,S_-_Group_Zom_Badass,2,3" />
  <property name="SleeperVolumeGameStageAdjust" value="" />
  <property name="SleeperIsLootVolume" value="False,False" />
  <property name="QuestTags" value="clear, fetch, infested" />
  <property name="ShowQuestClearCount" value="1" />
  <property name="SleeperVolumeGroupId" value="0,0" />
  <property name="SleeperIsQuestExclude" value="False,False" />
  <property name="SleeperVolumeFlags" value="0,0" />
  <property name="SleeperIsBossVolume" value="False,False" />
  <property name="PrefabSize" value="42, 15, 42" />
  <property name="SleeperVolumeTriggeredBy" value=" # " />
  <property class="Stats">
    <property name="TotalVertices" value="102312" />
    <property name="TotalTriangles" value="44908" />
    <property class="BlockEntities">
      <property name="Vertices" value="82872" />
      <property name="Triangles" value="30106" />
    </property>
    <property class="ChunkMeshes0">
      <property name="Vertices" value="13942" />
      <property name="Triangles" value="6830" />
    </property>
    <property class="ChunkMeshes1">
      <property name="Vertices" value="0" />
      <property name="Triangles" value="0" />
    </property>
    <property class="ChunkMeshes2">
      <property name="Vertices" value="0" />
      <property name="Triangles" value="0" />
    </property>
    <property class="ChunkMeshes3">
      <property name="Vertices" value="644" />
      <property name="Triangles" value="512" />
    </property>
    <property class="ChunkMeshes4">
      <property name="Vertices" value="144" />
      <property name="Triangles" value="72" />
    </property>
    <property class="ChunkMeshes5">
      <property name="Vertices" value="0" />
      <property name="Triangles" value="0" />
    </property>
    <property class="ChunkMeshes6">
      <property name="Vertices" value="4710" />
      <property name="Triangles" value="7388" />
    </property>
  </property>
  <property class="IndexedBlockOffsets">
    <property class="Rally">
      <property name="0" value="12, 1, 7" />
    </property>
    <property class="quest_wood">
      <property name="0" value="11, 1, 25" />
      <property name="1" value="20, 1, 25" />
    </property>
    <property class="POILight">
      <property name="0" value="22, 5, 15" />
      <property name="1" value="21, 5, 20" />
    </property>
    <property class="TraderOnOff">
      <property name="0" value="22, 3, 17" />
    </property>
    <property class="quest_feather">
      <property name="0" value="10, 12, 17" />
    </property>
    <property class="FetchContainer">
      <property name="0" value="23, 7, 23" />
    </property>
  </property>
</prefab>