﻿<?xml version="1.0" encoding="UTF-8"?>
<prefab>
  <property name="CopyAirBlocks" value="False" />
  <property name="ExcludeDistantPOIMesh" value="False" />
  <property name="ExcludePOICulling" value="False" />
  <property name="DistantPOIYOffset" value="0" />
  <property name="AllowTopSoilDecorations" value="True" />
  <property name="DifficultyTier" value="3" />
  <property name="ShowQuestClearCount" value="2" />
  <property name="TraderArea" value="False" />
  <property name="RotationToFaceNorth" value="3" />
  <property name="Zoning" value="none, Commercial, downtown" />
  <property name="YOffset" value="-4" />
  <property name="EditorGroups" value="commercial, downtown" />
  <property name="Tags" value="downtown" />
  <property name="SleeperVolumeSize" value="9, 7, 13#8, 3, 8#10, 3, 7#5, 2, 5#9, 3, 10#7, 4, 8#18, 3, 29#17, 1, 9#15, 3, 21#13, 3, 15#13, 3, 4#21, 3, 6#2, 3, 13" />
  <property name="SleeperVolumeStart" value="7, 4, 18#4, 4, 9#12, 4, 9#17, 4, 27#17, 9, 21#27, 9, 23#23, 4, 1#8, 14, 17#5, 16, 10#21, 16, 17#21, 9, 18#4, 13, 26#5, 9, 18" />
  <property name="SleeperVolumeGroupId" value="0,0,0,0,0,0,0,0,0,0,0,0,0" />
  <property name="SleeperVolumeGroup" value="GroupGenericZombie,4,5,ZomBusinessman,2,3,GroupGenericZombie,3,4,GroupGenericZombie,1,2,GroupGenericZombie,2,3,GroupGenericZombie,2,3,GroupZomBadass,3,4,ZomUtilityWorker,3,4,GroupGenericZombie,2,3,GroupZomBadass,3,4,ZomBusinessman,2,3,ZomUtilityWorker,2,3,ZomBusinessman,2,3" />
  <property name="SleeperIsLootVolume" value="False,False,False,False,False,False,False,False,False,False,False,False,False" />
  <property name="SleeperIsQuestExclude" value="False,False,False,False,False,False,False,False,False,False,False,False,False" />
  <property name="SleeperVolumeFlags" value="2,2,0,0,0,2,2,0,0,2,0,0,0" />
  <property name="QuestTags" value="clear, fetch, hidden_cache" />
  <property name="PrefabSize" value="42, 28, 42" />
  <property name="SleeperVolumeTriggeredBy" value=" # # # # # # # # # # # # " />
  <property class="IndexedBlockOffsets">
    <property class="challenge_mech_parts">
      <property name="0" value="31, 10, 21" />
      <property name="1" value="26, 14, 30" />
    </property>
    <property class="Rally">
      <property name="0" value="1, 5, 24" />
    </property>
    <property class="TraderOnOff">
      <property name="0" value="28, 9, 26" />
      <property name="1" value="21, 13, 31" />
      <property name="2" value="22, 4, 31" />
      <property name="3" value="28, 4, 31" />
      <property name="4" value="30, 9, 31" />
    </property>
    <property class="FetchContainer">
      <property name="0" value="27, 9, 27" />
      <property name="1" value="27, 12, 28" />
      <property name="2" value="32, 16, 30" />
    </property>
    <property class="POILight">
      <property name="0" value="26, 7, 21" />
      <property name="1" value="30, 7, 21" />
      <property name="2" value="22, 11, 24" />
      <property name="3" value="24, 11, 24" />
      <property name="4" value="26, 7, 24" />
      <property name="5" value="30, 7, 24" />
      <property name="6" value="26, 7, 27" />
      <property name="7" value="30, 7, 27" />
      <property name="8" value="22, 11, 29" />
      <property name="9" value="24, 11, 29" />
    </property>
    <property class="challenge_polymers">
      <property name="0" value="39, 4, 37" />
      <property name="1" value="38, 4, 38" />
    </property>
    <property class="quest_feather">
      <property name="0" value="20, 18, 26" />
    </property>
    <property class="challenge_sinks">
      <property name="0" value="27, 9, 26" />
      <property name="1" value="28, 11, 27" />
      <property name="2" value="28, 17, 27" />
      <property name="3" value="21, 12, 30" />
    </property>
    <property class="challenge_steel">
      <property name="0" value="16, 9, 16" />
    </property>
  </property>
  <property class="Stats">
    <property name="TotalVertices" value="485976" />
    <property name="TotalTriangles" value="208448" />
    <property class="BlockEntities">
      <property name="Vertices" value="367720" />
      <property name="Triangles" value="133705" />
    </property>
    <property class="ChunkMeshes0">
      <property name="Vertices" value="109032" />
      <property name="Triangles" value="63787" />
    </property>
    <property class="ChunkMeshes1">
      <property name="Vertices" value="0" />
      <property name="Triangles" value="0" />
    </property>
    <property class="ChunkMeshes2">
      <property name="Vertices" value="3642" />
      <property name="Triangles" value="2264" />
    </property>
    <property class="ChunkMeshes3">
      <property name="Vertices" value="192" />
      <property name="Triangles" value="96" />
    </property>
    <property class="ChunkMeshes4">
      <property name="Vertices" value="0" />
      <property name="Triangles" value="0" />
    </property>
    <property class="ChunkMeshes5">
      <property name="Vertices" value="5390" />
      <property name="Triangles" value="8596" />
    </property>
  </property>
</prefab>