﻿<?xml version="1.0" encoding="UTF-8"?>
<prefab>
  <property name="CopyAirBlocks" value="True" />
  <property name="ExcludeDistantPOIMesh" value="False" />
  <property name="ExcludePOICulling" value="False" />
  <property name="DistantPOIYOffset" value="0" />
  <property name="AllowTopSoilDecorations" value="False" />
  <property name="DifficultyTier" value="4" />
  <property name="ShowQuestClearCount" value="1" />
  <property name="TraderArea" value="False" />
  <property name="PrefabSize" value="42, 24, 42" />
  <property name="RotationToFaceNorth" value="2" />
  <property name="SleeperVolumeSize" value="22, 4, 12#22, 5, 18#5, 4, 28#5, 4, 28#12, 3, 14#12, 4, 14#8, 5, 14#11, 5, 13#12, 5, 14#22, 7, 20#6, 4, 28#23, 4, 12#5, 5, 28" />
  <property name="SleeperVolumeStart" value="10, 3, 8#10, 7, 5#33, 9, 9#4, 9, 9#9, 9, 24#21, 9, 24#5, 3, 23#13, 3, 24#25, 3, 23#10, 13, 18#32, 15, 9#9, 15, 5#4, 15, 9" />
  <property name="SleeperVolumeGroupId" value="0,0,0,0,0,0,0,0,0,0,0,0,0" />
  <property name="SleeperVolumeGroup" value="GroupGenericZombie,4,4,GroupGenericZombie,4,4,GroupGenericZombie,3,3,GroupGenericZombie,3,3,GroupGenericZombie,3,3,GroupGenericZombie,5,5,GroupGenericZombie,2,2,GroupGenericZombie,3,3,GroupGenericZombie,4,4,GroupGenericZombie,5,5,GroupGenericZombie,2,2,GroupGenericZombie,5,5,GroupGenericZombie,2,2" />
  <property name="SleeperIsLootVolume" value="False,False,False,False,False,False,False,False,False,False,False,False,False" />
  <property name="SleeperIsQuestExclude" value="False,False,False,False,False,False,False,False,False,False,False,False,False" />
  <property name="SleeperVolumeFlags" value="0,0,0,0,0,0,0,0,0,0,0,0,0" />
  <property name="SleeperVolumeTriggeredBy" value=" # # # # # # # # # # # # " />
  <property name="Zoning" value="none" />
  <property name="EditorGroups" value="downtown" />
  <property name="Tags" value="downtown" />
  <property name="QuestTags" value="clear, fetch, infested" />
  <property name="YOffset" value="-1" />
  <property class="IndexedBlockOffsets">
    <property class="quest_wood">
      <property name="0" value="38, 1, 37" />
    </property>
    <property class="challenge_booths">
      <property name="0" value="21, 15, 6" />
      <property name="1" value="22, 15, 6" />
      <property name="2" value="23, 15, 6" />
      <property name="3" value="24, 15, 6" />
      <property name="4" value="25, 15, 6" />
      <property name="5" value="26, 15, 6" />
      <property name="6" value="27, 15, 6" />
      <property name="7" value="28, 15, 6" />
      <property name="8" value="29, 15, 6" />
      <property name="9" value="30, 15, 6" />
      <property name="10" value="22, 15, 7" />
      <property name="11" value="23, 15, 7" />
      <property name="12" value="26, 15, 7" />
      <property name="13" value="27, 15, 7" />
      <property name="14" value="30, 15, 7" />
      <property name="15" value="22, 15, 10" />
      <property name="16" value="24, 15, 10" />
      <property name="17" value="27, 15, 10" />
      <property name="18" value="22, 15, 11" />
      <property name="19" value="24, 15, 11" />
      <property name="20" value="27, 15, 11" />
    </property>
    <property class="POILight">
      <property name="0" value="34, 12, 21" />
      <property name="1" value="34, 18, 21" />
      <property name="2" value="35, 12, 21" />
      <property name="3" value="35, 18, 21" />
      <property name="4" value="28, 17, 22" />
      <property name="5" value="36, 16, 22" />
      <property name="6" value="33, 17, 24" />
      <property name="7" value="34, 12, 24" />
      <property name="8" value="34, 18, 24" />
      <property name="9" value="35, 12, 24" />
      <property name="10" value="35, 18, 24" />
      <property name="11" value="34, 12, 25" />
      <property name="12" value="34, 18, 25" />
      <property name="13" value="35, 12, 25" />
      <property name="14" value="35, 18, 25" />
      <property name="15" value="36, 16, 26" />
      <property name="16" value="21, 5, 27" />
      <property name="17" value="33, 17, 28" />
      <property name="18" value="34, 12, 28" />
      <property name="19" value="34, 18, 28" />
      <property name="20" value="35, 12, 28" />
      <property name="21" value="35, 18, 28" />
      <property name="22" value="28, 18, 29" />
      <property name="23" value="34, 12, 29" />
      <property name="24" value="34, 18, 29" />
      <property name="25" value="35, 12, 29" />
      <property name="26" value="35, 18, 29" />
      <property name="27" value="28, 18, 31" />
      <property name="28" value="34, 12, 32" />
      <property name="29" value="34, 18, 32" />
      <property name="30" value="35, 12, 32" />
      <property name="31" value="35, 18, 32" />
      <property name="32" value="34, 12, 33" />
      <property name="33" value="34, 18, 33" />
      <property name="34" value="35, 12, 33" />
      <property name="35" value="35, 18, 33" />
    </property>
    <property class="TraderOnOff">
      <property name="0" value="34, 3, 23" />
      <property name="1" value="24, 3, 26" />
      <property name="2" value="32, 9, 34" />
      <property name="3" value="32, 15, 34" />
    </property>
    <property class="challenge_vending">
      <property name="0" value="31, 9, 13" />
      <property name="1" value="31, 9, 14" />
    </property>
    <property class="FetchContainer">
      <property name="0" value="30, 10, 27" />
    </property>
    <property class="challenge_officechairs">
      <property name="0" value="31, 10, 30" />
    </property>
    <property class="challenge_sinks">
      <property name="0" value="30, 9, 22" />
    </property>
    <property class="Rally">
      <property name="0" value="21, 1, 1" />
    </property>
  </property>
  <property class="Stats">
    <property name="TotalVertices" value="1115588" />
    <property name="TotalTriangles" value="481183" />
    <property class="BlockEntities">
      <property name="Vertices" value="756057" />
      <property name="Triangles" value="247241" />
    </property>
    <property class="ChunkMeshes0">
      <property name="Vertices" value="353747" />
      <property name="Triangles" value="231050" />
    </property>
    <property class="ChunkMeshes1">
      <property name="Vertices" value="0" />
      <property name="Triangles" value="0" />
    </property>
    <property class="ChunkMeshes2">
      <property name="Vertices" value="5784" />
      <property name="Triangles" value="2892" />
    </property>
    <property class="ChunkMeshes3">
      <property name="Vertices" value="0" />
      <property name="Triangles" value="0" />
    </property>
    <property class="ChunkMeshes4">
      <property name="Vertices" value="0" />
      <property name="Triangles" value="0" />
    </property>
    <property class="ChunkMeshes5">
      <property name="Vertices" value="0" />
      <property name="Triangles" value="0" />
    </property>
  </property>
</prefab>