﻿<?xml version="1.0" encoding="UTF-8"?>
<prefab>
  <property name="CopyAirBlocks" value="True" />
  <property name="AllowTopSoilDecorations" value="True" />
  <property name="TraderArea" value="False" />
  <property name="ExcludeDistantPOIMesh" value="False" />
  <property name="ExcludePOICulling" value="False" />
  <property name="DifficultyTier" value="5" />
  <property name="Zoning" value="NoZone" />
  <property name="RotationToFaceNorth" value="2" />
  <property name="YOffset" value="-12" />
  <property name="DistantPOIYOffset" value="0" />
  <property name="AllowedTownships" value="wilderness" />
  <property name="EditorGroups" value="Wilderness" />
  <property name="SleeperVolumeStart" value="30, 5, 13#31, 11, 0#1, 11, 0#1, 17, 0#1, 12, 26#6, 19, 41#29, 12, 26#26, 25, 28#16, 23, 21#25, 30, 15#32, 25, 16#40, 25, 19#23, 31, 18#39, 34, 18#24, 41, 18#19, 20, 28#47, 22, 17" />
  <property name="SleeperVolumeSize" value="17, 4, 18#37, 6, 26#30, 6, 26#30, 3, 26#22, 3, 24#17, 3, 6#38, 3, 24#13, 3, 6#7, 2, 6#4, 2, 2#6, 2, 3#5, 2, 7#16, 7, 8#13, 3, 8#15, 3, 8#8, 3, 6#6, 2, 3" />
  <property name="SleeperVolumeGroup" value="GroupGenericZombie,3,8,GroupGhostTown,5,8,GroupGenericZombie,5,12,GroupGenericZombie,1,4,GroupGenericZombie,4,10,GroupGenericZombie,1,2,GroupGenericZombie,3,7,GroupBikerBar,1,3,ZomUtilityWorker,1,4,GroupZomBadassOnly,1,2,GroupGenericZombie,1,2,GroupZomSoldier,3,3,GroupGenericZombie,2,5,ZomBusinessman,3,5,GroupGenericZombie,3,6,GroupBikerBar,1,2,GroupGenericZombie,1,1" />
  <property name="SleeperVolumeGameStageAdjust" value=",,,,,,,,,,,,,,,," />
  <property name="SleeperIsLootVolume" value="False,False,False,False,False,False,False,False,False,False,False,False,False,False,False,False,False" />
  <property name="SleeperIsQuestExclude" value="False,False,False,False,False,False,False,False,False,False,False,False,False,False,False,False,False" />
  <property name="SleeperVolumeFlags" value="0,0,0,0,0,0,0,0,0,0,0,0,0,0,0,2,0" />
  <property name="SleeperVolumeGroupId" value="0,0,0,0,0,0,0,0,0,0,0,0,0,0,0,0,0" />
  <property name="ShowQuestClearCount" value="0" />
  <property name="Tags" value="wilderness" />
  <property name="PrefabSize" value="50, 49, 68" />
  <property name="SleeperVolumeTriggeredBy" value=" # # # # # # # # # # # # # # # # " />
  <property name="QuestTags" value="clear, fetch, infested" />
  <property class="Stats">
    <property name="TotalVertices" value="1211598" />
    <property name="TotalTriangles" value="672666" />
    <property class="BlockEntities">
      <property name="Vertices" value="1044511" />
      <property name="Triangles" value="565541" />
    </property>
    <property class="ChunkMeshes0">
      <property name="Vertices" value="123367" />
      <property name="Triangles" value="63373" />
    </property>
    <property class="ChunkMeshes1">
      <property name="Vertices" value="19776" />
      <property name="Triangles" value="9888" />
    </property>
    <property class="ChunkMeshes2">
      <property name="Vertices" value="808" />
      <property name="Triangles" value="656" />
    </property>
    <property class="ChunkMeshes3">
      <property name="Vertices" value="3960" />
      <property name="Triangles" value="1980" />
    </property>
    <property class="ChunkMeshes4">
      <property name="Vertices" value="0" />
      <property name="Triangles" value="0" />
    </property>
    <property class="ChunkMeshes5">
      <property name="Vertices" value="19176" />
      <property name="Triangles" value="31228" />
    </property>
  </property>
  <property class="IndexedBlockOffsets">
    <property class="quest_wood_trees">
      <property name="0" value="40, 12, 42" />
      <property name="1" value="45, 12, 55" />
    </property>
    <property class="quest_feather">
      <property name="0" value="36, 18, 48" />
    </property>
    <property class="challenge_sinks">
      <property name="0" value="45, 18, 28" />
    </property>
    <property class="challenge_leather">
      <property name="0" value="43, 13, 15" />
      <property name="1" value="44, 13, 15" />
      <property name="2" value="45, 13, 15" />
      <property name="3" value="46, 13, 15" />
      <property name="4" value="46, 13, 16" />
      <property name="5" value="46, 13, 17" />
      <property name="6" value="46, 13, 18" />
    </property>
    <property class="challenge_polymers">
      <property name="0" value="43, 12, 41" />
      <property name="1" value="45, 13, 45" />
    </property>
    <property class="TraderOnOff">
      <property name="0" value="43, 13, 24" />
    </property>
    <property class="POILight">
      <property name="0" value="27, 37, 30" />
      <property name="1" value="30, 41, 29" />
      <property name="2" value="26, 42, 32" />
    </property>
    <property class="challenge_stump">
      <property name="0" value="30, 13, 14" />
    </property>
    <property class="FetchContainer">
      <property name="0" value="30, 6, 41" />
    </property>
    <property class="challenge_mech_parts">
      <property name="0" value="25, 41, 32" />
    </property>
    <property class="challenge_steel">
      <property name="0" value="42, 13, 17" />
    </property>
    <property class="Rally">
      <property name="0" value="48, 12, 36" />
    </property>
  </property>
</prefab>