﻿<?xml version="1.0" encoding="UTF-8"?>
<prefab>
  <property name="CopyAirBlocks" value="True" />
  <property name="AllowTopSoilDecorations" value="True" />
  <property name="TraderArea" value="False" />
  <property name="ExcludeDistantPOIMesh" value="False" />
  <property name="ExcludePOICulling" value="False" />
  <property name="QuestTags" value="clear, fetch, infested" />
  <property name="DifficultyTier" value="4" />
  <property name="Zoning" value="ResidentialNew" />
  <property name="RotationToFaceNorth" value="2" />
  <property name="YOffset" value="-5" />
  <property name="DistantPOIYOffset" value="0" />
  <property name="AllowedTownships" value="city,rural,town,wilderness" />
  <property name="EditorGroups" value="house old, rural" />
  <property name="SleeperVolumeStart" value="17, 1, 13#17, 1, 5#31, 1, 5#26, 1, 5#10, 6, 5#16, 6, 4#24, 6, 5#40, 10, 3#14, 11, 5#24, 11, 4#24, 10, 13#16, 15, 16#31, 15, 6#15, 15, 7#10, 5, 0#47, 5, 1#33, 10, 12#30, 10, 12" />
  <property name="SleeperVolumeSize" value="9, 3, 6#9, 3, 8#7, 3, 14#5, 5, 14#5, 3, 14#8, 3, 15#20, 3, 15#6, 3, 17#10, 3, 14#16, 3, 9#6, 5, 7#8, 3, 3#8, 3, 12#12, 3, 8#36, 3, 4#26, 3, 24#7, 3, 8#5, 3, 8" />
  <property name="SleeperVolumeGroup" value="GroupZomBadassOnly,3,3,ZomJanitorOnly,2,2,GroupNightClub,3,4,GroupGenericZombie,2,4,GroupGenericZombie,2,2,GroupGhostTown,2,2,GroupGenericZombie,4,5,GroupGenericZombie,1,2,GroupGenericZombie,3,4,GroupGenericZombie,2,3,GroupGenericZombie,2,2,GroupGenericZombie,1,2,GroupGenericZombie,1,2,GroupGenericZombie,2,2,GroupGenericZombie,1,1,GroupGenericZombie,5,7,GroupAbandonedHouse,1,2,ZomBurnt,2,3" />
  <property name="SleeperVolumeGameStageAdjust" value=",,,,,easy,,,,,,,,,,,," />
  <property name="SleeperIsLootVolume" value="False,False,False,False,False,False,False,False,False,False,False,False,False,False,False,False,False,False" />
  <property name="SleeperIsQuestExclude" value="False,False,False,False,False,False,False,False,False,False,False,False,False,False,False,False,False,False" />
  <property name="SleeperVolumeFlags" value="0,0,0,0,0,0,0,0,0,0,0,0,0,0,0,0,0,2" />
  <property name="SleeperVolumeGroupId" value="0,0,0,0,0,0,0,0,0,0,0,0,0,0,0,0,0,0" />
  <property name="ShowQuestClearCount" value="0" />
  <property name="PrefabSize" value="78, 24, 26" />
  <property name="Tags" value="wilderness" />
  <property name="SleeperVolumeTriggeredBy" value=" # # # # # # # # # # # # # # # # # " />
  <property class="IndexedBlockOffsets">
    <property class="challenge_gore">
      <property name="0" value="63, 5, 16" />
      <property name="1" value="58, 5, 22" />
    </property>
    <property class="quest_wood_trees">
      <property name="0" value="62, 5, 18" />
      <property name="1" value="66, 5, 18" />
      <property name="2" value="61, 5, 22" />
      <property name="3" value="66, 5, 22" />
    </property>
    <property class="quest_wood">
      <property name="0" value="46, 5, 13" />
      <property name="1" value="48, 5, 13" />
      <property name="2" value="51, 5, 13" />
      <property name="3" value="51, 5, 14" />
      <property name="4" value="52, 5, 14" />
      <property name="5" value="45, 5, 15" />
      <property name="6" value="46, 5, 15" />
      <property name="7" value="45, 5, 20" />
      <property name="8" value="46, 5, 20" />
      <property name="9" value="47, 5, 20" />
      <property name="10" value="48, 5, 20" />
      <property name="11" value="50, 5, 20" />
      <property name="12" value="51, 5, 20" />
      <property name="13" value="40, 5, 21" />
      <property name="14" value="41, 5, 21" />
      <property name="15" value="44, 5, 21" />
      <property name="16" value="46, 5, 21" />
      <property name="17" value="49, 5, 21" />
      <property name="18" value="50, 5, 21" />
      <property name="19" value="51, 5, 21" />
      <property name="20" value="41, 5, 22" />
    </property>
    <property class="POILight">
      <property name="0" value="60, 8, 7" />
      <property name="1" value="62, 8, 7" />
      <property name="2" value="64, 8, 7" />
      <property name="3" value="66, 8, 7" />
    </property>
    <property class="TraderOnOff">
      <property name="0" value="68, 5, 9" />
      <property name="1" value="65, 5, 10" />
      <property name="2" value="60, 5, 11" />
    </property>
    <property class="Rally">
      <property name="0" value="33, 5, 23" />
    </property>
    <property class="challenge_sinks">
      <property name="0" value="25, 6, 16" />
      <property name="1" value="25, 6, 18" />
      <property name="2" value="33, 7, 18" />
      <property name="3" value="34, 7, 18" />
    </property>
    <property class="challenge_officechairs">
      <property name="0" value="33, 15, 10" />
    </property>
    <property class="FetchContainer">
      <property name="0" value="60, 10, 8" />
    </property>
    <property class="challenge_pallet">
      <property name="0" value="24, 1, 14" />
      <property name="1" value="24, 1, 16" />
    </property>
  </property>
  <property class="Stats">
    <property name="TotalVertices" value="1062192" />
    <property name="TotalTriangles" value="538342" />
    <property class="BlockEntities">
      <property name="Vertices" value="923941" />
      <property name="Triangles" value="456801" />
    </property>
    <property class="ChunkMeshes0">
      <property name="Vertices" value="104675" />
      <property name="Triangles" value="55173" />
    </property>
    <property class="ChunkMeshes1">
      <property name="Vertices" value="14080" />
      <property name="Triangles" value="7040" />
    </property>
    <property class="ChunkMeshes2">
      <property name="Vertices" value="13000" />
      <property name="Triangles" value="8656" />
    </property>
    <property class="ChunkMeshes3">
      <property name="Vertices" value="384" />
      <property name="Triangles" value="192" />
    </property>
    <property class="ChunkMeshes4">
      <property name="Vertices" value="0" />
      <property name="Triangles" value="0" />
    </property>
    <property class="ChunkMeshes5">
      <property name="Vertices" value="6112" />
      <property name="Triangles" value="10480" />
    </property>
  </property>
</prefab>