﻿<?xml version="1.0" encoding="UTF-8"?>
<prefab>
  <property name="CopyAirBlocks" value="True" />
  <property name="AllowTopSoilDecorations" value="False" />
  <property name="Zoning" value="Commercial" />
  <property name="RotationToFaceNorth" value="2" />
  <property name="AllowedTownships" value="city,town,rural" />
  <property name="Condition" value="New" />
  <property name="YOffset" value="-1" />
  <property name="TraderArea" value="False" />
  <property name="ExcludeDistantPOIMesh" value="False" />
  <property name="DistantPOIYOffset" value="0" />
  <property name="EditorGroups" value="commercial" />
  <property name="DifficultyTier" value="2" />
  <property name="Tags" value="commercial" />
  <property name="ThemeTags" value="grocery" />
  <property name="ThemeRepeatDistance" value="150" />
  <property name="SleeperVolumeSize" value="17, 3, 9#9, 3, 9#25, 6, 23#24, 11, 43" />
  <property name="SleeperVolumeStart" value="17, 1, 31#9, 1, 31#9, 1, 8#10, 1, -2" />
  <property name="SleeperVolumeGroup" value="GroupZomBadass,4,6,GroupGenericZombie,3,4,GroupGenericZombie,7,8,GroupGenericZombie,6,7" />
  <property name="SleeperVolumeGameStageAdjust" value=",,," />
  <property name="SleeperIsLootVolume" value="True,True,True,False" />
  <property name="SleeperIsBossVolume" value="False,False,False,False" />
  <property name="SleeperVolumeGroupId" value="0,0,0,0" />
  <property name="SleeperVolumeFlags" value="0,0,0,0" />
  <property name="ExcludePOICulling" value="False" />
  <property name="ShowQuestClearCount" value="1" />
  <property name="SleeperIsQuestExclude" value="False,False,False,False" />
  <property name="PrefabSize" value="42, 12, 42" />
  <property name="SleeperVolumeTriggeredBy" value=" # # # " />
  <property name="QuestTags" value="clear, fetch, infested" />
  <property class="Stats">
    <property name="TotalVertices" value="284227" />
    <property name="TotalTriangles" value="121998" />
    <property class="BlockEntities">
      <property name="Vertices" value="196396" />
      <property name="Triangles" value="68901" />
    </property>
    <property class="ChunkMeshes0">
      <property name="Vertices" value="84591" />
      <property name="Triangles" value="48273" />
    </property>
    <property class="ChunkMeshes1">
      <property name="Vertices" value="0" />
      <property name="Triangles" value="0" />
    </property>
    <property class="ChunkMeshes2">
      <property name="Vertices" value="136" />
      <property name="Triangles" value="68" />
    </property>
    <property class="ChunkMeshes3">
      <property name="Vertices" value="0" />
      <property name="Triangles" value="0" />
    </property>
    <property class="ChunkMeshes4">
      <property name="Vertices" value="0" />
      <property name="Triangles" value="0" />
    </property>
    <property class="ChunkMeshes5">
      <property name="Vertices" value="3104" />
      <property name="Triangles" value="4756" />
    </property>
  </property>
  <property class="IndexedBlockOffsets">
    <property class="challenge_barrels">
      <property name="0" value="30, 1, 31" />
    </property>
    <property class="POILight">
      <property name="0" value="21, 4, 39" />
      <property name="1" value="27, 3, 39" />
    </property>
    <property class="TraderOnOff">
      <property name="0" value="21, 2, 8" />
    </property>
    <property class="challenge_sinks">
      <property name="0" value="11, 1, 37" />
    </property>
    <property class="Rally">
      <property name="0" value="21, 1, 4" />
    </property>
    <property class="challenge_vending">
      <property name="0" value="31, 1, 11" />
      <property name="1" value="21, 1, 16" />
      <property name="2" value="26, 1, 16" />
      <property name="3" value="31, 1, 12" />
    </property>
    <property class="FetchContainer">
      <property name="0" value="23, 8, 18" />
    </property>
  </property>
</prefab>