﻿<?xml version="1.0" encoding="UTF-8"?>
<prefab>
  <property name="CopyAirBlocks" value="True" />
  <property name="AllowTopSoilDecorations" value="True" />
  <property name="TraderArea" value="False" />
  <property name="ExcludeDistantPOIMesh" value="False" />
  <property name="ExcludePOICulling" value="False" />
  <property name="DifficultyTier" value="5" />
  <property name="Zoning" value="Industrial" />
  <property name="RotationToFaceNorth" value="2" />
  <property name="YOffset" value="-12" />
  <property name="DistantPOIYOffset" value="0" />
  <property name="AllowedBiomes" value="snow,pine_forest,desert" />
  <property name="AllowedTownships" value="city,town" />
  <property name="EditorGroups" value="industrial" />
  <property name="SleeperVolumeStart" value="14, 19, 2#17, 19, 2#22, 19, 2#27, 19, 2#14, 19, 9#14, 24, 7#29, 24, 7#14, 24, 2#14, 22, 2#14, 28, 7#14, 26, 17#33, 32, 36#37, 27, 33#32, 14, 34#6, 12, 31#14, 12, 17#11, 13, 1#46, 7, 5#42, 4, 28#40, 4, 12#22, 13, 1#21, 13, 8#21, 13, 15#21, 13, 22#16, 18, 32#18, 13, 32#16, 17, 52#13, 13, 46#6, 13, 44#6, 17, 44#-1, 12, -3#22, 12, -3#42, 12, -3#47, 39, 5" />
  <property name="SleeperVolumeSize" value="3, 2, 3#5, 2, 7#5, 2, 7#5, 2, 7#19, 2, 5#14, 2, 7#4, 2, 7#19, 2, 5#2, 1, 2#19, 2, 6#19, 6, 10#4, 4, 7#5, 4, 5#10, 13, 10#11, 6, 12#6, 4, 12#10, 5, 16#7, 3, 6#7, 3, 7#9, 3, 16#27, 3, 7#21, 5, 7#21, 5, 7#21, 5, 9#14, 6, 14#12, 5, 14#14, 2, 2#17, 2, 8#11, 2, 10#8, 2, 10#21, 2, 4#20, 2, 4#15, 2, 5#5, 5, 5" />
  <property name="SleeperVolumeGroup" value="GroupBikerBar,3,4,GroupGenericZombie,2,2,GroupGenericZombie,2,4,ZomBusinessman,1,2,ZomBurnt,4,6,ZomBusinessman,3,3,ZomSnow,1,2,GroupGhostTown,1,3,GroupZomBadassOnly,1,1,GroupGenericZombie,2,4,GroupGenericZombie,1,2,GroupGenericZombie,3,4,GroupZomSoldier,5,5,ZomUtilityWorker,2,4,GroupGenericZombie,4,4,GroupLabWorker,3,4,ZomUtilityWorker,3,5,ZomBurnt,7,8,ZomUtilityWorker,2,3,ZomHazMatOnly,4,6,ZomUtilityWorker,3,6,GroupGenericZombie,4,6,GroupZomBadassOnly,5,6,ZomUtilityWorker,4,6,GroupGenericZombie,3,3,GroupGenericZombie,6,6,ZomBurnt,3,4,ZomBurnt,1,3,ZomBusinessman,3,3,ZomSnow,1,2,GroupGenericZombie,2,2,GroupGenericZombie,2,4,GroupGenericZombie,1,3,GroupGenericZombie,5,5" />
  <property name="SleeperVolumeGameStageAdjust" value=",,,,,,,,,,,,,,,,,,,,,,,,,,,,,,,,," />
  <property name="SleeperIsLootVolume" value="False,False,False,False,False,False,False,False,False,False,False,False,False,False,False,False,False,False,False,False,False,False,False,False,False,False,False,False,False,False,False,False,False,False" />
  <property name="SleeperIsQuestExclude" value="False,False,False,False,False,False,False,False,False,False,False,False,False,False,False,False,False,False,False,False,False,False,False,False,False,False,False,False,False,False,False,False,False,False" />
  <property name="SleeperVolumeFlags" value="0,0,0,0,0,0,0,0,0,0,0,0,0,0,0,0,0,0,0,0,0,0,0,0,0,0,0,0,0,0,0,0,0,0" />
  <property name="SleeperVolumeGroupId" value="0,0,0,0,0,0,0,0,0,0,0,0,0,0,0,0,0,0,0,0,0,0,0,0,0,0,0,0,0,0,0,0,0,0" />
  <property name="ShowQuestClearCount" value="0" />
  <property name="Tags" value="industrial, rural" />
  <property name="PrefabSize" value="60, 48, 60" />
  <property name="SleeperVolumeTriggeredBy" value=" # # # # # # # # # # # # # # # # # # # # # # # # # # # # # # # # # " />
  <property name="QuestTags" value="clear, fetch, infested" />
  <property class="IndexedBlockOffsets">
    <property class="TraderOnOff">
      <property name="0" value="53, 19, 20" />
      <property name="1" value="53, 19, 24" />
      <property name="2" value="56, 19, 20" />
    </property>
    <property class="POILight">
      <property name="0" value="48, 29, 49" />
      <property name="1" value="52, 29, 53" />
      <property name="2" value="56, 34, 49" />
      <property name="3" value="51, 47, 50" />
    </property>
    <property class="challenge_sinks">
      <property name="0" value="50, 12, 55" />
      <property name="1" value="51, 12, 55" />
      <property name="2" value="52, 12, 55" />
      <property name="3" value="52, 18, 49" />
    </property>
    <property class="quest_wood_trees">
      <property name="0" value="58, 12, 56" />
    </property>
    <property class="challenge_pallet">
      <property name="0" value="18, 13, 29" />
      <property name="1" value="19, 13, 29" />
      <property name="2" value="16, 14, 23" />
      <property name="3" value="27, 14, 18" />
      <property name="4" value="14, 16, 29" />
      <property name="5" value="20, 16, 23" />
      <property name="6" value="23, 16, 18" />
    </property>
    <property class="challenge_elec_parts">
      <property name="0" value="15, 25, 17" />
      <property name="1" value="15, 25, 24" />
      <property name="2" value="22, 25, 18" />
      <property name="3" value="22, 25, 29" />
      <property name="4" value="25, 25, 18" />
      <property name="5" value="25, 25, 29" />
    </property>
    <property class="quest_feather">
      <property name="0" value="52, 28, 33" />
    </property>
    <property class="challenge_mech_parts">
      <property name="0" value="57, 13, 47" />
    </property>
    <property class="Rally">
      <property name="0" value="26, 12, 4" />
    </property>
    <property class="challenge_steel">
      <property name="0" value="47, 13, 21" />
      <property name="1" value="57, 19, 27" />
    </property>
    <property class="challenge_polymers">
      <property name="0" value="50, 13, 31" />
    </property>
    <property class="challenge_leather">
      <property name="0" value="50, 19, 30" />
      <property name="1" value="50, 19, 31" />
      <property name="2" value="51, 19, 32" />
      <property name="3" value="52, 19, 32" />
      <property name="4" value="53, 19, 30" />
      <property name="5" value="53, 19, 31" />
      <property name="6" value="48, 24, 32" />
      <property name="7" value="49, 24, 32" />
      <property name="8" value="50, 24, 32" />
      <property name="9" value="51, 24, 31" />
      <property name="10" value="51, 24, 32" />
    </property>
  </property>
  <property class="Stats">
    <property name="TotalVertices" value="1472066" />
    <property name="TotalTriangles" value="701751" />
    <property class="BlockEntities">
      <property name="Vertices" value="1012800" />
      <property name="Triangles" value="402109" />
    </property>
    <property class="ChunkMeshes0">
      <property name="Vertices" value="435718" />
      <property name="Triangles" value="269350" />
    </property>
    <property class="ChunkMeshes1">
      <property name="Vertices" value="3840" />
      <property name="Triangles" value="1920" />
    </property>
    <property class="ChunkMeshes2">
      <property name="Vertices" value="4964" />
      <property name="Triangles" value="3272" />
    </property>
    <property class="ChunkMeshes3">
      <property name="Vertices" value="96" />
      <property name="Triangles" value="48" />
    </property>
    <property class="ChunkMeshes4">
      <property name="Vertices" value="0" />
      <property name="Triangles" value="0" />
    </property>
    <property class="ChunkMeshes5">
      <property name="Vertices" value="14648" />
      <property name="Triangles" value="25052" />
    </property>
  </property>
</prefab>