﻿<?xml version="1.0" encoding="UTF-8"?>
<prefab>
  <property name="CopyAirBlocks" value="True" />
  <property name="AllowTopSoilDecorations" value="True" />
  <property name="TraderArea" value="False" />
  <property name="ExcludeDistantPOIMesh" value="False" />
  <property name="ExcludePOICulling" value="False" />
  <property name="QuestTags" value="clear, fetch" />
  <property name="DifficultyTier" value="5" />
  <property name="Zoning" value="Downtown" />
  <property name="AllowedBiomes" value="burnt_forest,wasteland" />
  <property name="AllowedTownships" value="city" />
  <property name="RotationToFaceNorth" value="2" />
  <property name="YOffset" value="-4" />
  <property name="DistantPOIYOffset" value="0" />
  <property name="EditorGroups" value="Extreme" />
  <property name="SleeperVolumeStart" value="34, 7, 12#9, 7, 12#6, 8, 21#9, 7, 34#10, 7, 28#42, 7, 30#34, 7, 41#34, 11, 34#35, 11, 12#9, 11, 12#9, 11, 20#9, 11, 34#34, 15, 33#51, 15, 21#34, 15, 13#9, 15, 12#9, 15, 34#9, 19, 34#10, 19, 28#9, 19, 12#34, 19, 12#34, 19, 33#34, 23, 42#34, 23, 34#9, 27, 12#34, 23, 12#9, 23, 12#9, 23, 35#30, 1, 30#33, 2, 13#10, 1, 13#10, 1, 33" />
  <property name="SleeperVolumeSize" value="16, 3, 14#17, 3, 14#3, 2, 15#17, 3, 14#28, 3, 5#9, 3, 17#8, 3, 7#16, 3, 15#15, 3, 15#18, 3, 7#17, 3, 7#17, 3, 14#16, 3, 15#3, 2, 23#16, 3, 13#17, 3, 14#17, 3, 14#17, 3, 14#23, 3, 5#16, 3, 14#17, 3, 14#17, 3, 15#17, 3, 6#19, 3, 6#41, 7, 36#17, 3, 14#18, 3, 22#17, 3, 13#20, 4, 17#17, 3, 13#17, 4, 14#15, 4, 14" />
  <property name="SleeperVolumeGroup" value="GroupGenericZombie,7,10,GroupGenericZombie,15,18,GroupGenericZombie,1,1,GroupGenericZombie,15,20,GroupGenericZombie,7,10,GroupGenericZombie,6,8,GroupGenericZombie,6,8,GroupGenericZombie,17,20,GroupGenericZombie,15,18,GroupGenericZombie,3,4,GroupGenericZombie,3,5,GroupGenericZombie,15,17,GroupGenericZombie,15,17,GroupGenericZombie,1,2,GroupGenericZombie,15,18,ZomJanitorOnly,15,18,GroupGenericZombie,14,18,GroupGenericZombie,10,15,GroupGenericZombie,3,4,GroupGenericZombie,10,12,GroupGenericZombie,15,17,GroupGenericZombie,10,14,GroupGenericZombie,3,4,GroupGenericZombie,10,12,GroupGenericZombie,35,45,GroupGenericZombie,15,18,GroupGenericZombie,15,18,GroupGenericZombie,6,8,ZomJanitorOnly,12,16,ZomJanitorOnly,14,18,GroupBikerBar,15,18,GroupZomBadass,6,7" />
  <property name="SleeperVolumeGameStageAdjust" value=",,,,,,,,,,,,,,,,,,,,,,,,,,,,,,," />
  <property name="SleeperIsLootVolume" value="True,True,True,True,False,False,False,True,False,True,False,True,True,True,False,True,False,False,False,False,False,False,True,False,True,False,True,False,True,False,True,True" />
  <property name="SleeperIsQuestExclude" value="False,False,False,False,False,False,False,False,False,False,False,False,False,False,False,False,False,False,False,False,False,False,False,False,False,False,False,False,False,False,False,False" />
  <property name="SleeperVolumeFlags" value="0,0,0,0,0,0,0,0,0,0,0,0,0,0,0,0,0,0,0,0,0,0,0,0,0,0,0,0,0,0,0,0" />
  <property name="SleeperVolumeGroupId" value="0,0,0,0,0,0,0,0,0,0,0,0,0,0,0,0,0,0,0,0,0,0,0,0,0,0,0,0,0,0,0,0" />
  <property name="ShowQuestClearCount" value="3" />
  <property name="Tags" value="wasteland, commercial, wastelandcommercial" />
  <property name="PrefabSize" value="60, 41, 60" />
  <property name="SleeperVolumeTriggeredBy" value=" # # # # # # # # # # # # # # # # # # # # # # # # # # # # # # # " />
  <property class="IndexedBlockOffsets">
    <property class="quest_wood_trees">
      <property name="0" value="50, 4, 6" />
    </property>
    <property class="challenge_polymers">
      <property name="0" value="46, 15, 46" />
      <property name="1" value="47, 2, 46" />
      <property name="2" value="49, 2, 46" />
    </property>
    <property class="POILight">
      <property name="0" value="48, 4, 46" />
      <property name="1" value="49, 8, 46" />
      <property name="2" value="49, 12, 46" />
      <property name="3" value="48, 4, 48" />
    </property>
    <property class="challenge_sinks">
      <property name="0" value="48, 19, 41" />
      <property name="1" value="49, 7, 44" />
      <property name="2" value="49, 15, 45" />
    </property>
    <property class="challenge_mech_parts">
      <property name="0" value="46, 23, 46" />
    </property>
    <property class="challenge_gore">
      <property name="0" value="47, 15, 35" />
      <property name="1" value="48, 15, 37" />
    </property>
    <property class="TraderOnOff">
      <property name="0" value="48, 2, 33" />
      <property name="1" value="46, 2, 41" />
    </property>
    <property class="challenge_leather">
      <property name="0" value="48, 19, 46" />
      <property name="1" value="49, 19, 46" />
    </property>
    <property class="FetchContainer">
      <property name="0" value="49, 7, 42" />
    </property>
    <property class="challenge_steel">
      <property name="0" value="30, 7, 15" />
      <property name="1" value="31, 7, 22" />
    </property>
    <property class="quest_feather">
      <property name="0" value="32, 32, 32" />
    </property>
    <property class="Rally">
      <property name="0" value="56, 5, 12" />
    </property>
  </property>
  <property class="Stats">
    <property name="TotalVertices" value="3491805" />
    <property name="TotalTriangles" value="1696568" />
    <property class="BlockEntities">
      <property name="Vertices" value="3016745" />
      <property name="Triangles" value="1393366" />
    </property>
    <property class="ChunkMeshes0">
      <property name="Vertices" value="462512" />
      <property name="Triangles" value="287370" />
    </property>
    <property class="ChunkMeshes1">
      <property name="Vertices" value="0" />
      <property name="Triangles" value="0" />
    </property>
    <property class="ChunkMeshes2">
      <property name="Vertices" value="5392" />
      <property name="Triangles" value="3340" />
    </property>
    <property class="ChunkMeshes3">
      <property name="Vertices" value="0" />
      <property name="Triangles" value="0" />
    </property>
    <property class="ChunkMeshes4">
      <property name="Vertices" value="0" />
      <property name="Triangles" value="0" />
    </property>
    <property class="ChunkMeshes5">
      <property name="Vertices" value="7156" />
      <property name="Triangles" value="12492" />
    </property>
  </property>
</prefab>