﻿<?xml version="1.0" encoding="UTF-8"?>
<prefab>
  <property name="CopyAirBlocks" value="True" />
  <property name="ExcludeDistantPOIMesh" value="False" />
  <property name="DistantPOIYOffset" value="0" />
  <property name="RotationToFaceNorth" value="2" />
  <property name="AllowTopSoilDecorations" value="False" />
  <property name="DifficultyTier" value="1" />
  <property name="TraderArea" value="False" />
  <property name="EditorGroups" value="house new" />
  <property name="ExcludePOICulling" value="False" />
  <property name="Zoning" value="ResidentialNew" />
  <property name="AllowedTownships" value="city,town,rural,wilderness" />
  <property name="Tags" value="residential,countryresidential" />
  <property name="SleeperVolumeSize" value="15, 4, 20#15, 13, 20#15, 9, 10" />
  <property name="SleeperVolumeStart" value="12, 0, 5#12, 4, 5#12, 8, 15" />
  <property name="SleeperVolumeGroup" value="S_-_Group_Abandoned_House,2,2,S_-Group_Generic_Zombie,2,2,S_-_Group_Zom_Badass_Only,1,2" />
  <property name="SleeperVolumeGameStageAdjust" value="" />
  <property name="SleeperIsLootVolume" value="False,False,True" />
  <property name="QuestTags" value="clear, fetch, infested" />
  <property name="SleeperVolumeGroupId" value="0,0,0" />
  <property name="SleeperIsBossVolume" value="False,False,False" />
  <property name="SleeperVolumeFlags" value="0,0,0" />
  <property name="ShowQuestClearCount" value="1" />
  <property name="SleeperIsQuestExclude" value="False,False,False" />
  <property name="PrefabSize" value="42, 18, 42" />
  <property name="YOffset" value="-1" />
  <property name="SleeperVolumeTriggeredBy" value=" # # " />
  <property class="Stats">
    <property name="TotalVertices" value="231625" />
    <property name="TotalTriangles" value="94424" />
    <property class="BlockEntities">
      <property name="Vertices" value="200057" />
      <property name="Triangles" value="73038" />
    </property>
    <property class="ChunkMeshes0">
      <property name="Vertices" value="25066" />
      <property name="Triangles" value="12514" />
    </property>
    <property class="ChunkMeshes1">
      <property name="Vertices" value="0" />
      <property name="Triangles" value="0" />
    </property>
    <property class="ChunkMeshes2">
      <property name="Vertices" value="0" />
      <property name="Triangles" value="0" />
    </property>
    <property class="ChunkMeshes3">
      <property name="Vertices" value="1720" />
      <property name="Triangles" value="1448" />
    </property>
    <property class="ChunkMeshes4">
      <property name="Vertices" value="72" />
      <property name="Triangles" value="36" />
    </property>
    <property class="ChunkMeshes5">
      <property name="Vertices" value="0" />
      <property name="Triangles" value="0" />
    </property>
    <property class="ChunkMeshes6">
      <property name="Vertices" value="4710" />
      <property name="Triangles" value="7388" />
    </property>
  </property>
  <property class="IndexedBlockOffsets">
    <property class="quest_wood">
      <property name="0" value="22, 1, 3" />
    </property>
    <property class="POILight">
      <property name="0" value="21, 4, 18" />
      <property name="1" value="22, 8, 18" />
    </property>
    <property class="TraderOnOff">
      <property name="0" value="22, 2, 21" />
    </property>
    <property class="FetchContainer">
      <property name="0" value="24, 6, 7" />
    </property>
    <property class="Rally">
      <property name="0" value="25, 1, 2" />
    </property>
  </property>
</prefab>