﻿<?xml version="1.0" encoding="UTF-8"?>
<prefab>
  <property name="CopyAirBlocks" value="True" />
  <property name="AllowTopSoilDecorations" value="True" />
  <property name="TraderArea" value="False" />
  <property name="ExcludeDistantPOIMesh" value="False" />
  <property name="ExcludePOICulling" value="False" />
  <property name="QuestTags" value="clear, fetch, infested" />
  <property name="DifficultyTier" value="2" />
  <property name="Zoning" value="Downtown" />
  <property name="RotationToFaceNorth" value="2" />
  <property name="YOffset" value="-1" />
  <property name="DistantPOIYOffset" value="0" />
  <property name="AllowedBiomes" value="burnt_forest,snow,pine_forest,desert,wasteland" />
  <property name="AllowedTownships" value="city" />
  <property name="EditorGroups" value="downtown" />
  <property name="TraderAreaProtect" value="37, 48, 31" />
  <property name="TraderAreaTeleportSize" value="37, 48, 31" />
  <property name="TraderAreaTeleportCenter" value="0, 0, 0" />
  <property name="SleeperVolumeStart" value="4, 10, 6#4, 10, 12#3, 1, 2#4, 4, 6" />
  <property name="SleeperVolumeSize" value="18, 7, 6#18, 14, 7#20, 3, 18#18, 6, 13" />
  <property name="SleeperVolumeGroup" value="GroupGenericZombie,3,3,GroupZomBadass,4,8,GroupGenericZombie,8,8,GroupGenericZombie,8,8" />
  <property name="SleeperVolumeGameStageAdjust" value=",,," />
  <property name="SleeperIsLootVolume" value="False,False,False,False" />
  <property name="SleeperIsQuestExclude" value="False,False,False,False" />
  <property name="SleeperVolumeFlags" value="0,2,0,0" />
  <property name="SleeperVolumeGroupId" value="0,0,0,0" />
  <property name="ShowQuestClearCount" value="0" />
  <property name="PrefabSize" value="25, 17, 25" />
  <property name="Tags" value="downtown" />
  <property name="SleeperVolumeTriggeredBy" value=" # # # " />
  <property class="IndexedBlockOffsets">
    <property class="quest_wood_trees">
      <property name="0" value="15, 1, 5" />
      <property name="1" value="21, 1, 5" />
    </property>
    <property class="quest_wood">
      <property name="0" value="14, 1, 5" />
      <property name="1" value="16, 1, 5" />
      <property name="2" value="17, 1, 5" />
      <property name="3" value="18, 1, 5" />
      <property name="4" value="19, 1, 5" />
      <property name="5" value="20, 1, 5" />
      <property name="6" value="14, 1, 6" />
      <property name="7" value="14, 1, 7" />
    </property>
    <property class="POILight">
      <property name="0" value="18, 10, 12" />
      <property name="1" value="14, 9, 13" />
      <property name="2" value="16, 5, 14" />
      <property name="3" value="14, 9, 16" />
      <property name="4" value="20, 5, 17" />
      <property name="5" value="20, 10, 17" />
    </property>
    <property class="FetchContainer">
      <property name="0" value="9, 12, 15" />
    </property>
    <property class="challenge_mech_parts">
      <property name="0" value="6, 7, 7" />
      <property name="1" value="7, 2, 9" />
    </property>
    <property class="challenge_polymers">
      <property name="0" value="18, 7, 12" />
      <property name="1" value="19, 2, 12" />
      <property name="2" value="16, 2, 15" />
      <property name="3" value="14, 12, 16" />
      <property name="4" value="18, 12, 16" />
      <property name="5" value="13, 12, 17" />
      <property name="6" value="20, 2, 17" />
    </property>
    <property class="challenge_leather">
      <property name="0" value="17, 2, 8" />
      <property name="1" value="18, 2, 8" />
      <property name="2" value="19, 2, 8" />
    </property>
    <property class="TraderOnOff">
      <property name="0" value="14, 2, 17" />
    </property>
    <property class="challenge_gore">
      <property name="0" value="20, 7, 16" />
    </property>
    <property class="challenge_sinks">
      <property name="0" value="12, 2, 15" />
      <property name="1" value="12, 2, 16" />
    </property>
    <property class="Rally">
      <property name="0" value="12, 1, 2" />
    </property>
  </property>
  <property class="Stats">
    <property name="TotalVertices" value="243446" />
    <property name="TotalTriangles" value="129201" />
    <property class="BlockEntities">
      <property name="Vertices" value="169987" />
      <property name="Triangles" value="79339" />
    </property>
    <property class="ChunkMeshes0">
      <property name="Vertices" value="71259" />
      <property name="Triangles" value="47234" />
    </property>
    <property class="ChunkMeshes1">
      <property name="Vertices" value="0" />
      <property name="Triangles" value="0" />
    </property>
    <property class="ChunkMeshes2">
      <property name="Vertices" value="696" />
      <property name="Triangles" value="396" />
    </property>
    <property class="ChunkMeshes3">
      <property name="Vertices" value="384" />
      <property name="Triangles" value="192" />
    </property>
    <property class="ChunkMeshes4">
      <property name="Vertices" value="0" />
      <property name="Triangles" value="0" />
    </property>
    <property class="ChunkMeshes5">
      <property name="Vertices" value="1120" />
      <property name="Triangles" value="2040" />
    </property>
  </property>
</prefab>