﻿<?xml version="1.0" encoding="UTF-8"?>
<prefab>
  <property name="CopyAirBlocks" value="True" />
  <property name="AllowTopSoilDecorations" value="True" />
  <property name="TraderArea" value="False" />
  <property name="ExcludeDistantPOIMesh" value="False" />
  <property name="ExcludePOICulling" value="False" />
  <property name="QuestTags" value="clear, fetch, infested" />
  <property name="DifficultyTier" value="3" />
  <property name="Zoning" value="Commercial" />
  <property name="RotationToFaceNorth" value="0" />
  <property name="YOffset" value="-5" />
  <property name="DistantPOIYOffset" value="0" />
  <property name="AllowedTownships" value="rural,wilderness" />
  <property name="EditorGroups" value="Wilderness" />
  <property name="SleeperVolumeStart" value="26, 4, 14#45, 4, 0#26, 9, 17#6, 4, 10#63, 4, 14#55, 4, 34#52, 5, 0#63, 4, 24#43, 4, 9" />
  <property name="SleeperVolumeSize" value="15, 4, 19#7, 6, 6#15, 4, 16#19, 4, 27#16, 10, 10#7, 6, 6#12, 6, 7#15, 6, 10#20, 6, 25" />
  <property name="SleeperVolumeGroup" value="GroupZomSoldier,8,8,GroupZomBadass,1,1,GroupAbandonedHouse,8,8,GroupAbandonedHouse,2,3,GroupGhostTown,5,6,ZomUtilityWorker,3,3,GroupBikerBar,2,2,GroupAbandonedHouse,3,3,GroupAbandonedHouse,6,6" />
  <property name="SleeperVolumeGameStageAdjust" value="350,medium,medium,350,medium,250,,," />
  <property name="SleeperIsLootVolume" value="False,False,False,False,False,False,False,False,False" />
  <property name="SleeperIsQuestExclude" value="False,False,False,False,False,False,False,False,False" />
  <property name="SleeperVolumeFlags" value="0,0,0,0,0,0,0,0,0" />
  <property name="SleeperVolumeGroupId" value="0,0,0,0,0,0,0,0,0" />
  <property name="ShowQuestClearCount" value="0" />
  <property name="Tags" value="wilderness" />
  <property name="PrefabSize" value="100, 24, 41" />
  <property name="SleeperVolumeTriggeredBy" value=" # # # # # # # # " />
  <property class="IndexedBlockOffsets">
    <property class="TraderOnOff">
      <property name="0" value="92, 5, 20" />
    </property>
    <property class="challenge_polymers">
      <property name="0" value="77, 6, 21" />
      <property name="1" value="77, 5, 24" />
      <property name="2" value="78, 5, 24" />
      <property name="3" value="69, 5, 31" />
    </property>
    <property class="brBlock">
      <property name="0" value="17, 5, 27" />
    </property>
    <property class="FetchContainer">
      <property name="0" value="67, 10, 22" />
    </property>
    <property class="POILight">
      <property name="0" value="67, 7, 20" />
      <property name="1" value="67, 12, 20" />
      <property name="2" value="69, 7, 20" />
      <property name="3" value="71, 7, 20" />
      <property name="4" value="71, 12, 20" />
      <property name="5" value="73, 12, 20" />
      <property name="6" value="75, 12, 20" />
      <property name="7" value="75, 7, 21" />
      <property name="8" value="69, 7, 27" />
      <property name="9" value="69, 7, 29" />
    </property>
    <property class="challenge_cars">
      <property name="0" value="70, 5, 29" />
    </property>
    <property class="challenge_gore">
      <property name="0" value="68, 5, 21" />
      <property name="1" value="68, 10, 24" />
      <property name="2" value="74, 5, 26" />
      <property name="3" value="70, 5, 28" />
      <property name="4" value="70, 5, 31" />
    </property>
    <property class="challenge_leather">
      <property name="0" value="38, 5, 24" />
    </property>
    <property class="challenge_mech_parts">
      <property name="0" value="77, 9, 21" />
    </property>
    <property class="challenge_sinks">
      <property name="0" value="77, 6, 20" />
    </property>
    <property class="Rally">
      <property name="0" value="52, 5, 37" />
    </property>
    <property class="quest_wood_trees">
      <property name="0" value="92, 5, 12" />
    </property>
  </property>
  <property class="Stats">
    <property name="TotalVertices" value="776745" />
    <property name="TotalTriangles" value="473693" />
    <property class="BlockEntities">
      <property name="Vertices" value="665856" />
      <property name="Triangles" value="401554" />
    </property>
    <property class="ChunkMeshes0">
      <property name="Vertices" value="95001" />
      <property name="Triangles" value="50051" />
    </property>
    <property class="ChunkMeshes1">
      <property name="Vertices" value="0" />
      <property name="Triangles" value="0" />
    </property>
    <property class="ChunkMeshes2">
      <property name="Vertices" value="2976" />
      <property name="Triangles" value="2200" />
    </property>
    <property class="ChunkMeshes3">
      <property name="Vertices" value="576" />
      <property name="Triangles" value="288" />
    </property>
    <property class="ChunkMeshes4">
      <property name="Vertices" value="0" />
      <property name="Triangles" value="0" />
    </property>
    <property class="ChunkMeshes5">
      <property name="Vertices" value="12336" />
      <property name="Triangles" value="19600" />
    </property>
  </property>
</prefab>