﻿<?xml version="1.0" encoding="UTF-8"?>
<prefab>
  <property name="CopyAirBlocks" value="True" />
  <property name="ExcludeDistantPOIMesh" value="False" />
  <property name="ExcludePOICulling" value="False" />
  <property name="DistantPOIYOffset" value="0" />
  <property name="AllowTopSoilDecorations" value="True" />
  <property name="DifficultyTier" value="1" />
  <property name="ShowQuestClearCount" value="1" />
  <property name="TraderArea" value="False" />
  <property name="YOffset" value="-2" />
  <property name="RotationToFaceNorth" value="0" />
  <property name="Zoning" value="ResidentialOld" />
  <property name="SleeperVolumeSize" value="33, 8, 31" />
  <property name="SleeperVolumeStart" value="4, 2, 3" />
  <property name="SleeperVolumeGroupId" value="0" />
  <property name="SleeperVolumeGroup" value="GroupGenericZombie,10,15" />
  <property name="SleeperIsLootVolume" value="False" />
  <property name="SleeperIsQuestExclude" value="False" />
  <property name="SleeperVolumeFlags" value="0" />
  <property name="EditorGroups" value="Wilderness" />
  <property name="AllowedTownships" value="wilderness" />
  <property name="AllowedBiomes" value="wasteland" />
  <property name="QuestTags" value="clear, fetch" />
  <property name="Tags" value="wasteland, wilderness" />
  <property name="POIMarkerSize" value="1, 1, 1" />
  <property name="POIMarkerStart" value="20, 1, 39" />
  <property name="POIMarkerGroup" value="new" />
  <property name="POIMarkerTags" value="" />
  <property name="POIMarkerType" value="RoadExit" />
  <property name="POIMarkerPartToSpawn" value="" />
  <property name="POIMarkerPartRotations" value="0" />
  <property name="POIMarkerPartSpawnChance" value="1" />
  <property name="PrefabSize" value="40, 22, 39" />
  <property name="SleeperVolumeTriggeredBy" value=" " />
  <property class="Stats">
    <property name="TotalVertices" value="548649" />
    <property name="TotalTriangles" value="322793" />
    <property class="BlockEntities">
      <property name="Vertices" value="482767" />
      <property name="Triangles" value="282827" />
    </property>
    <property class="ChunkMeshes0">
      <property name="Vertices" value="60418" />
      <property name="Triangles" value="32214" />
    </property>
    <property class="ChunkMeshes1">
      <property name="Vertices" value="0" />
      <property name="Triangles" value="0" />
    </property>
    <property class="ChunkMeshes2">
      <property name="Vertices" value="904" />
      <property name="Triangles" value="632" />
    </property>
    <property class="ChunkMeshes3">
      <property name="Vertices" value="0" />
      <property name="Triangles" value="0" />
    </property>
    <property class="ChunkMeshes4">
      <property name="Vertices" value="0" />
      <property name="Triangles" value="0" />
    </property>
    <property class="ChunkMeshes5">
      <property name="Vertices" value="4560" />
      <property name="Triangles" value="7120" />
    </property>
  </property>
  <property class="IndexedBlockOffsets">
    <property class="quest_wood_trees">
      <property name="0" value="38, 2, 1" />
    </property>
    <property class="quest_feather">
      <property name="0" value="38, 9, 20" />
    </property>
    <property class="challenge_polymers">
      <property name="0" value="28, 3, 19" />
      <property name="1" value="34, 7, 20" />
      <property name="2" value="32, 4, 21" />
    </property>
    <property class="TraderOnOff">
      <property name="0" value="29, 3, 20" />
    </property>
    <property class="challenge_pallet">
      <property name="0" value="36, 3, 26" />
    </property>
    <property class="challenge_cars">
      <property name="0" value="10, 2, 31" />
    </property>
    <property class="FetchContainer">
      <property name="0" value="28, 7, 18" />
    </property>
    <property class="Rally">
      <property name="0" value="5, 2, 36" />
    </property>
    <property class="challenge_mech_parts">
      <property name="0" value="28, 3, 12" />
      <property name="1" value="34, 7, 18" />
    </property>
    <property class="challenge_sinks">
      <property name="0" value="35, 7, 22" />
    </property>
    <property class="POILight">
      <property name="0" value="36, 7, 22" />
    </property>
  </property>
</prefab>