﻿<?xml version="1.0" encoding="UTF-8"?>
<prefab>
  <property name="CopyAirBlocks" value="True" />
  <property name="AllowTopSoilDecorations" value="True" />
  <property name="TraderArea" value="False" />
  <property name="ExcludeDistantPOIMesh" value="False" />
  <property name="ExcludePOICulling" value="False" />
  <property name="QuestTags" value="clear, fetch, infested" />
  <property name="DifficultyTier" value="2" />
  <property name="Zoning" value="Residential" />
  <property name="RotationToFaceNorth" value="3" />
  <property name="YOffset" value="-1" />
  <property name="DistantPOIYOffset" value="0" />
  <property name="AllowedTownships" value="city,town" />
  <property name="EditorGroups" value="commercial" />
  <property name="SleeperVolumeStart" value="2, 2, 3#2, 7, 3#2, 12, 3#10, 2, 4#20, 2, 10" />
  <property name="SleeperVolumeSize" value="22, 3, 20#22, 3, 19#22, 4, 20#14, 3, 2#3, 3, 1" />
  <property name="SleeperVolumeGroup" value="GroupGenericZombie,6,6,GroupZomBadass,7,8,GroupGenericZombie,6,6,GroupZomBadass,7,8,GroupZomBadass,7,8" />
  <property name="SleeperVolumeGameStageAdjust" value=",," />
  <property name="SleeperIsLootVolume" value="False,False,False,True,False" />
  <property name="SleeperIsBossVolume" value="False,False,False" />
  <property name="SleeperVolumeFlags" value="0,0,0,2,2" />
  <property name="SleeperVolumeGroupId" value="0,0,0,1,1" />
  <property name="ShowQuestClearCount" value="1" />
  <property name="SleeperIsQuestExclude" value="False,False,False,False,False" />
  <property name="PrefabSize" value="25, 15, 25" />
  <property name="Tags" value="countryresidential, commercial, residential" />
  <property name="SleeperVolumeTriggeredBy" value=" # # # # " />
  <property class="IndexedBlockOffsets">
    <property class="TraderOnOff">
      <property name="0" value="15, 7, 18" />
      <property name="1" value="21, 7, 18" />
      <property name="2" value="17, 2, 20" />
    </property>
    <property class="challenge_polymers">
      <property name="0" value="22, 7, 13" />
      <property name="1" value="13, 7, 15" />
      <property name="2" value="15, 7, 19" />
      <property name="3" value="21, 7, 19" />
    </property>
    <property class="FetchContainer">
      <property name="0" value="12, 9, 18" />
      <property name="1" value="18, 8, 21" />
    </property>
    <property class="challenge_sinks">
      <property name="0" value="18, 3, 15" />
      <property name="1" value="19, 2, 15" />
      <property name="2" value="19, 2, 17" />
      <property name="3" value="21, 2, 17" />
      <property name="4" value="22, 3, 20" />
      <property name="5" value="20, 8, 21" />
      <property name="6" value="21, 7, 21" />
    </property>
    <property class="POILight">
      <property name="0" value="13, 5, 12" />
      <property name="1" value="15, 5, 12" />
      <property name="2" value="13, 5, 14" />
      <property name="3" value="15, 5, 14" />
      <property name="4" value="13, 5, 16" />
      <property name="5" value="15, 5, 16" />
      <property name="6" value="19, 5, 17" />
      <property name="7" value="20, 5, 17" />
      <property name="8" value="21, 5, 17" />
      <property name="9" value="13, 5, 18" />
      <property name="10" value="15, 5, 18" />
      <property name="11" value="20, 5, 18" />
      <property name="12" value="19, 5, 19" />
      <property name="13" value="20, 5, 19" />
      <property name="14" value="21, 5, 19" />
      <property name="15" value="13, 5, 20" />
      <property name="16" value="15, 5, 20" />
      <property name="17" value="20, 5, 20" />
      <property name="18" value="19, 5, 21" />
      <property name="19" value="20, 5, 21" />
      <property name="20" value="21, 5, 21" />
    </property>
    <property class="challenge_mech_parts">
      <property name="0" value="14, 7, 20" />
    </property>
    <property class="Rally">
      <property name="0" value="0, 1, 11" />
    </property>
    <property class="challenge_leather">
      <property name="0" value="12, 2, 19" />
      <property name="1" value="14, 2, 19" />
      <property name="2" value="12, 2, 20" />
      <property name="3" value="14, 2, 20" />
      <property name="4" value="12, 2, 21" />
      <property name="5" value="14, 2, 21" />
    </property>
  </property>
  <property class="Stats">
    <property name="TotalVertices" value="229633" />
    <property name="TotalTriangles" value="94431" />
    <property class="BlockEntities">
      <property name="Vertices" value="194309" />
      <property name="Triangles" value="73357" />
    </property>
    <property class="ChunkMeshes0">
      <property name="Vertices" value="31432" />
      <property name="Triangles" value="17210" />
    </property>
    <property class="ChunkMeshes1">
      <property name="Vertices" value="2048" />
      <property name="Triangles" value="1024" />
    </property>
    <property class="ChunkMeshes2">
      <property name="Vertices" value="288" />
      <property name="Triangles" value="144" />
    </property>
    <property class="ChunkMeshes3">
      <property name="Vertices" value="0" />
      <property name="Triangles" value="0" />
    </property>
    <property class="ChunkMeshes4">
      <property name="Vertices" value="0" />
      <property name="Triangles" value="0" />
    </property>
    <property class="ChunkMeshes5">
      <property name="Vertices" value="1556" />
      <property name="Triangles" value="2696" />
    </property>
  </property>
</prefab>