﻿<?xml version="1.0" encoding="UTF-8"?>
<prefab>
  <property name="CopyAirBlocks" value="True" />
  <property name="AllowTopSoilDecorations" value="True" />
  <property name="TraderArea" value="False" />
  <property name="ExcludeDistantPOIMesh" value="False" />
  <property name="ExcludePOICulling" value="False" />
  <property name="DifficultyTier" value="2" />
  <property name="Zoning" value="Commercial, Downtown, Industrial, ResidentialNew, ResidentialOld, Residential" />
  <property name="RotationToFaceNorth" value="2" />
  <property name="DistantPOIYOffset" value="0" />
  <property name="AllowedBiomes" value="burnt_forest,snow,plains,pine_forest,forest,desert,wasteland" />
  <property name="AllowedTownships" value="city,rural,town" />
  <property name="EditorGroups" value="Wilderness" />
  <property name="SleeperVolumeStart" value="10, 1, 4#3, 2, 4#14, 2, 4#3, 7, 4#14, 7, 4#3, 10, 4" />
  <property name="SleeperVolumeSize" value="4, 9, 19#7, 3, 18#7, 3, 18#7, 2, 18#7, 3, 18#18, 5, 17" />
  <property name="SleeperVolumeGroup" value="GroupGenericZombie,5,6,GroupGenericZombie,2,3,GroupBikerBar,2,3,GroupLabWorker,2,4,GroupGenericZombie,2,3,GroupGenericZombie,7,8" />
  <property name="SleeperVolumeGameStageAdjust" value=",,,,,," />
  <property name="SleeperIsLootVolume" value="False,False,False,False,False,False" />
  <property name="SleeperIsBossVolume" value="False,False,False,False,False,False,False" />
  <property name="SleeperVolumeFlags" value="0,0,0,0,0,0" />
  <property name="SleeperVolumeGroupId" value="0,0,0,0,0,0" />
  <property name="ShowQuestClearCount" value="1" />
  <property name="SleeperIsQuestExclude" value="False,False,False,False,False,False" />
  <property name="PrefabSize" value="25, 14, 25" />
  <property name="Tags" value="commercial, downtown" />
  <property name="YOffset" value="-1" />
  <property name="SleeperVolumeTriggeredBy" value=" # # # # # " />
  <property name="QuestTags" value="clear, fetch, infested" />
  <property class="IndexedBlockOffsets">
    <property class="Rally">
      <property name="0" value="11, 1, 1" />
    </property>
    <property class="challenge_sinks">
      <property name="0" value="19, 3, 19" />
      <property name="1" value="17, 8, 20" />
      <property name="2" value="19, 2, 20" />
    </property>
    <property class="POILight">
      <property name="0" value="15, 3, 14" />
      <property name="1" value="15, 3, 17" />
    </property>
    <property class="quest_feather">
      <property name="0" value="19, 13, 22" />
    </property>
    <property class="challenge_barrels">
      <property name="0" value="10, 2, 9" />
      <property name="1" value="10, 3, 9" />
      <property name="2" value="11, 2, 9" />
      <property name="3" value="11, 3, 9" />
      <property name="4" value="10, 3, 10" />
      <property name="5" value="11, 3, 10" />
    </property>
    <property class="TraderOnOff">
      <property name="0" value="18, 2, 18" />
    </property>
    <property class="FetchContainer">
      <property name="0" value="16, 12, 20" />
    </property>
    <property class="brBlock">
      <property name="0" value="19, 12, 18" />
    </property>
  </property>
  <property class="Stats">
    <property name="TotalVertices" value="241965" />
    <property name="TotalTriangles" value="103681" />
    <property class="BlockEntities">
      <property name="Vertices" value="206618" />
      <property name="Triangles" value="83022" />
    </property>
    <property class="ChunkMeshes0">
      <property name="Vertices" value="32819" />
      <property name="Triangles" value="17283" />
    </property>
    <property class="ChunkMeshes1">
      <property name="Vertices" value="0" />
      <property name="Triangles" value="0" />
    </property>
    <property class="ChunkMeshes2">
      <property name="Vertices" value="972" />
      <property name="Triangles" value="680" />
    </property>
    <property class="ChunkMeshes3">
      <property name="Vertices" value="0" />
      <property name="Triangles" value="0" />
    </property>
    <property class="ChunkMeshes4">
      <property name="Vertices" value="0" />
      <property name="Triangles" value="0" />
    </property>
    <property class="ChunkMeshes5">
      <property name="Vertices" value="1556" />
      <property name="Triangles" value="2696" />
    </property>
  </property>
</prefab>