﻿<?xml version="1.0" encoding="UTF-8"?>
<prefab>
  <property name="CopyAirBlocks" value="True" />
  <property name="AllowTopSoilDecorations" value="True" />
  <property name="TraderArea" value="False" />
  <property name="ExcludeDistantPOIMesh" value="False" />
  <property name="ExcludePOICulling" value="False" />
  <property name="QuestTags" value="clear, fetch, infested" />
  <property name="DifficultyTier" value="2" />
  <property name="Zoning" value="Residential" />
  <property name="RotationToFaceNorth" value="1" />
  <property name="YOffset" value="-1" />
  <property name="DistantPOIYOffset" value="0" />
  <property name="EditorGroups" value="downtown, Ancap Zone, house new, House medium, Frank's Prefabs" />
  <property name="SleeperVolumeStart" value="8, 1, 5#3, 1, 3#4, 10, 4#4, 6, 4#7, 1, 3#7, 1, 15" />
  <property name="SleeperVolumeSize" value="11, 4, 9#4, 4, 18#15, 5, 17#15, 4, 17#10, 4, 1#12, 4, 6" />
  <property name="SleeperVolumeGroup" value="S_-Group_Generic_Zombie,4,4,S_-Group_Generic_Zombie,1,1,S_-_Group_Zom_Badass,2,2,S_-Group_Generic_Zombie,5,6,S_-Group_Generic_Zombie,1,2,S_-Group_Generic_Zombie,2,3" />
  <property name="SleeperVolumeGameStageAdjust" value=",,,,," />
  <property name="SleeperIsLootVolume" value="False,False,False,False,False,False" />
  <property name="SleeperIsBossVolume" value="False,False,False,False,False,False" />
  <property name="SleeperVolumeFlags" value="0,0,0,0,0,0" />
  <property name="SleeperVolumeGroupId" value="0,0,0,0,0,0" />
  <property name="ShowQuestClearCount" value="1" />
  <property name="SleeperIsQuestExclude" value="False,False,False,False,False,False" />
  <property name="PrefabSize" value="25, 17, 25" />
  <property name="Tags" value="countrytown,residential,countryresidential" />
  <property name="SleeperVolumeTriggeredBy" value=" # # # # # " />
  <property class="IndexedBlockOffsets">
    <property class="POILight">
      <property name="0" value="12, 4, 12" />
      <property name="1" value="16, 4, 12" />
      <property name="2" value="19, 4, 12" />
      <property name="3" value="17, 6, 13" />
      <property name="4" value="15, 9, 15" />
      <property name="5" value="15, 4, 17" />
      <property name="6" value="15, 10, 18" />
    </property>
    <property class="FetchContainer">
      <property name="0" value="10, 7, 6" />
      <property name="1" value="8, 10, 10" />
    </property>
    <property class="TraderOnOff">
      <property name="0" value="18, 2, 12" />
      <property name="1" value="13, 6, 14" />
      <property name="2" value="16, 2, 14" />
    </property>
    <property class="Rally">
      <property name="0" value="23, 1, 13" />
    </property>
  </property>
  <property class="Stats">
    <property name="TotalVertices" value="450344" />
    <property name="TotalTriangles" value="197231" />
    <property class="BlockEntities">
      <property name="Vertices" value="384041" />
      <property name="Triangles" value="156095" />
    </property>
    <property class="ChunkMeshes0">
      <property name="Vertices" value="63571" />
      <property name="Triangles" value="37792" />
    </property>
    <property class="ChunkMeshes1">
      <property name="Vertices" value="0" />
      <property name="Triangles" value="0" />
    </property>
    <property class="ChunkMeshes2">
      <property name="Vertices" value="0" />
      <property name="Triangles" value="0" />
    </property>
    <property class="ChunkMeshes3">
      <property name="Vertices" value="940" />
      <property name="Triangles" value="548" />
    </property>
    <property class="ChunkMeshes4">
      <property name="Vertices" value="264" />
      <property name="Triangles" value="132" />
    </property>
    <property class="ChunkMeshes5">
      <property name="Vertices" value="0" />
      <property name="Triangles" value="0" />
    </property>
    <property class="ChunkMeshes6">
      <property name="Vertices" value="1528" />
      <property name="Triangles" value="2664" />
    </property>
  </property>
</prefab>