﻿<?xml version="1.0" encoding="UTF-8"?>
<prefab>
  <property name="CopyAirBlocks" value="True" />
  <property name="AllowTopSoilDecorations" value="False" />
  <property name="Zoning" value="Commercial" />
  <property name="RotationToFaceNorth" value="2" />
  <property name="AllowedTownships" value="city,town,rural" />
  <property name="Condition" value="New" />
  <property name="YOffset" value="-1" />
  <property name="TraderArea" value="False" />
  <property name="ExcludeDistantPOIMesh" value="False" />
  <property name="DistantPOIYOffset" value="0" />
  <property name="EditorGroups" value="commercial" />
  <property name="DifficultyTier" value="2" />
  <property name="Tags" value="commercial" />
  <property name="ThemeTags" value="shotgun" />
  <property name="ThemeRepeatDistance" value="300" />
  <property name="SleeperVolumeSize" value="19, 4, 8#8, 4, 9#7, 4, 9#35, 6, 24#44, 12, 44" />
  <property name="SleeperVolumeStart" value="22, 1, 31#14, 1, 31#7, 1, 31#7, 1, 7#-2, 1, -1" />
  <property name="SleeperVolumeGroup" value="GroupZomSoldier,3,5,GroupZomBadassOnly,3,4,GroupGenericZombie,3,4,GroupZomBadass,7,8,GroupGenericZombie,5,6" />
  <property name="SleeperVolumeGameStageAdjust" value=",,,," />
  <property name="SleeperIsLootVolume" value="True,True,True,True,False" />
  <property name="SleeperIsBossVolume" value="False,False,False,False,False" />
  <property name="SleeperVolumeGroupId" value="0,0,0,0,0" />
  <property name="SleeperVolumeFlags" value="0,0,0,0,0" />
  <property name="ExcludePOICulling" value="False" />
  <property name="ShowQuestClearCount" value="1" />
  <property name="SleeperIsQuestExclude" value="False,False,False,False,False" />
  <property name="PrefabSize" value="42, 13, 42" />
  <property name="SleeperVolumeTriggeredBy" value=" # # # # " />
  <property name="QuestTags" value="clear, fetch, infested" />
  <property class="Stats">
    <property name="TotalVertices" value="374258" />
    <property name="TotalTriangles" value="147082" />
    <property class="BlockEntities">
      <property name="Vertices" value="246789" />
      <property name="Triangles" value="70845" />
    </property>
    <property class="ChunkMeshes0">
      <property name="Vertices" value="124533" />
      <property name="Triangles" value="72021" />
    </property>
    <property class="ChunkMeshes1">
      <property name="Vertices" value="0" />
      <property name="Triangles" value="0" />
    </property>
    <property class="ChunkMeshes2">
      <property name="Vertices" value="360" />
      <property name="Triangles" value="180" />
    </property>
    <property class="ChunkMeshes3">
      <property name="Vertices" value="0" />
      <property name="Triangles" value="0" />
    </property>
    <property class="ChunkMeshes4">
      <property name="Vertices" value="0" />
      <property name="Triangles" value="0" />
    </property>
    <property class="ChunkMeshes5">
      <property name="Vertices" value="2576" />
      <property name="Triangles" value="4036" />
    </property>
  </property>
  <property class="IndexedBlockOffsets">
    <property class="challenge_barrels">
      <property name="0" value="37, 1, 22" />
    </property>
    <property class="POILight">
      <property name="0" value="38, 4, 31" />
      <property name="1" value="38, 4, 35" />
    </property>
    <property class="challenge_vending">
      <property name="0" value="19, 1, 17" />
    </property>
    <property class="TraderOnOff">
      <property name="0" value="30, 3, 7" />
    </property>
    <property class="challenge_sinks">
      <property name="0" value="9, 1, 37" />
      <property name="1" value="13, 1, 37" />
    </property>
    <property class="Rally">
      <property name="0" value="23, 1, 3" />
    </property>
    <property class="FetchContainer">
      <property name="0" value="33, 8, 16" />
    </property>
  </property>
</prefab>