﻿<?xml version="1.0" encoding="UTF-8"?>
<prefab>
  <property name="CopyAirBlocks" value="True" />
  <property name="AllowTopSoilDecorations" value="False" />
  <property name="TraderArea" value="False" />
  <property name="ExcludeDistantPOIMesh" value="False" />
  <property name="ExcludePOICulling" value="False" />
  <property name="QuestTags" value="clear, fetch, infested" />
  <property name="DifficultyTier" value="4" />
  <property name="Zoning" value="Commercial" />
  <property name="RotationToFaceNorth" value="3" />
  <property name="YOffset" value="-1" />
  <property name="DistantPOIYOffset" value="0" />
  <property name="AllowedBiomes" value="burnt_forest,snow,plains,pine_forest,forest,desert,city" />
  <property name="AllowedTownships" value="city,rural,town,wilderness" />
  <property name="EditorGroups" value="Wilderness" />
  <property name="SleeperVolumeStart" value="14, 1, 12#22, 1, 13#25, 1, 3#15, 1, 3#14, 1, 22#22, 1, 22#22, 1, 30#16, 1, 30#14, 9, 13#15, 9, 3#22, 9, 3#24, 9, 10#14, 9, 22#15, 9, 30#22, 9, 33#24, 9, 22" />
  <property name="SleeperVolumeSize" value="8, 3, 9#9, 3, 8#6, 3, 10#10, 3, 9#8, 3, 8#9, 3, 8#9, 3, 9#6, 3, 9#9, 3, 8#7, 3, 10#9, 3, 7#7, 3, 11#9, 3, 8#7, 3, 10#9, 3, 7#7, 3, 11" />
  <property name="SleeperVolumeGroup" value="GroupGenericZombie,3,4,GroupZomBadassOnly,3,4,GroupGhostTown,2,3,GroupGenericZombie,3,4,GroupHospital,4,5,GroupZomBadass,4,5,GroupAbandonedHouse,3,4,GroupGenericZombie,3,4,ZomBurnt,3,4,ZomBusinessman,2,3,ZomHazMatOnly,2,3,ZomUtilityWorker,3,4,GroupBikerBar,2,3,ZomSnow,2,3,GroupGhostTown,2,3,GroupBikerBar,3,4" />
  <property name="SleeperVolumeGameStageAdjust" value=",,,,,,,,,,,,,,," />
  <property name="SleeperIsLootVolume" value="False,False,False,False,False,False,False,False,False,False,False,False,False,False,False,False" />
  <property name="SleeperIsQuestExclude" value="False,False,False,False,False,False,False,False,False,False,False,False,False,False,False,False" />
  <property name="SleeperVolumeFlags" value="0,0,0,0,0,0,0,0,0,0,0,0,0,0,0,0" />
  <property name="SleeperVolumeGroupId" value="0,0,0,0,0,0,0,0,0,0,0,0,0,0,0,0" />
  <property name="ShowQuestClearCount" value="0" />
  <property name="PrefabSize" value="42, 21, 42" />
  <property name="Tags" value="commercial, downtown" />
  <property name="SleeperVolumeTriggeredBy" value=" # # # # # # # # # # # # # # # " />
  <property class="IndexedBlockOffsets">
    <property class="quest_wood">
      <property name="0" value="5, 2, 31" />
      <property name="1" value="6, 2, 31" />
      <property name="2" value="5, 2, 32" />
      <property name="3" value="5, 2, 33" />
      <property name="4" value="6, 2, 33" />
    </property>
    <property class="quest_wood_trees">
      <property name="0" value="6, 2, 32" />
    </property>
    <property class="POILight">
      <property name="0" value="24, 2, 38" />
      <property name="1" value="27, 2, 38" />
    </property>
    <property class="challenge_officechairs">
      <property name="0" value="17, 9, 26" />
    </property>
    <property class="TraderOnOff">
      <property name="0" value="23, 1, 23" />
      <property name="1" value="21, 1, 25" />
      <property name="2" value="21, 1, 31" />
      <property name="3" value="21, 9, 31" />
      <property name="4" value="25, 1, 31" />
      <property name="5" value="25, 9, 31" />
      <property name="6" value="23, 1, 33" />
      <property name="7" value="23, 9, 33" />
    </property>
    <property class="challenge_sinks">
      <property name="0" value="29, 9, 38" />
    </property>
    <property class="Rally">
      <property name="0" value="7, 1, 21" />
    </property>
    <property class="challenge_barrels">
      <property name="0" value="14, 9, 25" />
      <property name="1" value="19, 9, 29" />
    </property>
    <property class="brBlock">
      <property name="0" value="27, 9, 22" />
    </property>
    <property class="FetchContainer">
      <property name="0" value="27, 12, 30" />
    </property>
    <property class="quest_stone">
      <property name="0" value="27, 10, 38" />
    </property>
    <property class="challenge_cars">
      <property name="0" value="37, 1, 39" />
    </property>
  </property>
  <property class="Stats">
    <property name="TotalVertices" value="819505" />
    <property name="TotalTriangles" value="331351" />
    <property class="BlockEntities">
      <property name="Vertices" value="715923" />
      <property name="Triangles" value="276393" />
    </property>
    <property class="ChunkMeshes0">
      <property name="Vertices" value="100586" />
      <property name="Triangles" value="52886" />
    </property>
    <property class="ChunkMeshes1">
      <property name="Vertices" value="0" />
      <property name="Triangles" value="0" />
    </property>
    <property class="ChunkMeshes2">
      <property name="Vertices" value="2584" />
      <property name="Triangles" value="1360" />
    </property>
    <property class="ChunkMeshes3">
      <property name="Vertices" value="0" />
      <property name="Triangles" value="0" />
    </property>
    <property class="ChunkMeshes4">
      <property name="Vertices" value="0" />
      <property name="Triangles" value="0" />
    </property>
    <property class="ChunkMeshes5">
      <property name="Vertices" value="412" />
      <property name="Triangles" value="712" />
    </property>
  </property>
</prefab>