﻿<?xml version="1.0" encoding="UTF-8"?>
<prefab>
  <property name="CopyAirBlocks" value="True" />
  <property name="AllowTopSoilDecorations" value="True" />
  <property name="TraderArea" value="False" />
  <property name="ExcludeDistantPOIMesh" value="False" />
  <property name="ExcludePOICulling" value="False" />
  <property name="QuestTags" value="clear, fetch, infested" />
  <property name="DifficultyTier" value="2" />
  <property name="Zoning" value="Industrial, Residential" />
  <property name="RotationToFaceNorth" value="1" />
  <property name="YOffset" value="-1" />
  <property name="DistantPOIYOffset" value="0" />
  <property name="AllowedBiomes" value="burnt_forest,snow,pine_forest,desert,wasteland" />
  <property name="AllowedTownships" value="city,town" />
  <property name="EditorGroups" value="industrial" />
  <property name="SleeperVolumeStart" value="11, 0, 6#0, 12, 6#1, 5, 6#1, 9, 6#2, 1, 6" />
  <property name="SleeperVolumeSize" value="10, 5, 14#15, 3, 14#13, 3, 15#13, 3, 15#9, 3, 14" />
  <property name="SleeperVolumeGroup" value="GroupGenericZombie,4,4,GroupGenericZombie,6,6,GroupAbandonedHouse,5,5,GroupBikerBar,3,3,GroupAbandonedHouse,2,4" />
  <property name="SleeperVolumeGameStageAdjust" value=",,,," />
  <property name="SleeperIsLootVolume" value="False,False,False,False,False" />
  <property name="SleeperIsQuestExclude" value="False,False,False,False,False" />
  <property name="SleeperVolumeFlags" value="0,0,0,0,0" />
  <property name="SleeperVolumeGroupId" value="0,0,0,0,0" />
  <property name="ShowQuestClearCount" value="0" />
  <property name="PrefabSize" value="25, 18, 25" />
  <property name="Tags" value="industrial" />
  <property name="SleeperVolumeTriggeredBy" value=" # # # # " />
  <property class="IndexedBlockOffsets">
    <property class="challenge_sinks">
      <property name="0" value="5, 5, 12" />
    </property>
    <property class="challenge_polymers">
      <property name="0" value="13, 1, 12" />
      <property name="1" value="14, 1, 12" />
      <property name="2" value="15, 1, 12" />
      <property name="3" value="15, 2, 12" />
      <property name="4" value="24, 1, 19" />
    </property>
    <property class="challenge_gore">
      <property name="0" value="22, 1, 13" />
      <property name="1" value="13, 1, 14" />
      <property name="2" value="23, 1, 14" />
      <property name="3" value="22, 1, 18" />
    </property>
    <property class="challenge_pallet">
      <property name="0" value="16, 1, 14" />
      <property name="1" value="16, 2, 14" />
    </property>
    <property class="challenge_steel">
      <property name="0" value="12, 2, 11" />
    </property>
    <property class="POILight">
      <property name="0" value="13, 3, 14" />
    </property>
    <property class="challenge_mech_parts">
      <property name="0" value="5, 9, 12" />
    </property>
    <property class="FetchContainer">
      <property name="0" value="7, 14, 8" />
      <property name="1" value="3, 10, 11" />
    </property>
    <property class="challenge_leather">
      <property name="0" value="24, 1, 12" />
      <property name="1" value="17, 1, 14" />
      <property name="2" value="17, 2, 14" />
    </property>
    <property class="Rally">
      <property name="0" value="22, 1, 5" />
    </property>
    <property class="quest_wood">
      <property name="0" value="19, 1, 17" />
    </property>
  </property>
  <property class="Stats">
    <property name="TotalVertices" value="512750" />
    <property name="TotalTriangles" value="206907" />
    <property class="BlockEntities">
      <property name="Vertices" value="476448" />
      <property name="Triangles" value="186109" />
    </property>
    <property class="ChunkMeshes0">
      <property name="Vertices" value="34922" />
      <property name="Triangles" value="18558" />
    </property>
    <property class="ChunkMeshes1">
      <property name="Vertices" value="0" />
      <property name="Triangles" value="0" />
    </property>
    <property class="ChunkMeshes2">
      <property name="Vertices" value="0" />
      <property name="Triangles" value="0" />
    </property>
    <property class="ChunkMeshes3">
      <property name="Vertices" value="192" />
      <property name="Triangles" value="96" />
    </property>
    <property class="ChunkMeshes4">
      <property name="Vertices" value="0" />
      <property name="Triangles" value="0" />
    </property>
    <property class="ChunkMeshes5">
      <property name="Vertices" value="1188" />
      <property name="Triangles" value="2144" />
    </property>
  </property>
</prefab>