﻿<?xml version="1.0" encoding="UTF-8"?>
<prefab>
  <property name="CopyAirBlocks" value="True" />
  <property name="AllowTopSoilDecorations" value="True" />
  <property name="TraderArea" value="False" />
  <property name="ExcludeDistantPOIMesh" value="False" />
  <property name="ExcludePOICulling" value="False" />
  <property name="QuestTags" value="clear, fetch, infested" />
  <property name="DifficultyTier" value="5" />
  <property name="Zoning" value="Downtown, none" />
  <property name="RotationToFaceNorth" value="2" />
  <property name="YOffset" value="-9" />
  <property name="DistantPOIYOffset" value="0" />
  <property name="EditorGroups" value="downtown, rural" />
  <property name="SleeperVolumeStart" value="42, 9, 7#28, 10, 39#7, 4, 43#28, 18, 39#28, 22, 39#15, 10, 37#15, 14, 35#15, 18, 35#15, 22, 35#15, 10, 17#15, 14, 17#15, 18, 17#15, 22, 17#28, 10, 17#28, 14, 17#28, 18, 17#28, 22, 17#47, 32, 11#16, 26, 17#16, 26, 36#28, 14, 39#7, 4, 37#7, 4, 31#7, 4, 25#7, 4, 19#7, 4, 10#23, 4, 20#31, 2, 19" />
  <property name="SleeperVolumeSize" value="13, 3, 46#14, 3, 12#15, 3, 8#14, 3, 12#14, 3, 12#12, 3, 14#12, 3, 16#12, 3, 16#12, 3, 16#12, 3, 14#12, 3, 17#12, 3, 17#12, 3, 17#14, 3, 14#14, 3, 13#14, 3, 13#14, 3, 13#5, 6, 25#25, 6, 19#25, 6, 19#14, 3, 12#15, 3, 6#15, 3, 6#15, 3, 6#15, 3, 6#6, 3, 9#2, 3, 28#6, 3, 9" />
  <property name="SleeperVolumeGroup" value="GroupGenericZombie,4,5,GroupGenericZombie,1,2,GroupAbandonedHouse,2,3,GroupLabWorker,1,2,GroupZomSoldier,3,4,GroupGenericZombie,2,3,GroupGenericZombie,1,2,GroupZomBadass,2,3,GroupHospital,2,3,ZomBusinessman,2,3,GroupAbandonedHouse,2,3,GroupHospital,2,3,ZomBurnt,1,2,GroupZomBadassOnly,2,3,ZomHazMatOnly,2,3,GroupBikerBar,3,4,ZomUtilityWorker,1,2,GroupAbandonedHouse,1,2,ZomBusinessman,5,6,GroupLabWorker,2,3,ZomBusinessman,3,4,GroupGenericZombie,1,1,ZomSnow,1,2,GroupGenericZombie,1,2,ZomSnow,1,1,ZomUtilityWorker,1,2,GroupAbandonedHouse,1,2,GroupZomBadassOnly,1,2" />
  <property name="SleeperVolumeGameStageAdjust" value=",,,,,,,,,,,,,,,,,,,,,,,,,,," />
  <property name="SleeperIsLootVolume" value="False,False,False,False,False,False,False,False,False,False,False,False,False,False,False,False,False,False,False,False,False,False,False,False,False,False,False,False" />
  <property name="SleeperIsQuestExclude" value="False,False,False,False,False,False,False,False,False,False,False,False,False,False,False,False,False,False,False,False,False,False,False,False,False,False,False,False" />
  <property name="SleeperVolumeFlags" value="0,0,0,0,0,0,0,0,0,0,0,0,0,0,0,0,0,0,0,0,0,0,0,0,0,0,0,0" />
  <property name="SleeperVolumeGroupId" value="0,0,0,0,0,0,0,0,0,0,0,0,0,0,0,0,0,0,0,0,0,0,0,0,0,0,0,0" />
  <property name="ShowQuestClearCount" value="0" />
  <property name="PrefabSize" value="60, 37, 60" />
  <property name="Tags" value="countrytown, countryresidential, commercial, city, downtown" />
  <property name="SleeperVolumeTriggeredBy" value=" # # # # # # # # # # # # # # # # # # # # # # # # # # # " />
  <property class="IndexedBlockOffsets">
    <property class="quest_wood">
      <property name="0" value="46, 9, 56" />
      <property name="1" value="47, 9, 56" />
      <property name="2" value="48, 9, 56" />
      <property name="3" value="49, 9, 56" />
      <property name="4" value="50, 9, 56" />
      <property name="5" value="51, 9, 56" />
      <property name="6" value="52, 9, 56" />
      <property name="7" value="53, 9, 56" />
      <property name="8" value="54, 9, 56" />
      <property name="9" value="55, 9, 46" />
      <property name="10" value="55, 9, 47" />
      <property name="11" value="55, 9, 48" />
      <property name="12" value="55, 9, 49" />
      <property name="13" value="55, 9, 50" />
      <property name="14" value="55, 9, 51" />
      <property name="15" value="55, 9, 52" />
      <property name="16" value="55, 9, 53" />
      <property name="17" value="55, 9, 54" />
      <property name="18" value="55, 9, 55" />
      <property name="19" value="55, 9, 56" />
    </property>
    <property class="quest_wood_trees">
      <property name="0" value="8, 9, 7" />
    </property>
    <property class="POILight">
      <property name="0" value="46, 6, 41" />
      <property name="1" value="49, 10, 31" />
      <property name="2" value="47, 11, 35" />
      <property name="3" value="47, 12, 39" />
      <property name="4" value="48, 12, 44" />
      <property name="5" value="47, 14, 30" />
      <property name="6" value="49, 14, 32" />
      <property name="7" value="49, 14, 36" />
      <property name="8" value="48, 16, 44" />
      <property name="9" value="47, 20, 34" />
      <property name="10" value="47, 20, 38" />
      <property name="11" value="48, 20, 44" />
      <property name="12" value="47, 22, 33" />
      <property name="13" value="47, 24, 40" />
      <property name="14" value="48, 24, 44" />
    </property>
    <property class="challenge_stump">
      <property name="0" value="43, 9, 11" />
    </property>
    <property class="challenge_mech_parts">
      <property name="0" value="48, 22, 36" />
    </property>
    <property class="challenge_pallet">
      <property name="0" value="19, 22, 25" />
      <property name="1" value="20, 22, 25" />
    </property>
    <property class="challenge_sinks">
      <property name="0" value="49, 11, 39" />
    </property>
    <property class="FetchContainer">
      <property name="0" value="49, 19, 33" />
    </property>
    <property class="challenge_polymers">
      <property name="0" value="46, 18, 31" />
      <property name="1" value="48, 18, 31" />
      <property name="2" value="49, 18, 31" />
    </property>
    <property class="TraderOnOff">
      <property name="0" value="46, 4, 45" />
      <property name="1" value="47, 10, 42" />
      <property name="2" value="46, 22, 38" />
      <property name="3" value="49, 22, 42" />
    </property>
    <property class="challenge_leather">
      <property name="0" value="49, 18, 27" />
      <property name="1" value="49, 18, 28" />
      <property name="2" value="49, 19, 28" />
    </property>
    <property class="challenge_gore">
      <property name="0" value="18, 22, 43" />
      <property name="1" value="19, 22, 44" />
    </property>
    <property class="Rally">
      <property name="0" value="33, 9, 6" />
    </property>
    <property class="challenge_steel">
      <property name="0" value="31, 10, 18" />
    </property>
  </property>
  <property class="Stats">
    <property name="TotalVertices" value="1374034" />
    <property name="TotalTriangles" value="581727" />
    <property class="BlockEntities">
      <property name="Vertices" value="1116182" />
      <property name="Triangles" value="427041" />
    </property>
    <property class="ChunkMeshes0">
      <property name="Vertices" value="228012" />
      <property name="Triangles" value="123654" />
    </property>
    <property class="ChunkMeshes1">
      <property name="Vertices" value="10304" />
      <property name="Triangles" value="5152" />
    </property>
    <property class="ChunkMeshes2">
      <property name="Vertices" value="6688" />
      <property name="Triangles" value="3836" />
    </property>
    <property class="ChunkMeshes3">
      <property name="Vertices" value="0" />
      <property name="Triangles" value="0" />
    </property>
    <property class="ChunkMeshes4">
      <property name="Vertices" value="0" />
      <property name="Triangles" value="0" />
    </property>
    <property class="ChunkMeshes5">
      <property name="Vertices" value="12848" />
      <property name="Triangles" value="22044" />
    </property>
  </property>
</prefab>