﻿<?xml version="1.0" encoding="UTF-8"?>
<prefab>
  <property name="CopyAirBlocks" value="True" />
  <property name="AllowTopSoilDecorations" value="True" />
  <property name="TraderArea" value="False" />
  <property name="ExcludeDistantPOIMesh" value="False" />
  <property name="ExcludePOICulling" value="False" />
  <property name="QuestTags" value="clear, fetch, infested" />
  <property name="DifficultyTier" value="3" />
  <property name="Zoning" value="ResidentialOld, Residential" />
  <property name="RotationToFaceNorth" value="3" />
  <property name="YOffset" value="-8" />
  <property name="DistantPOIYOffset" value="0" />
  <property name="AllowedBiomes" value="burnt_forest,snow,plains,pine_forest,forest,desert,wasteland" />
  <property name="AllowedTownships" value="city,rural,town,wilderness" />
  <property name="EditorGroups" value="house old" />
  <property name="SleeperVolumeStart" value="8, 9, 9#17, 9, 23#9, 9, 24#17, 13, 20#9, 13, 20#9, 13, 8#8, 28, 16#10, 20, 13#10, 8, 20#25, 2, 22" />
  <property name="SleeperVolumeSize" value="14, 3, 13#5, 3, 17#8, 3, 16#5, 3, 20#7, 3, 20#13, 3, 12#14, 20, 13#8, 2, 25#7, 3, 4#16, 3, 15" />
  <property name="SleeperVolumeGroup" value="GroupGenericZombie,5,8,GroupGenericZombie,2,4,GroupGenericZombie,3,4,GroupGenericZombie,3,5,GroupGenericZombie,2,4,GroupGenericZombie,3,5,GroupGenericZombie,2,3,GroupZomBadass,4,7,GroupZomBadassOnly,1,1,GroupGenericZombie,6,10" />
  <property name="SleeperVolumeGameStageAdjust" value=",,,,,,,,," />
  <property name="SleeperIsLootVolume" value="False,False,False,False,False,False,False,False,False,False" />
  <property name="SleeperIsBossVolume" value="False,False,False,False,False,False,False,True,False,False" />
  <property name="SleeperVolumeFlags" value="0,0,0,0,0,0,0,0,0,0" />
  <property name="SleeperVolumeGroupId" value="0,0,0,0,0,0,0,0,0,0" />
  <property name="ShowQuestClearCount" value="1" />
  <property name="SleeperIsQuestExclude" value="False,False,False,False,False,False,False,False,False,False" />
  <property name="PrefabSize" value="42, 48, 42" />
  <property name="Tags" value="residential" />
  <property name="SleeperVolumeTriggeredBy" value=" # # # # # # # # # " />
  <property class="IndexedBlockOffsets">
    <property class="quest_wood_trees">
      <property name="0" value="36, 8, 41" />
    </property>
    <property class="challenge_mech_parts">
      <property name="0" value="40, 2, 29" />
      <property name="1" value="39, 3, 34" />
    </property>
    <property class="Rally">
      <property name="0" value="2, 8, 22" />
    </property>
    <property class="challenge_polymers">
      <property name="0" value="37, 2, 35" />
    </property>
    <property class="POILight">
      <property name="0" value="37, 5, 24" />
      <property name="1" value="37, 5, 28" />
      <property name="2" value="38, 4, 31" />
      <property name="3" value="38, 5, 35" />
    </property>
    <property class="TraderOnOff">
      <property name="0" value="38, 2, 30" />
      <property name="1" value="38, 2, 33" />
    </property>
    <property class="challenge_sinks">
      <property name="0" value="34, 3, 25" />
      <property name="1" value="26, 2, 27" />
    </property>
    <property class="FetchContainer">
      <property name="0" value="17, 20, 27" />
      <property name="1" value="13, 20, 28" />
      <property name="2" value="12, 13, 32" />
      <property name="3" value="17, 10, 32" />
    </property>
    <property class="challenge_gore">
      <property name="0" value="40, 2, 31" />
    </property>
    <property class="challenge_pallet">
      <property name="0" value="16, 14, 21" />
      <property name="1" value="10, 9, 24" />
      <property name="2" value="12, 10, 24" />
      <property name="3" value="17, 9, 25" />
      <property name="4" value="16, 10, 29" />
      <property name="5" value="17, 14, 30" />
    </property>
    <property class="quest_wood">
      <property name="0" value="5, 8, 24" />
    </property>
    <property class="quest_feather">
      <property name="0" value="14, 33, 26" />
    </property>
    <property class="challenge_leather">
      <property name="0" value="37, 2, 22" />
      <property name="1" value="38, 2, 22" />
      <property name="2" value="39, 2, 22" />
      <property name="3" value="40, 2, 22" />
      <property name="4" value="40, 2, 23" />
      <property name="5" value="40, 2, 24" />
      <property name="6" value="40, 2, 25" />
    </property>
  </property>
  <property class="Stats">
    <property name="TotalVertices" value="693719" />
    <property name="TotalTriangles" value="366013" />
    <property class="BlockEntities">
      <property name="Vertices" value="542335" />
      <property name="Triangles" value="268521" />
    </property>
    <property class="ChunkMeshes0">
      <property name="Vertices" value="141516" />
      <property name="Triangles" value="84396" />
    </property>
    <property class="ChunkMeshes1">
      <property name="Vertices" value="0" />
      <property name="Triangles" value="0" />
    </property>
    <property class="ChunkMeshes2">
      <property name="Vertices" value="2360" />
      <property name="Triangles" value="1484" />
    </property>
    <property class="ChunkMeshes3">
      <property name="Vertices" value="384" />
      <property name="Triangles" value="192" />
    </property>
    <property class="ChunkMeshes4">
      <property name="Vertices" value="0" />
      <property name="Triangles" value="0" />
    </property>
    <property class="ChunkMeshes5">
      <property name="Vertices" value="7124" />
      <property name="Triangles" value="11420" />
    </property>
  </property>
</prefab>