﻿<?xml version="1.0" encoding="UTF-8"?>
<prefab>
  <property name="CopyAirBlocks" value="True" />
  <property name="AllowTopSoilDecorations" value="True" />
  <property name="TraderArea" value="False" />
  <property name="ExcludeDistantPOIMesh" value="False" />
  <property name="ExcludePOICulling" value="False" />
  <property name="QuestTags" value="clear, fetch, infested" />
  <property name="DifficultyTier" value="5" />
  <property name="SleeperVolumeSize" value="13, 4, 21#25, 4, 20#13, 4, 21#22, 8, 18#22, 3, 15#22, 3, 15#22, 3, 15#22, 3, 15#22, 3, 15#13, 4, 21#19, 3, 10#21, 3, 19#19, 3, 13#38, 3, 19" />
  <property name="SleeperVolumeStart" value="9, 7, 2#22, 7, 3#9, 7, 36#25, 7, 39#25, 7, 24#25, 14, 24#25, 21, 24#25, 28, 24#25, 35, 24#9, 0, 2#11, 1, 26#25, 2, 2#28, 2, 23#11, 2, 38" />
  <property name="SleeperVolumeGroup" value="GroupZomSoldier,5,6,ZomBurnt,5,6,ZomJanitorOnly,3,4,ZomUtilityWorker,7,8,ZomUtilityWorker,16,19,GroupLabWorker,13,16,GroupZomSoldier,12,16,GroupLabWorker,11,14,GroupLabWorker,14,17,GroupZomBadassOnly,7,8,ZomBusinessman,4,5,ZomHazMatOnly,6,8,GroupZomBadassOnly,10,12,GroupZomSoldier,16,18" />
  <property name="SleeperVolumeGameStageAdjust" value="easy" />
  <property name="SleeperIsLootVolume" value="False,False,False,False,False,False,False,False,False,False,False,False,False,False" />
  <property name="SleeperIsBossVolume" value="False" />
  <property name="Zoning" value="Commercial, Industrial, Residential" />
  <property name="RotationToFaceNorth" value="3" />
  <property name="YOffset" value="-7" />
  <property name="DistantPOIYOffset" value="0" />
  <property name="AllowedTownships" value="rural,wilderness" />
  <property name="EditorGroups" value="Wilderness" />
  <property name="ShowQuestClearCount" value="1" />
  <property name="SleeperVolumeGroupId" value="0,0,0,0,0,0,0,0,0,0,0,0,0,0" />
  <property name="SleeperIsQuestExclude" value="False,False,False,False,False,False,False,False,False,False,False,False,False,False" />
  <property name="SleeperVolumeFlags" value="0,0,0,0,0,0,0,0,0,0,0,0,0,0" />
  <property name="PrefabSize" value="60, 45, 60" />
  <property name="Tags" value="wilderness, industrial" />
  <property name="SleeperVolumeTriggeredBy" value=" # # # # # # # # # # # # # " />
  <property class="IndexedBlockOffsets">
    <property class="challenge_sinks">
      <property name="0" value="36, 7, 55" />
      <property name="1" value="37, 7, 55" />
      <property name="2" value="40, 3, 55" />
    </property>
    <property class="POILight">
      <property name="0" value="47, 12, 25" />
    </property>
    <property class="challenge_gore">
      <property name="0" value="45, 7, 42" />
    </property>
    <property class="challenge_mech_parts">
      <property name="0" value="31, 8, 47" />
    </property>
    <property class="TraderOnOff">
      <property name="0" value="35, 8, 47" />
      <property name="1" value="42, 2, 47" />
      <property name="2" value="42, 2, 48" />
      <property name="3" value="30, 8, 50" />
    </property>
    <property class="challenge_polymers">
      <property name="0" value="41, 7, 50" />
      <property name="1" value="41, 8, 53" />
    </property>
    <property class="Rally">
      <property name="0" value="8, 7, 24" />
    </property>
    <property class="challenge_leather">
      <property name="0" value="31, 8, 53" />
      <property name="1" value="32, 8, 53" />
      <property name="2" value="33, 8, 53" />
      <property name="3" value="34, 8, 53" />
    </property>
    <property class="challenge_steel">
      <property name="0" value="33, 12, 12" />
    </property>
    <property class="FetchContainer">
      <property name="0" value="47, 3, 45" />
    </property>
    <property class="challenge_pallet">
      <property name="0" value="36, 2, 28" />
      <property name="1" value="36, 3, 28" />
      <property name="2" value="37, 2, 28" />
      <property name="3" value="37, 3, 28" />
      <property name="4" value="37, 4, 28" />
      <property name="5" value="38, 2, 28" />
      <property name="6" value="38, 3, 28" />
    </property>
  </property>
  <property class="Stats">
    <property name="TotalVertices" value="3157002" />
    <property name="TotalTriangles" value="1092963" />
    <property class="BlockEntities">
      <property name="Vertices" value="2914034" />
      <property name="Triangles" value="943686" />
    </property>
    <property class="ChunkMeshes0">
      <property name="Vertices" value="231758" />
      <property name="Triangles" value="134959" />
    </property>
    <property class="ChunkMeshes1">
      <property name="Vertices" value="0" />
      <property name="Triangles" value="0" />
    </property>
    <property class="ChunkMeshes2">
      <property name="Vertices" value="4636" />
      <property name="Triangles" value="2514" />
    </property>
    <property class="ChunkMeshes3">
      <property name="Vertices" value="48" />
      <property name="Triangles" value="24" />
    </property>
    <property class="ChunkMeshes4">
      <property name="Vertices" value="0" />
      <property name="Triangles" value="0" />
    </property>
    <property class="ChunkMeshes5">
      <property name="Vertices" value="6526" />
      <property name="Triangles" value="11780" />
    </property>
  </property>
</prefab>