﻿<?xml version="1.0" encoding="UTF-8"?>
<prefab>
  <property name="CopyAirBlocks" value="True" />
  <property name="AllowTopSoilDecorations" value="True" />
  <property name="TraderArea" value="False" />
  <property name="ExcludeDistantPOIMesh" value="False" />
  <property name="ExcludePOICulling" value="False" />
  <property name="QuestTags" value="clear, fetch, infested" />
  <property name="DifficultyTier" value="5" />
  <property name="Zoning" value="Commercial, Downtown, Industrial, ResidentialNew, ResidentialOld, Residential" />
  <property name="RotationToFaceNorth" value="0" />
  <property name="YOffset" value="-5" />
  <property name="DistantPOIYOffset" value="0" />
  <property name="AllowedBiomes" value="burnt_forest,snow,plains,pine_forest,forest,desert,wasteland" />
  <property name="AllowedTownships" value="city,rural,town,wilderness" />
  <property name="EditorGroups" value="Wilderness" />
  <property name="SleeperVolumeStart" value="9, 8, 20#9, 13, 23#42, 1, 23#9, 2, 32#9, 2, 23#9, 2, 19#9, 2, 11#22, 2, 15#31, 2, 13#22, 8, 10#9, 8, 10#40, 8, 32#40, 8, 10#19, 13, 10#39, 13, 21#14, 17, 12#39, 13, 10#19, 5, 26#6, 5, 40#20, 5, 40#38, 5, 39#19, 8, 20#9, 13, 10" />
  <property name="SleeperVolumeSize" value="10, 2, 19#10, 2, 16#8, 2, 16#10, 2, 7#10, 2, 9#12, 2, 4#12, 2, 8#8, 2, 7#16, 2, 8#18, 2, 15#13, 2, 10#11, 2, 6#11, 2, 22#20, 2, 16#12, 2, 18#31, 4, 12#12, 2, 11#19, 8, 14#14, 4, 14#18, 5, 14#16, 5, 15#4, 3, 6#10, 2, 13" />
  <property name="SleeperVolumeGroup" value="S_-_Group_Hospital,3,4,S_Zom_HazMat_Only,3,4,S_-_Group_Zom_Badass,3,4,S_-_Group_Zom_Badass,1,2,S_-_Group_Zom_Badass,3,4,S_-_Group_Ghost_Town,1,2,S_-_Group_Hospital,3,5,S_-_Group_Lab_Worker,3,5,S_-_Group_Hospital,3,5,S_-_Group_Hospital,5,7,S_Zom_Janitor_Only,3,4,S_-Group_Generic_Zombie,2,3,S_-Group_Generic_Zombie,4,5,S_-_Group_Hospital,3,4,S_-_Group_Hospital,4,4,S_-Group_Generic_Zombie,5,7,S_-_Group_Hospital,3,4,S_-Group_Generic_Zombie,6,8,S_-Group_Generic_Zombie,3,5,S_-Group_Generic_Zombie,6,9,S_-Group_Generic_Zombie,3,5,S_-Group_Generic_Zombie,1,1,S_-_Group_Hospital,3,4" />
  <property name="SleeperVolumeGameStageAdjust" value=",,,,,,,,,,,,,,,,,,,,,,,," />
  <property name="SleeperIsLootVolume" value="False,False,False,False,False,False,False,False,False,False,False,False,False,False,False,False,False,False,False,False,False,False,False" />
  <property name="SleeperIsQuestExclude" value="False,False,False,False,False,False,False,False,False,False,False,False,False,False,False,False,False,False,False,False,False,False,False" />
  <property name="SleeperVolumeFlags" value="0,0,0,0,0,0,0,0,2,0,0,0,0,0,0,0,0,0,0,0,0,0,0" />
  <property name="SleeperVolumeGroupId" value="0,0,0,0,0,0,0,0,0,0,0,0,0,0,0,0,0,0,0,0,0,0,0" />
  <property name="ShowQuestClearCount" value="0" />
  <property name="PrefabSize" value="60, 24, 60" />
  <property name="Tags" value="commercial,downtown,countrytown,residential,countryresidential,rural" />
  <property name="SleeperVolumeTriggeredBy" value=" # # # # # # # # # # # # # # # # # # # # # # " />
  <property class="IndexedBlockOffsets">
    <property class="POILight">
      <property name="0" value="48, 13, 30" />
      <property name="1" value="48, 13, 32" />
      <property name="2" value="49, 14, 33" />
      <property name="3" value="48, 13, 34" />
      <property name="4" value="48, 13, 36" />
    </property>
    <property class="FetchContainer">
      <property name="0" value="46, 2, 13" />
    </property>
    <property class="TraderOnOff">
      <property name="0" value="46, 8, 30" />
    </property>
    <property class="quest_feather">
      <property name="0" value="46, 17, 9" />
    </property>
    <property class="quest_wood_trees">
      <property name="0" value="42, 5, 48" />
    </property>
    <property class="quest_stone">
      <property name="0" value="25, 5, 52" />
    </property>
    <property class="Rally">
      <property name="0" value="25, 5, 53" />
    </property>
    <property class="quest_wood">
      <property name="0" value="46, 5, 47" />
    </property>
  </property>
  <property class="Stats">
    <property name="TotalVertices" value="1207219" />
    <property name="TotalTriangles" value="538500" />
    <property class="BlockEntities">
      <property name="Vertices" value="989125" />
      <property name="Triangles" value="409708" />
    </property>
    <property class="ChunkMeshes0">
      <property name="Vertices" value="202050" />
      <property name="Triangles" value="108556" />
    </property>
    <property class="ChunkMeshes1">
      <property name="Vertices" value="0" />
      <property name="Triangles" value="0" />
    </property>
    <property class="ChunkMeshes2">
      <property name="Vertices" value="3440" />
      <property name="Triangles" value="1720" />
    </property>
    <property class="ChunkMeshes3">
      <property name="Vertices" value="2320" />
      <property name="Triangles" value="1176" />
    </property>
    <property class="ChunkMeshes4">
      <property name="Vertices" value="264" />
      <property name="Triangles" value="132" />
    </property>
    <property class="ChunkMeshes5">
      <property name="Vertices" value="0" />
      <property name="Triangles" value="0" />
    </property>
    <property class="ChunkMeshes6">
      <property name="Vertices" value="10020" />
      <property name="Triangles" value="17208" />
    </property>
  </property>
</prefab>