﻿<?xml version="1.0" encoding="UTF-8"?>
<prefab>
  <property name="CopyAirBlocks" value="True" />
  <property name="AllowTopSoilDecorations" value="True" />
  <property name="TraderArea" value="False" />
  <property name="ExcludeDistantPOIMesh" value="False" />
  <property name="ExcludePOICulling" value="False" />
  <property name="DifficultyTier" value="1" />
  <property name="Zoning" value="Commercial, Industrial, ResidentialNew, ResidentialOld, Residential" />
  <property name="RotationToFaceNorth" value="2" />
  <property name="YOffset" value="-1" />
  <property name="DistantPOIYOffset" value="0" />
  <property name="AllowedBiomes" value="burnt_forest,snow,plains,pine_forest,forest,desert,wasteland" />
  <property name="AllowedTownships" value="city,rural,town" />
  <property name="EditorGroups" value="Wilderness" />
  <property name="SleeperVolumeStart" value="4, 1, 4#4, 1, 15" />
  <property name="SleeperVolumeSize" value="17, 3, 11#17, 3, 7" />
  <property name="SleeperVolumeGroup" value="S_-Group_Generic_Zombie,2,3,S_-Group_Generic_Zombie,2,2" />
  <property name="SleeperVolumeGameStageAdjust" value="," />
  <property name="SleeperIsLootVolume" value="False,False" />
  <property name="SleeperIsBossVolume" value="False,False" />
  <property name="SleeperVolumeFlags" value="0,0" />
  <property name="SleeperVolumeGroupId" value="0,0" />
  <property name="ShowQuestClearCount" value="1" />
  <property name="SleeperIsQuestExclude" value="False,False" />
  <property name="PrefabSize" value="25, 8, 25" />
  <property name="Tags" value="countrytown,countryresidential" />
  <property name="SleeperVolumeTriggeredBy" value=" # " />
  <property name="QuestTags" value="clear, infested" />
  <property class="IndexedBlockOffsets">
    <property class="POILight">
      <property name="0" value="16, 4, 12" />
      <property name="1" value="13, 3, 16" />
      <property name="2" value="15, 3, 16" />
      <property name="3" value="17, 3, 16" />
      <property name="4" value="13, 3, 20" />
      <property name="5" value="16, 3, 20" />
    </property>
    <property class="TraderOnOff">
      <property name="0" value="12, 2, 4" />
      <property name="1" value="13, 1, 5" />
    </property>
    <property class="Rally">
      <property name="0" value="12, 1, 1" />
    </property>
  </property>
  <property class="Stats">
    <property name="TotalVertices" value="155703" />
    <property name="TotalTriangles" value="79578" />
    <property class="BlockEntities">
      <property name="Vertices" value="106727" />
      <property name="Triangles" value="44326" />
    </property>
    <property class="ChunkMeshes0">
      <property name="Vertices" value="47092" />
      <property name="Triangles" value="32392" />
    </property>
    <property class="ChunkMeshes1">
      <property name="Vertices" value="0" />
      <property name="Triangles" value="0" />
    </property>
    <property class="ChunkMeshes2">
      <property name="Vertices" value="0" />
      <property name="Triangles" value="0" />
    </property>
    <property class="ChunkMeshes3">
      <property name="Vertices" value="256" />
      <property name="Triangles" value="128" />
    </property>
    <property class="ChunkMeshes4">
      <property name="Vertices" value="72" />
      <property name="Triangles" value="36" />
    </property>
    <property class="ChunkMeshes5">
      <property name="Vertices" value="0" />
      <property name="Triangles" value="0" />
    </property>
    <property class="ChunkMeshes6">
      <property name="Vertices" value="1556" />
      <property name="Triangles" value="2696" />
    </property>
  </property>
</prefab>