﻿<?xml version="1.0" encoding="UTF-8"?>
<prefab>
  <property name="CopyAirBlocks" value="True" />
  <property name="AllowTopSoilDecorations" value="False" />
  <property name="TraderArea" value="False" />
  <property name="ExcludeDistantPOIMesh" value="False" />
  <property name="ExcludePOICulling" value="False" />
  <property name="DifficultyTier" value="2" />
  <property name="SleeperVolumeSize" value="12, 5, 28#12, 3, 6#9, 2, 6#13, 2, 9#13, 2, 9#13, 2, 9#9, 3, 7" />
  <property name="SleeperVolumeStart" value="23, 5, 6#11, 5, 35#13, 6, 26#10, 6, 16#10, 6, 6#11, 10, 15#14, 0, 8" />
  <property name="SleeperVolumeGroup" value="S_-Group_Generic_Zombie,4,4,S_-Group_Generic_Zombie,2,2,S_-Group_Generic_Zombie,2,3,S_-_Group_Zom_Badass,3,4,S_-_Group_Zom_Badass,5,6,S_-_Group_Zom_Badass_Only,2,3,S_-_Group_Zom_Badass,2,3" />
  <property name="SleeperVolumeGameStageAdjust" value="easy" />
  <property name="SleeperIsLootVolume" value="False,False,False,False,False,False,False" />
  <property name="SleeperIsBossVolume" value="False" />
  <property name="Zoning" value="ResidentialNew, ResidentialOld, Residential" />
  <property name="RotationToFaceNorth" value="1" />
  <property name="YOffset" value="-5" />
  <property name="DistantPOIYOffset" value="0" />
  <property name="AllowedBiomes" value="burnt_forest,snow,plains,pine_forest,forest,desert,wasteland" />
  <property name="AllowedTownships" value="rural,town" />
  <property name="EditorGroups" value="rural" />
  <property name="ShowQuestClearCount" value="1" />
  <property name="SleeperVolumeGroupId" value="0,0,0,0,0,0,0" />
  <property name="SleeperIsQuestExclude" value="False,False,False,False,False,False,False" />
  <property name="SleeperVolumeFlags" value="0,0,0,0,0,0,0" />
  <property name="PrefabSize" value="42, 17, 42" />
  <property name="Tags" value="residential" />
  <property name="SleeperVolumeTriggeredBy" value=" # # # # # # " />
  <property name="QuestTags" value="clear, fetch, infested" />
  <property class="Stats">
    <property name="TotalVertices" value="240778" />
    <property name="TotalTriangles" value="136900" />
    <property class="BlockEntities">
      <property name="Vertices" value="202676" />
      <property name="Triangles" value="110305" />
    </property>
    <property class="ChunkMeshes0">
      <property name="Vertices" value="29576" />
      <property name="Triangles" value="16007" />
    </property>
    <property class="ChunkMeshes1">
      <property name="Vertices" value="0" />
      <property name="Triangles" value="0" />
    </property>
    <property class="ChunkMeshes2">
      <property name="Vertices" value="0" />
      <property name="Triangles" value="0" />
    </property>
    <property class="ChunkMeshes3">
      <property name="Vertices" value="224" />
      <property name="Triangles" value="128" />
    </property>
    <property class="ChunkMeshes4">
      <property name="Vertices" value="2544" />
      <property name="Triangles" value="1272" />
    </property>
    <property class="ChunkMeshes5">
      <property name="Vertices" value="0" />
      <property name="Triangles" value="0" />
    </property>
    <property class="ChunkMeshes6">
      <property name="Vertices" value="5758" />
      <property name="Triangles" value="9188" />
    </property>
  </property>
  <property class="IndexedBlockOffsets">
    <property class="quest_wood">
      <property name="0" value="40, 5, 32" />
    </property>
    <property class="POILight">
      <property name="0" value="22, 8, 23" />
      <property name="1" value="21, 9, 33" />
    </property>
    <property class="TraderOnOff">
      <property name="0" value="24, 6, 22" />
    </property>
    <property class="quest_feather">
      <property name="0" value="29, 5, 35" />
    </property>
    <property class="FetchContainer">
      <property name="0" value="22, 10, 19" />
    </property>
    <property class="quest_wood_trees">
      <property name="0" value="28, 5, 3" />
    </property>
    <property class="Rally">
      <property name="0" value="39, 5, 32" />
    </property>
  </property>
</prefab>