﻿<?xml version="1.0" encoding="UTF-8"?>
<prefab>
  <property name="CopyAirBlocks" value="True" />
  <property name="AllowTopSoilDecorations" value="False" />
  <property name="Zoning" value="Commercial" />
  <property name="RotationToFaceNorth" value="2" />
  <property name="AllowedTownships" value="city,town,rural" />
  <property name="Condition" value="New" />
  <property name="YOffset" value="-1" />
  <property name="TraderArea" value="False" />
  <property name="ExcludeDistantPOIMesh" value="False" />
  <property name="DistantPOIYOffset" value="0" />
  <property name="EditorGroups" value="commercial" />
  <property name="DifficultyTier" value="2" />
  <property name="Tags" value="commercial" />
  <property name="ThemeTags" value="books" />
  <property name="ThemeRepeatDistance" value="200" />
  <property name="SleeperVolumeSize" value="24, 8, 44#23, 4, 22#6, 4, 6#8, 4, 8#8, 4, 8" />
  <property name="SleeperVolumeStart" value="10, 1, -3#10, 1, 11#27, 1, 33#18, 1, 32#9, 1, 32" />
  <property name="SleeperVolumeGroup" value="GroupGenericZombie,3,4,GroupZomBadass,7,9,GroupGenericZombie,3,4,GroupZomBadassOnly,3,4,GroupGenericZombie,3,4" />
  <property name="SleeperVolumeGameStageAdjust" value=",,medium,medium," />
  <property name="SleeperIsLootVolume" value="False,True,True,True,True" />
  <property name="SleeperIsBossVolume" value="False,False,False,False,False" />
  <property name="SleeperVolumeGroupId" value="0,0,0,0,0" />
  <property name="SleeperVolumeFlags" value="0,0,0,0,0" />
  <property name="ExcludePOICulling" value="False" />
  <property name="ShowQuestClearCount" value="1" />
  <property name="SleeperIsQuestExclude" value="False,False,False,False,False" />
  <property name="PrefabSize" value="42, 12, 42" />
  <property name="SleeperVolumeTriggeredBy" value=" # # # # " />
  <property name="QuestTags" value="clear, fetch, infested" />
  <property class="Stats">
    <property name="TotalVertices" value="374536" />
    <property name="TotalTriangles" value="159430" />
    <property class="BlockEntities">
      <property name="Vertices" value="343291" />
      <property name="Triangles" value="139030" />
    </property>
    <property class="ChunkMeshes0">
      <property name="Vertices" value="26246" />
      <property name="Triangles" value="14086" />
    </property>
    <property class="ChunkMeshes1">
      <property name="Vertices" value="0" />
      <property name="Triangles" value="0" />
    </property>
    <property class="ChunkMeshes2">
      <property name="Vertices" value="1763" />
      <property name="Triangles" value="1318" />
    </property>
    <property class="ChunkMeshes3">
      <property name="Vertices" value="0" />
      <property name="Triangles" value="0" />
    </property>
    <property class="ChunkMeshes4">
      <property name="Vertices" value="0" />
      <property name="Triangles" value="0" />
    </property>
    <property class="ChunkMeshes5">
      <property name="Vertices" value="3236" />
      <property name="Triangles" value="4996" />
    </property>
  </property>
  <property class="IndexedBlockOffsets">
    <property class="TraderOnOff">
      <property name="0" value="18, 3, 10" />
    </property>
    <property class="POILight">
      <property name="0" value="21, 4, 39" />
    </property>
    <property class="challenge_vending">
      <property name="0" value="18, 1, 31" />
    </property>
    <property class="challenge_sinks">
      <property name="0" value="11, 1, 37" />
      <property name="1" value="16, 1, 37" />
    </property>
    <property class="Rally">
      <property name="0" value="21, 1, 4" />
    </property>
    <property class="FetchContainer">
      <property name="0" value="25, 6, 17" />
    </property>
    <property class="challenge_officechairs">
      <property name="0" value="31, 1, 37" />
    </property>
  </property>
</prefab>