﻿<?xml version="1.0" encoding="UTF-8"?>
<prefab>
  <property name="CopyAirBlocks" value="True" />
  <property name="AllowTopSoilDecorations" value="True" />
  <property name="TraderArea" value="False" />
  <property name="ExcludeDistantPOIMesh" value="False" />
  <property name="ExcludePOICulling" value="False" />
  <property name="QuestTags" value="clear, fetch, infested" />
  <property name="DifficultyTier" value="2" />
  <property name="Zoning" value="Commercial, ResidentialNew, ResidentialOld, Residential" />
  <property name="RotationToFaceNorth" value="2" />
  <property name="YOffset" value="-1" />
  <property name="DistantPOIYOffset" value="0" />
  <property name="AllowedTownships" value="city,rural,town,wilderness" />
  <property name="EditorGroups" value="wilderness" />
  <property name="SleeperVolumeStart" value="43, 1, 16#19, 1, 16#5, 1, 16#2, 1, 2" />
  <property name="SleeperVolumeSize" value="25, 5, 14#23, 5, 14#13, 5, 14#13, 6, 14" />
  <property name="SleeperVolumeGroup" value="S_-_Group_Abandoned_House,6,8,S_-_Group_Ghost_Town,3,4,S_-_Group_Ghost_Town,5,6,S_-Group_Generic_Zombie,4,5" />
  <property name="SleeperVolumeGameStageAdjust" value=",,," />
  <property name="SleeperIsLootVolume" value="False,False,False,False" />
  <property name="SleeperIsBossVolume" value="False,False,False,False" />
  <property name="SleeperVolumeFlags" value="0,0,0,0" />
  <property name="SleeperVolumeGroupId" value="0,0,0,0" />
  <property name="ShowQuestClearCount" value="1" />
  <property name="SleeperIsQuestExclude" value="False,False,False,False" />
  <property name="Tags" value="wilderness" />
  <property name="PrefabSize" value="70, 6, 32" />
  <property name="SleeperVolumeTriggeredBy" value=" # # # " />
  <property class="IndexedBlockOffsets">
    <property class="POILight">
      <property name="0" value="51, 2, 17" />
      <property name="1" value="53, 2, 17" />
      <property name="2" value="65, 2, 17" />
      <property name="3" value="54, 3, 20" />
      <property name="4" value="64, 3, 20" />
      <property name="5" value="55, 3, 26" />
      <property name="6" value="62, 3, 26" />
    </property>
    <property class="FetchContainer">
      <property name="0" value="51, 2, 27" />
      <property name="1" value="62, 1, 27" />
    </property>
    <property class="TraderOnOff">
      <property name="0" value="55, 1, 23" />
      <property name="1" value="61, 1, 23" />
    </property>
    <property class="quest_wood_trees">
      <property name="0" value="53, 1, 13" />
      <property name="1" value="59, 1, 13" />
      <property name="2" value="65, 1, 13" />
    </property>
    <property class="Rally">
      <property name="0" value="40, 1, 0" />
    </property>
    <property class="quest_stone">
      <property name="0" value="51, 1, 30" />
    </property>
  </property>
  <property class="Stats">
    <property name="TotalVertices" value="446432" />
    <property name="TotalTriangles" value="225806" />
    <property class="BlockEntities">
      <property name="Vertices" value="400647" />
      <property name="Triangles" value="196576" />
    </property>
    <property class="ChunkMeshes0">
      <property name="Vertices" value="37640" />
      <property name="Triangles" value="19474" />
    </property>
    <property class="ChunkMeshes1">
      <property name="Vertices" value="0" />
      <property name="Triangles" value="0" />
    </property>
    <property class="ChunkMeshes2">
      <property name="Vertices" value="544" />
      <property name="Triangles" value="272" />
    </property>
    <property class="ChunkMeshes3">
      <property name="Vertices" value="2925" />
      <property name="Triangles" value="2240" />
    </property>
    <property class="ChunkMeshes4">
      <property name="Vertices" value="0" />
      <property name="Triangles" value="0" />
    </property>
    <property class="ChunkMeshes5">
      <property name="Vertices" value="0" />
      <property name="Triangles" value="0" />
    </property>
    <property class="ChunkMeshes6">
      <property name="Vertices" value="4676" />
      <property name="Triangles" value="7244" />
    </property>
  </property>
</prefab>