﻿<?xml version="1.0" encoding="UTF-8"?>
<prefab>
  <property name="CopyAirBlocks" value="True" />
  <property name="ExcludeDistantPOIMesh" value="False" />
  <property name="ExcludePOICulling" value="False" />
  <property name="DistantPOIYOffset" value="0" />
  <property name="AllowTopSoilDecorations" value="True" />
  <property name="DifficultyTier" value="5" />
  <property name="ShowQuestClearCount" value="3" />
  <property name="TraderArea" value="False" />
  <property name="PrefabSize" value="42, 58, 42" />
  <property name="RotationToFaceNorth" value="0" />
  <property name="Zoning" value="none" />
  <property name="QuestTags" value="clear, fetch, restore_power" />
  <property name="YOffset" value="-9" />
  <property name="POIMarkerSize" value="4, 3, 9#4, 3, 9" />
  <property name="POIMarkerStart" value="29, 51, 10#34, 51, 10" />
  <property name="POIMarkerGroup" value="RoofTop,RoofTop2" />
  <property name="POIMarkerTags" value="#" />
  <property name="POIMarkerType" value="PartSpawn,PartSpawn" />
  <property name="POIMarkerPartToSpawn" value="part_greeble_rooftop_02,part_greeble_rooftop_02" />
  <property name="POIMarkerPartRotations" value="3,3" />
  <property name="POIMarkerPartSpawnChance" value="1,1" />
  <property name="EditorGroups" value="Emergency Services" />
  <property name="Tags" value="commercial" />
  <property name="SleeperVolumeSize" value="9, 4, 11#18, 4, 17#7, 4, 14#7, 4, 13#8, 4, 6#20, 11, 20#18, 5, 18#40, 5, 18#18, 4, 21#16, 4, 21#17, 4, 21#18, 4, 21#28, 9, 23#18, 4, 21#16, 4, 9#14, 5, 18#15, 6, 19#13, 4, 12#21, 4, 7#14, 4, 11#21, 4, 13#13, 4, 12#16, 4, 8" />
  <property name="SleeperVolumeStart" value="6, 33, 11#13, 9, 21#32, 9, 23#32, 9, 9#31, 9, 2#2, 9, 2#22, 15, 1#1, 15, 22#22, 21, 1#2, 21, 1#2, 27, 1#22, 27, 1#0, 51, 0#22, 33, 1#2, 39, 13#4, 2, 3#23, 2, 2#2, 39, 1#19, 39, 1#26, 39, 11#19, 45, 1#1, 45, 0#2, 45, 14" />
  <property name="SleeperVolumeGroupId" value="0,0,0,0,0,0,0,0,0,0,0,0,0,0,0,0,0,0,0,0,0,0,0" />
  <property name="SleeperVolumeGroup" value="zombieNurseRadiated,6,7,GroupGenericZombie,4,5,GroupHospital,4,5,GroupHospital,2,3,GroupHospital,1,2,GroupHospital,10,17,GroupHospital,6,9,GroupZomSoldier,6,9,GroupHospital,5,8,GroupHospital,6,12,GroupHospital,5,10,GroupHospital,6,12,GroupZomSoldier,12,19,GroupHospital,8,14,ZomBusinessman,3,4,GroupZomBadassOnly,20,38,animalZombieDog,3,4,ZomBusinessman,5,6,ZomBusinessman,4,5,GroupGenericZombie,5,6,ZomBusinessman,6,10,GroupHospital,4,5,GroupHospital,4,5" />
  <property name="SleeperIsLootVolume" value="True,True,True,True,False,True,True,True,True,True,True,True,True,True,False,True,True,True,True,False,True,True,True" />
  <property name="SleeperIsQuestExclude" value="False,False,False,False,False,False,False,False,False,False,False,False,False,False,False,False,False,False,False,False,False,False,False" />
  <property name="SleeperVolumeFlags" value="0,0,0,0,0,0,0,0,0,0,0,0,2,0,0,2,0,2,0,0,0,0,0" />
  <property name="SleeperVolumeTriggeredBy" value=" # # # # # # # # # # # # # # # # # # # # # # " />
  <property class="Stats">
    <property name="TotalVertices" value="2120720" />
    <property name="TotalTriangles" value="930676" />
    <property class="BlockEntities">
      <property name="Vertices" value="1687046" />
      <property name="Triangles" value="680176" />
    </property>
    <property class="ChunkMeshes0">
      <property name="Vertices" value="411166" />
      <property name="Triangles" value="230130" />
    </property>
    <property class="ChunkMeshes1">
      <property name="Vertices" value="0" />
      <property name="Triangles" value="0" />
    </property>
    <property class="ChunkMeshes2">
      <property name="Vertices" value="14946" />
      <property name="Triangles" value="8098" />
    </property>
    <property class="ChunkMeshes3">
      <property name="Vertices" value="0" />
      <property name="Triangles" value="0" />
    </property>
    <property class="ChunkMeshes4">
      <property name="Vertices" value="0" />
      <property name="Triangles" value="0" />
    </property>
    <property class="ChunkMeshes5">
      <property name="Vertices" value="7562" />
      <property name="Triangles" value="12272" />
    </property>
  </property>
  <property class="IndexedBlockOffsets">
    <property class="challenge_sinks">
      <property name="0" value="38, 9, 7" />
      <property name="1" value="38, 9, 9" />
      <property name="2" value="38, 10, 9" />
      <property name="3" value="38, 9, 12" />
      <property name="4" value="38, 10, 12" />
      <property name="5" value="38, 9, 13" />
      <property name="6" value="38, 10, 13" />
      <property name="7" value="38, 9, 14" />
      <property name="8" value="38, 10, 14" />
      <property name="9" value="37, 10, 16" />
      <property name="10" value="37, 4, 19" />
      <property name="11" value="37, 4, 20" />
      <property name="12" value="37, 5, 20" />
      <property name="13" value="38, 9, 15" />
      <property name="14" value="38, 9, 11" />
    </property>
    <property class="POILight">
      <property name="0" value="38, 10, 35" />
      <property name="1" value="38, 10, 32" />
      <property name="2" value="38, 10, 28" />
      <property name="3" value="38, 10, 23" />
    </property>
    <property class="challenge_gore">
      <property name="0" value="37, 15, 33" />
    </property>
    <property class="challenge_mech_parts">
      <property name="0" value="38, 9, 23" />
      <property name="1" value="37, 9, 24" />
      <property name="2" value="38, 9, 26" />
      <property name="3" value="37, 9, 28" />
      <property name="4" value="37, 9, 30" />
      <property name="5" value="37, 9, 32" />
      <property name="6" value="37, 9, 34" />
      <property name="7" value="38, 9, 36" />
    </property>
    <property class="challenge_polymers">
      <property name="0" value="37, 27, 19" />
    </property>
    <property class="FetchContainer">
      <property name="0" value="37, 9, 26" />
    </property>
    <property class="challenge_cars">
      <property name="0" value="12, 9, 26" />
      <property name="1" value="13, 9, 36" />
    </property>
    <property class="Rally">
      <property name="0" value="0, 9, 36" />
    </property>
    <property class="QuestRestorePower">
      <property name="0" value="6, 3, 4" />
    </property>
    <property class="challenge_pallet">
      <property name="0" value="6, 5, 12" />
      <property name="1" value="10, 5, 12" />
      <property name="2" value="6, 3, 15" />
    </property>
    <property class="TraderOnOff">
      <property name="0" value="33, 15, 5" />
      <property name="1" value="33, 21, 5" />
      <property name="2" value="33, 27, 5" />
      <property name="3" value="33, 33, 5" />
      <property name="4" value="33, 39, 5" />
      <property name="5" value="33, 45, 5" />
      <property name="6" value="33, 9, 6" />
      <property name="7" value="33, 15, 9" />
      <property name="8" value="33, 21, 9" />
      <property name="9" value="33, 33, 9" />
      <property name="10" value="33, 45, 9" />
      <property name="11" value="33, 15, 15" />
      <property name="12" value="33, 21, 15" />
      <property name="13" value="33, 39, 15" />
      <property name="14" value="28, 15, 16" />
      <property name="15" value="28, 21, 16" />
      <property name="16" value="28, 27, 16" />
      <property name="17" value="28, 33, 16" />
      <property name="18" value="28, 39, 16" />
      <property name="19" value="28, 45, 16" />
      <property name="20" value="31, 15, 16" />
      <property name="21" value="31, 21, 16" />
      <property name="22" value="31, 27, 16" />
      <property name="23" value="31, 33, 16" />
      <property name="24" value="31, 39, 16" />
      <property name="25" value="23, 2, 18" />
    </property>
    <property class="challenge_steel">
      <property name="0" value="5, 15, 23" />
    </property>
  </property>
</prefab>