﻿<?xml version="1.0" encoding="UTF-8"?>
<prefab>
  <property name="CopyAirBlocks" value="True" />
  <property name="AllowTopSoilDecorations" value="True" />
  <property name="TraderArea" value="False" />
  <property name="ExcludeDistantPOIMesh" value="False" />
  <property name="ExcludePOICulling" value="False" />
  <property name="DifficultyTier" value="1" />
  <property name="Zoning" value="NoZone" />
  <property name="RotationToFaceNorth" value="2" />
  <property name="YOffset" value="-2" />
  <property name="DistantPOIYOffset" value="0" />
  <property name="AllowedBiomes" value="burnt_forest,desert,wasteland" />
  <property name="AllowedTownships" value="rural,wilderness" />
  <property name="EditorGroups" value="Wilderness" />
  <property name="TraderAreaProtect" value="16, 0, 16" />
  <property name="TraderAreaTeleportSize" value="28, 30, 27" />
  <property name="TraderAreaTeleportCenter" value="1, 1, 1" />
  <property name="SleeperVolumeStart" value="1, 2, 0#1, 2, 13" />
  <property name="SleeperVolumeSize" value="23, 3, 13#23, 6, 11" />
  <property name="SleeperVolumeGroup" value="S_-Group_Generic_Zombie,1,2,S_-Group_Generic_Zombie,1,2" />
  <property name="SleeperVolumeGameStageAdjust" value="," />
  <property name="SleeperIsLootVolume" value="False,False" />
  <property name="SleeperIsQuestExclude" value="False,False" />
  <property name="SleeperVolumeFlags" value="0,0" />
  <property name="SleeperVolumeGroupId" value="0,0" />
  <property name="ShowQuestClearCount" value="0" />
  <property name="PrefabSize" value="25, 9, 25" />
  <property name="Tags" value="wilderness,rural" />
  <property name="SleeperVolumeTriggeredBy" value=" # " />
  <property name="QuestTags" value="burnt_forest,desert,wasteland" />
  <property class="Stats">
    <property name="TotalVertices" value="229255" />
    <property name="TotalTriangles" value="93965" />
    <property class="BlockEntities">
      <property name="Vertices" value="218139" />
      <property name="Triangles" value="84417" />
    </property>
    <property class="ChunkMeshes0">
      <property name="Vertices" value="8918" />
      <property name="Triangles" value="6216" />
    </property>
    <property class="ChunkMeshes1">
      <property name="Vertices" value="0" />
      <property name="Triangles" value="0" />
    </property>
    <property class="ChunkMeshes2">
      <property name="Vertices" value="468" />
      <property name="Triangles" value="312" />
    </property>
    <property class="ChunkMeshes3">
      <property name="Vertices" value="0" />
      <property name="Triangles" value="0" />
    </property>
    <property class="ChunkMeshes4">
      <property name="Vertices" value="0" />
      <property name="Triangles" value="0" />
    </property>
    <property class="ChunkMeshes5">
      <property name="Vertices" value="0" />
      <property name="Triangles" value="0" />
    </property>
    <property class="ChunkMeshes6">
      <property name="Vertices" value="1730" />
      <property name="Triangles" value="3020" />
    </property>
  </property>
  <property class="IndexedBlockOffsets">
    <property class="Rally">
      <property name="0" value="2, 2, 2" />
    </property>
    <property class="TraderOnOff">
      <property name="0" value="11, 3, 12" />
      <property name="1" value="6, 2, 14" />
      <property name="2" value="7, 2, 14" />
    </property>
    <property class="POILight">
      <property name="0" value="14, 6, 15" />
      <property name="1" value="13, 4, 13" />
    </property>
  </property>
</prefab>