﻿<?xml version="1.0" encoding="UTF-8"?>
<prefab>
  <property name="CopyAirBlocks" value="True" />
  <property name="AllowTopSoilDecorations" value="True" />
  <property name="TraderArea" value="False" />
  <property name="ExcludeDistantPOIMesh" value="False" />
  <property name="ExcludePOICulling" value="False" />
  <property name="DifficultyTier" value="1" />
  <property name="Zoning" value="Industrial, ResidentialNew, ResidentialOld, Residential" />
  <property name="RotationToFaceNorth" value="2" />
  <property name="YOffset" value="-1" />
  <property name="DistantPOIYOffset" value="0" />
  <property name="AllowedTownships" value="city,rural,town,wilderness" />
  <property name="EditorGroups" value="Wilderness, industrial, commercial, downtown" />
  <property name="SleeperVolumeStart" value="0, 1, -1" />
  <property name="SleeperVolumeSize" value="44, 5, 45" />
  <property name="SleeperVolumeGroup" value="S_-_Group_Ghost_Town,4,4" />
  <property name="SleeperVolumeGameStageAdjust" value="" />
  <property name="SleeperIsLootVolume" value="False" />
  <property name="SleeperIsQuestExclude" value="False" />
  <property name="SleeperVolumeFlags" value="0" />
  <property name="SleeperVolumeGroupId" value="0" />
  <property name="ShowQuestClearCount" value="1" />
  <property name="PrefabSize" value="45, 6, 45" />
  <property name="Tags" value="wilderness" />
  <property name="SleeperVolumeTriggeredBy" value=" " />
  <property class="IndexedBlockOffsets">
    <property class="FetchContainer">
      <property name="0" value="32, 1, 40" />
    </property>
    <property class="POILight">
      <property name="0" value="19, 1, 21" />
      <property name="1" value="20, 1, 21" />
    </property>
    <property class="Rally">
      <property name="0" value="35, 1, 1" />
    </property>
    <property class="quest_wood_trees">
      <property name="0" value="42, 1, 40" />
    </property>
  </property>
  <property class="Stats">
    <property name="TotalVertices" value="156175" />
    <property name="TotalTriangles" value="168159" />
    <property class="BlockEntities">
      <property name="Vertices" value="145503" />
      <property name="Triangles" value="160463" />
    </property>
    <property class="ChunkMeshes0">
      <property name="Vertices" value="4310" />
      <property name="Triangles" value="3906" />
    </property>
    <property class="ChunkMeshes1">
      <property name="Vertices" value="0" />
      <property name="Triangles" value="0" />
    </property>
    <property class="ChunkMeshes2">
      <property name="Vertices" value="528" />
      <property name="Triangles" value="264" />
    </property>
    <property class="ChunkMeshes3">
      <property name="Vertices" value="0" />
      <property name="Triangles" value="0" />
    </property>
    <property class="ChunkMeshes4">
      <property name="Vertices" value="2186" />
      <property name="Triangles" value="1702" />
    </property>
    <property class="ChunkMeshes5">
      <property name="Vertices" value="3648" />
      <property name="Triangles" value="1824" />
    </property>
    <property class="ChunkMeshes6">
      <property name="Vertices" value="0" />
      <property name="Triangles" value="0" />
    </property>
  </property>
</prefab>