﻿<?xml version="1.0" encoding="UTF-8"?>
<prefab>
  <property name="CopyAirBlocks" value="True" />
  <property name="AllowTopSoilDecorations" value="False" />
  <property name="TraderArea" value="False" />
  <property name="ExcludeDistantPOIMesh" value="False" />
  <property name="ExcludePOICulling" value="False" />
  <property name="QuestTags" value="clear, fetch, infested" />
  <property name="DifficultyTier" value="1" />
  <property name="Zoning" value="ResidentialNew, ResidentialOld, Residential" />
  <property name="RotationToFaceNorth" value="2" />
  <property name="YOffset" value="-1" />
  <property name="DistantPOIYOffset" value="0" />
  <property name="AllowedBiomes" value="burnt_forest,snow,plains,pine_forest,forest,desert,wasteland" />
  <property name="AllowedTownships" value="city,rural,town" />
  <property name="EditorGroups" value="Wilderness" />
  <property name="SleeperVolumeStart" value="8, 2, 12#25, 2, 12#9, 6, 13" />
  <property name="SleeperVolumeSize" value="17, 2, 20#9, 3, 13#24, 7, 18" />
  <property name="SleeperVolumeGroup" value="S_-Group_Generic_Zombie,6,7,S_Zom_Businessman,1,2,S_-_Group_Zom_Badass,1,2" />
  <property name="SleeperVolumeGameStageAdjust" value=",," />
  <property name="SleeperIsLootVolume" value="False,False,False" />
  <property name="SleeperIsBossVolume" value="False,False,False" />
  <property name="SleeperVolumeFlags" value="0,0,0" />
  <property name="SleeperVolumeGroupId" value="0,0,0" />
  <property name="ShowQuestClearCount" value="1" />
  <property name="SleeperIsQuestExclude" value="False,False,False" />
  <property name="PrefabSize" value="42, 12, 42" />
  <property name="Tags" value="residential" />
  <property name="SleeperVolumeTriggeredBy" value=" # # " />
  <property class="IndexedBlockOffsets">
    <property class="Rally">
      <property name="0" value="16, 1, 11" />
    </property>
    <property class="POILight">
      <property name="0" value="21, 9, 21" />
      <property name="1" value="22, 9, 21" />
      <property name="2" value="27, 4, 21" />
      <property name="3" value="23, 4, 22" />
      <property name="4" value="24, 9, 22" />
      <property name="5" value="24, 9, 23" />
      <property name="6" value="26, 9, 23" />
      <property name="7" value="24, 9, 24" />
      <property name="8" value="21, 9, 25" />
      <property name="9" value="22, 9, 25" />
      <property name="10" value="23, 4, 25" />
      <property name="11" value="21, 2, 29" />
    </property>
    <property class="FetchContainer">
      <property name="0" value="25, 7, 21" />
    </property>
  </property>
  <property class="Stats">
    <property name="TotalVertices" value="241931" />
    <property name="TotalTriangles" value="106738" />
    <property class="BlockEntities">
      <property name="Vertices" value="207959" />
      <property name="Triangles" value="82414" />
    </property>
    <property class="ChunkMeshes0">
      <property name="Vertices" value="17146" />
      <property name="Triangles" value="9890" />
    </property>
    <property class="ChunkMeshes1">
      <property name="Vertices" value="0" />
      <property name="Triangles" value="0" />
    </property>
    <property class="ChunkMeshes2">
      <property name="Vertices" value="104" />
      <property name="Triangles" value="52" />
    </property>
    <property class="ChunkMeshes3">
      <property name="Vertices" value="2544" />
      <property name="Triangles" value="1850" />
    </property>
    <property class="ChunkMeshes4">
      <property name="Vertices" value="9096" />
      <property name="Triangles" value="4548" />
    </property>
    <property class="ChunkMeshes5">
      <property name="Vertices" value="0" />
      <property name="Triangles" value="0" />
    </property>
    <property class="ChunkMeshes6">
      <property name="Vertices" value="5082" />
      <property name="Triangles" value="7984" />
    </property>
  </property>
</prefab>