﻿<?xml version="1.0" encoding="UTF-8"?>
<prefab>
  <property name="CopyAirBlocks" value="True" />
  <property name="ExcludeDistantPOIMesh" value="False" />
  <property name="DistantPOIYOffset" value="0" />
  <property name="AllowTopSoilDecorations" value="False" />
  <property name="AllowedTownships" value="city,town,rural,wilderness" />
  <property name="Zoning" value="ResidentialNew" />
  <property name="DifficultyTier" value="3" />
  <property name="TraderArea" value="False" />
  <property name="YOffset" value="-15" />
  <property name="SleeperVolumeSize" value="8, 4, 15#7, 3, 11#3, 3, 6#9, 7, 3#7, 8, 19#7, 3, 13#7, 3, 13#18, 4, 9#8, 7, 7#8, 3, 5" />
  <property name="SleeperVolumeStart" value="23, 16, 26#30, 11, 31#24, 16, 41#28, 11, 42#28, 2, 12#36, 8, 18#36, 3, 19#25, 2, 3#20, 3, 18#36, 3, 32" />
  <property name="SleeperVolumeGroup" value="S_-Group_Generic_Zombie,2,2,S_Zom_HazMat_Only,1,1,S_-Group_Generic_Zombie,1,1,S_-Group_Generic_Zombie,0,1,S_Zom_HazMat_Only,3,4,S_-_Group_Lab_Worker,3,3,S_-_Group_Lab_Worker,2,3,S_-_Group_Zom_Soldier,3,3,S_-_Group_Lab_Worker,2,2,S_Zom_HazMat_Only,1,1" />
  <property name="SleeperIsLootVolume" value="False,False,False,False,False,False,False,False,False,False" />
  <property name="SleeperIsBossVolume" value="False,False,False,False,False,False,False,False,False,False" />
  <property name="EditorGroups" value="house new" />
  <property name="QuestTags" value="clear, fetch, infested" />
  <property name="ExcludePOICulling" value="False" />
  <property name="SleeperVolumeGroupId" value="0,0,0,0,0,0,0,0,0,0" />
  <property name="RotationToFaceNorth" value="2" />
  <property name="SleeperVolumeFlags" value="0,0,0,0,0,0,0,0,0,0" />
  <property name="ShowQuestClearCount" value="1" />
  <property name="SleeperIsQuestExclude" value="False,False,False,False,False,False,False,False,False,False" />
  <property name="PrefabSize" value="60, 25, 60" />
  <property name="Tags" value="countrytown,residential,countryresidential,rural,gateway" />
  <property name="SleeperVolumeTriggeredBy" value=" # # # # # # # # # " />
  <property class="Stats">
    <property name="TotalVertices" value="720994" />
    <property name="TotalTriangles" value="346254" />
    <property class="BlockEntities">
      <property name="Vertices" value="571322" />
      <property name="Triangles" value="233292" />
    </property>
    <property class="ChunkMeshes0">
      <property name="Vertices" value="131248" />
      <property name="Triangles" value="82672" />
    </property>
    <property class="ChunkMeshes1">
      <property name="Vertices" value="0" />
      <property name="Triangles" value="0" />
    </property>
    <property class="ChunkMeshes2">
      <property name="Vertices" value="16" />
      <property name="Triangles" value="8" />
    </property>
    <property class="ChunkMeshes3">
      <property name="Vertices" value="1484" />
      <property name="Triangles" value="1170" />
    </property>
    <property class="ChunkMeshes4">
      <property name="Vertices" value="0" />
      <property name="Triangles" value="0" />
    </property>
    <property class="ChunkMeshes5">
      <property name="Vertices" value="0" />
      <property name="Triangles" value="0" />
    </property>
    <property class="ChunkMeshes6">
      <property name="Vertices" value="16924" />
      <property name="Triangles" value="29112" />
    </property>
  </property>
  <property class="IndexedBlockOffsets">
    <property class="FetchContainer">
      <property name="0" value="33, 16, 36" />
    </property>
    <property class="POILight">
      <property name="0" value="31, 4, 31" />
      <property name="1" value="37, 4, 31" />
      <property name="2" value="39, 5, 31" />
      <property name="3" value="31, 4, 34" />
      <property name="4" value="31, 4, 36" />
      <property name="5" value="34, 3, 38" />
      <property name="6" value="36, 16, 40" />
      <property name="7" value="31, 3, 41" />
    </property>
    <property class="TraderOnOff">
      <property name="0" value="31, 2, 30" />
      <property name="1" value="39, 3, 32" />
      <property name="2" value="31, 2, 35" />
    </property>
    <property class="Rally">
      <property name="0" value="34, 16, 20" />
    </property>
  </property>
</prefab>