﻿<?xml version="1.0" encoding="UTF-8"?>
<prefab>
  <property name="CopyAirBlocks" value="True" />
  <property name="AllowTopSoilDecorations" value="True" />
  <property name="TraderArea" value="False" />
  <property name="ExcludeDistantPOIMesh" value="False" />
  <property name="ExcludePOICulling" value="False" />
  <property name="QuestTags" value="clear, fetch, infested" />
  <property name="DifficultyTier" value="2" />
  <property name="Zoning" value="Commercial, Downtown, Industrial, Residential" />
  <property name="RotationToFaceNorth" value="3" />
  <property name="YOffset" value="-1" />
  <property name="DistantPOIYOffset" value="0" />
  <property name="AllowedBiomes" value="burnt_forest,snow,plains,pine_forest,forest,desert,wasteland_hub,wasteland,city,city_wasteland,radiated" />
  <property name="AllowedTownships" value="city,rural,town" />
  <property name="EditorGroups" value="Building, Cityblocks, commercial, settlements, Streets, Random" />
  <property name="SleeperVolumeStart" value="-1, 1, 6#37, 1, 6#22, 1, 31#22, 1, 6#26, 1, 11#22, 1, 23#34, 1, 23#32, 4, 11" />
  <property name="SleeperVolumeSize" value="22, 3, 30#4, 3, 11#19, 3, 4#4, 3, 14#10, 3, 10#12, 3, 7#4, 4, 7#4, 1, 12" />
  <property name="SleeperVolumeGroup" value="GroupGenericZombie,6,6,ZomBusinessman,2,2,ZomJanitorOnly,2,2,GroupGenericZombie,2,2,GroupAbandonedHouse,3,3,GroupGenericZombie,4,4,ZomUtilityWorker,1,1,GroupGenericZombie,3,3" />
  <property name="SleeperVolumeGameStageAdjust" value=",,,,,,,,,,,," />
  <property name="SleeperIsLootVolume" value="False,False,False,False,False,False,False,False" />
  <property name="SleeperIsBossVolume" value="False,False,False,False,False,False,False,False,False,False,False,False,False" />
  <property name="SleeperVolumeFlags" value="0,0,0,0,0,0,0,0" />
  <property name="SleeperVolumeGroupId" value="0,0,0,0,0,0,0,0" />
  <property name="ShowQuestClearCount" value="1" />
  <property name="SleeperIsQuestExclude" value="False,False,False,False,False,False,False,False" />
  <property name="PrefabSize" value="42, 11, 42" />
  <property name="Tags" value="commercial" />
  <property name="SleeperVolumeTriggeredBy" value=" # # # # # # # " />
  <property class="IndexedBlockOffsets">
    <property class="challenge_polymers">
      <property name="0" value="30, 7, 21" />
    </property>
    <property class="Rally">
      <property name="0" value="1, 1, 19" />
    </property>
    <property class="challenge_mech_parts">
      <property name="0" value="8, 1, 18" />
    </property>
    <property class="challenge_gore">
      <property name="0" value="29, 1, 23" />
      <property name="1" value="23, 1, 26" />
    </property>
    <property class="TraderOnOff">
      <property name="0" value="35, 1, 23" />
      <property name="1" value="36, 8, 24" />
    </property>
    <property class="FetchContainer">
      <property name="0" value="35, 6, 26" />
    </property>
    <property class="challenge_leather">
      <property name="0" value="23, 1, 21" />
      <property name="1" value="25, 1, 21" />
      <property name="2" value="23, 1, 22" />
      <property name="3" value="25, 1, 22" />
      <property name="4" value="22, 1, 24" />
      <property name="5" value="31, 1, 24" />
      <property name="6" value="32, 1, 24" />
      <property name="7" value="33, 1, 24" />
      <property name="8" value="33, 1, 25" />
      <property name="9" value="22, 1, 26" />
      <property name="10" value="23, 1, 28" />
      <property name="11" value="25, 1, 28" />
      <property name="12" value="27, 1, 28" />
      <property name="13" value="29, 1, 28" />
      <property name="14" value="31, 1, 28" />
      <property name="15" value="33, 1, 28" />
      <property name="16" value="23, 1, 29" />
      <property name="17" value="25, 1, 29" />
      <property name="18" value="27, 1, 29" />
      <property name="19" value="29, 1, 29" />
      <property name="20" value="31, 1, 29" />
      <property name="21" value="33, 1, 29" />
    </property>
  </property>
  <property class="Stats">
    <property name="TotalVertices" value="256560" />
    <property name="TotalTriangles" value="124071" />
    <property class="BlockEntities">
      <property name="Vertices" value="224145" />
      <property name="Triangles" value="102440" />
    </property>
    <property class="ChunkMeshes0">
      <property name="Vertices" value="28045" />
      <property name="Triangles" value="15107" />
    </property>
    <property class="ChunkMeshes1">
      <property name="Vertices" value="0" />
      <property name="Triangles" value="0" />
    </property>
    <property class="ChunkMeshes2">
      <property name="Vertices" value="224" />
      <property name="Triangles" value="112" />
    </property>
    <property class="ChunkMeshes3">
      <property name="Vertices" value="0" />
      <property name="Triangles" value="0" />
    </property>
    <property class="ChunkMeshes4">
      <property name="Vertices" value="0" />
      <property name="Triangles" value="0" />
    </property>
    <property class="ChunkMeshes5">
      <property name="Vertices" value="4146" />
      <property name="Triangles" value="6412" />
    </property>
  </property>
</prefab>