﻿<?xml version="1.0" encoding="UTF-8"?>
<prefab>
  <property name="CopyAirBlocks" value="True" />
  <property name="AllowTopSoilDecorations" value="True" />
  <property name="TraderArea" value="False" />
  <property name="ExcludeDistantPOIMesh" value="False" />
  <property name="ExcludePOICulling" value="False" />
  <property name="DifficultyTier" value="1" />
  <property name="Zoning" value="NoZone" />
  <property name="RotationToFaceNorth" value="2" />
  <property name="YOffset" value="-2" />
  <property name="DistantPOIYOffset" value="0" />
  <property name="AllowedBiomes" value="burnt_forest,desert,wasteland" />
  <property name="AllowedTownships" value="rural,wilderness" />
  <property name="EditorGroups" value="Wilderness" />
  <property name="TraderAreaProtect" value="16, 0, 16" />
  <property name="TraderAreaTeleportSize" value="28, 30, 27" />
  <property name="TraderAreaTeleportCenter" value="1, 1, 1" />
  <property name="SleeperVolumeStart" value="10, 2, 5#10, 4, 5#7, 2, 12" />
  <property name="SleeperVolumeSize" value="13, 2, 14#13, 3, 14#3, 3, 3" />
  <property name="SleeperVolumeGroup" value="GroupZomBadassOnly,1,1,GroupGenericZombie,1,1,GroupGenericZombie,1,1" />
  <property name="SleeperVolumeGameStageAdjust" value=",," />
  <property name="SleeperIsLootVolume" value="False,False,False" />
  <property name="SleeperIsQuestExclude" value="False,False,False" />
  <property name="SleeperVolumeFlags" value="0,0,2" />
  <property name="SleeperVolumeGroupId" value="0,0,0" />
  <property name="ShowQuestClearCount" value="0" />
  <property name="PrefabSize" value="25, 7, 25" />
  <property name="Tags" value="wilderness, rural" />
  <property name="SleeperVolumeTriggeredBy" value=" # # " />
  <property name="QuestTags" value="burnt_forest, wasteland, desert" />
  <property class="Stats">
    <property name="TotalVertices" value="172508" />
    <property name="TotalTriangles" value="73844" />
    <property class="BlockEntities">
      <property name="Vertices" value="165715" />
      <property name="Triangles" value="67969" />
    </property>
    <property class="ChunkMeshes0">
      <property name="Vertices" value="5117" />
      <property name="Triangles" value="2955" />
    </property>
    <property class="ChunkMeshes1">
      <property name="Vertices" value="0" />
      <property name="Triangles" value="0" />
    </property>
    <property class="ChunkMeshes2">
      <property name="Vertices" value="0" />
      <property name="Triangles" value="0" />
    </property>
    <property class="ChunkMeshes3">
      <property name="Vertices" value="0" />
      <property name="Triangles" value="0" />
    </property>
    <property class="ChunkMeshes4">
      <property name="Vertices" value="0" />
      <property name="Triangles" value="0" />
    </property>
    <property class="ChunkMeshes5">
      <property name="Vertices" value="1676" />
      <property name="Triangles" value="2920" />
    </property>
  </property>
  <property class="IndexedBlockOffsets">
    <property class="Rally">
      <property name="0" value="2, 2, 2" />
    </property>
    <property class="challenge_polymers">
      <property name="0" value="19, 6, 13" />
      <property name="1" value="14, 2, 15" />
      <property name="2" value="16, 5, 15" />
    </property>
    <property class="POILight">
      <property name="0" value="15, 2, 14" />
    </property>
    <property class="challenge_mech_parts">
      <property name="0" value="14, 5, 10" />
    </property>
    <property class="challenge_gore">
      <property name="0" value="22, 2, 12" />
      <property name="1" value="19, 2, 13" />
    </property>
  </property>
</prefab>