﻿<?xml version="1.0" encoding="UTF-8"?>
<prefab>
  <property name="CopyAirBlocks" value="True" />
  <property name="AllowTopSoilDecorations" value="False" />
  <property name="TraderArea" value="False" />
  <property name="ExcludeDistantPOIMesh" value="False" />
  <property name="ExcludePOICulling" value="False" />
  <property name="DifficultyTier" value="1" />
  <property name="Zoning" value="Residential" />
  <property name="YOffset" value="-5" />
  <property name="DistantPOIYOffset" value="0" />
  <property name="EditorGroups" value="industrial" />
  <property name="TraderAreaProtect" value="37, 48, 31" />
  <property name="TraderAreaTeleportSize" value="10, 1, 10" />
  <property name="TraderAreaTeleportCenter" value="0, 0, 0" />
  <property name="SleeperVolumeStart" value="3, 4, 14#3, 7, 14#3, 12, 14#3, 17, 14#3, 22, 14#3, 27, 14#3, 32, 14#3, 37, 14#3, 42, 14#3, 47, 14" />
  <property name="SleeperVolumeSize" value="39, 3, 15#39, 5, 15#39, 5, 15#39, 5, 15#39, 5, 15#39, 5, 15#39, 5, 15#39, 5, 15#39, 5, 15#39, 5, 15" />
  <property name="SleeperVolumeGroup" value="GroupGenericZombie,16,16,GroupGenericZombie,15,15,GroupGenericZombie,18,18,GroupGenericZombie,15,15,GroupGenericZombie,18,18,GroupGenericZombie,15,15,GroupGenericZombie,1,2,GroupGenericZombie,15,15,GroupGenericZombie,20,20,GroupGenericZombie,8,8" />
  <property name="SleeperVolumeGameStageAdjust" value=",,,,,,,,," />
  <property name="SleeperIsLootVolume" value="False,False,False,False,False,False,False,False,False,False" />
  <property name="SleeperIsQuestExclude" value="False,False,False,False,False,False,False,False,False,False" />
  <property name="SleeperVolumeFlags" value="0,0,0,0,0,0,0,0,0,0" />
  <property name="SleeperVolumeGroupId" value="0,0,0,0,0,0,0,0,0,0" />
  <property name="ShowQuestClearCount" value="0" />
  <property name="PrefabSize" value="44, 52, 43" />
  <property name="RotationToFaceNorth" value="2" />
  <property name="SleeperVolumeTriggeredBy" value=" # # # # # # # # # " />
  <property class="IndexedBlockOffsets">
    <property class="quest_feather">
      <property name="0" value="39, 51, 24" />
    </property>
    <property class="challenge_pallet">
      <property name="0" value="37, 6, 30" />
      <property name="1" value="37, 6, 33" />
      <property name="2" value="37, 6, 34" />
      <property name="3" value="37, 7, 34" />
      <property name="4" value="37, 26, 30" />
      <property name="5" value="37, 26, 33" />
      <property name="6" value="37, 26, 34" />
      <property name="7" value="37, 27, 34" />
      <property name="8" value="37, 36, 30" />
      <property name="9" value="37, 36, 33" />
      <property name="10" value="37, 36, 34" />
      <property name="11" value="37, 37, 33" />
      <property name="12" value="37, 37, 34" />
      <property name="13" value="30, 46, 30" />
      <property name="14" value="30, 46, 33" />
    </property>
    <property class="challenge_polymers">
      <property name="0" value="37, 5, 38" />
    </property>
    <property class="challenge_sinks">
      <property name="0" value="9, 6, 24" />
      <property name="1" value="9, 6, 26" />
      <property name="2" value="9, 6, 31" />
      <property name="3" value="9, 36, 24" />
      <property name="4" value="9, 36, 26" />
      <property name="5" value="9, 36, 31" />
    </property>
    <property class="brBlock">
      <property name="0" value="14, 11, 25" />
    </property>
  </property>
  <property class="Stats">
    <property name="TotalVertices" value="402496" />
    <property name="TotalTriangles" value="193693" />
    <property class="BlockEntities">
      <property name="Vertices" value="268728" />
      <property name="Triangles" value="111809" />
    </property>
    <property class="ChunkMeshes0">
      <property name="Vertices" value="112094" />
      <property name="Triangles" value="60608" />
    </property>
    <property class="ChunkMeshes1">
      <property name="Vertices" value="0" />
      <property name="Triangles" value="0" />
    </property>
    <property class="ChunkMeshes2">
      <property name="Vertices" value="16246" />
      <property name="Triangles" value="12628" />
    </property>
    <property class="ChunkMeshes3">
      <property name="Vertices" value="0" />
      <property name="Triangles" value="0" />
    </property>
    <property class="ChunkMeshes4">
      <property name="Vertices" value="0" />
      <property name="Triangles" value="0" />
    </property>
    <property class="ChunkMeshes5">
      <property name="Vertices" value="5428" />
      <property name="Triangles" value="8648" />
    </property>
  </property>
</prefab>