﻿<?xml version="1.0" encoding="UTF-8"?>
<prefab>
  <property name="CopyAirBlocks" value="True" />
  <property name="ExcludeDistantPOIMesh" value="False" />
  <property name="DistantPOIYOffset" value="0" />
  <property name="RotationToFaceNorth" value="2" />
  <property name="AllowTopSoilDecorations" value="False" />
  <property name="DifficultyTier" value="1" />
  <property name="TraderArea" value="False" />
  <property name="EditorGroups" value="house new" />
  <property name="YOffset" value="-1" />
  <property name="ExcludePOICulling" value="False" />
  <property name="QuestTags" value="clear, fetch, infested" />
  <property name="Zoning" value="ResidentialNew" />
  <property name="AllowedTownships" value="city,town,rural,wilderness" />
  <property name="SleeperVolumeSize" value="15, 4, 20#15, 5, 20#15, 5, 20#13, 9, 14" />
  <property name="SleeperVolumeStart" value="5, 1, 5#5, 5, 5#5, 10, 5#25, 1, 11" />
  <property name="SleeperVolumeGroup" value="S_-_Group_Abandoned_House,2,2,S_-Group_Generic_Zombie,2,2,S_-_Group_Zom_Badass,1,2,S_-_Group_Abandoned_House,2,3" />
  <property name="SleeperVolumeGameStageAdjust" value="" />
  <property name="SleeperIsLootVolume" value="False,False,False,False" />
  <property name="SleeperVolumeGroupId" value="0,0,0,0" />
  <property name="SleeperIsBossVolume" value="False,False,False" />
  <property name="SleeperVolumeFlags" value="2,2,2,0" />
  <property name="ShowQuestClearCount" value="1" />
  <property name="SleeperIsQuestExclude" value="False,False,False,False" />
  <property name="Tags" value="residential,countryresidential" />
  <property name="PrefabSize" value="42, 18, 42" />
  <property name="SleeperVolumeTriggeredBy" value=" # # # " />
  <property class="Stats">
    <property name="TotalVertices" value="360641" />
    <property name="TotalTriangles" value="132709" />
    <property class="BlockEntities">
      <property name="Vertices" value="321095" />
      <property name="Triangles" value="107197" />
    </property>
    <property class="ChunkMeshes0">
      <property name="Vertices" value="32840" />
      <property name="Triangles" value="16556" />
    </property>
    <property class="ChunkMeshes1">
      <property name="Vertices" value="0" />
      <property name="Triangles" value="0" />
    </property>
    <property class="ChunkMeshes2">
      <property name="Vertices" value="96" />
      <property name="Triangles" value="48" />
    </property>
    <property class="ChunkMeshes3">
      <property name="Vertices" value="1828" />
      <property name="Triangles" value="1484" />
    </property>
    <property class="ChunkMeshes4">
      <property name="Vertices" value="72" />
      <property name="Triangles" value="36" />
    </property>
    <property class="ChunkMeshes5">
      <property name="Vertices" value="0" />
      <property name="Triangles" value="0" />
    </property>
    <property class="ChunkMeshes6">
      <property name="Vertices" value="4710" />
      <property name="Triangles" value="7388" />
    </property>
  </property>
  <property class="IndexedBlockOffsets">
    <property class="Rally">
      <property name="0" value="7, 1, 2" />
    </property>
    <property class="quest_wood">
      <property name="0" value="12, 1, 24" />
    </property>
    <property class="POILight">
      <property name="0" value="28, 4, 11" />
      <property name="1" value="34, 4, 11" />
      <property name="2" value="31, 4, 17" />
      <property name="3" value="31, 8, 17" />
    </property>
    <property class="quest_feather">
      <property name="0" value="17, 10, 7" />
      <property name="1" value="8, 10, 8" />
      <property name="2" value="8, 10, 11" />
    </property>
    <property class="TraderOnOff">
      <property name="0" value="24, 1, 21" />
    </property>
    <property class="FetchContainer">
      <property name="0" value="17, 10, 17" />
    </property>
  </property>
</prefab>