﻿<?xml version="1.0" encoding="UTF-8"?>
<prefab>
  <property name="CopyAirBlocks" value="True" />
  <property name="AllowTopSoilDecorations" value="True" />
  <property name="TraderArea" value="False" />
  <property name="ExcludeDistantPOIMesh" value="False" />
  <property name="ExcludePOICulling" value="False" />
  <property name="QuestTags" value="clear, fetch, infested" />
  <property name="DifficultyTier" value="5" />
  <property name="Zoning" value="Commercial, downtown, Rural" />
  <property name="RotationToFaceNorth" value="3" />
  <property name="YOffset" value="-4" />
  <property name="DistantPOIYOffset" value="0" />
  <property name="AllowedBiomes" value="snow,pine_forest,desert" />
  <property name="AllowedTownships" value="city,rural,wilderness" />
  <property name="EditorGroups" value="commercial, downtown" />
  <property name="TraderAreaProtect" value="20, 0, 20" />
  <property name="TraderAreaTeleportSize" value="53, 22, 51" />
  <property name="TraderAreaTeleportCenter" value="0, 0, 0" />
  <property name="SleeperVolumeStart" value="19, 35, 33#42, 10, 78#55, 10, 67#13, 27, 9#43, 28, 70#11, 4, 69#19, 4, 66#32, 4, 68#31, 4, 80#19, 4, 31#33, 4, 45#35, 3, 58#34, 3, 34#59, 4, 42#11, 4, 6#25, 4, 8#38, 4, 8#47, 4, 8#42, 4, 14#57, 4, 9#26, 10, 64#19, 10, 77#7, 10, 67#50, 10, 4#25, 10, 4#6, 10, 4#6, 18, 4#26, 19, 4#45, 19, 4#19, 19, 36#53, 19, 66#6, 19, 66#6, 19, 72#9, 28, 66#37, 28, 6#18, 28, 34#0, 0, 33" />
  <property name="SleeperVolumeSize" value="25, 4, 22#4, 8, 4#22, 8, 28#24, 8, 25#32, 4, 22#15, 3, 22#10, 3, 11#38, 3, 23#8, 3, 12#14, 3, 35#10, 3, 13#5, 3, 8#6, 3, 11#16, 5, 23#13, 3, 21#6, 3, 8#9, 5, 6#9, 3, 9#33, 3, 18#18, 4, 20#29, 3, 31#7, 3, 17#15, 3, 9#28, 3, 30#25, 3, 33#19, 8, 30#20, 9, 30#19, 3, 32#33, 3, 30#23, 14, 30#25, 3, 30#47, 3, 5#47, 3, 24#34, 4, 27#39, 3, 26#29, 3, 33#16, 7, 17" />
  <property name="SleeperVolumeGroup" value="GroupGenericZombie,3,4,GroupGenericZombie,1,1,GroupGenericZombie,5,8,ZomBusinessman,3,4,GroupGenericZombie,5,6,GroupGenericZombie,5,6,GroupHospital,3,3,GroupLabWorker,3,3,GroupLabWorker,3,3,GroupGenericZombie,8,8,GroupGenericZombie,1,2,GroupAbandonedHouse,2,2,GroupZomSoldier,3,3,ZomUtilityWorker,2,2,GroupGenericZombie,5,5,GroupZomBadass,2,2,GroupLabWorker,2,2,ZomBusinessman,3,3,GroupBikerBar,2,2,GroupHospital,2,2,GroupGhostTown,6,6,GroupAbandonedHouse,2,2,GroupZomBadassOnly,2,2,GroupLabWorker,3,3,GroupZomBadassOnly,7,8,GroupGenericZombie,10,10,GroupGenericZombie,4,4,GroupGenericZombie,4,4,GroupBikerBar,3,3,GroupGenericZombie,3,3,GroupAbandonedHouse,6,6,GroupTestChamberDecoy,3,3,GroupZomBadassOnly,9,10,GroupZomBadass,6,6,GroupZomBadassOnly,2,2,GroupGenericZombie,1,1,GroupGenericZombie,1,1" />
  <property name="SleeperVolumeGameStageAdjust" value=",,,,,0,,,,,,,,,,,,,,,,,,,,,,,,,,,,,,," />
  <property name="SleeperIsLootVolume" value="False,True,False,False,False,False,True,False,True,False,False,False,False,False,False,False,False,True,False,True,False,False,False,False,False,False,False,False,False,False,False,False,False,False,False,True,False" />
  <property name="SleeperIsQuestExclude" value="False,False,False,False,False,False,False,False,False,False,False,False,False,False,False,False,False,False,False,False,False,False,False,False,False,False,False,False,False,False,False,False,False,False,False,False,False" />
  <property name="SleeperVolumeFlags" value="0,0,0,0,0,0,0,0,0,0,0,0,0,0,0,0,0,0,0,0,0,0,0,0,0,0,0,0,0,0,0,0,0,0,0,0,0" />
  <property name="SleeperVolumeGroupId" value="0,0,0,0,0,0,0,0,0,0,0,0,0,0,0,0,0,0,0,0,0,0,0,0,0,0,0,0,0,0,0,0,0,0,0,0,0" />
  <property name="ShowQuestClearCount" value="0" />
  <property name="PrefabSize" value="100, 38, 100" />
  <property name="Tags" value="commercial, rural, downtown" />
  <property name="SleeperVolumeTriggeredBy" value=" # # # # # # # # # # # # # # # # # # # # # # # # # # # # # # # # # # # # " />
  <property class="IndexedBlockOffsets">
    <property class="POILight">
      <property name="0" value="70, 17, 84" />
      <property name="1" value="72, 17, 84" />
      <property name="2" value="77, 8, 84" />
      <property name="3" value="69, 26, 85" />
      <property name="4" value="71, 26, 85" />
      <property name="5" value="69, 26, 89" />
      <property name="6" value="71, 26, 89" />
      <property name="7" value="77, 8, 91" />
      <property name="8" value="68, 15, 92" />
      <property name="9" value="66, 8, 95" />
      <property name="10" value="73, 8, 95" />
    </property>
    <property class="challenge_gore">
      <property name="0" value="70, 11, 78" />
      <property name="1" value="69, 11, 79" />
      <property name="2" value="70, 12, 79" />
      <property name="3" value="71, 10, 79" />
      <property name="4" value="70, 11, 80" />
    </property>
    <property class="TraderOnOff">
      <property name="0" value="74, 22, 90" />
    </property>
    <property class="challenge_polymers">
      <property name="0" value="72, 19, 83" />
      <property name="1" value="74, 19, 85" />
    </property>
    <property class="challenge_leather">
      <property name="0" value="73, 10, 67" />
      <property name="1" value="74, 10, 67" />
      <property name="2" value="75, 10, 67" />
      <property name="3" value="76, 10, 67" />
      <property name="4" value="76, 10, 68" />
      <property name="5" value="76, 10, 69" />
      <property name="6" value="76, 10, 70" />
      <property name="7" value="76, 10, 71" />
    </property>
    <property class="challenge_cars">
      <property name="0" value="9, 4, 41" />
    </property>
    <property class="Rally">
      <property name="0" value="10, 4, 67" />
    </property>
    <property class="challenge_mech_parts">
      <property name="0" value="74, 28, 26" />
    </property>
    <property class="challenge_sinks">
      <property name="0" value="35, 4, 58" />
    </property>
    <property class="challenge_steel">
      <property name="0" value="72, 19, 89" />
    </property>
    <property class="quest_wood_trees">
      <property name="0" value="68, 29, 91" />
      <property name="1" value="72, 29, 91" />
    </property>
    <property class="quest_feather">
      <property name="0" value="18, 37, 36" />
    </property>
    <property class="FetchContainer">
      <property name="0" value="74, 29, 85" />
    </property>
    <property class="quest_stone">
      <property name="0" value="34, 11, 6" />
      <property name="1" value="47, 11, 6" />
      <property name="2" value="49, 11, 6" />
    </property>
    <property class="challenge_pallet">
      <property name="0" value="53, 28, 7" />
      <property name="1" value="54, 28, 7" />
      <property name="2" value="54, 29, 7" />
    </property>
    <property class="quest_stone_boulder">
      <property name="0" value="55, 28, 76" />
    </property>
  </property>
  <property class="Stats">
    <property name="TotalVertices" value="3410766" />
    <property name="TotalTriangles" value="1745101" />
    <property class="BlockEntities">
      <property name="Vertices" value="2251101" />
      <property name="Triangles" value="1036230" />
    </property>
    <property class="ChunkMeshes0">
      <property name="Vertices" value="1001403" />
      <property name="Triangles" value="572275" />
    </property>
    <property class="ChunkMeshes1">
      <property name="Vertices" value="22024" />
      <property name="Triangles" value="11012" />
    </property>
    <property class="ChunkMeshes2">
      <property name="Vertices" value="81558" />
      <property name="Triangles" value="41324" />
    </property>
    <property class="ChunkMeshes3">
      <property name="Vertices" value="2400" />
      <property name="Triangles" value="1200" />
    </property>
    <property class="ChunkMeshes4">
      <property name="Vertices" value="0" />
      <property name="Triangles" value="0" />
    </property>
    <property class="ChunkMeshes5">
      <property name="Vertices" value="52280" />
      <property name="Triangles" value="83060" />
    </property>
  </property>
</prefab>