﻿<?xml version="1.0" encoding="UTF-8"?>
<prefab>
  <property name="CopyAirBlocks" value="True" />
  <property name="AllowTopSoilDecorations" value="True" />
  <property name="TraderArea" value="False" />
  <property name="ExcludeDistantPOIMesh" value="False" />
  <property name="ExcludePOICulling" value="False" />
  <property name="QuestTags" value="clear, fetch, infested" />
  <property name="DifficultyTier" value="5" />
  <property name="Zoning" value="downtown" />
  <property name="RotationToFaceNorth" value="3" />
  <property name="YOffset" value="-15" />
  <property name="DistantPOIYOffset" value="0" />
  <property name="AllowedBiomes" value="burnt_forest,snow,pine_forest,desert,wasteland" />
  <property name="AllowedTownships" value="city" />
  <property name="EditorGroups" value="downtown" />
  <property name="SleeperVolumeStart" value="35, 15, 11#35, 15, 1#13, 15, 1#68, 14, 10#13, 15, 88#36, 14, 57#35, 19, 11#35, 23, 11#35, 27, 11#35, 32, 11#35, 36, 11#35, 40, 29#35, 16, 30#35, 20, 30#35, 24, 30#35, 28, 30#35, 32, 30#35, 36, 30#35, 15, 63#35, 20, 57#35, 24, 57#35, 28, 57#35, 32, 57#33, 5, 26" />
  <property name="SleeperVolumeSize" value="34, 3, 19#52, 3, 10#22, 3, 87#20, 4, 88#55, 3, 10#15, 3, 6#39, 3, 19#39, 3, 19#39, 3, 19#39, 3, 19#39, 3, 19#33, 5, 38#35, 3, 27#35, 3, 27#35, 3, 27#29, 3, 27#29, 3, 27#29, 3, 27#35, 3, 25#35, 3, 31#35, 3, 31#35, 3, 31#35, 7, 31#33, 7, 38" />
  <property name="SleeperVolumeGroup" value="GroupGenericZombie,6,9,GroupGenericZombie,2,3,GroupGenericZombie,6,9,GroupGenericZombie,6,8,GroupGenericZombie,2,3,GroupZomBadassOnly,1,1,GroupGenericZombie,6,9,GroupGenericZombie,6,11,GroupGenericZombie,6,10,GroupGenericZombie,8,10,GroupGenericZombie,2,3,GroupZomBadassOnly,3,4,GroupGenericZombie,10,15,GroupGenericZombie,10,14,GroupGenericZombie,10,12,GroupGenericZombie,10,14,GroupZomSoldier,10,12,ZomUtilityWorker,8,10,GroupGenericZombie,10,13,GroupGenericZombie,10,14,GroupGenericZombie,10,12,ZomBurnt,10,16,GroupZomBadassOnly,5,6,GroupZomBadassOnly,10,12" />
  <property name="SleeperVolumeGameStageAdjust" value=",,,,,,,,,,,,,,,,,,,,,,," />
  <property name="SleeperIsLootVolume" value="True,False,False,False,False,False,False,False,False,False,False,False,False,False,False,False,False,False,False,False,False,False,False,False" />
  <property name="SleeperIsQuestExclude" value="False,False,False,False,False,False,False,False,False,False,False,False,False,False,False,False,False,False,False,False,False,False,False,False" />
  <property name="SleeperVolumeFlags" value="0,0,0,0,0,0,0,0,0,0,0,0,0,0,0,0,0,0,0,0,0,0,0,0" />
  <property name="SleeperVolumeGroupId" value="0,0,0,0,0,0,0,0,0,0,0,0,0,0,0,0,0,0,0,0,0,0,0,0" />
  <property name="ShowQuestClearCount" value="0" />
  <property name="PrefabSize" value="100, 60, 100" />
  <property name="Tags" value="commercial, downtown" />
  <property name="SleeperVolumeTriggeredBy" value=" # # # # # # # # # # # # # # # # # # # # # # # " />
  <property class="IndexedBlockOffsets">
    <property class="POILight">
      <property name="0" value="68, 18, 82" />
      <property name="1" value="68, 22, 82" />
      <property name="2" value="68, 26, 82" />
      <property name="3" value="68, 30, 82" />
      <property name="4" value="68, 18, 83" />
      <property name="5" value="68, 22, 83" />
      <property name="6" value="68, 26, 83" />
      <property name="7" value="68, 30, 83" />
      <property name="8" value="70, 18, 83" />
      <property name="9" value="66, 22, 86" />
      <property name="10" value="66, 26, 86" />
      <property name="11" value="66, 30, 86" />
      <property name="12" value="67, 18, 88" />
      <property name="13" value="76, 23, 89" />
    </property>
    <property class="challenge_cars">
      <property name="0" value="84, 15, 93" />
    </property>
    <property class="challenge_gore">
      <property name="0" value="66, 28, 13" />
      <property name="1" value="66, 32, 14" />
    </property>
    <property class="Rally">
      <property name="0" value="12, 15, 50" />
    </property>
    <property class="challenge_sinks">
      <property name="0" value="67, 17, 13" />
      <property name="1" value="67, 25, 13" />
      <property name="2" value="66, 29, 14" />
      <property name="3" value="66, 16, 16" />
      <property name="4" value="66, 20, 16" />
      <property name="5" value="66, 24, 16" />
      <property name="6" value="66, 28, 16" />
    </property>
    <property class="challenge_officechairs">
      <property name="0" value="66, 5, 56" />
    </property>
    <property class="TraderOnOff">
      <property name="0" value="69, 16, 83" />
    </property>
    <property class="brBlock">
      <property name="0" value="60, 20, 50" />
      <property name="1" value="65, 20, 52" />
    </property>
    <property class="challenge_vending">
      <property name="0" value="68, 16, 85" />
    </property>
    <property class="FetchContainer">
      <property name="0" value="55, 25, 69" />
    </property>
    <property class="challenge_barrels">
      <property name="0" value="82, 15, 46" />
    </property>
    <property class="quest_feather">
      <property name="0" value="70, 38, 19" />
    </property>
  </property>
  <property class="Stats">
    <property name="TotalVertices" value="5081979" />
    <property name="TotalTriangles" value="2148257" />
    <property class="BlockEntities">
      <property name="Vertices" value="4505053" />
      <property name="Triangles" value="1789946" />
    </property>
    <property class="ChunkMeshes0">
      <property name="Vertices" value="529961" />
      <property name="Triangles" value="292267" />
    </property>
    <property class="ChunkMeshes1">
      <property name="Vertices" value="0" />
      <property name="Triangles" value="0" />
    </property>
    <property class="ChunkMeshes2">
      <property name="Vertices" value="10777" />
      <property name="Triangles" value="7588" />
    </property>
    <property class="ChunkMeshes3">
      <property name="Vertices" value="0" />
      <property name="Triangles" value="0" />
    </property>
    <property class="ChunkMeshes4">
      <property name="Vertices" value="0" />
      <property name="Triangles" value="0" />
    </property>
    <property class="ChunkMeshes5">
      <property name="Vertices" value="36188" />
      <property name="Triangles" value="58456" />
    </property>
  </property>
</prefab>