﻿<?xml version="1.0" encoding="UTF-8"?>
<prefab>
  <property name="CopyAirBlocks" value="True" />
  <property name="AllowTopSoilDecorations" value="True" />
  <property name="TraderArea" value="False" />
  <property name="ExcludeDistantPOIMesh" value="False" />
  <property name="ExcludePOICulling" value="False" />
  <property name="DifficultyTier" value="2" />
  <property name="Zoning" value="NoZone" />
  <property name="RotationToFaceNorth" value="2" />
  <property name="YOffset" value="-1" />
  <property name="DistantPOIYOffset" value="0" />
  <property name="EditorGroups" value="Wilderness" />
  <property name="TraderAreaProtect" value="16, 0, 16" />
  <property name="TraderAreaTeleportSize" value="28, 30, 27" />
  <property name="TraderAreaTeleportCenter" value="1, 1, 1" />
  <property name="SleeperVolumeStart" value="12, 10, 6#8, 12, 12#5, 15, 9#1, 1, 4" />
  <property name="SleeperVolumeSize" value="9, 4, 5#10, 3, 4#14, 3, 7#23, 9, 17" />
  <property name="SleeperVolumeGroup" value="ZomSnow,3,4,ZomUtilityWorker,3,4,GroupLabWorker,2,3,GroupZomSoldier,3,4" />
  <property name="SleeperVolumeGameStageAdjust" value="hard,hard,hard" />
  <property name="SleeperIsLootVolume" value="False,False,True,False" />
  <property name="SleeperIsQuestExclude" value="False,False,False,False" />
  <property name="SleeperVolumeFlags" value="0,0,0,0" />
  <property name="SleeperVolumeGroupId" value="0,0,0,0" />
  <property name="ShowQuestClearCount" value="0" />
  <property name="PrefabSize" value="25, 25, 25" />
  <property name="Tags" value="countryresidential, industrial" />
  <property name="SleeperVolumeTriggeredBy" value=" # # # " />
  <property name="QuestTags" value="clear, fetch, infested" />
  <property class="Stats">
    <property name="TotalVertices" value="168584" />
    <property name="TotalTriangles" value="80220" />
    <property class="BlockEntities">
      <property name="Vertices" value="107211" />
      <property name="Triangles" value="40801" />
    </property>
    <property class="ChunkMeshes0">
      <property name="Vertices" value="60477" />
      <property name="Triangles" value="37859" />
    </property>
    <property class="ChunkMeshes1">
      <property name="Vertices" value="0" />
      <property name="Triangles" value="0" />
    </property>
    <property class="ChunkMeshes2">
      <property name="Vertices" value="64" />
      <property name="Triangles" value="32" />
    </property>
    <property class="ChunkMeshes3">
      <property name="Vertices" value="0" />
      <property name="Triangles" value="0" />
    </property>
    <property class="ChunkMeshes4">
      <property name="Vertices" value="0" />
      <property name="Triangles" value="0" />
    </property>
    <property class="ChunkMeshes5">
      <property name="Vertices" value="832" />
      <property name="Triangles" value="1528" />
    </property>
  </property>
  <property class="IndexedBlockOffsets">
    <property class="POILight">
      <property name="0" value="12, 15, 12" />
      <property name="1" value="12, 12, 14" />
      <property name="2" value="17, 15, 15" />
    </property>
    <property class="challenge_polymers">
      <property name="0" value="12, 11, 14" />
    </property>
    <property class="TraderOnOff">
      <property name="0" value="15, 11, 13" />
      <property name="1" value="12, 14, 14" />
      <property name="2" value="16, 14, 14" />
    </property>
    <property class="challenge_sinks">
      <property name="0" value="17, 14, 15" />
      <property name="1" value="18, 15, 15" />
    </property>
    <property class="FetchContainer">
      <property name="0" value="9, 17, 14" />
    </property>
    <property class="challenge_mech_parts">
      <property name="0" value="14, 11, 12" />
    </property>
    <property class="Rally">
      <property name="0" value="22, 1, 22" />
    </property>
  </property>
</prefab>