﻿<?xml version="1.0" encoding="UTF-8"?>
<prefab>
  <property name="CopyAirBlocks" value="True" />
  <property name="AllowTopSoilDecorations" value="True" />
  <property name="TraderArea" value="False" />
  <property name="ExcludeDistantPOIMesh" value="False" />
  <property name="ExcludePOICulling" value="False" />
  <property name="QuestTags" value="clear, fetch, infested" />
  <property name="DifficultyTier" value="4" />
  <property name="Zoning" value="Commercial, downtown, none, Industrial" />
  <property name="RotationToFaceNorth" value="0" />
  <property name="YOffset" value="-2" />
  <property name="DistantPOIYOffset" value="0" />
  <property name="EditorGroups" value="commercial, rural, downtown, industrial" />
  <property name="SleeperVolumeStart" value="0, 2, 27#41, 2, 4#0, 2, 0#9, 2, 4#31, 2, 4#0, 9, 2#0, 2, 4#31, 2, 17#9, 2, 4" />
  <property name="SleeperVolumeSize" value="42, 3, 21#1, 3, 23#42, 3, 4#22, 7, 23#10, 7, 13#42, 3, 27#9, 7, 23#10, 7, 10#22, 7, 23" />
  <property name="SleeperVolumeGroup" value="ZomUtilityWorker,3,4,GroupGenericZombie,1,1,GroupGenericZombie,1,1,GroupGenericZombie,12,12,GroupGenericZombie,3,4,ZomSpiderOnly,3,6,GroupGenericZombie,7,9,GroupGenericZombie,1,2,GroupGenericZombie,12,12" />
  <property name="SleeperVolumeGameStageAdjust" value=",,,,,,,," />
  <property name="SleeperIsLootVolume" value="False,False,False,False,False,False,False,False,False" />
  <property name="SleeperIsQuestExclude" value="False,False,False,False,False,False,False,False,False" />
  <property name="SleeperVolumeFlags" value="2,2,2,2,0,0,0,0,0" />
  <property name="SleeperVolumeGroupId" value="0,0,0,0,0,0,0,0,0" />
  <property name="ShowQuestClearCount" value="0" />
  <property name="PrefabSize" value="42, 11, 42" />
  <property name="Tags" value="commercial" />
  <property name="SleeperVolumeTriggeredBy" value=" # # # # # # # # " />
  <property class="IndexedBlockOffsets">
    <property class="FetchContainer">
      <property name="0" value="39, 3, 22" />
    </property>
    <property class="POILight">
      <property name="0" value="37, 5, 22" />
      <property name="1" value="37, 5, 24" />
      <property name="2" value="40, 9, 27" />
    </property>
    <property class="challenge_sinks">
      <property name="0" value="39, 2, 10" />
    </property>
    <property class="TraderOnOff">
      <property name="0" value="37, 2, 19" />
    </property>
    <property class="Rally">
      <property name="0" value="23, 2, 39" />
    </property>
    <property class="challenge_officechairs">
      <property name="0" value="37, 2, 24" />
    </property>
  </property>
  <property class="Stats">
    <property name="TotalVertices" value="899891" />
    <property name="TotalTriangles" value="320286" />
    <property class="BlockEntities">
      <property name="Vertices" value="815310" />
      <property name="Triangles" value="261693" />
    </property>
    <property class="ChunkMeshes0">
      <property name="Vertices" value="79461" />
      <property name="Triangles" value="50593" />
    </property>
    <property class="ChunkMeshes1">
      <property name="Vertices" value="0" />
      <property name="Triangles" value="0" />
    </property>
    <property class="ChunkMeshes2">
      <property name="Vertices" value="80" />
      <property name="Triangles" value="40" />
    </property>
    <property class="ChunkMeshes3">
      <property name="Vertices" value="0" />
      <property name="Triangles" value="0" />
    </property>
    <property class="ChunkMeshes4">
      <property name="Vertices" value="0" />
      <property name="Triangles" value="0" />
    </property>
    <property class="ChunkMeshes5">
      <property name="Vertices" value="5040" />
      <property name="Triangles" value="7960" />
    </property>
  </property>
</prefab>