﻿<?xml version="1.0" encoding="UTF-8"?>
<prefab>
  <property name="CopyAirBlocks" value="True" />
  <property name="AllowTopSoilDecorations" value="True" />
  <property name="TraderArea" value="False" />
  <property name="ExcludeDistantPOIMesh" value="False" />
  <property name="ExcludePOICulling" value="False" />
  <property name="QuestTags" value="clear, fetch, infested" />
  <property name="DifficultyTier" value="3" />
  <property name="Zoning" value="Commercial, Downtown, Industrial, Residential" />
  <property name="RotationToFaceNorth" value="2" />
  <property name="YOffset" value="-14" />
  <property name="DistantPOIYOffset" value="0" />
  <property name="AllowedBiomes" value="burnt_forest,snow,plains,pine_forest,forest,desert,wasteland" />
  <property name="AllowedTownships" value="city,rural,town,wilderness" />
  <property name="EditorGroups" value="wilderness" />
  <property name="SleeperVolumeStart" value="19, 14, 9#6, 17, 11#15, 1, 10#3, 7, 18#6, 13, 11#33, 1, 10#24, 14, 19" />
  <property name="SleeperVolumeSize" value="20, 4, 10#13, 4, 21#18, 2, 13#32, 3, 13#13, 4, 21#7, 3, 22#9, 5, 11" />
  <property name="SleeperVolumeGroup" value="S_-_Group_Zom_Soldier,1,2,S_Zom_Businessman,4,7,S_-_Group_Hospital,5,7,S_-_Group_Lab_Worker,7,11,S_Zom_HazMat_Only,7,11,S_-_Group_Zom_Soldier,9,12,S_-Group_Generic_Zombie,1,3" />
  <property name="SleeperVolumeGameStageAdjust" value=",,,,,," />
  <property name="SleeperIsLootVolume" value="False,False,False,False,False,False,False" />
  <property name="SleeperIsBossVolume" value="False,False,False,False,False,False,False" />
  <property name="SleeperVolumeFlags" value="0,0,0,0,0,0,0" />
  <property name="SleeperVolumeGroupId" value="0,0,0,0,0,0,0" />
  <property name="ShowQuestClearCount" value="1" />
  <property name="SleeperIsQuestExclude" value="False,False,False,False,False,False,False" />
  <property name="PrefabSize" value="42, 33, 42" />
  <property name="Tags" value="industrial" />
  <property name="SleeperVolumeTriggeredBy" value=" # # # # # # " />
  <property class="IndexedBlockOffsets">
    <property class="FetchContainer">
      <property name="0" value="39, 2, 31" />
    </property>
    <property class="POILight">
      <property name="0" value="37, 10, 21" />
      <property name="1" value="37, 10, 22" />
      <property name="2" value="38, 3, 30" />
    </property>
    <property class="quest_feather">
      <property name="0" value="24, 21, 25" />
    </property>
    <property class="Rally">
      <property name="0" value="28, 14, 8" />
    </property>
    <property class="TraderOnOff">
      <property name="0" value="22, 1, 13" />
      <property name="1" value="24, 8, 18" />
    </property>
  </property>
  <property class="Stats">
    <property name="TotalVertices" value="736566" />
    <property name="TotalTriangles" value="309355" />
    <property class="BlockEntities">
      <property name="Vertices" value="661021" />
      <property name="Triangles" value="254873" />
    </property>
    <property class="ChunkMeshes0">
      <property name="Vertices" value="61525" />
      <property name="Triangles" value="34620" />
    </property>
    <property class="ChunkMeshes1">
      <property name="Vertices" value="0" />
      <property name="Triangles" value="0" />
    </property>
    <property class="ChunkMeshes2">
      <property name="Vertices" value="934" />
      <property name="Triangles" value="584" />
    </property>
    <property class="ChunkMeshes3">
      <property name="Vertices" value="2132" />
      <property name="Triangles" value="1066" />
    </property>
    <property class="ChunkMeshes4">
      <property name="Vertices" value="0" />
      <property name="Triangles" value="0" />
    </property>
    <property class="ChunkMeshes5">
      <property name="Vertices" value="0" />
      <property name="Triangles" value="0" />
    </property>
    <property class="ChunkMeshes6">
      <property name="Vertices" value="10954" />
      <property name="Triangles" value="18212" />
    </property>
  </property>
</prefab>