﻿<?xml version="1.0" encoding="UTF-8"?>
<prefab>
  <property name="CopyAirBlocks" value="True" />
  <property name="AllowTopSoilDecorations" value="False" />
  <property name="TraderArea" value="False" />
  <property name="ExcludeDistantPOIMesh" value="False" />
  <property name="ExcludePOICulling" value="False" />
  <property name="DifficultyTier" value="1" />
  <property name="Zoning" value="NoZone, Residential" />
  <property name="RotationToFaceNorth" value="2" />
  <property name="YOffset" value="-1" />
  <property name="DistantPOIYOffset" value="0" />
  <property name="AllowedTownships" value="wilderness" />
  <property name="EditorGroups" value="Wilderness" />
  <property name="ShowQuestClearCount" value="1" />
  <property name="Tags" value="wilderness" />
  <property name="PrefabSize" value="8, 28, 9" />
  <property class="Stats">
    <property name="TotalVertices" value="51304" />
    <property name="TotalTriangles" value="40559" />
    <property class="BlockEntities">
      <property name="Vertices" value="47340" />
      <property name="Triangles" value="38315" />
    </property>
    <property class="ChunkMeshes0">
      <property name="Vertices" value="3568" />
      <property name="Triangles" value="1820" />
    </property>
    <property class="ChunkMeshes1">
      <property name="Vertices" value="0" />
      <property name="Triangles" value="0" />
    </property>
    <property class="ChunkMeshes2">
      <property name="Vertices" value="0" />
      <property name="Triangles" value="0" />
    </property>
    <property class="ChunkMeshes3">
      <property name="Vertices" value="0" />
      <property name="Triangles" value="0" />
    </property>
    <property class="ChunkMeshes4">
      <property name="Vertices" value="0" />
      <property name="Triangles" value="0" />
    </property>
    <property class="ChunkMeshes5">
      <property name="Vertices" value="144" />
      <property name="Triangles" value="72" />
    </property>
    <property class="ChunkMeshes6">
      <property name="Vertices" value="0" />
      <property name="Triangles" value="0" />
    </property>
    <property class="ChunkMeshes7">
      <property name="Vertices" value="252" />
      <property name="Triangles" value="352" />
    </property>
    <property class="ChunkMeshes8">
      <property name="Vertices" value="0" />
      <property name="Triangles" value="0" />
    </property>
    <property class="ChunkMeshes9">
      <property name="Vertices" value="0" />
      <property name="Triangles" value="0" />
    </property>
  </property>
  <property class="IndexedBlockOffsets">
    <property class="quest_wood">
      <property name="0" value="2, 1, 4" />
    </property>
    <property class="quest_feather">
      <property name="0" value="5, 1, 2" />
    </property>
    <property class="Rally">
      <property name="0" value="6, 1, 1" />
    </property>
    <property class="POILight">
      <property name="0" value="4, 8, 6" />
    </property>
  </property>
</prefab>