﻿<?xml version="1.0" encoding="UTF-8"?>
<prefab>
  <property name="CopyAirBlocks" value="True" />
  <property name="AllowTopSoilDecorations" value="False" />
  <property name="Zoning" value="Commercial" />
  <property name="RotationToFaceNorth" value="2" />
  <property name="AllowedTownships" value="city,town,rural" />
  <property name="Condition" value="New" />
  <property name="YOffset" value="-1" />
  <property name="TraderArea" value="False" />
  <property name="ExcludeDistantPOIMesh" value="False" />
  <property name="DistantPOIYOffset" value="0" />
  <property name="EditorGroups" value="commercial" />
  <property name="DifficultyTier" value="2" />
  <property name="ExcludePOICulling" value="False" />
  <property name="Tags" value="commercial" />
  <property name="ThemeTags" value="hardware" />
  <property name="ThemeRepeatDistance" value="150" />
  <property name="SleeperVolumeSize" value="13, 3, 9#8, 3, 9#21, 6, 19#21, 11, 42" />
  <property name="SleeperVolumeStart" value="18, 1, 31#10, 1, 31#10, 1, 13#10, 1, -1" />
  <property name="SleeperVolumeGroup" value="GroupZomBadassOnly,5,8,GroupGenericZombie,1,2,ZomUtilityWorker,9,12,GroupGenericZombie,5,6" />
  <property name="SleeperVolumeGameStageAdjust" value=",,," />
  <property name="SleeperIsLootVolume" value="True,True,True,False" />
  <property name="SleeperIsBossVolume" value="False,False,False,False" />
  <property name="SleeperVolumeGroupId" value="0,0,0,0" />
  <property name="SleeperVolumeFlags" value="0,0,0,0" />
  <property name="ShowQuestClearCount" value="1" />
  <property name="SleeperIsQuestExclude" value="False,False,False,False" />
  <property name="PrefabSize" value="42, 12, 42" />
  <property name="SleeperVolumeTriggeredBy" value=" # # # " />
  <property name="QuestTags" value="clear, fetch, infested" />
  <property class="Stats">
    <property name="TotalVertices" value="220681" />
    <property name="TotalTriangles" value="95882" />
    <property class="BlockEntities">
      <property name="Vertices" value="155811" />
      <property name="Triangles" value="54820" />
    </property>
    <property class="ChunkMeshes0">
      <property name="Vertices" value="59548" />
      <property name="Triangles" value="34140" />
    </property>
    <property class="ChunkMeshes1">
      <property name="Vertices" value="0" />
      <property name="Triangles" value="0" />
    </property>
    <property class="ChunkMeshes2">
      <property name="Vertices" value="1870" />
      <property name="Triangles" value="1542" />
    </property>
    <property class="ChunkMeshes3">
      <property name="Vertices" value="0" />
      <property name="Triangles" value="0" />
    </property>
    <property class="ChunkMeshes4">
      <property name="Vertices" value="0" />
      <property name="Triangles" value="0" />
    </property>
    <property class="ChunkMeshes5">
      <property name="Vertices" value="3452" />
      <property name="Triangles" value="5380" />
    </property>
  </property>
  <property class="IndexedBlockOffsets">
    <property class="challenge_barrels">
      <property name="0" value="18, 1, 18" />
    </property>
    <property class="Rally">
      <property name="0" value="20, 1, 4" />
    </property>
    <property class="TraderOnOff">
      <property name="0" value="17, 2, 13" />
    </property>
    <property class="POILight">
      <property name="0" value="21, 3, 39" />
      <property name="1" value="27, 4, 39" />
    </property>
    <property class="challenge_sinks">
      <property name="0" value="12, 1, 37" />
      <property name="1" value="17, 1, 37" />
    </property>
    <property class="challenge_vending">
      <property name="0" value="28, 1, 16" />
    </property>
    <property class="FetchContainer">
      <property name="0" value="23, 8, 28" />
    </property>
  </property>
</prefab>