﻿<?xml version="1.0" encoding="UTF-8"?>
<prefab>
  <property name="CopyAirBlocks" value="True" />
  <property name="AllowTopSoilDecorations" value="True" />
  <property name="TraderArea" value="False" />
  <property name="ExcludeDistantPOIMesh" value="False" />
  <property name="ExcludePOICulling" value="False" />
  <property name="QuestTags" value="clear, fetch, infested" />
  <property name="DifficultyTier" value="2" />
  <property name="Zoning" value="ResidentialOld, Residential" />
  <property name="RotationToFaceNorth" value="2" />
  <property name="YOffset" value="-10" />
  <property name="DistantPOIYOffset" value="0" />
  <property name="AllowedTownships" value="rural,wilderness" />
  <property name="EditorGroups" value="wilderness" />
  <property name="SleeperVolumeStart" value="16, 10, 12#39, 10, 18#3, 11, 18#18, 15, 11#23, 1, 26#27, 2, 19#22, 6, 15" />
  <property name="SleeperVolumeSize" value="22, 4, 27#11, 4, 13#13, 3, 10#28, 3, 26#14, 7, 11#8, 3, 7#15, 2, 11" />
  <property name="SleeperVolumeGroup" value="S_-Group_Generic_Zombie,6,8,S_-_Group_Zom_Badass,1,2,S_-_Group_Abandoned_House,2,3,S_-_Group_Ghost_Town,4,5,S_-_Group_Zom_Badass,3,4,S_Zom_Spider_Only,1,2,S_-_Group_Biker_Bar,3,3" />
  <property name="SleeperVolumeGameStageAdjust" value=",,,,,," />
  <property name="SleeperIsLootVolume" value="False,False,False,False,False,False,False" />
  <property name="SleeperIsBossVolume" value="False,False,False,False,False,False,False" />
  <property name="SleeperVolumeFlags" value="0,0,0,0,0,2,0" />
  <property name="SleeperVolumeGroupId" value="0,0,0,0,0,0,0" />
  <property name="ShowQuestClearCount" value="1" />
  <property name="SleeperIsQuestExclude" value="False,False,False,False,False,False,False" />
  <property name="PrefabSize" value="55, 26, 46" />
  <property name="Tags" value="wilderness" />
  <property name="SleeperVolumeTriggeredBy" value=" # # # # # # " />
  <property class="IndexedBlockOffsets">
    <property class="quest_wood_trees">
      <property name="0" value="45, 10, 15" />
      <property name="1" value="49, 10, 15" />
    </property>
    <property class="POILight">
      <property name="0" value="44, 11, 23" />
      <property name="1" value="47, 11, 23" />
      <property name="2" value="47, 12, 26" />
    </property>
    <property class="quest_wood">
      <property name="0" value="18, 13, 17" />
      <property name="1" value="20, 13, 17" />
      <property name="2" value="23, 13, 17" />
      <property name="3" value="24, 13, 17" />
    </property>
    <property class="TraderOnOff">
      <property name="0" value="41, 11, 24" />
      <property name="1" value="38, 11, 27" />
    </property>
    <property class="FetchContainer">
      <property name="0" value="29, 2, 31" />
    </property>
    <property class="Rally">
      <property name="0" value="28, 10, 2" />
    </property>
    <property class="quest_stone">
      <property name="0" value="54, 10, 24" />
      <property name="1" value="51, 10, 33" />
    </property>
  </property>
  <property class="Stats">
    <property name="TotalVertices" value="785833" />
    <property name="TotalTriangles" value="389725" />
    <property class="BlockEntities">
      <property name="Vertices" value="712539" />
      <property name="Triangles" value="339793" />
    </property>
    <property class="ChunkMeshes0">
      <property name="Vertices" value="57166" />
      <property name="Triangles" value="28574" />
    </property>
    <property class="ChunkMeshes1">
      <property name="Vertices" value="448" />
      <property name="Triangles" value="224" />
    </property>
    <property class="ChunkMeshes2">
      <property name="Vertices" value="288" />
      <property name="Triangles" value="144" />
    </property>
    <property class="ChunkMeshes3">
      <property name="Vertices" value="1748" />
      <property name="Triangles" value="898" />
    </property>
    <property class="ChunkMeshes4">
      <property name="Vertices" value="2088" />
      <property name="Triangles" value="1044" />
    </property>
    <property class="ChunkMeshes5">
      <property name="Vertices" value="0" />
      <property name="Triangles" value="0" />
    </property>
    <property class="ChunkMeshes6">
      <property name="Vertices" value="11556" />
      <property name="Triangles" value="19048" />
    </property>
  </property>
</prefab>