﻿<?xml version="1.0" encoding="UTF-8"?>
<prefab>
  <property name="CopyAirBlocks" value="True" />
  <property name="AllowTopSoilDecorations" value="False" />
  <property name="TraderArea" value="False" />
  <property name="ExcludeDistantPOIMesh" value="False" />
  <property name="ExcludePOICulling" value="False" />
  <property name="QuestTags" value="clear, fetch, infested" />
  <property name="DifficultyTier" value="2" />
  <property name="Zoning" value="Commercial, Industrial, ResidentialNew, ResidentialOld, Residential" />
  <property name="RotationToFaceNorth" value="2" />
  <property name="YOffset" value="-6" />
  <property name="DistantPOIYOffset" value="0" />
  <property name="AllowedBiomes" value="burnt_forest,snow,plains,pine_forest,forest,desert,wasteland" />
  <property name="AllowedTownships" value="city,rural,town,wilderness" />
  <property name="EditorGroups" value="Wilderness" />
  <property name="SleeperVolumeStart" value="7, 1, 20#5, 6, 19#6, 12, 21#7, 19, 26" />
  <property name="SleeperVolumeSize" value="26, 2, 16#30, 3, 19#28, 3, 16#26, 3, 7" />
  <property name="SleeperVolumeGroup" value="S_-Group_Generic_Zombie,5,5,S_-Group_Generic_Zombie,5,5,S_-_Group_Zom_Badass,5,5,S_-_Group_Zom_Badass,2,2" />
  <property name="SleeperVolumeGameStageAdjust" value=",,," />
  <property name="SleeperIsLootVolume" value="False,False,False,False" />
  <property name="SleeperIsQuestExclude" value="False,False,False,False" />
  <property name="SleeperVolumeFlags" value="0,0,0,0" />
  <property name="SleeperVolumeGroupId" value="0,0,0,0" />
  <property name="ShowQuestClearCount" value="0" />
  <property name="PrefabSize" value="42, 27, 42" />
  <property name="Tags" value="commercial,countrytown,nodiagonal" />
  <property name="ThemeTags" value="funeral" />
  <property name="ThemeDistance" value="300" />  
  <property name="SleeperVolumeTriggeredBy" value=" # # # " />
  <property class="IndexedBlockOffsets">
    <property class="Rally">
      <property name="0" value="19, 6, 9" />
    </property>
    <property class="FetchContainer">
      <property name="0" value="33, 1, 27" />
      <property name="1" value="30, 12, 35" />
    </property>
    <property class="POILight">
      <property name="0" value="21, 7, 24" />
      <property name="1" value="25, 9, 24" />
      <property name="2" value="30, 9, 24" />
      <property name="3" value="32, 13, 24" />
      <property name="4" value="21, 3, 26" />
      <property name="5" value="30, 3, 26" />
      <property name="6" value="27, 16, 27" />
      <property name="7" value="32, 13, 27" />
      <property name="8" value="25, 9, 28" />
      <property name="9" value="30, 9, 28" />
      <property name="10" value="23, 13, 31" />
      <property name="11" value="26, 13, 31" />
      <property name="12" value="25, 3, 33" />
    </property>
    <property class="TraderOnOff">
      <property name="0" value="32, 19, 29" />
      <property name="1" value="21, 7, 32" />
      <property name="2" value="29, 13, 32" />
    </property>
  </property>
  <property class="Stats">
    <property name="TotalVertices" value="494063" />
    <property name="TotalTriangles" value="218943" />
    <property class="BlockEntities">
      <property name="Vertices" value="409376" />
      <property name="Triangles" value="164805" />
    </property>
    <property class="ChunkMeshes0">
      <property name="Vertices" value="67456" />
      <property name="Triangles" value="36554" />
    </property>
    <property class="ChunkMeshes1">
      <property name="Vertices" value="0" />
      <property name="Triangles" value="0" />
    </property>
    <property class="ChunkMeshes2">
      <property name="Vertices" value="224" />
      <property name="Triangles" value="112" />
    </property>
    <property class="ChunkMeshes3">
      <property name="Vertices" value="10061" />
      <property name="Triangles" value="7480" />
    </property>
    <property class="ChunkMeshes4">
      <property name="Vertices" value="1080" />
      <property name="Triangles" value="540" />
    </property>
    <property class="ChunkMeshes5">
      <property name="Vertices" value="0" />
      <property name="Triangles" value="0" />
    </property>
    <property class="ChunkMeshes6">
      <property name="Vertices" value="5866" />
      <property name="Triangles" value="9452" />
    </property>
  </property>
</prefab>