﻿<?xml version="1.0" encoding="UTF-8"?>
<prefab>
  <property name="CopyAirBlocks" value="True" />
  <property name="AllowTopSoilDecorations" value="True" />
  <property name="TraderArea" value="False" />
  <property name="ExcludeDistantPOIMesh" value="False" />
  <property name="ExcludePOICulling" value="False" />
  <property name="QuestTags" value="clear, fetch, infested" />
  <property name="DifficultyTier" value="1" />
  <property name="Zoning" value="ResidentialNew, ResidentialOld, Residential" />
  <property name="RotationToFaceNorth" value="1" />
  <property name="YOffset" value="-1" />
  <property name="DistantPOIYOffset" value="0" />
  <property name="AllowedBiomes" value="burnt_forest,snow,plains,pine_forest,forest,desert,wasteland" />
  <property name="AllowedTownships" value="city,rural,town,wilderness" />
  <property name="EditorGroups" value="Wilderness" />
  <property name="SleeperVolumeStart" value="12, 1, 5#11, 5, 4" />
  <property name="SleeperVolumeSize" value="20, 3, 33#15, 3, 33" />
  <property name="SleeperVolumeGroup" value="S_-Group_Generic_Zombie,4,5,S_-Group_Generic_Zombie,5,6" />
  <property name="SleeperVolumeGameStageAdjust" value="," />
  <property name="SleeperIsLootVolume" value="False,False" />
  <property name="SleeperIsBossVolume" value="False,False" />
  <property name="SleeperVolumeFlags" value="0,0" />
  <property name="SleeperVolumeGroupId" value="0,0" />
  <property name="ShowQuestClearCount" value="1" />
  <property name="SleeperIsQuestExclude" value="False,False" />
  <property name="PrefabSize" value="42, 14, 42" />
  <property name="Tags" value="residential,countryresidential" />
  <property name="SleeperVolumeTriggeredBy" value=" # " />
  <property class="IndexedBlockOffsets">
    <property class="POILight">
      <property name="0" value="23, 9, 22" />
      <property name="1" value="27, 6, 22" />
      <property name="2" value="27, 9, 22" />
      <property name="3" value="21, 9, 24" />
      <property name="4" value="23, 9, 24" />
      <property name="5" value="25, 9, 24" />
      <property name="6" value="27, 9, 24" />
      <property name="7" value="21, 3, 26" />
      <property name="8" value="24, 3, 26" />
      <property name="9" value="21, 3, 28" />
      <property name="10" value="22, 9, 28" />
      <property name="11" value="24, 3, 28" />
      <property name="12" value="24, 9, 28" />
    </property>
    <property class="TraderOnOff">
      <property name="0" value="28, 2, 21" />
      <property name="1" value="21, 2, 30" />
    </property>
    <property class="FetchContainer">
      <property name="0" value="17, 7, 23" />
      <property name="1" value="12, 2, 25" />
      <property name="2" value="20, 5, 33" />
    </property>
    <property class="Rally">
      <property name="0" value="31, 1, 21" />
    </property>
  </property>
  <property class="Stats">
    <property name="TotalVertices" value="685317" />
    <property name="TotalTriangles" value="318960" />
    <property class="BlockEntities">
      <property name="Vertices" value="583638" />
      <property name="Triangles" value="251790" />
    </property>
    <property class="ChunkMeshes0">
      <property name="Vertices" value="72916" />
      <property name="Triangles" value="39948" />
    </property>
    <property class="ChunkMeshes1">
      <property name="Vertices" value="0" />
      <property name="Triangles" value="0" />
    </property>
    <property class="ChunkMeshes2">
      <property name="Vertices" value="264" />
      <property name="Triangles" value="132" />
    </property>
    <property class="ChunkMeshes3">
      <property name="Vertices" value="23789" />
      <property name="Triangles" value="19702" />
    </property>
    <property class="ChunkMeshes4">
      <property name="Vertices" value="0" />
      <property name="Triangles" value="0" />
    </property>
    <property class="ChunkMeshes5">
      <property name="Vertices" value="0" />
      <property name="Triangles" value="0" />
    </property>
    <property class="ChunkMeshes6">
      <property name="Vertices" value="4710" />
      <property name="Triangles" value="7388" />
    </property>
  </property>
</prefab>