﻿<?xml version="1.0" encoding="UTF-8"?>
<prefab>
  <property name="CopyAirBlocks" value="True" />
  <property name="AllowTopSoilDecorations" value="False" />
  <property name="TraderArea" value="False" />
  <property name="ExcludeDistantPOIMesh" value="False" />
  <property name="ExcludePOICulling" value="False" />
  <property name="DifficultyTier" value="2" />
  <property name="Zoning" value="Commercial, Downtown, Industrial, ResidentialNew, ResidentialOld, Residential" />
  <property name="RotationToFaceNorth" value="2" />
  <property name="YOffset" value="-1" />
  <property name="DistantPOIYOffset" value="0" />
  <property name="AllowedBiomes" value="burnt_forest,snow,plains,pine_forest,forest,desert,wasteland,city" />
  <property name="AllowedTownships" value="city,rural,town,wilderness" />
  <property name="EditorGroups" value="Wilderness" />
  <property name="SleeperVolumeStart" value="9, 7, 18#2, 0, -2#22, 7, 18#22, 7, 5#9, 7, 5#8, 15, 3" />
  <property name="SleeperVolumeSize" value="12, 5, 12#39, 6, 44#12, 5, 12#12, 5, 12#12, 5, 12#28, 4, 29" />
  <property name="SleeperVolumeGroup" value="GroupGenericZombie,3,4,GroupGenericZombie,8,8,ZomBusinessman,3,4,ZomJanitorOnly,2,3,ZomBusinessman,3,4,GroupZomBadassOnly,5,5" />
  <property name="SleeperVolumeGameStageAdjust" value=",hard,,,," />
  <property name="SleeperIsLootVolume" value="False,True,False,False,False,False" />
  <property name="SleeperIsBossVolume" value="False,False,False,False,False,True" />
  <property name="SleeperVolumeFlags" value="0,2,0,0,0,0" />
  <property name="SleeperVolumeGroupId" value="0,0,0,0,0,0" />
  <property name="ShowQuestClearCount" value="1" />
  <property name="SleeperIsQuestExclude" value="False,False,False,False,False,False" />
  <property name="PrefabSize" value="42, 21, 42" />
  <property name="Tags" value="industrial, downtown" />
  <property name="SleeperVolumeTriggeredBy" value=" # # # # # " />
  <property name="QuestTags" value="clear, fetch, infested" />
  <property class="IndexedBlockOffsets">
    <property class="quest_feather">
      <property name="0" value="28, 15, 21" />
      <property name="1" value="31, 15, 27" />
    </property>
    <property class="POILight">
      <property name="0" value="21, 13, 21" />
      <property name="1" value="22, 10, 22" />
      <property name="2" value="28, 13, 23" />
      <property name="3" value="24, 8, 24" />
      <property name="4" value="27, 13, 24" />
      <property name="5" value="29, 13, 24" />
      <property name="6" value="32, 11, 24" />
      <property name="7" value="28, 13, 25" />
      <property name="8" value="30, 9, 25" />
      <property name="9" value="21, 13, 26" />
      <property name="10" value="24, 8, 27" />
    </property>
    <property class="FetchContainer">
      <property name="0" value="28, 15, 24" />
    </property>
    <property class="challenge_polymers">
      <property name="0" value="30, 1, 28" />
      <property name="1" value="31, 1, 28" />
      <property name="2" value="32, 1, 28" />
    </property>
    <property class="challenge_cars">
      <property name="0" value="25, 1, 9" />
      <property name="1" value="31, 1, 12" />
    </property>
    <property class="challenge_leather">
      <property name="0" value="31, 8, 22" />
    </property>
    <property class="challenge_mech_parts">
      <property name="0" value="23, 3, 33" />
    </property>
    <property class="TraderOnOff">
      <property name="0" value="24, 1, 31" />
    </property>
    <property class="quest_wood_trees">
      <property name="0" value="35, 1, 39" />
    </property>
    <property class="Rally">
      <property name="0" value="35, 1, 3" />
    </property>
    <property class="challenge_sinks">
      <property name="0" value="28, 9, 14" />
      <property name="1" value="26, 8, 16" />
      <property name="2" value="25, 9, 18" />
    </property>
    <property class="brBlock">
      <property name="0" value="26, 12, 16" />
    </property>
  </property>
  <property class="Stats">
    <property name="TotalVertices" value="444096" />
    <property name="TotalTriangles" value="221621" />
    <property class="BlockEntities">
      <property name="Vertices" value="350712" />
      <property name="Triangles" value="169979" />
    </property>
    <property class="ChunkMeshes0">
      <property name="Vertices" value="86818" />
      <property name="Triangles" value="45754" />
    </property>
    <property class="ChunkMeshes1">
      <property name="Vertices" value="0" />
      <property name="Triangles" value="0" />
    </property>
    <property class="ChunkMeshes2">
      <property name="Vertices" value="3412" />
      <property name="Triangles" value="1772" />
    </property>
    <property class="ChunkMeshes3">
      <property name="Vertices" value="672" />
      <property name="Triangles" value="336" />
    </property>
    <property class="ChunkMeshes4">
      <property name="Vertices" value="0" />
      <property name="Triangles" value="0" />
    </property>
    <property class="ChunkMeshes5">
      <property name="Vertices" value="2482" />
      <property name="Triangles" value="3780" />
    </property>
  </property>
</prefab>