﻿<?xml version="1.0" encoding="UTF-8"?>
<prefab>
  <property name="CopyAirBlocks" value="True" />
  <property name="ExcludeDistantPOIMesh" value="False" />
  <property name="ExcludePOICulling" value="False" />
  <property name="DistantPOIYOffset" value="0" />
  <property name="AllowTopSoilDecorations" value="False" />
  <property name="DifficultyTier" value="2" />
  <property name="QuestTags" value="clear, fetch, restore_power, infested" />
  <property name="ShowQuestClearCount" value="1" />
  <property name="TraderArea" value="False" />
  <property name="PrefabSize" value="25, 16, 25" />
  <property name="RotationToFaceNorth" value="1" />
  <property name="Zoning" value="none" />
  <property name="SleeperVolumeSize" value="12, 5, 14#12, 4, 7#11, 4, 7#12, 4, 12#6, 3, 7" />
  <property name="SleeperVolumeStart" value="2, 8, 8#2, 7, 1#3, 3, 2#3, 3, 9#16, 3, 2" />
  <property name="SleeperVolumeGroupId" value="0,0,0,0,0" />
  <property name="SleeperVolumeGroup" value="GroupGenericZombie,5,5,GroupGenericZombie,3,3,GroupGenericZombie,4,4,GroupGenericZombie,6,6,GroupGenericZombie,2,2" />
  <property name="SleeperIsLootVolume" value="False,False,False,False,False" />
  <property name="SleeperIsQuestExclude" value="False,False,False,False,False" />
  <property name="SleeperVolumeFlags" value="0,0,0,0,0" />
  <property name="SleeperVolumeTriggeredBy" value=" # # # # " />
  <property name="EditorGroups" value="RPD, commercial" />
  <property name="Tags" value="countrytown, nodiagonal" />
  <property name="YOffset" value="-3" />
  <property name="POIMarkerSize" value="2, 13, 8" />
  <property name="POIMarkerStart" value="25, 2, 17" />
  <property name="POIMarkerGroup" value="new" />
  <property name="POIMarkerTags" value="" />
  <property name="POIMarkerType" value="PartSpawn" />
  <property name="POIMarkerPartToSpawn" value="part_driveway_countrytown_06" />
  <property name="POIMarkerPartRotations" value="1" />
  <property name="POIMarkerPartSpawnChance" value="1" />
  <property class="IndexedBlockOffsets">
    <property class="challenge_pallet">
      <property name="0" value="21, 3, 6" />
      <property name="1" value="12, 3, 7" />
      <property name="2" value="19, 3, 7" />
    </property>
    <property class="POILight">
      <property name="0" value="13, 6, 13" />
      <property name="1" value="13, 6, 14" />
      <property name="2" value="13, 6, 18" />
      <property name="3" value="13, 6, 19" />
    </property>
    <property class="challenge_officechairs">
      <property name="0" value="4, 3, 4" />
    </property>
    <property class="TraderOnOff">
      <property name="0" value="16, 4, 18" />
    </property>
    <property class="challenge_sinks">
      <property name="0" value="13, 9, 14" />
    </property>
    <property class="FetchContainer">
      <property name="0" value="6, 4, 20" />
    </property>
    <property class="QuestRestorePower">
      <property name="0" value="13, 3, 3" />
    </property>
    <property class="challenge_vending">
      <property name="0" value="23, 3, 5" />
      <property name="1" value="23, 3, 6" />
    </property>
    <property class="Rally">
      <property name="0" value="20, 3, 19" />
    </property>
  </property>
  <property class="Stats">
    <property name="TotalVertices" value="451106" />
    <property name="TotalTriangles" value="164457" />
    <property class="BlockEntities">
      <property name="Vertices" value="405689" />
      <property name="Triangles" value="136238" />
    </property>
    <property class="ChunkMeshes0">
      <property name="Vertices" value="42153" />
      <property name="Triangles" value="24243" />
    </property>
    <property class="ChunkMeshes1">
      <property name="Vertices" value="0" />
      <property name="Triangles" value="0" />
    </property>
    <property class="ChunkMeshes2">
      <property name="Vertices" value="1392" />
      <property name="Triangles" value="696" />
    </property>
    <property class="ChunkMeshes3">
      <property name="Vertices" value="0" />
      <property name="Triangles" value="0" />
    </property>
    <property class="ChunkMeshes4">
      <property name="Vertices" value="0" />
      <property name="Triangles" value="0" />
    </property>
    <property class="ChunkMeshes5">
      <property name="Vertices" value="1872" />
      <property name="Triangles" value="3280" />
    </property>
  </property>
</prefab>