﻿<?xml version="1.0" encoding="UTF-8"?>
<prefab>
  <property name="CopyAirBlocks" value="True" />
  <property name="AllowTopSoilDecorations" value="True" />
  <property name="TraderArea" value="False" />
  <property name="ExcludeDistantPOIMesh" value="False" />
  <property name="ExcludePOICulling" value="False" />
  <property name="DifficultyTier" value="1" />
  <property name="Zoning" value="Commercial, Downtown, Industrial, ResidentialNew, ResidentialOld, Residential" />
  <property name="RotationToFaceNorth" value="1" />
  <property name="YOffset" value="-1" />
  <property name="DistantPOIYOffset" value="0" />
  <property name="AllowedBiomes" value="burnt_forest,snow,plains,pine_forest,forest,desert,wasteland" />
  <property name="AllowedTownships" value="city,rural,town" />
  <property name="EditorGroups" value="Wilderness" />
  <property name="SleeperVolumeStart" value="7, 1, 26#7, 1, 13#7, 1, 1" />
  <property name="SleeperVolumeSize" value="29, 3, 14#29, 3, 13#29, 3, 12" />
  <property name="SleeperVolumeGroup" value="S_-_Group_Biker_Bar,2,2,S_-Group_Generic_Zombie,2,2,S_-_Group_Zom_Soldier,1,2" />
  <property name="SleeperVolumeGameStageAdjust" value=",," />
  <property name="SleeperIsLootVolume" value="False,False,False" />
  <property name="SleeperIsBossVolume" value="False,False,False" />
  <property name="SleeperVolumeFlags" value="0,0,0" />
  <property name="SleeperVolumeGroupId" value="0,0,0" />
  <property name="ShowQuestClearCount" value="1" />
  <property name="SleeperIsQuestExclude" value="False,False,False" />
  <property name="Tags" value="commercial,industrial,rural" />
  <property name="PrefabSize" value="42, 9, 42" />
  <property name="SleeperVolumeTriggeredBy" value=" # # " />
  <property name="QuestTags" value="clear, fetch, infested" />
  <property class="IndexedBlockOffsets">
    <property class="POILight">
      <property name="0" value="36, 7, 40" />
    </property>
    <property class="TraderOnOff">
      <property name="0" value="24, 3, 9" />
    </property>
    <property class="FetchContainer">
      <property name="0" value="17, 6, 23" />
    </property>
    <property class="Rally">
      <property name="0" value="38, 1, 27" />
    </property>
  </property>
  <property class="Stats">
    <property name="TotalVertices" value="273201" />
    <property name="TotalTriangles" value="116139" />
    <property class="BlockEntities">
      <property name="Vertices" value="252831" />
      <property name="Triangles" value="98563" />
    </property>
    <property class="ChunkMeshes0">
      <property name="Vertices" value="15596" />
      <property name="Triangles" value="10156" />
    </property>
    <property class="ChunkMeshes1">
      <property name="Vertices" value="0" />
      <property name="Triangles" value="0" />
    </property>
    <property class="ChunkMeshes2">
      <property name="Vertices" value="0" />
      <property name="Triangles" value="0" />
    </property>
    <property class="ChunkMeshes3">
      <property name="Vertices" value="64" />
      <property name="Triangles" value="32" />
    </property>
    <property class="ChunkMeshes4">
      <property name="Vertices" value="0" />
      <property name="Triangles" value="0" />
    </property>
    <property class="ChunkMeshes5">
      <property name="Vertices" value="0" />
      <property name="Triangles" value="0" />
    </property>
    <property class="ChunkMeshes6">
      <property name="Vertices" value="4710" />
      <property name="Triangles" value="7388" />
    </property>
  </property>
</prefab>