﻿<?xml version="1.0" encoding="UTF-8"?>
<prefab>
  <property name="CopyAirBlocks" value="True" />
  <property name="AllowTopSoilDecorations" value="True" />
  <property name="TraderArea" value="False" />
  <property name="ExcludeDistantPOIMesh" value="False" />
  <property name="ExcludePOICulling" value="False" />
  <property name="QuestTags" value="clear, fetch, infested" />
  <property name="DifficultyTier" value="2" />
  <property name="Zoning" value="ResidentialNew, Residential" />
  <property name="RotationToFaceNorth" value="2" />
  <property name="YOffset" value="-5" />
  <property name="DistantPOIYOffset" value="0" />
  <property name="AllowedTownships" value="city,rural,town" />
  <property name="EditorGroups" value="house new, settlements, rural, house old" />
  <property name="SleeperVolumeStart" value="29, 5, 18#16, 5, 18#37, 9, 32#17, 9, 18#25, 9, 20#35, 9, 25#40, 9, 24#30, 9, 19#29, 5, 29#37, 5, 17#39, 1, 25#44, 5, 21#16, 4, 37#38, 5, 29" />
  <property name="SleeperVolumeSize" value="8, 2, 11#13, 2, 18#8, 3, 4#8, 3, 18#4, 4, 7#5, 3, 4#6, 3, 7#5, 3, 10#9, 2, 7#7, 4, 9#5, 3, 10#2, 3, 4#34, 10, 17#8, 2, 8" />
  <property name="SleeperVolumeGroup" value="GroupGenericZombie,1,1,GroupGenericZombie,1,1,GroupZomBadass,1,1,GroupZomBadassOnly,1,2,GroupGenericZombie,2,3,GroupZomBadassOnly,1,1,GroupGenericZombie,2,2,GroupGenericZombie,1,1,GroupGenericZombie,1,1,GroupGenericZombie,2,2,GroupZomBadassOnly,4,4,GroupGenericZombie,2,2,GroupGenericZombie,2,3,GroupGenericZombie,1,1" />
  <property name="SleeperVolumeGameStageAdjust" value=",,,,,,,,,,,,,," />
  <property name="SleeperIsLootVolume" value="False,False,False,False,False,False,False,False,False,False,False,False,False,False" />
  <property name="SleeperIsBossVolume" value="False,False,False,False,False,False,False,False,False,False,False,False,False,False,False" />
  <property name="SleeperVolumeFlags" value="0,0,2,2,2,2,0,0,0,0,2,2,0,0" />
  <property name="SleeperVolumeGroupId" value="0,0,1,2,3,4,0,0,0,0,5,5,0,0" />
  <property name="ShowQuestClearCount" value="1" />
  <property name="SleeperIsQuestExclude" value="False,False,False,False,False,False,False,False,False,False,False,False,False,False" />
  <property name="PrefabSize" value="60, 25, 60" />
  <property name="Tags" value="countrytown, countryresidential, residential, rural" />
  <property name="SleeperVolumeTriggeredBy" value=" # # # # # # # # # # # # # " />
  <property class="IndexedBlockOffsets">
    <property class="challenge_polymers">
      <property name="0" value="37, 1, 33" />
      <property name="1" value="39, 5, 33" />
      <property name="2" value="35, 9, 35" />
    </property>
    <property class="Rally">
      <property name="0" value="12, 5, 42" />
    </property>
    <property class="quest_wood">
      <property name="0" value="46, 5, 36" />
      <property name="1" value="46, 5, 37" />
    </property>
    <property class="POILight">
      <property name="0" value="41, 3, 30" />
      <property name="1" value="44, 5, 31" />
      <property name="2" value="36, 3, 33" />
      <property name="3" value="39, 7, 33" />
      <property name="4" value="34, 7, 34" />
      <property name="5" value="41, 3, 34" />
      <property name="6" value="33, 9, 35" />
      <property name="7" value="41, 9, 35" />
    </property>
    <property class="challenge_leather">
      <property name="0" value="42, 1, 30" />
    </property>
    <property class="challenge_sinks">
      <property name="0" value="41, 9, 30" />
      <property name="1" value="42, 9, 30" />
      <property name="2" value="35, 1, 33" />
      <property name="3" value="35, 9, 33" />
      <property name="4" value="34, 5, 34" />
      <property name="5" value="36, 1, 34" />
      <property name="6" value="37, 9, 34" />
      <property name="7" value="39, 1, 34" />
      <property name="8" value="39, 2, 34" />
      <property name="9" value="36, 5, 35" />
    </property>
    <property class="TraderOnOff">
      <property name="0" value="34, 5, 30" />
      <property name="1" value="40, 5, 30" />
      <property name="2" value="33, 9, 31" />
      <property name="3" value="38, 9, 31" />
      <property name="4" value="36, 5, 32" />
      <property name="5" value="42, 9, 32" />
      <property name="6" value="38, 1, 33" />
    </property>
    <property class="FetchContainer">
      <property name="0" value="44, 12, 34" />
    </property>
    <property class="challenge_gore">
      <property name="0" value="40, 1, 30" />
      <property name="1" value="42, 1, 33" />
    </property>
    <property class="challenge_cars">
      <property name="0" value="43, 5, 11" />
    </property>
    <property class="challenge_pallet">
      <property name="0" value="40, 1, 34" />
    </property>
    <property class="challenge_mech_parts">
      <property name="0" value="44, 5, 18" />
      <property name="1" value="41, 6, 19" />
    </property>
    <property class="quest_wood_trees">
      <property name="0" value="33, 5, 46" />
    </property>
  </property>
  <property class="Stats">
    <property name="TotalVertices" value="453137" />
    <property name="TotalTriangles" value="215146" />
    <property class="BlockEntities">
      <property name="Vertices" value="345321" />
      <property name="Triangles" value="146597" />
    </property>
    <property class="ChunkMeshes0">
      <property name="Vertices" value="96612" />
      <property name="Triangles" value="50709" />
    </property>
    <property class="ChunkMeshes1">
      <property name="Vertices" value="0" />
      <property name="Triangles" value="0" />
    </property>
    <property class="ChunkMeshes2">
      <property name="Vertices" value="766" />
      <property name="Triangles" value="560" />
    </property>
    <property class="ChunkMeshes3">
      <property name="Vertices" value="336" />
      <property name="Triangles" value="168" />
    </property>
    <property class="ChunkMeshes4">
      <property name="Vertices" value="0" />
      <property name="Triangles" value="0" />
    </property>
    <property class="ChunkMeshes5">
      <property name="Vertices" value="10102" />
      <property name="Triangles" value="17112" />
    </property>
  </property>
</prefab>