﻿<?xml version="1.0" encoding="UTF-8"?>
<prefab>
  <property name="CopyAirBlocks" value="True" />
  <property name="AllowTopSoilDecorations" value="True" />
  <property name="TraderArea" value="False" />
  <property name="ExcludeDistantPOIMesh" value="False" />
  <property name="ExcludePOICulling" value="False" />
  <property name="QuestTags" value="clear, fetch, infested" />
  <property name="DifficultyTier" value="5" />
  <property name="Zoning" value="Commercial, Downtown, Industrial, ResidentialNew, ResidentialOld, Residential" />
  <property name="RotationToFaceNorth" value="2" />
  <property name="YOffset" value="-21" />
  <property name="DistantPOIYOffset" value="0" />
  <property name="AllowedTownships" value="city,rural,town,wilderness" />
  <property name="EditorGroups" value="Wilderness, industrial, commercial, downtown" />
  <property name="SleeperVolumeStart" value="1, 21, 1#1, 21, 11#11, 21, 25#30, 21, 11#11, 21, 11#12, 25, 6#17, 13, 11#16, 13, 2#4, 1, 18#13, 1, 18#22, 1, 18#30, 1, 18#5, 1, 11#16, 1, 2#19, 8, 11#3, 8, 17#25, 8, 17" />
  <property name="SleeperVolumeSize" value="43, 3, 10#10, 3, 33#33, 3, 19#14, 3, 14#19, 5, 14#12, 4, 11#7, 3, 16#10, 3, 9#8, 3, 23#8, 3, 23#7, 3, 23#8, 3, 23#37, 3, 6#25, 9, 8#5, 4, 19#15, 3, 13#14, 3, 13" />
  <property name="SleeperVolumeGroup" value="GroupGhostTown,5,7,GroupLabWorker,4,5,GroupGenericZombie,5,7,GroupLabWorker,1,3,GroupZomSoldier,2,6,GroupZomBadass,1,2,GroupZomBadass,2,3,GroupGenericZombie,1,2,GroupZomSoldier,1,2,GroupZomBadass,1,2,GroupZomSoldier,1,2,GroupLabWorker,1,3,GroupZomSoldier,4,5,ZomHazMatOnly,4,6,GroupZomSoldier,12,17,ZomBusinessman,3,5,ZomUtilityWorker,3,5" />
  <property name="SleeperVolumeGameStageAdjust" value="" />
  <property name="SleeperIsLootVolume" value="False,False,False,False,False,False,False,False,False,False,False,False,False,False,False,False,False" />
  <property name="SleeperIsQuestExclude" value="False,False,False,False,False,False,False,False,False,False,False,False,False,False,False,False,False" />
  <property name="SleeperVolumeFlags" value="0,0,0,0,0,0,0,0,0,0,0,0,0,0,0,0,0" />
  <property name="SleeperVolumeGroupId" value="0,0,0,0,0,0,0,0,0,0,0,0,0,0,0,0,0" />
  <property name="ShowQuestClearCount" value="0" />
  <property name="PrefabSize" value="45, 32, 45" />
  <property name="Tags" value="wilderness" />
  <property name="SleeperVolumeTriggeredBy" value=" # # # # # # # # # # # # # # # # " />
  <property class="IndexedBlockOffsets">
    <property class="challenge_steel">
      <property name="0" value="28, 1, 38" />
      <property name="1" value="34, 1, 40" />
    </property>
    <property class="POILight">
      <property name="0" value="39, 3, 7" />
      <property name="1" value="38, 3, 14" />
    </property>
    <property class="challenge_mech_parts">
      <property name="0" value="33, 2, 39" />
    </property>
    <property class="FetchContainer">
      <property name="0" value="28, 3, 38" />
    </property>
    <property class="challenge_gore">
      <property name="0" value="28, 1, 40" />
    </property>
    <property class="Rally">
      <property name="0" value="20, 21, 3" />
    </property>
    <property class="challenge_polymers">
      <property name="0" value="17, 26, 7" />
    </property>
    <property class="quest_feather">
      <property name="0" value="22, 26, 12" />
    </property>
    <property class="TraderOnOff">
      <property name="0" value="24, 8, 28" />
    </property>
  </property>
  <property class="Stats">
    <property name="TotalVertices" value="2389367" />
    <property name="TotalTriangles" value="1233960" />
    <property class="BlockEntities">
      <property name="Vertices" value="2042888" />
      <property name="Triangles" value="1014200" />
    </property>
    <property class="ChunkMeshes0">
      <property name="Vertices" value="329263" />
      <property name="Triangles" value="191916" />
    </property>
    <property class="ChunkMeshes1">
      <property name="Vertices" value="0" />
      <property name="Triangles" value="0" />
    </property>
    <property class="ChunkMeshes2">
      <property name="Vertices" value="56" />
      <property name="Triangles" value="28" />
    </property>
    <property class="ChunkMeshes3">
      <property name="Vertices" value="0" />
      <property name="Triangles" value="0" />
    </property>
    <property class="ChunkMeshes4">
      <property name="Vertices" value="0" />
      <property name="Triangles" value="0" />
    </property>
    <property class="ChunkMeshes5">
      <property name="Vertices" value="17160" />
      <property name="Triangles" value="27816" />
    </property>
  </property>
</prefab>