﻿<?xml version="1.0" encoding="UTF-8"?>
<prefab>
  <property name="CopyAirBlocks" value="True" />
  <property name="AllowTopSoilDecorations" value="True" />
  <property name="TraderArea" value="False" />
  <property name="ExcludeDistantPOIMesh" value="False" />
  <property name="ExcludePOICulling" value="False" />
  <property name="QuestTags" value="clear, fetch, hidden_cache" />
  <property name="DifficultyTier" value="4" />
  <property name="Zoning" value="Commercial, Downtown, Industrial, ResidentialNew, ResidentialOld, Residential, Rural" />
  <property name="RotationToFaceNorth" value="2" />
  <property name="YOffset" value="-10" />
  <property name="DistantPOIYOffset" value="0" />
  <property name="AllowedBiomes" value="pine_forest,desert" />
  <property name="AllowedTownships" value="city,rural,town,wilderness" />
  <property name="EditorGroups" value="wilderness" />
  <property name="SleeperVolumeStart" value="50, 4, 13#24, 10, 23#23, 9, 41#36, 10, 23#55, 10, 23#24, 4, 67#50, 4, 26#21, 4, 13#21, 2, 39#27, 15, 24#43, 8, 31#37, 2, 46" />
  <property name="SleeperVolumeSize" value="19, 3, 11#12, 4, 17#55, 5, 45#19, 4, 18#23, 4, 18#56, 3, 21#30, 3, 34#29, 3, 25#27, 5, 24#26, 5, 18#2, 1, 7#9, 6, 4" />
  <property name="SleeperVolumeGroup" value="GroupGenericZombie,1,2,ZomBusinessman,3,5,GroupGenericZombie,10,10,GroupHospital,4,4,GroupGenericZombie,3,3,GroupZomBadass,1,2,GroupZomBadass,2,4,ZomUtilityWorker,2,4,GroupZomBadass,3,4,GroupGenericZombie,2,3,GroupZomBadass,8,10,GroupZomBadass,8,10" />
  <property name="SleeperVolumeGameStageAdjust" value=",,,,,,,,," />
  <property name="SleeperIsLootVolume" value="False,False,False,False,False,False,False,False,False,False,False,False" />
  <property name="SleeperIsBossVolume" value="False,False,False,False,False,False,False,False,False,False" />
  <property name="SleeperVolumeFlags" value="0,0,0,0,0,0,0,0,0,0,2,2" />
  <property name="SleeperVolumeGroupId" value="0,0,0,0,0,0,0,0,0,0,1,1" />
  <property name="ShowQuestClearCount" value="1" />
  <property name="SleeperIsQuestExclude" value="False,False,False,False,False,False,False,False,False,False,False,False" />
  <property name="PrefabSize" value="100, 19, 100" />
  <property name="Tags" value="rural, downtown" />
  <property name="SleeperVolumeTriggeredBy" value=" # # # # # # # # # # # " />
  <property class="IndexedBlockOffsets">
    <property class="POILight">
      <property name="0" value="70, 6, 71" />
      <property name="1" value="66, 14, 74" />
      <property name="2" value="67, 14, 75" />
      <property name="3" value="66, 14, 76" />
    </property>
    <property class="challenge_sinks">
      <property name="0" value="42, 12, 26" />
      <property name="1" value="44, 12, 29" />
    </property>
    <property class="challenge_gore">
      <property name="0" value="71, 4, 72" />
      <property name="1" value="71, 4, 74" />
      <property name="2" value="69, 4, 75" />
      <property name="3" value="67, 11, 76" />
    </property>
    <property class="TraderOnOff">
      <property name="0" value="34, 1, 67" />
    </property>
    <property class="quest_feather">
      <property name="0" value="54, 18, 25" />
    </property>
    <property class="FetchContainer">
      <property name="0" value="72, 11, 69" />
    </property>
    <property class="challenge_steel">
      <property name="0" value="31, 1, 59" />
      <property name="1" value="31, 2, 59" />
      <property name="2" value="31, 3, 59" />
    </property>
    <property class="challenge_polymers">
      <property name="0" value="69, 11, 78" />
    </property>
    <property class="Rally">
      <property name="0" value="34, 10, 16" />
    </property>
    <property class="challenge_mech_parts">
      <property name="0" value="38, 3, 46" />
      <property name="1" value="37, 2, 47" />
    </property>
  </property>
  <property class="Stats">
    <property name="TotalVertices" value="1013183" />
    <property name="TotalTriangles" value="533863" />
    <property class="BlockEntities">
      <property name="Vertices" value="611978" />
      <property name="Triangles" value="258829" />
    </property>
    <property class="ChunkMeshes0">
      <property name="Vertices" value="291197" />
      <property name="Triangles" value="176096" />
    </property>
    <property class="ChunkMeshes1">
      <property name="Vertices" value="70144" />
      <property name="Triangles" value="35072" />
    </property>
    <property class="ChunkMeshes2">
      <property name="Vertices" value="540" />
      <property name="Triangles" value="270" />
    </property>
    <property class="ChunkMeshes3">
      <property name="Vertices" value="0" />
      <property name="Triangles" value="0" />
    </property>
    <property class="ChunkMeshes4">
      <property name="Vertices" value="0" />
      <property name="Triangles" value="0" />
    </property>
    <property class="ChunkMeshes5">
      <property name="Vertices" value="39324" />
      <property name="Triangles" value="63596" />
    </property>
  </property>
</prefab>