﻿<?xml version="1.0" encoding="UTF-8"?>
<prefab>
  <property name="CopyAirBlocks" value="True" />
  <property name="ExcludeDistantPOIMesh" value="False" />
  <property name="ExcludePOICulling" value="False" />
  <property name="DistantPOIYOffset" value="0" />
  <property name="AllowTopSoilDecorations" value="True" />
  <property name="DifficultyTier" value="4" />
  <property name="ShowQuestClearCount" value="1" />
  <property name="TraderArea" value="False" />
  <property name="PrefabSize" value="25, 50, 25" />
  <property name="RotationToFaceNorth" value="3" />
  <property name="EditorGroups" value="Skyscraper" />
  <property name="Tags" value="desert, snow, commercial, pine_forest" />
  <property name="Zoning" value="downtown" />
  <property name="QuestTags" value="clear, fetch" />
  <property name="YOffset" value="-7" />
  <property name="SleeperVolumeSize" value="14, 4, 11#3, 5, 9#9, 5, 19#8, 5, 19#20, 4, 15#20, 4, 11#18, 4, 6#7, 4, 14#5, 4, 6#15, 3, 3#12, 5, 8#22, 9, 23#12, 4, 14#7, 4, 16" />
  <property name="SleeperVolumeStart" value="4, 7, 2#19, 7, 3#13, 1, 3#4, 1, 3#3, 13, 2#3, 19, 2#4, 19, 13#3, 25, 2#3, 25, 16#6, 26, 0#11, 25, 5#2, 37, 1#11, 31, 2#3, 31, 2" />
  <property name="SleeperVolumeGroupId" value="0,0,0,0,0,0,0,0,0,0,0,0,0,0" />
  <property name="SleeperVolumeGroup" value="GroupGenericZombie,1,2,GroupGenericZombie,1,2,ZomJanitorOnly,4,5,ZomJanitorOnly,6,6,ZomBusinessman,4,4,ZomBusinessman,4,5,GroupGenericZombie,2,3,GroupGenericZombie,3,3,GroupGenericZombie,1,1,animalZombieVulture,1,2,GroupGenericZombie,2,3,GroupZomBadass,10,10,GroupGenericZombie,5,7,GroupGenericZombie,3,3" />
  <property name="SleeperIsLootVolume" value="True,True,True,True,True,True,True,False,False,True,False,False,True,True" />
  <property name="SleeperIsQuestExclude" value="False,False,False,False,False,False,False,False,False,False,False,False,False,False" />
  <property name="SleeperVolumeFlags" value="0,0,0,0,0,0,0,0,0,0,0,0,0,0" />
  <property name="SleeperVolumeTriggeredBy" value=" # # # # # # # # # # # # # " />
  <property class="Stats">
    <property name="TotalVertices" value="918218" />
    <property name="TotalTriangles" value="359735" />
    <property class="BlockEntities">
      <property name="Vertices" value="716054" />
      <property name="Triangles" value="243749" />
    </property>
    <property class="ChunkMeshes0">
      <property name="Vertices" value="194860" />
      <property name="Triangles" value="109670" />
    </property>
    <property class="ChunkMeshes1">
      <property name="Vertices" value="1280" />
      <property name="Triangles" value="640" />
    </property>
    <property class="ChunkMeshes2">
      <property name="Vertices" value="4200" />
      <property name="Triangles" value="2300" />
    </property>
    <property class="ChunkMeshes3">
      <property name="Vertices" value="0" />
      <property name="Triangles" value="0" />
    </property>
    <property class="ChunkMeshes4">
      <property name="Vertices" value="0" />
      <property name="Triangles" value="0" />
    </property>
    <property class="ChunkMeshes5">
      <property name="Vertices" value="1824" />
      <property name="Triangles" value="3376" />
    </property>
  </property>
  <property class="IndexedBlockOffsets">
    <property class="challenge_mech_parts">
      <property name="0" value="14, 13, 6" />
      <property name="1" value="14, 19, 6" />
      <property name="2" value="19, 1, 8" />
      <property name="3" value="20, 7, 8" />
    </property>
    <property class="FetchContainer">
      <property name="0" value="13, 13, 16" />
      <property name="1" value="13, 37, 21" />
      <property name="2" value="21, 43, 22" />
    </property>
    <property class="POILight">
      <property name="0" value="12, 9, 13" />
      <property name="1" value="16, 27, 13" />
      <property name="2" value="17, 5, 13" />
      <property name="3" value="21, 9, 15" />
      <property name="4" value="17, 3, 16" />
      <property name="5" value="17, 9, 16" />
      <property name="6" value="17, 15, 16" />
      <property name="7" value="17, 21, 16" />
      <property name="8" value="17, 27, 16" />
      <property name="9" value="17, 33, 16" />
      <property name="10" value="17, 39, 16" />
      <property name="11" value="19, 18, 19" />
      <property name="12" value="17, 41, 20" />
      <property name="13" value="20, 49, 21" />
      <property name="14" value="12, 42, 24" />
      <property name="15" value="16, 42, 24" />
    </property>
    <property class="challenge_sinks">
      <property name="0" value="21, 2, 13" />
      <property name="1" value="21, 2, 14" />
      <property name="2" value="21, 2, 15" />
      <property name="3" value="13, 40, 18" />
      <property name="4" value="15, 5, 18" />
      <property name="5" value="16, 40, 18" />
      <property name="6" value="18, 40, 18" />
      <property name="7" value="19, 5, 18" />
      <property name="8" value="21, 40, 18" />
      <property name="9" value="23, 9, 18" />
      <property name="10" value="13, 40, 19" />
      <property name="11" value="14, 41, 19" />
      <property name="12" value="14, 43, 19" />
      <property name="13" value="16, 37, 19" />
      <property name="14" value="16, 40, 19" />
      <property name="15" value="18, 37, 19" />
      <property name="16" value="18, 40, 19" />
      <property name="17" value="20, 41, 19" />
      <property name="18" value="20, 43, 19" />
      <property name="19" value="21, 40, 19" />
      <property name="20" value="23, 9, 19" />
      <property name="21" value="13, 40, 20" />
      <property name="22" value="16, 40, 20" />
      <property name="23" value="18, 40, 20" />
      <property name="24" value="21, 9, 20" />
      <property name="25" value="21, 40, 20" />
      <property name="26" value="23, 9, 20" />
      <property name="27" value="13, 40, 21" />
      <property name="28" value="16, 40, 21" />
      <property name="29" value="17, 37, 21" />
      <property name="30" value="17, 38, 21" />
      <property name="31" value="18, 40, 21" />
      <property name="32" value="21, 40, 21" />
    </property>
    <property class="challenge_polymers">
      <property name="0" value="21, 19, 14" />
      <property name="1" value="17, 19, 15" />
      <property name="2" value="21, 1, 16" />
    </property>
    <property class="Rally">
      <property name="0" value="1, 7, 4" />
    </property>
    <property class="TraderOnOff">
      <property name="0" value="16, 31, 12" />
      <property name="1" value="19, 1, 13" />
      <property name="2" value="22, 7, 15" />
      <property name="3" value="20, 19, 21" />
    </property>
    <property class="challenge_leather">
      <property name="0" value="6, 13, 16" />
      <property name="1" value="6, 13, 17" />
      <property name="2" value="6, 13, 18" />
      <property name="3" value="6, 13, 19" />
      <property name="4" value="6, 13, 20" />
    </property>
    <property class="challenge_pallet">
      <property name="0" value="5, 1, 17" />
      <property name="1" value="5, 2, 17" />
    </property>
    <property class="challenge_gore">
      <property name="0" value="15, 1, 20" />
    </property>
  </property>
</prefab>