﻿<?xml version="1.0" encoding="UTF-8"?>
<prefab>
  <property name="CopyAirBlocks" value="True" />
  <property name="AllowTopSoilDecorations" value="True" />
  <property name="TraderArea" value="False" />
  <property name="ExcludeDistantPOIMesh" value="False" />
  <property name="ExcludePOICulling" value="False" />
  <property name="DifficultyTier" value="1" />
  <property name="Zoning" value="Industrial, Residential" />
  <property name="RotationToFaceNorth" value="2" />
  <property name="YOffset" value="-2" />
  <property name="DistantPOIYOffset" value="0" />
  <property name="AllowedTownships" value="city,rural,town,wilderness" />
  <property name="EditorGroups" value="Wilderness, industrial, commercial, downtown" />
  <property name="SleeperVolumeStart" value="10, 1, 14" />
  <property name="SleeperVolumeSize" value="29, 3, 26" />
  <property name="SleeperVolumeGroup" value="S_-Group_Generic_Zombie,8,9" />
  <property name="SleeperVolumeGameStageAdjust" value="" />
  <property name="SleeperIsLootVolume" value="False" />
  <property name="SleeperIsBossVolume" value="False" />
  <property name="SleeperVolumeFlags" value="0" />
  <property name="SleeperVolumeGroupId" value="0" />
  <property name="ShowQuestClearCount" value="1" />
  <property name="SleeperIsQuestExclude" value="False" />
  <property name="PrefabSize" value="45, 8, 45" />
  <property name="Tags" value="wilderness" />
  <property name="SleeperVolumeTriggeredBy" value=" " />
  <property class="Stats">
    <property name="TotalVertices" value="840439" />
    <property name="TotalTriangles" value="390765" />
    <property class="BlockEntities">
      <property name="Vertices" value="805395" />
      <property name="Triangles" value="366173" />
    </property>
    <property class="ChunkMeshes0">
      <property name="Vertices" value="688" />
      <property name="Triangles" value="580" />
    </property>
    <property class="ChunkMeshes1">
      <property name="Vertices" value="28224" />
      <property name="Triangles" value="14112" />
    </property>
    <property class="ChunkMeshes2">
      <property name="Vertices" value="0" />
      <property name="Triangles" value="0" />
    </property>
    <property class="ChunkMeshes3">
      <property name="Vertices" value="0" />
      <property name="Triangles" value="0" />
    </property>
    <property class="ChunkMeshes4">
      <property name="Vertices" value="0" />
      <property name="Triangles" value="0" />
    </property>
    <property class="ChunkMeshes5">
      <property name="Vertices" value="0" />
      <property name="Triangles" value="0" />
    </property>
    <property class="ChunkMeshes6">
      <property name="Vertices" value="6132" />
      <property name="Triangles" value="9900" />
    </property>
  </property>
  <property class="IndexedBlockOffsets">
    <property class="quest_stone_boulder">
      <property name="0" value="19, 1, 25" />
    </property>
    <property class="quest_stone">
      <property name="0" value="25, 1, 30" />
      <property name="1" value="26, 1, 32" />
    </property>
    <property class="Rally">
      <property name="0" value="41, 2, 41" />
    </property>
  </property>
</prefab>