﻿<?xml version="1.0" encoding="UTF-8"?>
<prefab>
  <property name="CopyAirBlocks" value="True" />
  <property name="ExcludeDistantPOIMesh" value="False" />
  <property name="ExcludePOICulling" value="False" />
  <property name="DistantPOIYOffset" value="0" />
  <property name="AllowTopSoilDecorations" value="False" />
  <property name="DifficultyTier" value="2" />
  <property name="ShowQuestClearCount" value="1" />
  <property name="TraderArea" value="False" />
  <property name="RotationToFaceNorth" value="0" />
  <property name="Zoning" value="none" />
  <property name="PrefabSize" value="25, 16, 25" />
  <property name="Tags" value="industrial,residential,countryresidential" />
  <property name="SleeperVolumeSize" value="15, 5, 20#26, 4, 25#15, 5, 15" />
  <property name="SleeperVolumeStart" value="3, 1, 2#2, 6, 0#1, 11, 4" />
  <property name="SleeperVolumeGroupId" value="0,0,0" />
  <property name="SleeperVolumeGroup" value="S_Zom_HazMat_Only,5,6,S_Zom_Utility_Worker,5,6,S_-Group_Generic_Zombie,5,6" />
  <property name="SleeperIsLootVolume" value="False,False,False" />
  <property name="SleeperIsQuestExclude" value="False,False,False" />
  <property name="SleeperVolumeFlags" value="0,0,0" />
  <property name="SleeperVolumeTriggeredBy" value=" # # " />
  <property name="QuestTags" value="clear, fetch, infested" />
  <property name="YOffset" value="-6" />
  <property class="Stats">
    <property name="TotalVertices" value="274932" />
    <property name="TotalTriangles" value="113512" />
    <property class="BlockEntities">
      <property name="Vertices" value="231293" />
      <property name="Triangles" value="83029" />
    </property>
    <property class="ChunkMeshes0">
      <property name="Vertices" value="41501" />
      <property name="Triangles" value="26735" />
    </property>
    <property class="ChunkMeshes1">
      <property name="Vertices" value="0" />
      <property name="Triangles" value="0" />
    </property>
    <property class="ChunkMeshes2">
      <property name="Vertices" value="0" />
      <property name="Triangles" value="0" />
    </property>
    <property class="ChunkMeshes3">
      <property name="Vertices" value="136" />
      <property name="Triangles" value="96" />
    </property>
    <property class="ChunkMeshes4">
      <property name="Vertices" value="0" />
      <property name="Triangles" value="0" />
    </property>
    <property class="ChunkMeshes5">
      <property name="Vertices" value="0" />
      <property name="Triangles" value="0" />
    </property>
    <property class="ChunkMeshes6">
      <property name="Vertices" value="2002" />
      <property name="Triangles" value="3652" />
    </property>
  </property>
  <property class="IndexedBlockOffsets">
    <property class="FetchContainer">
      <property name="0" value="13, 1, 21" />
    </property>
    <property class="POILight">
      <property name="0" value="12, 9, 16" />
      <property name="1" value="12, 5, 18" />
    </property>
    <property class="TraderOnOff">
      <property name="0" value="14, 7, 16" />
    </property>
    <property class="Rally">
      <property name="0" value="23, 6, 11" />
    </property>
  </property>
</prefab>