﻿<?xml version="1.0" encoding="UTF-8"?>
<prefab>
  <property name="CopyAirBlocks" value="True" />
  <property name="AllowTopSoilDecorations" value="True" />
  <property name="TraderArea" value="False" />
  <property name="ExcludeDistantPOIMesh" value="False" />
  <property name="ExcludePOICulling" value="False" />
  <property name="QuestTags" value="clear, fetch, infested" />
  <property name="DifficultyTier" value="2" />
  <property name="Zoning" value="ResidentialNew, Residential" />
  <property name="RotationToFaceNorth" value="0" />
  <property name="YOffset" value="-6" />
  <property name="DistantPOIYOffset" value="0" />
  <property name="AllowedBiomes" value="burnt_forest,snow,plains,pine_forest,forest,desert,wasteland" />
  <property name="AllowedTownships" value="city,rural,town" />
  <property name="EditorGroups" value="Wilderness" />
  <property name="SleeperVolumeStart" value="5, 6, 1#33, 19, 36#11, 19, 36#22, 13, 29#26, 1, 32#39, 13, 29#11, 13, 29#22, 7, 21#40, 7, 24#10, 7, 30#10, 7, 24" />
  <property name="SleeperVolumeSize" value="51, 3, 21#17, 3, 4#18, 3, 4#17, 3, 15#9, 3, 9#11, 3, 12#11, 3, 11#17, 3, 26#10, 2, 16#12, 3, 11#11, 3, 5" />
  <property name="SleeperVolumeGroup" value="GroupGenericZombie,5,5,GroupLabWorker,2,2,GroupZomBadass,1,1,GroupGhostTown,2,2,GroupZomBadassOnly,1,1,GroupZomSoldier,2,2,GroupBikerBar,3,3,ZomBusinessman,4,4,GroupAbandonedHouse,4,4,GroupZomBadass,1,1,GroupAbandonedHouse,2,2" />
  <property name="SleeperVolumeGameStageAdjust" value=",,,,,,,,,," />
  <property name="SleeperIsLootVolume" value="False,False,False,False,False,False,False,False,False,False,False" />
  <property name="SleeperIsQuestExclude" value="False,False,False,False,False,False,False,False,False,False,False" />
  <property name="SleeperVolumeFlags" value="0,0,0,0,0,0,0,0,0,0,0" />
  <property name="SleeperVolumeGroupId" value="0,0,0,0,0,0,0,0,0,0,0" />
  <property name="ShowQuestClearCount" value="0" />
  <property name="PrefabSize" value="60, 25, 60" />
  <property name="Tags" value="countrytown, countryresidential, residential, rural" />
  <property name="SleeperVolumeTriggeredBy" value=" # # # # # # # # # # " />
  <property class="IndexedBlockOffsets">
    <property class="quest_wood">
      <property name="0" value="54, 6, 46" />
      <property name="1" value="54, 6, 47" />
      <property name="2" value="54, 6, 48" />
      <property name="3" value="54, 6, 49" />
      <property name="4" value="54, 6, 50" />
      <property name="5" value="54, 6, 51" />
      <property name="6" value="54, 6, 52" />
      <property name="7" value="54, 6, 53" />
      <property name="8" value="54, 6, 54" />
      <property name="9" value="54, 6, 55" />
      <property name="10" value="54, 6, 56" />
      <property name="11" value="46, 6, 57" />
      <property name="12" value="47, 6, 57" />
      <property name="13" value="48, 6, 57" />
      <property name="14" value="49, 6, 57" />
      <property name="15" value="50, 6, 57" />
      <property name="16" value="51, 6, 57" />
      <property name="17" value="52, 6, 57" />
      <property name="18" value="53, 6, 57" />
      <property name="19" value="54, 6, 57" />
    </property>
    <property class="quest_wood_trees">
      <property name="0" value="47, 6, 5" />
    </property>
    <property class="POILight">
      <property name="0" value="48, 7, 30" />
      <property name="1" value="46, 11, 32" />
      <property name="2" value="48, 13, 35" />
      <property name="3" value="46, 11, 36" />
      <property name="4" value="46, 17, 37" />
      <property name="5" value="48, 7, 38" />
    </property>
    <property class="challenge_leather">
      <property name="0" value="41, 7, 33" />
      <property name="1" value="42, 7, 33" />
      <property name="2" value="43, 7, 33" />
      <property name="3" value="44, 7, 34" />
      <property name="4" value="44, 7, 35" />
      <property name="5" value="30, 1, 36" />
      <property name="6" value="44, 7, 36" />
      <property name="7" value="44, 7, 37" />
      <property name="8" value="41, 7, 38" />
      <property name="9" value="42, 7, 38" />
      <property name="10" value="43, 7, 38" />
    </property>
    <property class="challenge_polymers">
      <property name="0" value="48, 7, 24" />
    </property>
    <property class="challenge_gore">
      <property name="0" value="48, 13, 32" />
    </property>
    <property class="FetchContainer">
      <property name="0" value="48, 13, 38" />
    </property>
    <property class="challenge_mech_parts">
      <property name="0" value="47, 19, 37" />
    </property>
    <property class="challenge_sinks">
      <property name="0" value="46, 14, 33" />
    </property>
    <property class="TraderOnOff">
      <property name="0" value="31, 4, 36" />
      <property name="1" value="33, 4, 36" />
      <property name="2" value="33, 4, 38" />
    </property>
    <property class="Rally">
      <property name="0" value="30, 6, 59" />
    </property>
  </property>
  <property class="Stats">
    <property name="TotalVertices" value="792549" />
    <property name="TotalTriangles" value="470354" />
    <property class="BlockEntities">
      <property name="Vertices" value="706273" />
      <property name="Triangles" value="413982" />
    </property>
    <property class="ChunkMeshes0">
      <property name="Vertices" value="60826" />
      <property name="Triangles" value="30962" />
    </property>
    <property class="ChunkMeshes1">
      <property name="Vertices" value="6592" />
      <property name="Triangles" value="3296" />
    </property>
    <property class="ChunkMeshes2">
      <property name="Vertices" value="8276" />
      <property name="Triangles" value="4154" />
    </property>
    <property class="ChunkMeshes3">
      <property name="Vertices" value="0" />
      <property name="Triangles" value="0" />
    </property>
    <property class="ChunkMeshes4">
      <property name="Vertices" value="0" />
      <property name="Triangles" value="0" />
    </property>
    <property class="ChunkMeshes5">
      <property name="Vertices" value="10582" />
      <property name="Triangles" value="17960" />
    </property>
  </property>
</prefab>