﻿<?xml version="1.0" encoding="UTF-8"?>
<prefab>
  <property name="CopyAirBlocks" value="True" />
  <property name="AllowTopSoilDecorations" value="True" />
  <property name="TraderArea" value="False" />
  <property name="ExcludeDistantPOIMesh" value="False" />
  <property name="ExcludePOICulling" value="False" />
  <property name="QuestTags" value="clear, fetch, infested" />
  <property name="DifficultyTier" value="1" />
  <property name="Zoning" value="Commercial, ResidentialNew, ResidentialOld, Residential" />
  <property name="RotationToFaceNorth" value="1" />
  <property name="YOffset" value="-1" />
  <property name="DistantPOIYOffset" value="0" />
  <property name="AllowedBiomes" value="burnt_forest,snow,plains,pine_forest,forest,desert,wasteland" />
  <property name="AllowedTownships" value="city,rural,town,wilderness" />
  <property name="EditorGroups" value="Wilderness" />
  <property name="SleeperVolumeStart" value="2, 1, 15" />
  <property name="SleeperVolumeSize" value="38, 7, 26" />
  <property name="SleeperVolumeGroup" value="S_Zom_Utility_Worker,4,6" />
  <property name="SleeperVolumeGameStageAdjust" value="" />
  <property name="SleeperIsLootVolume" value="False" />
  <property name="SleeperIsBossVolume" value="False" />
  <property name="SleeperVolumeFlags" value="0" />
  <property name="SleeperVolumeGroupId" value="0" />
  <property name="ShowQuestClearCount" value="1" />
  <property name="SleeperIsQuestExclude" value="False" />
  <property name="PrefabSize" value="42, 12, 42" />
  <property name="Tags" value="commercial,downtown,countrytown" />
  <property name="SleeperVolumeTriggeredBy" value=" " />
  <property class="IndexedBlockOffsets">
    <property class="POILight">
      <property name="0" value="41, 10, 40" />
      <property name="1" value="37, 10, 41" />
    </property>
    <property class="quest_feather">
      <property name="0" value="35, 1, 38" />
    </property>
    <property class="TraderOnOff">
      <property name="0" value="10, 1, 17" />
    </property>
    <property class="FetchContainer">
      <property name="0" value="5, 5, 22" />
    </property>
    <property class="Rally">
      <property name="0" value="38, 1, 27" />
    </property>
  </property>
  <property class="Stats">
    <property name="TotalVertices" value="352959" />
    <property name="TotalTriangles" value="202239" />
    <property class="BlockEntities">
      <property name="Vertices" value="330253" />
      <property name="Triangles" value="183667" />
    </property>
    <property class="ChunkMeshes0">
      <property name="Vertices" value="15590" />
      <property name="Triangles" value="9864" />
    </property>
    <property class="ChunkMeshes1">
      <property name="Vertices" value="0" />
      <property name="Triangles" value="0" />
    </property>
    <property class="ChunkMeshes2">
      <property name="Vertices" value="2214" />
      <property name="Triangles" value="1224" />
    </property>
    <property class="ChunkMeshes3">
      <property name="Vertices" value="192" />
      <property name="Triangles" value="96" />
    </property>
    <property class="ChunkMeshes4">
      <property name="Vertices" value="0" />
      <property name="Triangles" value="0" />
    </property>
    <property class="ChunkMeshes5">
      <property name="Vertices" value="0" />
      <property name="Triangles" value="0" />
    </property>
    <property class="ChunkMeshes6">
      <property name="Vertices" value="4710" />
      <property name="Triangles" value="7388" />
    </property>
  </property>
</prefab>