﻿<?xml version="1.0" encoding="UTF-8"?>
<prefab>
  <property name="CopyAirBlocks" value="True" />
  <property name="AllowTopSoilDecorations" value="True" />
  <property name="TraderArea" value="False" />
  <property name="ExcludeDistantPOIMesh" value="False" />
  <property name="ExcludePOICulling" value="False" />
  <property name="QuestTags" value="clear, fetch, infested" />
  <property name="DifficultyTier" value="2" />
  <property name="Zoning" value="Downtown" />
  <property name="RotationToFaceNorth" value="1" />
  <property name="YOffset" value="-1" />
  <property name="DistantPOIYOffset" value="0" />
  <property name="AllowedBiomes" value="burnt_forest,snow,pine_forest,desert,wasteland" />
  <property name="AllowedTownships" value="city,town" />
  <property name="EditorGroups" value="downtown" />
  <property name="SleeperVolumeStart" value="31, 1, 8#4, 1, 8#10, 1, 26#10, 1, 10#15, 1, 10" />
  <property name="SleeperVolumeSize" value="8, 3, 24#5, 3, 25#5, 3, 5#5, 3, 16#16, 3, 21" />
  <property name="SleeperVolumeGroup" value="GroupGenericZombie,2,2,GroupGenericZombie,4,4,ZomFatCops,1,2,ZomJanitorOnly,5,5,GroupGenericZombie,9,9" />
  <property name="SleeperVolumeGameStageAdjust" value=",,,," />
  <property name="SleeperIsLootVolume" value="False,False,False,False,False" />
  <property name="SleeperIsQuestExclude" value="False,False,False,False,False" />
  <property name="SleeperVolumeFlags" value="0,0,0,0,0" />
  <property name="SleeperVolumeGroupId" value="0,0,0,0,0" />
  <property name="ShowQuestClearCount" value="0" />
  <property name="PrefabSize" value="42, 8, 42" />
  <property name="Tags" value="commercial, downtown, country" />
  <property name="ThemeTags" value="books" />
  <property name="ThemeRepeatDistance" value="200" />
  <property name="SleeperVolumeTriggeredBy" value=" # # # # " />
  <property class="IndexedBlockOffsets">
    <property class="challenge_officechairs">
      <property name="0" value="19, 1, 12" />
      <property name="1" value="17, 1, 14" />
    </property>
    <property class="FetchContainer">
      <property name="0" value="23, 5, 21" />
    </property>
    <property class="challenge_vending">
      <property name="0" value="8, 1, 17" />
    </property>
    <property class="challenge_sinks">
      <property name="0" value="10, 1, 26" />
      <property name="1" value="13, 1, 26" />
      <property name="2" value="11, 2, 30" />
      <property name="3" value="12, 2, 30" />
    </property>
    <property class="TraderOnOff">
      <property name="0" value="10, 1, 27" />
      <property name="1" value="13, 1, 27" />
      <property name="2" value="14, 1, 28" />
    </property>
    <property class="Rally">
      <property name="0" value="34, 1, 20" />
    </property>
  </property>
  <property class="Stats">
    <property name="TotalVertices" value="269326" />
    <property name="TotalTriangles" value="112662" />
    <property class="BlockEntities">
      <property name="Vertices" value="242446" />
      <property name="Triangles" value="94570" />
    </property>
    <property class="ChunkMeshes0">
      <property name="Vertices" value="22414" />
      <property name="Triangles" value="11672" />
    </property>
    <property class="ChunkMeshes1">
      <property name="Vertices" value="0" />
      <property name="Triangles" value="0" />
    </property>
    <property class="ChunkMeshes2">
      <property name="Vertices" value="512" />
      <property name="Triangles" value="256" />
    </property>
    <property class="ChunkMeshes3">
      <property name="Vertices" value="0" />
      <property name="Triangles" value="0" />
    </property>
    <property class="ChunkMeshes4">
      <property name="Vertices" value="0" />
      <property name="Triangles" value="0" />
    </property>
    <property class="ChunkMeshes5">
      <property name="Vertices" value="3954" />
      <property name="Triangles" value="6164" />
    </property>
  </property>
</prefab>