﻿<?xml version="1.0" encoding="UTF-8"?>
<prefab>
  <property name="CopyAirBlocks" value="True" />
  <property name="AllowTopSoilDecorations" value="True" />
  <property name="TraderArea" value="False" />
  <property name="ExcludeDistantPOIMesh" value="False" />
  <property name="ExcludePOICulling" value="False" />
  <property name="QuestTags" value="clear, fetch, infested" />
  <property name="DifficultyTier" value="1" />
  <property name="Zoning" value="Commercial, ResidentialNew, ResidentialOld, Residential" />
  <property name="RotationToFaceNorth" value="2" />
  <property name="YOffset" value="-1" />
  <property name="DistantPOIYOffset" value="0" />
  <property name="AllowedBiomes" value="snow,pine_forest,forest" />
  <property name="AllowedTownships" value="city,rural,town,wilderness" />
  <property name="EditorGroups" value="Wilderness" />
  <property name="SleeperVolumeStart" value="1, 5, 8#1, 9, 8" />
  <property name="SleeperVolumeSize" value="21, 3, 15#21, 3, 15" />
  <property name="SleeperVolumeGroup" value="S_Zom_Snow,3,4,S_Zom_Snow,3,4" />
  <property name="SleeperVolumeGameStageAdjust" value="" />
  <property name="SleeperIsLootVolume" value="False,False" />
  <property name="SleeperIsBossVolume" value="False" />
  <property name="SleeperVolumeFlags" value="0,0" />
  <property name="SleeperVolumeGroupId" value="0,0" />
  <property name="ShowQuestClearCount" value="1" />
  <property name="SleeperIsQuestExclude" value="False,False" />
  <property name="PrefabSize" value="25, 14, 25" />
  <property name="Tags" value="wilderness,rural" />
  <property name="SleeperVolumeTriggeredBy" value=" # " />
  <property class="IndexedBlockOffsets">
    <property class="Rally">
      <property name="0" value="11, 1, 1" />
    </property>
    <property class="POILight">
      <property name="0" value="16, 8, 12" />
      <property name="1" value="16, 12, 13" />
      <property name="2" value="21, 8, 14" />
      <property name="3" value="13, 11, 19" />
      <property name="4" value="17, 11, 19" />
      <property name="5" value="16, 9, 21" />
    </property>
    <property class="FetchContainer">
      <property name="0" value="14, 12, 18" />
    </property>
    <property class="quest_feather">
      <property name="0" value="14, 11, 17" />
    </property>
  </property>
  <property class="Stats">
    <property name="TotalVertices" value="155702" />
    <property name="TotalTriangles" value="67541" />
    <property class="BlockEntities">
      <property name="Vertices" value="123881" />
      <property name="Triangles" value="46402" />
    </property>
    <property class="ChunkMeshes0">
      <property name="Vertices" value="30041" />
      <property name="Triangles" value="18331" />
    </property>
    <property class="ChunkMeshes1">
      <property name="Vertices" value="0" />
      <property name="Triangles" value="0" />
    </property>
    <property class="ChunkMeshes2">
      <property name="Vertices" value="40" />
      <property name="Triangles" value="20" />
    </property>
    <property class="ChunkMeshes3">
      <property name="Vertices" value="184" />
      <property name="Triangles" value="92" />
    </property>
    <property class="ChunkMeshes4">
      <property name="Vertices" value="0" />
      <property name="Triangles" value="0" />
    </property>
    <property class="ChunkMeshes5">
      <property name="Vertices" value="0" />
      <property name="Triangles" value="0" />
    </property>
    <property class="ChunkMeshes6">
      <property name="Vertices" value="1556" />
      <property name="Triangles" value="2696" />
    </property>
  </property>
</prefab>