﻿<?xml version="1.0" encoding="UTF-8"?>
<prefab>
  <property name="CopyAirBlocks" value="True" />
  <property name="AllowTopSoilDecorations" value="False" />
  <property name="TraderArea" value="False" />
  <property name="ExcludeDistantPOIMesh" value="False" />
  <property name="ExcludePOICulling" value="False" />
  <property name="QuestTags" value="clear, fetch, infested" />
  <property name="DifficultyTier" value="1" />
  <property name="Zoning" value="ResidentialNew, ResidentialOld, Residential" />
  <property name="RotationToFaceNorth" value="2" />
  <property name="YOffset" value="-1" />
  <property name="DistantPOIYOffset" value="0" />
  <property name="AllowedBiomes" value="burnt_forest,snow,plains,pine_forest,forest,desert,wasteland" />
  <property name="AllowedTownships" value="city,rural,town" />
  <property name="EditorGroups" value="Wilderness" />
  <property name="SleeperVolumeStart" value="10, 1, 8" />
  <property name="SleeperVolumeSize" value="24, 6, 23" />
  <property name="SleeperVolumeGroup" value="S_-_Group_Abandoned_House,7,8" />
  <property name="SleeperVolumeGameStageAdjust" value="" />
  <property name="SleeperIsLootVolume" value="False" />
  <property name="SleeperIsBossVolume" value="False" />
  <property name="SleeperVolumeFlags" value="0" />
  <property name="SleeperVolumeGroupId" value="0" />
  <property name="ShowQuestClearCount" value="1" />
  <property name="SleeperIsQuestExclude" value="False" />
  <property name="PrefabSize" value="42, 9, 42" />
  <property name="Tags" value="residential,countryresidential" />
  <property name="SleeperVolumeTriggeredBy" value=" " />
  <property class="IndexedBlockOffsets">
    <property class="Rally">
      <property name="0" value="17, 1, 6" />
    </property>
    <property class="POILight">
      <property name="0" value="21, 3, 22" />
      <property name="1" value="21, 7, 22" />
      <property name="2" value="27, 7, 22" />
      <property name="3" value="29, 5, 22" />
      <property name="4" value="25, 7, 25" />
      <property name="5" value="28, 3, 25" />
      <property name="6" value="21, 3, 27" />
    </property>
    <property class="TraderOnOff">
      <property name="0" value="27, 5, 16" />
      <property name="1" value="29, 5, 18" />
      <property name="2" value="27, 5, 20" />
    </property>
    <property class="FetchContainer">
      <property name="0" value="25, 6, 25" />
    </property>
  </property>
  <property class="Stats">
    <property name="TotalVertices" value="196590" />
    <property name="TotalTriangles" value="93688" />
    <property class="BlockEntities">
      <property name="Vertices" value="165168" />
      <property name="Triangles" value="73728" />
    </property>
    <property class="ChunkMeshes0">
      <property name="Vertices" value="23812" />
      <property name="Triangles" value="12282" />
    </property>
    <property class="ChunkMeshes1">
      <property name="Vertices" value="64" />
      <property name="Triangles" value="32" />
    </property>
    <property class="ChunkMeshes2">
      <property name="Vertices" value="1080" />
      <property name="Triangles" value="540" />
    </property>
    <property class="ChunkMeshes3">
      <property name="Vertices" value="2916" />
      <property name="Triangles" value="1526" />
    </property>
    <property class="ChunkMeshes4">
      <property name="Vertices" value="0" />
      <property name="Triangles" value="0" />
    </property>
    <property class="ChunkMeshes5">
      <property name="Vertices" value="0" />
      <property name="Triangles" value="0" />
    </property>
    <property class="ChunkMeshes6">
      <property name="Vertices" value="3550" />
      <property name="Triangles" value="5580" />
    </property>
  </property>
</prefab>