﻿<?xml version="1.0" encoding="UTF-8"?>
<prefab>
  <property name="CopyAirBlocks" value="True" />
  <property name="AllowTopSoilDecorations" value="True" />
  <property name="TraderArea" value="False" />
  <property name="ExcludeDistantPOIMesh" value="False" />
  <property name="ExcludePOICulling" value="False" />
  <property name="DifficultyTier" value="4" />
  <property name="RotationToFaceNorth" value="2" />
  <property name="YOffset" value="-4" />
  <property name="DistantPOIYOffset" value="0" />
  <property name="EditorGroups" value="commercial" />
  <property name="SleeperVolumeStart" value="11, 1, 24#16, 5, 25#17, 8, 25#17, 12, 26#17, 16, 26#17, 20, 26#17, 24, 26#17, 28, 26#16, 32, 25" />
  <property name="SleeperVolumeSize" value="32, 3, 35#28, 3, 34#26, 4, 34#26, 4, 33#26, 4, 33#26, 4, 33#26, 4, 33#26, 4, 33#28, 7, 35" />
  <property name="SleeperVolumeGroup" value="GroupGenericZombie,4,4,GroupGenericZombie,3,3,GroupGenericZombie,8,10,GroupGenericZombie,3,4,GroupGenericZombie,3,4,GroupGenericZombie,5,7,GroupGenericZombie,2,3,GroupGenericZombie,3,4,GroupZomBadassOnly,15,15" />
  <property name="SleeperVolumeGameStageAdjust" value=",,,,,,,," />
  <property name="SleeperIsLootVolume" value="False,False,False,False,False,False,False,False,False" />
  <property name="SleeperIsQuestExclude" value="False,False,False,False,False,False,False,False,False" />
  <property name="SleeperVolumeFlags" value="0,0,0,0,0,0,0,0,2" />
  <property name="SleeperVolumeGroupId" value="0,0,0,0,0,0,0,0,0" />
  <property name="ShowQuestClearCount" value="2" />
  <property name="Zoning" value="Commercial" />
  <property name="AllowedBiomes" value="snow,pine_forest,desert" />
  <property name="AllowedTownships" value="city" />
  <property name="QuestTags" value="clear, fetch" />
  <property name="Tags" value="megacity, cpmegadowntown" />
  <property name="PrefabSize" value="60, 53, 60" />
  <property name="SleeperVolumeTriggeredBy" value=" # # # # # # # # " />
  <property class="Stats">
    <property name="TotalVertices" value="1655847" />
    <property name="TotalTriangles" value="732968" />
    <property class="BlockEntities">
      <property name="Vertices" value="1468150" />
      <property name="Triangles" value="619902" />
    </property>
    <property class="ChunkMeshes0">
      <property name="Vertices" value="170265" />
      <property name="Triangles" value="94698" />
    </property>
    <property class="ChunkMeshes1">
      <property name="Vertices" value="0" />
      <property name="Triangles" value="0" />
    </property>
    <property class="ChunkMeshes2">
      <property name="Vertices" value="9392" />
      <property name="Triangles" value="4696" />
    </property>
    <property class="ChunkMeshes3">
      <property name="Vertices" value="0" />
      <property name="Triangles" value="0" />
    </property>
    <property class="ChunkMeshes4">
      <property name="Vertices" value="0" />
      <property name="Triangles" value="0" />
    </property>
    <property class="ChunkMeshes5">
      <property name="Vertices" value="8040" />
      <property name="Triangles" value="13672" />
    </property>
  </property>
  <property class="IndexedBlockOffsets">
    <property class="Rally">
      <property name="0" value="8, 5, 0" />
    </property>
    <property class="challenge_gore">
      <property name="0" value="12, 4, 27" />
    </property>
    <property class="quest_wood_trees">
      <property name="0" value="45, 4, 47" />
      <property name="1" value="45, 4, 51" />
    </property>
    <property class="POILight">
      <property name="0" value="33, 29, 46" />
      <property name="1" value="35, 15, 46" />
      <property name="2" value="38, 17, 46" />
      <property name="3" value="31, 26, 47" />
      <property name="4" value="32, 21, 47" />
      <property name="5" value="36, 23, 49" />
      <property name="6" value="30, 11, 55" />
      <property name="7" value="30, 19, 55" />
      <property name="8" value="31, 3, 55" />
      <property name="9" value="31, 19, 55" />
      <property name="10" value="31, 27, 55" />
      <property name="11" value="31, 31, 55" />
      <property name="12" value="37, 35, 55" />
      <property name="13" value="31, 7, 56" />
      <property name="14" value="31, 27, 56" />
      <property name="15" value="31, 31, 56" />
      <property name="16" value="37, 35, 56" />
    </property>
    <property class="challenge_leather">
      <property name="0" value="35, 29, 46" />
      <property name="1" value="36, 21, 46" />
      <property name="2" value="33, 21, 47" />
      <property name="3" value="34, 21, 47" />
      <property name="4" value="35, 21, 47" />
      <property name="5" value="35, 29, 47" />
      <property name="6" value="36, 21, 47" />
      <property name="7" value="36, 29, 47" />
      <property name="8" value="37, 29, 47" />
      <property name="9" value="38, 29, 47" />
    </property>
    <property class="challenge_polymers">
      <property name="0" value="34, 17, 46" />
      <property name="1" value="40, 25, 46" />
      <property name="2" value="41, 9, 46" />
      <property name="3" value="34, 5, 48" />
      <property name="4" value="41, 17, 48" />
      <property name="5" value="41, 29, 48" />
      <property name="6" value="36, 22, 49" />
      <property name="7" value="38, 9, 49" />
      <property name="8" value="34, 17, 50" />
      <property name="9" value="34, 9, 52" />
      <property name="10" value="42, 1, 52" />
      <property name="11" value="32, 1, 53" />
      <property name="12" value="40, 5, 53" />
      <property name="13" value="40, 29, 53" />
    </property>
    <property class="challenge_mech_parts">
      <property name="0" value="32, 13, 46" />
      <property name="1" value="34, 13, 46" />
    </property>
    <property class="TraderOnOff">
      <property name="0" value="37, 13, 50" />
      <property name="1" value="32, 5, 52" />
      <property name="2" value="32, 13, 52" />
      <property name="3" value="32, 21, 52" />
      <property name="4" value="32, 25, 52" />
      <property name="5" value="32, 29, 52" />
      <property name="6" value="39, 1, 52" />
      <property name="7" value="40, 5, 52" />
      <property name="8" value="40, 9, 52" />
      <property name="9" value="40, 13, 52" />
      <property name="10" value="40, 21, 52" />
      <property name="11" value="40, 25, 52" />
      <property name="12" value="40, 29, 52" />
      <property name="13" value="40, 33, 56" />
    </property>
    <property class="FetchContainer">
      <property name="0" value="33, 29, 47" />
    </property>
    <property class="challenge_sinks">
      <property name="0" value="30, 13, 52" />
      <property name="1" value="33, 13, 55" />
      <property name="2" value="30, 17, 57" />
      <property name="3" value="31, 21, 57" />
      <property name="4" value="31, 29, 57" />
      <property name="5" value="32, 17, 57" />
      <property name="6" value="33, 13, 57" />
    </property>
    <property class="challenge_steel">
      <property name="0" value="22, 9, 57" />
    </property>
  </property>
</prefab>