﻿<?xml version="1.0" encoding="UTF-8"?>
<prefab>
  <property name="CopyAirBlocks" value="True" />
  <property name="AllowTopSoilDecorations" value="False" />
  <property name="YOffset" value="-1" />
  <property name="RotationToFaceNorth" value="2" />
  <property name="Zoning" value="downtown, residentialnew" />
  <property name="AllowedTownships" value="city,town" />
  <property name="TraderArea" value="False" />
  <property name="ExcludeDistantPOIMesh" value="False" />
  <property name="SleeperVolumeSize" value="18, 16, 20#17, 9, 20" />
  <property name="SleeperVolumeStart" value="20, 0, 15#4, 1, 11" />
  <property name="SleeperVolumeGroup" value="S_-Group_Generic_Zombie,8,9,S_-Group_Generic_Zombie,9,10" />
  <property name="SleeperVolumeGameStageAdjust" value="" />
  <property name="SleeperIsLootVolume" value="False,False" />
  <property name="DistantPOIYOffset" value="0" />
  <property name="EditorGroups" value="government" />
  <property name="SleeperIsBossVolume" value="False,False" />
  <property name="DifficultyTier" value="2" />
  <property name="ExcludePOICulling" value="False" />
  <property name="SleeperVolumeGroupId" value="0,0" />
  <property name="SleeperVolumeFlags" value="0,0" />
  <property name="ShowQuestClearCount" value="1" />
  <property name="SleeperIsQuestExclude" value="False,False" />
  <property name="PrefabSize" value="42, 20, 42" />
  <property name="Tags" value="downtown,industrial" />
  <property name="ThemeTags" value="fire" />
  <property name="ThemeRepeatDistance" value="500" />    
  <property name="SleeperVolumeTriggeredBy" value=" # " />
  <property name="QuestTags" value="clear, fetch, infested" />
  <property class="Stats">
    <property name="TotalVertices" value="272329" />
    <property name="TotalTriangles" value="117348" />
    <property class="BlockEntities">
      <property name="Vertices" value="201666" />
      <property name="Triangles" value="76141" />
    </property>
    <property class="ChunkMeshes0">
      <property name="Vertices" value="64041" />
      <property name="Triangles" value="34229" />
    </property>
    <property class="ChunkMeshes1">
      <property name="Vertices" value="0" />
      <property name="Triangles" value="0" />
    </property>
    <property class="ChunkMeshes2">
      <property name="Vertices" value="184" />
      <property name="Triangles" value="92" />
    </property>
    <property class="ChunkMeshes3">
      <property name="Vertices" value="3196" />
      <property name="Triangles" value="1818" />
    </property>
    <property class="ChunkMeshes4">
      <property name="Vertices" value="0" />
      <property name="Triangles" value="0" />
    </property>
    <property class="ChunkMeshes5">
      <property name="Vertices" value="0" />
      <property name="Triangles" value="0" />
    </property>
    <property class="ChunkMeshes6">
      <property name="Vertices" value="3242" />
      <property name="Triangles" value="5068" />
    </property>
  </property>
  <property class="IndexedBlockOffsets">
    <property class="POILight">
      <property name="0" value="23, 7, 37" />
    </property>
    <property class="TraderOnOff">
      <property name="0" value="27, 1, 34" />
    </property>
    <property class="Rally">
      <property name="0" value="36, 1, 2" />
    </property>
    <property class="FetchContainer">
      <property name="0" value="33, 13, 23" />
    </property>
  </property>
</prefab>