﻿<?xml version="1.0" encoding="UTF-8"?>
<prefab>
  <property name="CopyAirBlocks" value="True" />
  <property name="AllowTopSoilDecorations" value="True" />
  <property name="TraderArea" value="False" />
  <property name="ExcludeDistantPOIMesh" value="False" />
  <property name="ExcludePOICulling" value="False" />
  <property name="QuestTags" value="clear, fetch, infested" />
  <property name="DifficultyTier" value="2" />
  <property name="Zoning" value="Commercial, Downtown, Industrial, ResidentialNew, ResidentialOld, Residential" />
  <property name="RotationToFaceNorth" value="1" />
  <property name="YOffset" value="-1" />
  <property name="DistantPOIYOffset" value="0" />
  <property name="AllowedBiomes" value="burnt_forest,snow,plains,pine_forest,forest,desert,wasteland" />
  <property name="AllowedTownships" value="city,rural,town" />
  <property name="EditorGroups" value="Wilderness" />
  <property name="SleeperVolumeStart" value="18, 1, 7#1, 2, 3#2, 6, 5" />
  <property name="SleeperVolumeSize" value="4, 3, 13#14, 3, 20#13, 2, 18" />
  <property name="SleeperVolumeGroup" value="S_-Group_Generic_Zombie,3,3,S_-Group_Generic_Zombie,10,12,S_-Group_Generic_Zombie,7,7" />
  <property name="SleeperVolumeGameStageAdjust" value="0,0,0,0,0" />
  <property name="SleeperIsLootVolume" value="False,False,False" />
  <property name="SleeperIsBossVolume" value="False,False,False,False,False" />
  <property name="SleeperVolumeFlags" value="0,0,0" />
  <property name="SleeperVolumeGroupId" value="0,0,0" />
  <property name="ShowQuestClearCount" value="1" />
  <property name="SleeperIsQuestExclude" value="False,False,False" />
  <property name="Tags" value="downtown" />
  <property name="PrefabSize" value="25, 14, 25" />
  <property name="SleeperVolumeTriggeredBy" value=" # # " />
  <property class="IndexedBlockOffsets">
    <property class="FetchContainer">
      <property name="0" value="14, 6, 4" />
      <property name="1" value="15, 1, 6" />
    </property>
    <property class="POILight">
      <property name="0" value="14, 9, 12" />
      <property name="1" value="15, 5, 14" />
      <property name="2" value="14, 9, 16" />
      <property name="3" value="14, 4, 18" />
      <property name="4" value="15, 8, 18" />
      <property name="5" value="14, 9, 19" />
      <property name="6" value="14, 4, 20" />
    </property>
    <property class="brBlock">
      <property name="0" value="13, 6, 20" />
      <property name="1" value="15, 6, 20" />
    </property>
    <property class="TraderOnOff">
      <property name="0" value="2, 2, 12" />
      <property name="1" value="2, 2, 14" />
    </property>
    <property class="Rally">
      <property name="0" value="23, 1, 4" />
    </property>
    <property class="quest_stone">
      <property name="0" value="23, 1, 18" />
    </property>
  </property>
  <property class="Stats">
    <property name="TotalVertices" value="590261" />
    <property name="TotalTriangles" value="283347" />
    <property class="BlockEntities">
      <property name="Vertices" value="523643" />
      <property name="Triangles" value="240589" />
    </property>
    <property class="ChunkMeshes0">
      <property name="Vertices" value="48650" />
      <property name="Triangles" value="26682" />
    </property>
    <property class="ChunkMeshes1">
      <property name="Vertices" value="0" />
      <property name="Triangles" value="0" />
    </property>
    <property class="ChunkMeshes2">
      <property name="Vertices" value="1852" />
      <property name="Triangles" value="1160" />
    </property>
    <property class="ChunkMeshes3">
      <property name="Vertices" value="14560" />
      <property name="Triangles" value="12220" />
    </property>
    <property class="ChunkMeshes4">
      <property name="Vertices" value="0" />
      <property name="Triangles" value="0" />
    </property>
    <property class="ChunkMeshes5">
      <property name="Vertices" value="0" />
      <property name="Triangles" value="0" />
    </property>
    <property class="ChunkMeshes6">
      <property name="Vertices" value="1556" />
      <property name="Triangles" value="2696" />
    </property>
  </property>
</prefab>