﻿<?xml version="1.0" encoding="UTF-8"?>
<prefab>
  <property name="CopyAirBlocks" value="True" />
  <property name="ExcludeDistantPOIMesh" value="False" />
  <property name="ExcludePOICulling" value="False" />
  <property name="DistantPOIYOffset" value="0" />
  <property name="AllowTopSoilDecorations" value="False" />
  <property name="DifficultyTier" value="5" />
  <property name="QuestTags" value="clear, fetch, restore_power, infested" />
  <property name="TraderArea" value="False" />
  <property name="RotationToFaceNorth" value="2" />
  <property name="SleeperVolumeSize" value="21, 5, 16#26, 2, 29#21, 2, 24#16, 3, 15#6, 2, 10#7, 2, 10#5, 2, 10#7, 2, 13#6, 2, 13#6, 2, 13#18, 4, 16#9, 4, 15#29, 3, 19#8, 3, 27#21, 2, 8#15, 6, 10#5, 2, 5#19, 4, 5#32, 3, 5#6, 2, 7#5, 2, 6#9, 3, 8#4, 2, 4#12, 2, 8#24, 3, 29#6, 2, 11#6, 2, 11#7, 2, 11#6, 2, 11#6, 2, 11#7, 2, 11#26, 3, 9#18, 2, 13#20, 5, 11#41, 9, 20#51, 7, 22" />
  <property name="SleeperVolumeStart" value="120, 9, 83#56, 12, 69#36, 22, 72#19, 23, 73#50, 12, 71#42, 12, 71#35, 12, 71#34, 12, 85#43, 12, 85#50, 12, 85#8, 12, 71#26, 12, 70#92, 11, 71#104, 11, 71#82, 12, 90#101, 15, 71#105, 19, 81#82, 16, 71#109, 16, 87#135, 16, 92#128, 16, 93#94, 18, 90#101, 18, 91#81, 18, 90#57, 17, 69#36, 17, 71#43, 17, 71#50, 17, 71#51, 17, 87#44, 17, 87#36, 17, 87#59, 11, 112#64, 12, 99#64, 3, 79#69, 25, 74#18, 27, 70" />
  <property name="SleeperVolumeGroupId" value="0,0,0,0,0,0,0,0,0,0,0,0,0,0,0,0,0,0,0,0,0,0,0,0,0,0,0,0,0,0,0,0,0,0,0,0" />
  <property name="SleeperVolumeGroup" value="GroupZomSoldier,12,14,GroupGenericZombie,8,9,GroupZomBadass,9,12,GroupBikerBar,7,8,GroupGenericZombie,3,4,GroupGhostTown,3,4,ZomSnow,4,5,ZomBusinessman,3,4,GroupZomBadassOnly,2,3,ZomBusinessman,6,7,GroupGhostTown,6,10,ZomSnow,6,7,GroupBikerBar,9,16,ZomHazMatOnly,5,6,GroupBikerBar,5,6,GroupTestChamberDecoy,3,4,ZomBurnt,1,2,ZomBusinessman,4,5,GroupZomBadass,4,5,GroupZomBadassOnly,2,3,GroupZomBadassOnly,1,2,GroupGhostTown,5,6,GroupZomBadassOnly,1,2,GroupGenericZombie,7,8,GroupZomBadass,14,16,GroupHospital,4,5,GroupGenericZombie,3,4,GroupZomSoldier,4,5,GroupHospital,4,5,GroupGenericZombie,5,6,GroupZomSoldier,4,5,GroupGenericZombie,3,4,ZomSnow,4,5,ZomBurnt,11,12,GroupZomSoldier,11,12,GroupGenericZombie,7,8" />
  <property name="SleeperIsLootVolume" value="False,False,False,False,False,False,False,False,False,False,False,False,False,False,False,False,False,False,False,False,False,False,False,False,False,False,False,False,False,False,False,False,False,False,False,False" />
  <property name="SleeperIsBossVolume" value="False,False,False,False,False,False,False,False,False,False,False,False,False,False,False,False,False,False,False,False,False,False,False,False,False,False,False,False,False,False,False,False,False,False,False,False" />
  <property name="SleeperVolumeFlags" value="2,2,2,2,2,2,2,2,2,2,2,2,2,2,2,2,2,2,2,2,2,2,2,2,2,2,2,2,2,2,2,2,0,2,2,2" />
  <property name="ShowQuestClearCount" value="1" />
  <property name="SleeperIsQuestExclude" value="False,False,False,False,False,False,False,False,False,False,False,False,False,False,False,False,False,False,False,False,False,False,False,False,False,False,False,False,False,False,False,False,False,False,False,False" />
  <property name="PrefabSize" value="148, 39, 123" />
  <property name="Zoning" value="none" />
  <property name="YOffset" value="-8" />
  <property name="Tags" value="wilderness" />
  <property name="DuplicateRepeatDistance" value="8500" />
  <property name="SleeperVolumeTriggeredBy" value=" # # # # # # # # # # # # # # # # # # # # # # # # # # # # # # # # # # # " />
  <property class="Stats">
    <property name="TotalVertices" value="4697831" />
    <property name="TotalTriangles" value="2365520" />
    <property class="BlockEntities">
      <property name="Vertices" value="4149515" />
      <property name="Triangles" value="1993922" />
    </property>
    <property class="ChunkMeshes0">
      <property name="Vertices" value="471564" />
      <property name="Triangles" value="266840" />
    </property>
    <property class="ChunkMeshes1">
      <property name="Vertices" value="0" />
      <property name="Triangles" value="0" />
    </property>
    <property class="ChunkMeshes2">
      <property name="Vertices" value="1816" />
      <property name="Triangles" value="986" />
    </property>
    <property class="ChunkMeshes3">
      <property name="Vertices" value="17592" />
      <property name="Triangles" value="8796" />
    </property>
    <property class="ChunkMeshes4">
      <property name="Vertices" value="0" />
      <property name="Triangles" value="0" />
    </property>
    <property class="ChunkMeshes5">
      <property name="Vertices" value="57344" />
      <property name="Triangles" value="94976" />
    </property>
  </property>
  <property class="IndexedBlockOffsets">
    <property class="quest_stone_boulder">
      <property name="0" value="79, 9, 44" />
    </property>
    <property class="quest_wood_trees">
      <property name="0" value="138, 11, 117" />
    </property>
    <property class="quest_wood">
      <property name="0" value="129, 11, 63" />
      <property name="1" value="133, 11, 66" />
      <property name="2" value="129, 11, 73" />
    </property>
    <property class="POILight">
      <property name="0" value="140, 16, 83" />
      <property name="1" value="139, 2, 84" />
    </property>
    <property class="quest_stone">
      <property name="0" value="142, 8, 31" />
      <property name="1" value="140, 8, 34" />
    </property>
    <property class="challenge_stump">
      <property name="0" value="140, 10, 51" />
    </property>
    <property class="challenge_polymers">
      <property name="0" value="139, 11, 82" />
    </property>
    <property class="brBlock">
      <property name="0" value="23, 24, 72" />
    </property>
    <property class="challenge_gore">
      <property name="0" value="139, 11, 83" />
    </property>
    <property class="challenge_leather">
      <property name="0" value="113, 19, 78" />
      <property name="1" value="113, 19, 79" />
      <property name="2" value="109, 19, 80" />
      <property name="3" value="110, 19, 80" />
      <property name="4" value="111, 19, 80" />
      <property name="5" value="112, 19, 80" />
      <property name="6" value="113, 19, 80" />
      <property name="7" value="116, 11, 86" />
      <property name="8" value="117, 11, 86" />
      <property name="9" value="118, 11, 86" />
      <property name="10" value="119, 11, 86" />
    </property>
    <property class="challenge_mech_parts">
      <property name="0" value="108, 3, 51" />
      <property name="1" value="106, 2, 52" />
      <property name="2" value="110, 2, 52" />
      <property name="3" value="110, 3, 54" />
    </property>
    <property class="challenge_sinks">
      <property name="0" value="140, 16, 96" />
      <property name="1" value="138, 16, 98" />
    </property>
    <property class="challenge_pallet">
      <property name="0" value="138, 11, 97" />
      <property name="1" value="138, 12, 97" />
      <property name="2" value="138, 11, 98" />
      <property name="3" value="138, 12, 98" />
      <property name="4" value="138, 13, 98" />
      <property name="5" value="138, 11, 99" />
      <property name="6" value="138, 12, 99" />
      <property name="7" value="138, 13, 99" />
    </property>
    <property class="TraderOnOff">
      <property name="0" value="138, 16, 92" />
    </property>
    <property class="FetchContainer">
      <property name="0" value="66, 12, 106" />
    </property>
    <property class="challenge_cars">
      <property name="0" value="125, 9, 85" />
    </property>
    <property class="Rally">
      <property name="0" value="68, 10, 45" />
    </property>
    <property class="QuestRestorePower">
      <property name="0" value="80, 3, 88" />
    </property>
    <property class="challenge_steel">
      <property name="0" value="138, 11, 82" />
    </property>
    <property class="quest_feather">
      <property name="0" value="113, 9, 50" />
    </property>
  </property>
</prefab>