﻿<?xml version="1.0" encoding="UTF-8"?>
<prefab>
  <property name="CopyAirBlocks" value="True" />
  <property name="AllowTopSoilDecorations" value="True" />
  <property name="TraderArea" value="False" />
  <property name="ExcludeDistantPOIMesh" value="False" />
  <property name="ExcludePOICulling" value="False" />
  <property name="QuestTags" value="clear, fetch, infested" />
  <property name="DifficultyTier" value="1" />
  <property name="Zoning" value="Commercial, Downtown, Industrial, ResidentialNew, ResidentialOld, Residential" />
  <property name="RotationToFaceNorth" value="0" />
  <property name="YOffset" value="-10" />
  <property name="DistantPOIYOffset" value="0" />
  <property name="AllowedBiomes" value="burnt_forest,snow,plains,pine_forest,forest,desert,wasteland" />
  <property name="AllowedTownships" value="city,rural,town" />
  <property name="EditorGroups" value="Wilderness" />
  <property name="SleeperVolumeStart" value="9, 10, 7#17, 1, 25#9, 13, 7" />
  <property name="SleeperVolumeSize" value="15, 2, 15#13, 3, 11#15, 2, 15" />
  <property name="SleeperVolumeGroup" value="GroupGenericZombie,1,2,GroupZomBadass,1,4,GroupGenericZombie,2,2" />
  <property name="SleeperVolumeGameStageAdjust" value="," />
  <property name="SleeperIsLootVolume" value="False,False,False" />
  <property name="SleeperIsBossVolume" value="False,False" />
  <property name="SleeperVolumeFlags" value="0,0,0" />
  <property name="SleeperVolumeGroupId" value="0,0,0" />
  <property name="ShowQuestClearCount" value="1" />
  <property name="SleeperIsQuestExclude" value="False,False,False" />
  <property name="PrefabSize" value="42, 19, 42" />
  <property name="Tags" value="countrytown, commercial, industrial, rural" />
  <property name="ThemeTags" value="gas" />
  <property name="ThemeDistance" value="500" />
  <property name="SleeperVolumeTriggeredBy" value=" # # " />
  <property class="IndexedBlockOffsets">
    <property class="POILight">
      <property name="0" value="21, 18, 38" />
      <property name="1" value="35, 18, 39" />
    </property>
    <property class="TraderOnOff">
      <property name="0" value="13, 14, 8" />
      <property name="1" value="9, 10, 14" />
      <property name="2" value="9, 10, 16" />
      <property name="3" value="17, 10, 19" />
      <property name="4" value="18, 12, 20" />
    </property>
    <property class="challenge_sinks">
      <property name="0" value="15, 11, 8" />
      <property name="1" value="10, 10, 12" />
      <property name="2" value="11, 11, 14" />
      <property name="3" value="11, 11, 16" />
      <property name="4" value="10, 10, 18" />
    </property>
    <property class="FetchContainer">
      <property name="0" value="17, 1, 35" />
    </property>
    <property class="challenge_polymers">
      <property name="0" value="21, 11, 27" />
      <property name="1" value="26, 11, 27" />
      <property name="2" value="21, 11, 33" />
      <property name="3" value="26, 11, 33" />
    </property>
    <property class="challenge_gore">
      <property name="0" value="23, 1, 25" />
      <property name="1" value="29, 1, 25" />
      <property name="2" value="25, 1, 32" />
      <property name="3" value="22, 1, 34" />
    </property>
    <property class="quest_feather">
      <property name="0" value="22, 15, 7" />
    </property>
    <property class="challenge_steel">
      <property name="0" value="22, 11, 27" />
      <property name="1" value="25, 11, 27" />
      <property name="2" value="22, 11, 33" />
      <property name="3" value="25, 11, 33" />
    </property>
    <property class="Rally">
      <property name="0" value="33, 10, 36" />
    </property>
  </property>
  <property class="Stats">
    <property name="TotalVertices" value="352291" />
    <property name="TotalTriangles" value="157731" />
    <property class="BlockEntities">
      <property name="Vertices" value="308646" />
      <property name="Triangles" value="123988" />
    </property>
    <property class="ChunkMeshes0">
      <property name="Vertices" value="35527" />
      <property name="Triangles" value="21387" />
    </property>
    <property class="ChunkMeshes1">
      <property name="Vertices" value="0" />
      <property name="Triangles" value="0" />
    </property>
    <property class="ChunkMeshes2">
      <property name="Vertices" value="1034" />
      <property name="Triangles" value="744" />
    </property>
    <property class="ChunkMeshes3">
      <property name="Vertices" value="0" />
      <property name="Triangles" value="0" />
    </property>
    <property class="ChunkMeshes4">
      <property name="Vertices" value="0" />
      <property name="Triangles" value="0" />
    </property>
    <property class="ChunkMeshes5">
      <property name="Vertices" value="7084" />
      <property name="Triangles" value="11612" />
    </property>
  </property>
</prefab>