﻿<?xml version="1.0" encoding="UTF-8"?>
<prefab>
  <property name="CopyAirBlocks" value="True" />
  <property name="AllowTopSoilDecorations" value="True" />
  <property name="TraderArea" value="False" />
  <property name="ExcludeDistantPOIMesh" value="False" />
  <property name="ExcludePOICulling" value="False" />
  <property name="DifficultyTier" value="3" />
  <property name="Zoning" value="Residential" />
  <property name="RotationToFaceNorth" value="3" />
  <property name="YOffset" value="-6" />
  <property name="DistantPOIYOffset" value="0" />
  <property name="EditorGroups" value="house new, rural, downtown, house old" />
  <property name="SleeperVolumeStart" value="7, 7, 13#6, 12, 11#7, 16, 14#12, 2, 25#6, 1, 10#20, 6, 6" />
  <property name="SleeperVolumeSize" value="12, 3, 20#13, 4, 15#11, 5, 11#4, 3, 5#15, 3, 15#17, 3, 30" />
  <property name="SleeperVolumeGroup" value="GroupGenericZombie,4,7,GroupGenericZombie,4,6,GroupGenericZombie,2,4,GroupZomBadass,1,2,GroupZomBadass,7,12,GroupGenericZombie,3,5" />
  <property name="SleeperVolumeGameStageAdjust" value=",,,,," />
  <property name="SleeperIsLootVolume" value="False,False,False,False,False,False" />
  <property name="SleeperIsQuestExclude" value="False,False,False,False,False,False" />
  <property name="SleeperVolumeFlags" value="0,0,0,0,0,0" />
  <property name="SleeperVolumeGroupId" value="0,0,0,0,0,0" />
  <property name="ShowQuestClearCount" value="0" />
  <property name="PrefabSize" value="42, 26, 42" />
  <property name="Tags" value="residential" />
  <property name="SleeperVolumeTriggeredBy" value=" # # # # # " />
  <property name="QuestTags" value="clear, fetch, infested" />
  <property class="Stats">
    <property name="TotalVertices" value="547140" />
    <property name="TotalTriangles" value="257900" />
    <property class="BlockEntities">
      <property name="Vertices" value="482163" />
      <property name="Triangles" value="217298" />
    </property>
    <property class="ChunkMeshes0">
      <property name="Vertices" value="56823" />
      <property name="Triangles" value="29752" />
    </property>
    <property class="ChunkMeshes1">
      <property name="Vertices" value="0" />
      <property name="Triangles" value="0" />
    </property>
    <property class="ChunkMeshes2">
      <property name="Vertices" value="2512" />
      <property name="Triangles" value="1686" />
    </property>
    <property class="ChunkMeshes3">
      <property name="Vertices" value="0" />
      <property name="Triangles" value="0" />
    </property>
    <property class="ChunkMeshes4">
      <property name="Vertices" value="0" />
      <property name="Triangles" value="0" />
    </property>
    <property class="ChunkMeshes5">
      <property name="Vertices" value="5642" />
      <property name="Triangles" value="9164" />
    </property>
  </property>
  <property class="IndexedBlockOffsets">
    <property class="quest_wood_trees">
      <property name="0" value="32, 6, 28" />
    </property>
    <property class="Rally">
      <property name="0" value="1, 6, 19" />
    </property>
    <property class="POILight">
      <property name="0" value="15, 10, 21" />
      <property name="1" value="15, 15, 21" />
      <property name="2" value="8, 5, 23" />
      <property name="3" value="9, 15, 23" />
      <property name="4" value="9, 17, 23" />
      <property name="5" value="19, 9, 23" />
      <property name="6" value="15, 2, 24" />
      <property name="7" value="13, 3, 26" />
      <property name="8" value="15, 4, 28" />
      <property name="9" value="15, 10, 28" />
    </property>
    <property class="challenge_sinks">
      <property name="0" value="7, 2, 22" />
      <property name="1" value="9, 1, 23" />
      <property name="2" value="9, 12, 23" />
      <property name="3" value="10, 12, 23" />
    </property>
    <property class="challenge_polymers">
      <property name="0" value="14, 8, 21" />
      <property name="1" value="13, 7, 22" />
      <property name="2" value="15, 12, 22" />
      <property name="3" value="15, 7, 25" />
      <property name="4" value="11, 7, 29" />
      <property name="5" value="15, 7, 29" />
      <property name="6" value="9, 8, 31" />
      <property name="7" value="10, 7, 33" />
    </property>
    <property class="FetchContainer">
      <property name="0" value="16, 18, 14" />
    </property>
    <property class="challenge_gore">
      <property name="0" value="9, 17, 15" />
      <property name="1" value="9, 17, 16" />
    </property>
    <property class="challenge_leather">
      <property name="0" value="8, 7, 22" />
      <property name="1" value="13, 12, 22" />
    </property>
    <property class="TraderOnOff">
      <property name="0" value="32, 6, 33" />
    </property>
    <property class="challenge_pallet">
      <property name="0" value="36, 6, 33" />
      <property name="1" value="36, 7, 33" />
    </property>
    <property class="challenge_mech_parts">
      <property name="0" value="11, 7, 25" />
      <property name="1" value="12, 8, 25" />
      <property name="2" value="14, 3, 30" />
      <property name="3" value="15, 8, 31" />
    </property>
  </property>
</prefab>