﻿<?xml version="1.0" encoding="UTF-8"?>
<prefab>
  <property name="CopyAirBlocks" value="True" />
  <property name="AllowTopSoilDecorations" value="False" />
  <property name="Zoning" value="Commercial, downtown" />
  <property name="RotationToFaceNorth" value="2" />
  <property name="AllowedTownships" value="city,town" />
  <property name="YOffset" value="-1" />
  <property name="TraderArea" value="False" />
  <property name="ExcludeDistantPOIMesh" value="False" />
  <property name="SleeperVolumeSize" value="38, 4, 31#38, 12, 31" />
  <property name="SleeperVolumeStart" value="2, 1, 8#2, 5, 8" />
  <property name="SleeperVolumeGroup" value="GroupBikerBar,3,4,GroupBikerBar,5,6" />
  <property name="SleeperVolumeGameStageAdjust" value="," />
  <property name="SleeperIsLootVolume" value="False,False" />
  <property name="DistantPOIYOffset" value="0" />
  <property name="EditorGroups" value="commercial" />
  <property name="SleeperIsBossVolume" value="False,False" />
  <property name="DifficultyTier" value="1" />
  <property name="ExcludePOICulling" value="False" />
  <property name="SleeperVolumeGroupId" value="0,0" />
  <property name="SleeperVolumeFlags" value="0,0" />
  <property name="ShowQuestClearCount" value="1" />
  <property name="SleeperIsQuestExclude" value="False,False" />
  <property name="Tags" value="commercial, downtown" />
  <property name="PrefabSize" value="42, 21, 42" />
  <property name="SleeperVolumeTriggeredBy" value=" # " />
  <property name="QuestTags" value="clear, fetch, infested" />
  <property class="Stats">
    <property name="TotalVertices" value="600169" />
    <property name="TotalTriangles" value="252350" />
    <property class="BlockEntities">
      <property name="Vertices" value="434890" />
      <property name="Triangles" value="148585" />
    </property>
    <property class="ChunkMeshes0">
      <property name="Vertices" value="160359" />
      <property name="Triangles" value="96265" />
    </property>
    <property class="ChunkMeshes1">
      <property name="Vertices" value="0" />
      <property name="Triangles" value="0" />
    </property>
    <property class="ChunkMeshes2">
      <property name="Vertices" value="208" />
      <property name="Triangles" value="104" />
    </property>
    <property class="ChunkMeshes3">
      <property name="Vertices" value="0" />
      <property name="Triangles" value="0" />
    </property>
    <property class="ChunkMeshes4">
      <property name="Vertices" value="0" />
      <property name="Triangles" value="0" />
    </property>
    <property class="ChunkMeshes5">
      <property name="Vertices" value="4712" />
      <property name="Triangles" value="7396" />
    </property>
  </property>
  <property class="IndexedBlockOffsets">
    <property class="POILight">
      <property name="0" value="38, 10, 23" />
      <property name="1" value="38, 10, 26" />
      <property name="2" value="38, 10, 29" />
      <property name="3" value="37, 4, 31" />
      <property name="4" value="38, 10, 32" />
      <property name="5" value="37, 4, 33" />
    </property>
    <property class="challenge_sinks">
      <property name="0" value="37, 2, 37" />
    </property>
    <property class="TraderOnOff">
      <property name="0" value="28, 6, 28" />
    </property>
    <property class="challenge_vending">
      <property name="0" value="34, 2, 37" />
    </property>
    <property class="challenge_officechairs">
      <property name="0" value="22, 2, 9" />
      <property name="1" value="21, 3, 11" />
    </property>
    <property class="Rally">
      <property name="0" value="21, 2, 3" />
    </property>
    <property class="FetchContainer">
      <property name="0" value="23, 9, 7" />
    </property>
  </property>
</prefab>