﻿<?xml version="1.0" encoding="UTF-8"?>
<prefab>
  <property name="CopyAirBlocks" value="True" />
  <property name="AllowTopSoilDecorations" value="True" />
  <property name="TraderArea" value="False" />
  <property name="ExcludeDistantPOIMesh" value="False" />
  <property name="ExcludePOICulling" value="False" />
  <property name="QuestTags" value="clear, fetch, hidden_cache" />
  <property name="DifficultyTier" value="2" />
  <property name="Zoning" value="Commercial, Downtown, Industrial, ResidentialNew, ResidentialOld, Residential" />
  <property name="RotationToFaceNorth" value="2" />
  <property name="DistantPOIYOffset" value="0" />
  <property name="AllowedBiomes" value="burnt_forest,snow,plains,pine_forest,forest,desert,wasteland" />
  <property name="AllowedTownships" value="city,rural,town,wilderness" />
  <property name="EditorGroups" value="Wilderness" />
  <property name="SleeperVolumeStart" value="10, 1, 12#10, 5, 7#5, 5, 42#13, 9, 21" />
  <property name="SleeperVolumeSize" value="43, 3, 44#44, 4, 35#49, 3, 15#31, 3, 21" />
  <property name="SleeperVolumeGroup" value="S_-Group_Generic_Zombie,15,15,S_-Group_Generic_Zombie,7,7,S_Zom_Businessman,5,5,S_Zom_FatCops,1,1" />
  <property name="SleeperVolumeGameStageAdjust" value=",,," />
  <property name="SleeperIsLootVolume" value="False,False,False,False" />
  <property name="SleeperIsQuestExclude" value="False,False,False,False" />
  <property name="SleeperVolumeFlags" value="0,0,0,0" />
  <property name="SleeperVolumeGroupId" value="0,0,0,0" />
  <property name="ShowQuestClearCount" value="0" />
  <property name="YOffset" value="-1" />
  <property name="PrefabSize" value="60, 12, 60" />
  <property name="Tags" value="wilderness,industrial" />
  <property name="ThemeTags" value="prison" />
  <property name="ThemeRepeatDistance" value="1000" />
  <property name="SleeperVolumeTriggeredBy" value=" # # # " />
  <property class="IndexedBlockOffsets">
    <property class="FetchContainer">
      <property name="0" value="53, 10, 56" />
    </property>
    <property class="TraderOnOff">
      <property name="0" value="52, 1, 51" />
      <property name="1" value="49, 1, 55" />
    </property>
    <property class="POILight">
      <property name="0" value="37, 3, 46" />
      <property name="1" value="42, 3, 46" />
      <property name="2" value="32, 3, 47" />
      <property name="3" value="42, 7, 47" />
    </property>
    <property class="quest_feather">
      <property name="0" value="42, 9, 48" />
    </property>
    <property class="Rally">
      <property name="0" value="38, 1, 6" />
    </property>
  </property>
  <property class="Stats">
    <property name="TotalVertices" value="759144" />
    <property name="TotalTriangles" value="294075" />
    <property class="BlockEntities">
      <property name="Vertices" value="657026" />
      <property name="Triangles" value="237713" />
    </property>
    <property class="ChunkMeshes0">
      <property name="Vertices" value="93196" />
      <property name="Triangles" value="49106" />
    </property>
    <property class="ChunkMeshes1">
      <property name="Vertices" value="0" />
      <property name="Triangles" value="0" />
    </property>
    <property class="ChunkMeshes2">
      <property name="Vertices" value="6826" />
      <property name="Triangles" value="3556" />
    </property>
    <property class="ChunkMeshes3">
      <property name="Vertices" value="72" />
      <property name="Triangles" value="36" />
    </property>
    <property class="ChunkMeshes4">
      <property name="Vertices" value="0" />
      <property name="Triangles" value="0" />
    </property>
    <property class="ChunkMeshes5">
      <property name="Vertices" value="0" />
      <property name="Triangles" value="0" />
    </property>
    <property class="ChunkMeshes6">
      <property name="Vertices" value="2024" />
      <property name="Triangles" value="3664" />
    </property>
  </property>
</prefab>