﻿<?xml version="1.0" encoding="UTF-8"?>
<prefab>
  <property name="CopyAirBlocks" value="True" />
  <property name="AllowTopSoilDecorations" value="True" />
  <property name="TraderArea" value="False" />
  <property name="ExcludeDistantPOIMesh" value="False" />
  <property name="ExcludePOICulling" value="False" />
  <property name="QuestTags" value="clear, fetch, infested" />
  <property name="DifficultyTier" value="1" />
  <property name="Zoning" value="ResidentialNew, ResidentialOld, Residential" />
  <property name="RotationToFaceNorth" value="0" />
  <property name="YOffset" value="-5" />
  <property name="DistantPOIYOffset" value="0" />
  <property name="AllowedBiomes" value="burnt_forest,snow,plains,pine_forest,forest,desert,wasteland" />
  <property name="AllowedTownships" value="city,rural,town,wilderness" />
  <property name="EditorGroups" value="Wilderness" />
  <property name="SleeperVolumeStart" value="13, 6, 15#15, 10, 18" />
  <property name="SleeperVolumeSize" value="25, 3, 25#22, 3, 22" />
  <property name="SleeperVolumeGroup" value="S_-_Group_Ghost_Town,3,3,S_-_Group_Zom_Badass,3,5" />
  <property name="SleeperVolumeGameStageAdjust" value="," />
  <property name="SleeperIsLootVolume" value="False,False" />
  <property name="SleeperIsBossVolume" value="False,False" />
  <property name="SleeperVolumeFlags" value="0,0" />
  <property name="SleeperVolumeGroupId" value="0,0" />
  <property name="ShowQuestClearCount" value="1" />
  <property name="SleeperIsQuestExclude" value="False,False" />
  <property name="PrefabSize" value="60, 21, 60" />
  <property name="Tags" value="countrytown,residential,countryresidential,rural" />
  <property name="SleeperVolumeTriggeredBy" value=" # " />
  <property class="IndexedBlockOffsets">
    <property class="quest_stone">
      <property name="0" value="27, 5, 53" />
    </property>
    <property class="POILight">
      <property name="0" value="33, 7, 55" />
    </property>
    <property class="TraderOnOff">
      <property name="0" value="24, 10, 31" />
      <property name="1" value="27, 10, 35" />
    </property>
    <property class="FetchContainer">
      <property name="0" value="47, 8, 11" />
    </property>
    <property class="Rally">
      <property name="0" value="31, 5, 55" />
    </property>
  </property>
  <property class="Stats">
    <property name="TotalVertices" value="563931" />
    <property name="TotalTriangles" value="262239" />
    <property class="BlockEntities">
      <property name="Vertices" value="474099" />
      <property name="Triangles" value="200647" />
    </property>
    <property class="ChunkMeshes0">
      <property name="Vertices" value="70040" />
      <property name="Triangles" value="36780" />
    </property>
    <property class="ChunkMeshes1">
      <property name="Vertices" value="0" />
      <property name="Triangles" value="0" />
    </property>
    <property class="ChunkMeshes2">
      <property name="Vertices" value="0" />
      <property name="Triangles" value="0" />
    </property>
    <property class="ChunkMeshes3">
      <property name="Vertices" value="7306" />
      <property name="Triangles" value="5988" />
    </property>
    <property class="ChunkMeshes4">
      <property name="Vertices" value="1920" />
      <property name="Triangles" value="960" />
    </property>
    <property class="ChunkMeshes5">
      <property name="Vertices" value="0" />
      <property name="Triangles" value="0" />
    </property>
    <property class="ChunkMeshes6">
      <property name="Vertices" value="10566" />
      <property name="Triangles" value="17864" />
    </property>
  </property>
</prefab>