﻿<?xml version="1.0" encoding="UTF-8"?>
<prefab>
  <property name="CopyAirBlocks" value="True" />
  <property name="AllowTopSoilDecorations" value="True" />
  <property name="TraderArea" value="False" />
  <property name="ExcludeDistantPOIMesh" value="False" />
  <property name="ExcludePOICulling" value="False" />
  <property name="QuestTags" value="clear, fetch" />
  <property name="DifficultyTier" value="5" />
  <property name="Zoning" value="downtown" />
  <property name="AllowedBiomes" value="burnt_forest,wasteland" />
  <property name="AllowedTownships" value="city" />
  <property name="RotationToFaceNorth" value="1" />
  <property name="YOffset" value="-6" />
  <property name="DistantPOIYOffset" value="0" />
  <property name="EditorGroups" value="downtown" />
  <property name="SleeperVolumeStart" value="22, 12, 4#20, 12, 25#20, 12, 32#18, 17, 25#20, 7, 32#20, 7, 26#20, 2, 26#21, 2, 13#20, 2, 4#20, 5, 4#20, 6, 13" />
  <property name="SleeperVolumeSize" value="11, 4, 18#14, 4, 5#14, 4, 6#16, 4, 13#13, 3, 5#13, 3, 3#13, 3, 12#12, 2, 8#12, 2, 8#13, 4, 8#13, 3, 8" />
  <property name="SleeperVolumeGroup" value="GroupGenericZombie,6,9,GroupGenericZombie,4,4,GroupGenericZombie,5,5,GroupGenericZombie,6,9,GroupGenericZombie,4,4,GroupGenericZombie,3,3,GroupGenericZombie,8,10,GroupGenericZombie,5,6,GroupGenericZombie,9,12,GroupGenericZombie,5,6,GroupZomBadassOnly,6,9" />
  <property name="SleeperVolumeGameStageAdjust" value=",,,,,,,,,," />
  <property name="SleeperIsLootVolume" value="True,True,False,True,False,False,True,False,True,True,True" />
  <property name="SleeperIsQuestExclude" value="False,False,False,False,False,False,False,False,False,False,False" />
  <property name="SleeperVolumeFlags" value="0,0,0,0,0,0,0,0,0,0,0" />
  <property name="SleeperVolumeGroupId" value="0,0,0,0,0,0,0,0,0,0,0" />
  <property name="ShowQuestClearCount" value="3" />
  <property name="Tags" value="wasteland, commercial, wastelandcommercial" />
  <property name="PrefabSize" value="42, 22, 42" />
  <property name="SleeperVolumeTriggeredBy" value=" # # # # # # # # # # " />
  <property class="IndexedBlockOffsets">
    <property class="challenge_polymers">
      <property name="0" value="38, 6, 2" />
    </property>
    <property class="FetchContainer">
      <property name="0" value="30, 9, 26" />
      <property name="1" value="29, 13, 27" />
      <property name="2" value="32, 17, 28" />
      <property name="3" value="24, 12, 36" />
      <property name="4" value="28, 7, 36" />
      <property name="5" value="29, 13, 36" />
    </property>
    <property class="TraderOnOff">
      <property name="0" value="25, 7, 27" />
      <property name="1" value="25, 12, 27" />
      <property name="2" value="22, 7, 28" />
      <property name="3" value="22, 12, 28" />
      <property name="4" value="29, 17, 32" />
      <property name="5" value="30, 7, 32" />
      <property name="6" value="22, 2, 34" />
      <property name="7" value="22, 7, 34" />
      <property name="8" value="22, 12, 34" />
      <property name="9" value="24, 2, 34" />
      <property name="10" value="26, 2, 34" />
      <property name="11" value="28, 2, 34" />
      <property name="12" value="25, 7, 35" />
      <property name="13" value="25, 12, 35" />
    </property>
    <property class="POILight">
      <property name="0" value="39, 6, 40" />
    </property>
    <property class="challenge_mech_parts">
      <property name="0" value="27, 2, 5" />
    </property>
    <property class="challenge_gore">
      <property name="0" value="26, 6, 24" />
      <property name="1" value="30, 17, 27" />
      <property name="2" value="29, 2, 33" />
      <property name="3" value="23, 2, 35" />
    </property>
    <property class="Rally">
      <property name="0" value="17, 6, 19" />
    </property>
    <property class="challenge_sinks">
      <property name="0" value="21, 2, 26" />
      <property name="1" value="22, 2, 26" />
      <property name="2" value="27, 2, 26" />
      <property name="3" value="28, 2, 26" />
      <property name="4" value="26, 2, 29" />
      <property name="5" value="24, 7, 30" />
      <property name="6" value="24, 12, 30" />
      <property name="7" value="27, 2, 30" />
    </property>
    <property class="challenge_leather">
      <property name="0" value="28, 12, 26" />
      <property name="1" value="26, 7, 28" />
      <property name="2" value="26, 12, 28" />
      <property name="3" value="27, 7, 28" />
      <property name="4" value="27, 12, 28" />
      <property name="5" value="32, 7, 34" />
    </property>
  </property>
  <property class="Stats">
    <property name="TotalVertices" value="809855" />
    <property name="TotalTriangles" value="405080" />
    <property class="BlockEntities">
      <property name="Vertices" value="689174" />
      <property name="Triangles" value="330031" />
    </property>
    <property class="ChunkMeshes0">
      <property name="Vertices" value="113463" />
      <property name="Triangles" value="64097" />
    </property>
    <property class="ChunkMeshes1">
      <property name="Vertices" value="0" />
      <property name="Triangles" value="0" />
    </property>
    <property class="ChunkMeshes2">
      <property name="Vertices" value="688" />
      <property name="Triangles" value="364" />
    </property>
    <property class="ChunkMeshes3">
      <property name="Vertices" value="0" />
      <property name="Triangles" value="0" />
    </property>
    <property class="ChunkMeshes4">
      <property name="Vertices" value="0" />
      <property name="Triangles" value="0" />
    </property>
    <property class="ChunkMeshes5">
      <property name="Vertices" value="6530" />
      <property name="Triangles" value="10588" />
    </property>
  </property>
</prefab>