﻿<?xml version="1.0" encoding="UTF-8"?>
<prefab>
  <property name="CopyAirBlocks" value="True" />
  <property name="AllowTopSoilDecorations" value="False" />
  <property name="Zoning" value="Commercial" />
  <property name="RotationToFaceNorth" value="2" />
  <property name="AllowedTownships" value="city,town,rural" />
  <property name="Condition" value="New" />
  <property name="YOffset" value="-1" />
  <property name="TraderArea" value="False" />
  <property name="ExcludeDistantPOIMesh" value="False" />
  <property name="DistantPOIYOffset" value="0" />
  <property name="EditorGroups" value="commercial" />
  <property name="DifficultyTier" value="2" />
  <property name="ExcludePOICulling" value="False" />
  <property name="Tags" value="commercial" />
  <property name="ThemeTags" value="shotgun" />
  <property name="ThemeRepeatDistance" value="300" />
  <property name="SleeperVolumeSize" value="13, 4, 9#7, 3, 9#21, 6, 22#29, 11, 43" />
  <property name="SleeperVolumeStart" value="17, 1, 30#10, 1, 30#10, 1, 8#9, 1, -2" />
  <property name="SleeperVolumeGroup" value="GroupZomBadassOnly,5,7,GroupGenericZombie,3,4,GroupZomBadass,7,10,GroupGenericZombie,3,4" />
  <property name="SleeperVolumeGameStageAdjust" value=",,," />
  <property name="SleeperIsLootVolume" value="True,True,True,False" />
  <property name="SleeperIsBossVolume" value="False,False,False,False" />
  <property name="SleeperVolumeGroupId" value="0,0,0,0" />
  <property name="SleeperVolumeFlags" value="0,0,0,0" />
  <property name="ShowQuestClearCount" value="1" />
  <property name="SleeperIsQuestExclude" value="False,False,False,False" />
  <property name="PrefabSize" value="42, 13, 42" />
  <property name="SleeperVolumeTriggeredBy" value=" # # # " />
  <property name="QuestTags" value="clear, fetch, infested" />
  <property class="Stats">
    <property name="TotalVertices" value="285841" />
    <property name="TotalTriangles" value="119760" />
    <property class="BlockEntities">
      <property name="Vertices" value="212690" />
      <property name="Triangles" value="73237" />
    </property>
    <property class="ChunkMeshes0">
      <property name="Vertices" value="68319" />
      <property name="Triangles" value="39067" />
    </property>
    <property class="ChunkMeshes1">
      <property name="Vertices" value="0" />
      <property name="Triangles" value="0" />
    </property>
    <property class="ChunkMeshes2">
      <property name="Vertices" value="120" />
      <property name="Triangles" value="60" />
    </property>
    <property class="ChunkMeshes3">
      <property name="Vertices" value="0" />
      <property name="Triangles" value="0" />
    </property>
    <property class="ChunkMeshes4">
      <property name="Vertices" value="0" />
      <property name="Triangles" value="0" />
    </property>
    <property class="ChunkMeshes5">
      <property name="Vertices" value="4712" />
      <property name="Triangles" value="7396" />
    </property>
  </property>
  <property class="IndexedBlockOffsets">
    <property class="Rally">
      <property name="0" value="20, 1, 2" />
    </property>
    <property class="POILight">
      <property name="0" value="26, 4, 38" />
    </property>
    <property class="TraderOnOff">
      <property name="0" value="14, 1, 31" />
    </property>
    <property class="challenge_barrels">
      <property name="0" value="22, 1, 14" />
    </property>
    <property class="challenge_sinks">
      <property name="0" value="12, 2, 33" />
      <property name="1" value="16, 2, 33" />
      <property name="2" value="12, 1, 36" />
      <property name="3" value="16, 1, 36" />
    </property>
    <property class="FetchContainer">
      <property name="0" value="24, 8, 11" />
    </property>
    <property class="challenge_vending">
      <property name="0" value="23, 1, 18" />
    </property>
  </property>
</prefab>