﻿<?xml version="1.0" encoding="UTF-8"?>
<prefab>
  <property name="CopyAirBlocks" value="True" />
  <property name="AllowTopSoilDecorations" value="False" />
  <property name="TraderArea" value="False" />
  <property name="ExcludeDistantPOIMesh" value="False" />
  <property name="ExcludePOICulling" value="False" />
  <property name="QuestTags" value="clear, fetch, infested" />
  <property name="DifficultyTier" value="2" />
  <property name="Zoning" value="Commercial, Downtown, Industrial, ResidentialNew, ResidentialOld, Residential" />
  <property name="RotationToFaceNorth" value="3" />
  <property name="YOffset" value="-6" />
  <property name="DistantPOIYOffset" value="0" />
  <property name="AllowedBiomes" value="burnt_forest,snow,plains,pine_forest,forest,desert,wasteland" />
  <property name="AllowedTownships" value="city,rural,town,wilderness" />
  <property name="EditorGroups" value="Wilderness" />
  <property name="SleeperVolumeStart" value="15, 2, 47#28, 2, 45#14, 6, 46#41, 6, 46#35, 6, 59#48, 6, 21#15, 10, 45#71, 6, 21" />
  <property name="SleeperVolumeSize" value="12, 2, 13#19, 2, 14#21, 3, 16#7, 2, 14#37, 3, 18#23, 3, 38#34, 4, 18#16, 6, 41" />
  <property name="SleeperVolumeGroup" value="GroupZomSoldier,1,1,GroupAbandonedHouse,2,3,GroupGenericZombie,3,4,GroupGenericZombie,1,2,ZomBusinessman,2,3,GroupBikerBar,1,2,GroupZomSoldier,2,3,GroupGenericZombie,2,3" />
  <property name="SleeperVolumeGameStageAdjust" value="hard,hard,hard,hard,hard,hard,hard,hard,hard,hard,hard" />
  <property name="SleeperIsLootVolume" value="False,False,False,False,False,False,False,False" />
  <property name="SleeperIsBossVolume" value="False,False,False,False,False,False,False,False,False,False,False" />
  <property name="SleeperVolumeFlags" value="0,0,0,0,0,0,0,0" />
  <property name="SleeperVolumeGroupId" value="0,0,0,0,0,0,0,0" />
  <property name="ShowQuestClearCount" value="1" />
  <property name="SleeperIsQuestExclude" value="False,False,False,False,False,False,False,False" />
  <property name="PrefabSize" value="100, 18, 100" />
  <property name="Tags" value="commercial, downtown" />
  <property name="SleeperVolumeTriggeredBy" value=" # # # # # # # " />
  <property class="IndexedBlockOffsets">
    <property class="POILight">
      <property name="0" value="80, 14, 75" />
    </property>
    <property class="quest_wood">
      <property name="0" value="81, 6, 72" />
    </property>
    <property class="quest_stone">
      <property name="0" value="81, 6, 71" />
    </property>
    <property class="Rally">
      <property name="0" value="5, 6, 34" />
    </property>
    <property class="challenge_cars">
      <property name="0" value="73, 6, 72" />
    </property>
    <property class="challenge_leather">
      <property name="0" value="78, 7, 56" />
    </property>
    <property class="challenge_polymers">
      <property name="0" value="83, 6, 48" />
    </property>
    <property class="challenge_gore">
      <property name="0" value="78, 7, 43" />
    </property>
    <property class="FetchContainer">
      <property name="0" value="53, 6, 52" />
    </property>
    <property class="TraderOnOff">
      <property name="0" value="61, 6, 60" />
    </property>
    <property class="challenge_sinks">
      <property name="0" value="40, 7, 52" />
      <property name="1" value="41, 7, 52" />
      <property name="2" value="42, 7, 52" />
    </property>
    <property class="challenge_mech_parts">
      <property name="0" value="24, 2, 47" />
    </property>
  </property>
  <property class="Stats">
    <property name="TotalVertices" value="515708" />
    <property name="TotalTriangles" value="299319" />
    <property class="BlockEntities">
      <property name="Vertices" value="424535" />
      <property name="Triangles" value="216901" />
    </property>
    <property class="ChunkMeshes0">
      <property name="Vertices" value="58245" />
      <property name="Triangles" value="34354" />
    </property>
    <property class="ChunkMeshes1">
      <property name="Vertices" value="0" />
      <property name="Triangles" value="0" />
    </property>
    <property class="ChunkMeshes2">
      <property name="Vertices" value="228" />
      <property name="Triangles" value="160" />
    </property>
    <property class="ChunkMeshes3">
      <property name="Vertices" value="3768" />
      <property name="Triangles" value="1884" />
    </property>
    <property class="ChunkMeshes4">
      <property name="Vertices" value="0" />
      <property name="Triangles" value="0" />
    </property>
    <property class="ChunkMeshes5">
      <property name="Vertices" value="28932" />
      <property name="Triangles" value="46020" />
    </property>
  </property>
</prefab>