﻿<?xml version="1.0" encoding="UTF-8"?>
<prefab>
  <property name="CopyAirBlocks" value="True" />
  <property name="ExcludeDistantPOIMesh" value="False" />
  <property name="DistantPOIYOffset" value="0" />
  <property name="RotationToFaceNorth" value="2" />
  <property name="AllowTopSoilDecorations" value="False" />
  <property name="DifficultyTier" value="1" />
  <property name="TraderArea" value="False" />
  <property name="EditorGroups" value="house new" />
  <property name="YOffset" value="-1" />
  <property name="ExcludePOICulling" value="False" />
  <property name="Zoning" value="ResidentialNew" />
  <property name="AllowedTownships" value="city,town,rural,wilderness" />
  <property name="Tags" value="residential" />
  <property name="SleeperVolumeSize" value="15, 13, 20#15, 8, 11" />
  <property name="SleeperVolumeStart" value="10, 0, 2#10, 5, 2" />
  <property name="SleeperVolumeGroup" value="S_-Group_Generic_Zombie,4,5,S_Zom_FatCops,1,2" />
  <property name="SleeperVolumeGameStageAdjust" value=",medium" />
  <property name="SleeperIsLootVolume" value="False,True" />
  <property name="QuestTags" value="clear, fetch, infested" />
  <property name="SleeperVolumeGroupId" value="0,0" />
  <property name="SleeperIsBossVolume" value="False,False" />
  <property name="SleeperVolumeFlags" value="0,0" />
  <property name="ShowQuestClearCount" value="1" />
  <property name="SleeperIsQuestExclude" value="False,False" />
  <property name="PrefabSize" value="42, 14, 42" />
  <property name="SleeperVolumeTriggeredBy" value=" # " />
  <property class="Stats">
    <property name="TotalVertices" value="69419" />
    <property name="TotalTriangles" value="34444" />
    <property class="BlockEntities">
      <property name="Vertices" value="47445" />
      <property name="Triangles" value="18050" />
    </property>
    <property class="ChunkMeshes0">
      <property name="Vertices" value="15940" />
      <property name="Triangles" value="7934" />
    </property>
    <property class="ChunkMeshes1">
      <property name="Vertices" value="0" />
      <property name="Triangles" value="0" />
    </property>
    <property class="ChunkMeshes2">
      <property name="Vertices" value="64" />
      <property name="Triangles" value="32" />
    </property>
    <property class="ChunkMeshes3">
      <property name="Vertices" value="1164" />
      <property name="Triangles" value="992" />
    </property>
    <property class="ChunkMeshes4">
      <property name="Vertices" value="96" />
      <property name="Triangles" value="48" />
    </property>
    <property class="ChunkMeshes5">
      <property name="Vertices" value="0" />
      <property name="Triangles" value="0" />
    </property>
    <property class="ChunkMeshes6">
      <property name="Vertices" value="4710" />
      <property name="Triangles" value="7388" />
    </property>
  </property>
  <property class="IndexedBlockOffsets">
    <property class="quest_wood">
      <property name="0" value="17, 1, 21" />
      <property name="1" value="19, 1, 21" />
    </property>
    <property class="POILight">
      <property name="0" value="17, 3, 21" />
    </property>
    <property class="TraderOnOff">
      <property name="0" value="20, 6, 18" />
    </property>
    <property class="FetchContainer">
      <property name="0" value="19, 6, 12" />
    </property>
    <property class="Rally">
      <property name="0" value="21, 1, 1" />
    </property>
  </property>
</prefab>