﻿<?xml version="1.0" encoding="UTF-8"?>
<prefab>
  <property name="CopyAirBlocks" value="True" />
  <property name="AllowTopSoilDecorations" value="True" />
  <property name="TraderArea" value="False" />
  <property name="ExcludeDistantPOIMesh" value="False" />
  <property name="ExcludePOICulling" value="False" />
  <property name="QuestTags" value="clear, fetch" />
  <property name="DifficultyTier" value="4" />
  <property name="Zoning" value="ResidentialOld, wilderness" />
  <property name="AllowedTownships" value="wilderness" />
  <property name="AllowedBiomes" value="snow" />
  <property name="RotationToFaceNorth" value="2" />
  <property name="YOffset" value="-34" />
  <property name="DistantPOIYOffset" value="0" />
  <property name="EditorGroups" value="Wilderness" />
  <property name="SleeperVolumeStart" value="28, 2, 40#15, 34, 24#38, 17, 18#20, 9, 3#20, 2, 17#18, 2, 36#49, 3, 26#57, 4, 22#41, 4, 37#44, 34, 47#56, 4, 7#55, 28, 10" />
  <property name="SleeperVolumeSize" value="13, 12, 19#21, 4, 26#10, 15, 25#18, 12, 19#18, 6, 19#9, 11, 22#8, 17, 11#4, 3, 13#16, 3, 19#17, 5, 12#5, 7, 7#6, 5, 31" />
  <property name="SleeperVolumeGroup" value="GroupGenericZombie,6,8,GroupGenericZombie,5,6,GroupGenericZombie,5,6,GroupGenericZombie,4,5,GroupGenericZombie,6,8,GroupGenericZombie,3,4,GroupGenericZombie,3,4,GroupGenericZombie,2,2,GroupGenericZombie,3,4,GroupGenericZombie,3,4,GroupGenericZombie,3,4,ZomJanitorOnly,4,5" />
  <property name="SleeperVolumeGameStageAdjust" value=",,,,,,,,,,," />
  <property name="SleeperIsLootVolume" value="False,False,False,False,False,False,False,False,False,False,False,False" />
  <property name="SleeperIsQuestExclude" value="False,False,False,False,False,False,False,False,False,False,False,False" />
  <property name="SleeperVolumeFlags" value="0,0,0,0,0,0,2,0,0,0,0,0" />
  <property name="SleeperVolumeGroupId" value="0,0,0,0,0,0,0,0,0,0,0,0" />
  <property name="ShowQuestClearCount" value="1" />
  <property name="Tags" value="snow, wilderness" />
  <property name="POIMarkerSize" value="6, 1, 5" />
  <property name="POIMarkerStart" value="-6, 33, 34" />
  <property name="POIMarkerGroup" value="new" />
  <property name="POIMarkerTags" value="" />
  <property name="POIMarkerType" value="RoadExit" />
  <property name="POIMarkerPartToSpawn" value="" />
  <property name="POIMarkerPartRotations" value="1" />
  <property name="POIMarkerPartSpawnChance" value="1" />
  <property name="PrefabSize" value="62, 57, 63" />
  <property name="SleeperVolumeTriggeredBy" value=" # # # # # # # # # # # " />
  <property class="IndexedBlockOffsets">
    <property class="quest_wood_trees">
      <property name="0" value="58, 35, 39" />
    </property>
    <property class="quest_stone_boulder">
      <property name="0" value="51, 39, 37" />
      <property name="1" value="60, 34, 40" />
    </property>
    <property class="Rally">
      <property name="0" value="1, 35, 33" />
    </property>
    <property class="challenge_polymers">
      <property name="0" value="49, 34, 48" />
      <property name="1" value="57, 34, 48" />
      <property name="2" value="57, 34, 49" />
      <property name="3" value="57, 34, 50" />
      <property name="4" value="47, 34, 51" />
      <property name="5" value="49, 35, 53" />
    </property>
    <property class="challenge_stump">
      <property name="0" value="50, 38, 22" />
    </property>
    <property class="POILight">
      <property name="0" value="48, 36, 50" />
      <property name="1" value="54, 36, 50" />
      <property name="2" value="47, 36, 53" />
      <property name="3" value="48, 4, 55" />
    </property>
    <property class="challenge_gore">
      <property name="0" value="55, 34, 49" />
      <property name="1" value="52, 34, 54" />
    </property>
    <property class="challenge_sinks">
      <property name="0" value="49, 40, 45" />
    </property>
    <property class="challenge_steel">
      <property name="0" value="23, 34, 32" />
    </property>
    <property class="TraderOnOff">
      <property name="0" value="53, 9, 15" />
      <property name="1" value="59, 4, 23" />
    </property>
    <property class="FetchContainer">
      <property name="0" value="52, 9, 15" />
      <property name="1" value="50, 7, 19" />
    </property>
    <property class="challenge_mech_parts">
      <property name="0" value="52, 34, 56" />
    </property>
  </property>
  <property class="Stats">
    <property name="TotalVertices" value="754172" />
    <property name="TotalTriangles" value="536979" />
    <property class="BlockEntities">
      <property name="Vertices" value="524173" />
      <property name="Triangles" value="361280" />
    </property>
    <property class="ChunkMeshes0">
      <property name="Vertices" value="117479" />
      <property name="Triangles" value="72423" />
    </property>
    <property class="ChunkMeshes1">
      <property name="Vertices" value="72856" />
      <property name="Triangles" value="36428" />
    </property>
    <property class="ChunkMeshes2">
      <property name="Vertices" value="288" />
      <property name="Triangles" value="200" />
    </property>
    <property class="ChunkMeshes3">
      <property name="Vertices" value="0" />
      <property name="Triangles" value="0" />
    </property>
    <property class="ChunkMeshes4">
      <property name="Vertices" value="0" />
      <property name="Triangles" value="0" />
    </property>
    <property class="ChunkMeshes5">
      <property name="Vertices" value="39376" />
      <property name="Triangles" value="66648" />
    </property>
  </property>
</prefab>