﻿<?xml version="1.0" encoding="UTF-8"?>
<prefab>
  <property name="CopyAirBlocks" value="True" />
  <property name="AllowTopSoilDecorations" value="True" />
  <property name="TraderArea" value="False" />
  <property name="ExcludeDistantPOIMesh" value="False" />
  <property name="ExcludePOICulling" value="False" />
  <property name="DifficultyTier" value="5" />
  <property name="Zoning" value="Industrial" />
  <property name="RotationToFaceNorth" value="2" />
  <property name="YOffset" value="-28" />
  <property name="DistantPOIYOffset" value="0" />
  <property name="EditorGroups" value="industrial" />
  <property name="TraderAreaProtect" value="16, 0, 16" />
  <property name="TraderAreaTeleportSize" value="28, 30, 27" />
  <property name="TraderAreaTeleportCenter" value="1, 1, 1" />
  <property name="SleeperVolumeStart" value="12, 0, 5#12, 3, 5#12, 6, 5#12, 9, 5#12, 12, 5#12, 15, 5#12, 19, 5#12, 22, 5#12, 28, 5" />
  <property name="SleeperVolumeSize" value="35, 3, 52#35, 3, 52#35, 3, 52#35, 3, 52#35, 3, 52#35, 4, 52#35, 3, 52#35, 3, 52#35, 3, 52" />
  <property name="SleeperVolumeGroup" value="S_Zom_Utility_Worker,15,20,S_Zom_Utility_Worker,8,10,S_Zom_Utility_Worker,12,17,S_Zom_Utility_Worker,10,13,S_Zom_Spider_Only,5,7,S_Zom_Janitor_Only,7,10,S_Zom_Utility_Worker,5,7,S_Zom_HazMat_Only,4,5,S_-Group_Generic_Zombie,8,10" />
  <property name="SleeperVolumeGameStageAdjust" value=",,,,,,,," />
  <property name="SleeperIsLootVolume" value="False,False,False,False,False,False,False,False,False" />
  <property name="SleeperIsQuestExclude" value="False,False,False,False,False,False,False,False,False" />
  <property name="SleeperVolumeFlags" value="0,0,0,0,0,0,0,2,2" />
  <property name="SleeperVolumeGroupId" value="0,0,0,0,0,0,0,0,0" />
  <property name="ShowQuestClearCount" value="0" />
  <property name="PrefabSize" value="60, 36, 60" />
  <property name="Tags" value="commercial,downtown,industrial,countrytown,residential,countryresidential,rural,gateway,checkpoint" />
  <property name="SleeperVolumeTriggeredBy" value=" # # # # # # # # " />
  <property name="QuestTags" value="clear, fetch, infested" />
  <property class="IndexedBlockOffsets">
    <property class="quest_feather">
      <property name="0" value="32, 29, 24" />
      <property name="1" value="38, 33, 24" />
    </property>
    <property class="POILight">
      <property name="0" value="39, 6, 47" />
      <property name="1" value="38, 6, 51" />
    </property>
    <property class="quest_stone">
      <property name="0" value="39, 14, 46" />
      <property name="1" value="39, 14, 48" />
      <property name="2" value="31, 15, 49" />
    </property>
    <property class="Rally">
      <property name="0" value="18, 28, 3" />
    </property>
    <property class="quest_wood">
      <property name="0" value="20, 28, 6" />
    </property>
    <property class="TraderOnOff">
      <property name="0" value="35, 1, 31" />
      <property name="1" value="41, 8, 40" />
    </property>
    <property class="brBlock">
      <property name="0" value="15, 34, 12" />
    </property>
    <property class="FetchContainer">
      <property name="0" value="37, 5, 40" />
    </property>
  </property>
  <property class="Stats">
    <property name="TotalVertices" value="3052818" />
    <property name="TotalTriangles" value="1343440" />
    <property class="BlockEntities">
      <property name="Vertices" value="2680184" />
      <property name="Triangles" value="1095504" />
    </property>
    <property class="ChunkMeshes0">
      <property name="Vertices" value="336812" />
      <property name="Triangles" value="198516" />
    </property>
    <property class="ChunkMeshes1">
      <property name="Vertices" value="6600" />
      <property name="Triangles" value="3300" />
    </property>
    <property class="ChunkMeshes2">
      <property name="Vertices" value="264" />
      <property name="Triangles" value="132" />
    </property>
    <property class="ChunkMeshes3">
      <property name="Vertices" value="2056" />
      <property name="Triangles" value="1184" />
    </property>
    <property class="ChunkMeshes4">
      <property name="Vertices" value="144" />
      <property name="Triangles" value="72" />
    </property>
    <property class="ChunkMeshes5">
      <property name="Vertices" value="0" />
      <property name="Triangles" value="0" />
    </property>
    <property class="ChunkMeshes6">
      <property name="Vertices" value="26758" />
      <property name="Triangles" value="44732" />
    </property>
  </property>
</prefab>