﻿<?xml version="1.0" encoding="UTF-8"?>
<prefab>
  <property name="CopyAirBlocks" value="True" />
  <property name="AllowTopSoilDecorations" value="False" />
  <property name="TraderArea" value="False" />
  <property name="ExcludeDistantPOIMesh" value="False" />
  <property name="ExcludePOICulling" value="False" />
  <property name="QuestTags" value="clear, fetch, infested" />
  <property name="DifficultyTier" value="2" />
  <property name="Zoning" value="Commercial, Downtown, Industrial, ResidentialNew, ResidentialOld, Residential" />
  <property name="RotationToFaceNorth" value="3" />
  <property name="YOffset" value="-1" />
  <property name="DistantPOIYOffset" value="0" />
  <property name="AllowedBiomes" value="snow,plains,pine_forest,forest,desert,city" />
  <property name="AllowedTownships" value="city,rural,town,wilderness" />
  <property name="EditorGroups" value="Wilderness" />
  <property name="SleeperVolumeStart" value="19, 1, 11#11, 1, 11#11, 1, 23#19, 1, 23#8, 1, 19#11, 7, 23#19, 7, 23#19, 7, 11#11, 7, 11#11, 7, 19#11, 12, 19#11, 12, 23#19, 12, 23#19, 12, 11#11, 12, 11" />
  <property name="SleeperVolumeSize" value="7, 5, 8#7, 5, 8#7, 5, 8#7, 5, 8#18, 5, 4#7, 4, 8#7, 4, 8#7, 4, 8#7, 4, 8#15, 4, 4#15, 4, 4#7, 4, 8#7, 4, 8#7, 4, 8#7, 4, 8" />
  <property name="SleeperVolumeGroup" value="GroupGenericZombie,2,3,GroupAbandonedHouse,2,2,GroupBikerBar,2,3,GroupGhostTown,1,2,GroupGenericZombie,2,3,GroupHospital,1,2,ZomUtilityWorker,1,2,GroupGenericZombie,1,2,ZomBusinessman,1,2,GroupZomBadass,1,2,GroupGenericZombie,1,1,ZomHazMatOnly,1,1,GroupHospital,1,1,GroupGenericZombie,1,1,ZomBusinessman,1,1" />
  <property name="SleeperVolumeGameStageAdjust" value=",,,,,,,,,,,,,," />
  <property name="SleeperIsLootVolume" value="False,False,False,False,False,False,False,False,False,False,False,False,False,False,False" />
  <property name="SleeperIsBossVolume" value="False,False,False,False,False,False,False,False,False,False,False,False,False,False,False" />
  <property name="SleeperVolumeFlags" value="0,0,0,0,0,0,0,0,0,0,0,0,0,0,0" />
  <property name="SleeperVolumeGroupId" value="0,0,0,0,0,0,0,0,0,0,0,0,0,0,0" />
  <property name="ShowQuestClearCount" value="1" />
  <property name="SleeperIsQuestExclude" value="False,False,False,False,False,False,False,False,False,False,False,False,False,False,False" />
  <property name="PrefabSize" value="42, 23, 42" />
  <property name="Tags" value="residential" />
  <property name="SleeperVolumeTriggeredBy" value=" # # # # # # # # # # # # # # " />
  <property class="IndexedBlockOffsets">
    <property class="Rally">
      <property name="0" value="3, 1, 20" />
    </property>
    <property class="POILight">
      <property name="0" value="23, 5, 25" />
      <property name="1" value="23, 10, 25" />
      <property name="2" value="23, 5, 28" />
      <property name="3" value="23, 10, 28" />
      <property name="4" value="26, 4, 29" />
    </property>
    <property class="challenge_polymers">
      <property name="0" value="23, 1, 22" />
      <property name="1" value="23, 1, 25" />
      <property name="2" value="24, 7, 27" />
    </property>
    <property class="challenge_sinks">
      <property name="0" value="20, 7, 24" />
      <property name="1" value="12, 7, 28" />
      <property name="2" value="17, 8, 28" />
      <property name="3" value="17, 8, 29" />
    </property>
    <property class="challenge_leather">
      <property name="0" value="21, 1, 26" />
      <property name="1" value="22, 1, 26" />
      <property name="2" value="23, 1, 26" />
      <property name="3" value="24, 1, 26" />
    </property>
    <property class="challenge_mech_parts">
      <property name="0" value="23, 7, 27" />
    </property>
    <property class="FetchContainer">
      <property name="0" value="17, 12, 25" />
      <property name="1" value="19, 15, 25" />
    </property>
    <property class="TraderOnOff">
      <property name="0" value="23, 7, 23" />
    </property>
    <property class="challenge_cars">
      <property name="0" value="7, 1, 36" />
    </property>
  </property>
  <property class="Stats">
    <property name="TotalVertices" value="386588" />
    <property name="TotalTriangles" value="163047" />
    <property class="BlockEntities">
      <property name="Vertices" value="312497" />
      <property name="Triangles" value="120609" />
    </property>
    <property class="ChunkMeshes0">
      <property name="Vertices" value="69297" />
      <property name="Triangles" value="36566" />
    </property>
    <property class="ChunkMeshes1">
      <property name="Vertices" value="0" />
      <property name="Triangles" value="0" />
    </property>
    <property class="ChunkMeshes2">
      <property name="Vertices" value="1232" />
      <property name="Triangles" value="616" />
    </property>
    <property class="ChunkMeshes3">
      <property name="Vertices" value="192" />
      <property name="Triangles" value="96" />
    </property>
    <property class="ChunkMeshes4">
      <property name="Vertices" value="0" />
      <property name="Triangles" value="0" />
    </property>
    <property class="ChunkMeshes5">
      <property name="Vertices" value="3370" />
      <property name="Triangles" value="5160" />
    </property>
  </property>
</prefab>