﻿<?xml version="1.0" encoding="UTF-8"?>
<prefab>
  <property name="CopyAirBlocks" value="True" />
  <property name="AllowTopSoilDecorations" value="True" />
  <property name="TraderArea" value="False" />
  <property name="ExcludeDistantPOIMesh" value="False" />
  <property name="ExcludePOICulling" value="False" />
  <property name="QuestTags" value="clear, fetch" />
  <property name="DifficultyTier" value="5" />
  <property name="Zoning" value="Industrial" />
  <property name="AllowedBiomes" value="pine_forest" />
  <property name="AllowedTownships" value="city" />
  <property name="RotationToFaceNorth" value="2" />
  <property name="YOffset" value="-12" />
  <property name="DistantPOIYOffset" value="0" />
  <property name="EditorGroups" value="industrial" />
  <property name="SleeperVolumeStart" value="11, 12, 107#42, 12, 100#43, 12, 90#3, 12, 4#120, 12, 4#5, 12, 4#5, 12, 130#22, 12, 97#5, 12, 61#5, 12, 6#54, 11, 6#104, 11, 55#36, 12, 61#78, 0, 103#98, 11, 107#64, 8, 84#11, 19, 104#11, 27, 108#60, 26, 117#39, 26, 97#56, 16, 80" />
  <property name="SleeperVolumeSize" value="31, 3, 16#21, 3, 24#20, 3, 10#2, 2, 128#2, 2, 128#115, 2, 2#115, 2, 2#9, 3, 6#27, 3, 36#50, 3, 55#50, 3, 55#16, 3, 52#69, 3, 19#18, 5, 14#16, 10, 15#34, 7, 39#33, 3, 20#31, 3, 16#15, 4, 7#24, 3, 12#42, 4, 19" />
  <property name="SleeperVolumeGroup" value="ZomBusinessman,10,12,ZomUtilityWorker,5,6,GroupLabWorker,5,6,GroupZomBadass,0,0,GroupZomBadass,0,0,GroupZomBadass,0,0,GroupZomBadass,0,0,GroupZomBadass,5,8,GroupGenericZombie,8,9,GroupZomSoldier,10,12,GroupZomSoldier,10,12,GroupZomSoldier,5,7,ZomUtilityWorker,8,10,GroupZomBadassOnly,5,6,GroupZomBadassOnly,3,4,GroupLabWorker,20,24,ZomBusinessman,12,16,GroupZomBadass,6,8,GroupZomSoldier,10,14,ZomBurnt,6,7,GroupZomSoldier,6,8" />
  <property name="SleeperVolumeGameStageAdjust" value=",,,,,,,,,,,,,,,,,,,," />
  <property name="SleeperIsLootVolume" value="False,False,False,False,False,False,False,True,False,False,False,False,False,False,False,False,False,False,False,False,False" />
  <property name="SleeperIsQuestExclude" value="False,False,False,False,False,False,False,False,False,False,False,False,False,False,False,False,False,False,False,False,False" />
  <property name="SleeperVolumeFlags" value="0,0,0,2,2,2,2,2,0,0,0,0,0,0,2,0,0,0,2,0,0" />
  <property name="SleeperVolumeGroupId" value="0,0,0,1,1,1,1,1,0,0,0,0,0,0,2,2,0,0,0,0,0" />
  <property name="ShowQuestClearCount" value="3" />
  <property name="Tags" value="snow, wilderness" />
  <property name="POIMarkerSize" value="5, 13, 3#5, 13, 3" />
  <property name="POIMarkerStart" value="53, 11, -3#67, 11, -3" />
  <property name="POIMarkerGroup" value="1,2" />
  <property name="POIMarkerTags" value="#" />
  <property name="POIMarkerType" value="PartSpawn,PartSpawn" />
  <property name="POIMarkerPartToSpawn" value="part_driveway_rural_02,part_driveway_rural_02" />
  <property name="POIMarkerPartRotations" value="2,2" />
  <property name="POIMarkerPartSpawnChance" value="1,1" />
  <property name="PrefabSize" value="125, 68, 135" />
  <property name="SleeperVolumeTriggeredBy" value=" # # # # # # # # # # # # # # # # # # # # " />
  <property class="IndexedBlockOffsets">
    <property class="quest_wood">
      <property name="0" value="46, 12, 4" />
      <property name="1" value="47, 12, 4" />
      <property name="2" value="48, 12, 4" />
      <property name="3" value="49, 12, 4" />
      <property name="4" value="50, 12, 4" />
      <property name="5" value="51, 12, 4" />
    </property>
    <property class="challenge_polymers">
      <property name="0" value="116, 12, 85" />
      <property name="1" value="119, 12, 91" />
      <property name="2" value="110, 12, 96" />
    </property>
    <property class="quest_wood_trees">
      <property name="0" value="109, 12, 63" />
    </property>
    <property class="challenge_mech_parts">
      <property name="0" value="110, 13, 116" />
    </property>
    <property class="quest_stone">
      <property name="0" value="111, 12, 79" />
    </property>
    <property class="challenge_gore">
      <property name="0" value="114, 12, 119" />
    </property>
    <property class="POILight">
      <property name="0" value="112, 17, 114" />
    </property>
    <property class="TraderOnOff">
      <property name="0" value="95, 2, 110" />
    </property>
    <property class="FetchContainer">
      <property name="0" value="99, 3, 112" />
    </property>
    <property class="quest_feather">
      <property name="0" value="44, 27, 112" />
    </property>
    <property class="Rally">
      <property name="0" value="51, 13, 0" />
    </property>
    <property class="challenge_sinks">
      <property name="0" value="63, 12, 91" />
      <property name="1" value="62, 12, 97" />
      <property name="2" value="63, 12, 97" />
    </property>
    <property class="challenge_steel">
      <property name="0" value="88, 22, 109" />
    </property>
  </property>
  <property class="Stats">
    <property name="TotalVertices" value="4054293" />
    <property name="TotalTriangles" value="2508461" />
    <property class="BlockEntities">
      <property name="Vertices" value="2856854" />
      <property name="Triangles" value="1744044" />
    </property>
    <property class="ChunkMeshes0">
      <property name="Vertices" value="1086885" />
      <property name="Triangles" value="648935" />
    </property>
    <property class="ChunkMeshes1">
      <property name="Vertices" value="34752" />
      <property name="Triangles" value="17376" />
    </property>
    <property class="ChunkMeshes2">
      <property name="Vertices" value="2420" />
      <property name="Triangles" value="1210" />
    </property>
    <property class="ChunkMeshes3">
      <property name="Vertices" value="20880" />
      <property name="Triangles" value="10440" />
    </property>
    <property class="ChunkMeshes4">
      <property name="Vertices" value="0" />
      <property name="Triangles" value="0" />
    </property>
    <property class="ChunkMeshes5">
      <property name="Vertices" value="52502" />
      <property name="Triangles" value="86456" />
    </property>
  </property>
</prefab>