﻿<?xml version="1.0" encoding="UTF-8"?>
<prefab>
  <property name="CopyAirBlocks" value="True" />
  <property name="AllowTopSoilDecorations" value="True" />
  <property name="TraderArea" value="False" />
  <property name="ExcludeDistantPOIMesh" value="False" />
  <property name="ExcludePOICulling" value="False" />
  <property name="DifficultyTier" value="4" />
  <property name="Zoning" value="Commercial, downtown, Industrial, Rural" />
  <property name="RotationToFaceNorth" value="3" />
  <property name="YOffset" value="-5" />
  <property name="DistantPOIYOffset" value="0" />
  <property name="AllowedBiomes" value="burnt_forest,wasteland" />
  <property name="AllowedTownships" value="city,rural,town,wilderness" />
  <property name="EditorGroups" value="commercial, downtown, Cityblocks, rural, Wilderness, industrial" />
  <property name="TraderAreaProtect" value="16, 0, 16" />
  <property name="TraderAreaTeleportSize" value="28, 30, 27" />
  <property name="TraderAreaTeleportCenter" value="1, 1, 1" />
  <property name="SleeperVolumeStart" value="32, 6, 55#45, 11, 56#44, 6, 58#32, 6, 35#45, 11, 39#36, 18, 41#33, 11, 48#41, 18, 50#43, 18, 35#77, 6, 14#61, 6, 35#61, 6, 72#29, 6, 66#46, 6, 42#47, 7, 38#33, 11, 47#33, 11, 36#44, 6, 55" />
  <property name="SleeperVolumeSize" value="12, 4, 11#1, 2, 2#17, 5, 8#29, 3, 20#1, 2, 2#8, 4, 7#13, 4, 19#15, 3, 5#13, 6, 15#6, 2, 21#21, 4, 37#22, 2, 15#32, 4, 21#8, 3, 3#5, 3, 1#10, 3, 1#13, 3, 10#17, 3, 3" />
  <property name="SleeperVolumeGroup" value="S_-Group_Generic_Zombie,4,5,S_Zom_Spider_Only,2,2,S_Zom_HazMat_Only,2,7,S_-_Group_Zom_Soldier,8,10,S_-Group_Generic_Zombie,2,2,S_Zom_Burnt,4,7,S_-Group_Generic_Zombie,4,5,S_-_Group_Zom_Badass_Only,3,4,S_Zom_Utility_Worker,5,6,S_-Group_Generic_Zombie,1,1,S_-_Group_Hospital,5,6,S_Zom_Utility_Worker,2,3,S_-Group_Generic_Zombie,3,5,S_-_Group_Abandoned_House,1,2,S_-Group_Generic_Zombie,0,0,S_Zom_Burnt,0,0,S_-Group_Generic_Zombie,1,3,S_-Group_Generic_Zombie,1,2" />
  <property name="SleeperVolumeGameStageAdjust" value=",,,,,,,,,,,,,,,,," />
  <property name="SleeperIsLootVolume" value="True,True,True,False,True,True,True,True,True,True,True,True,True,True,False,False,False,False" />
  <property name="SleeperIsQuestExclude" value="False,False,False,False,False,False,False,False,False,False,False,False,False,False,False,False,False,False" />
  <property name="SleeperVolumeFlags" value="0,2,2,0,2,2,0,0,2,2,2,2,2,2,2,2,0,2" />
  <property name="SleeperVolumeGroupId" value="0,1,0,0,11,14,0,0,0,0,0,0,0,25,11,14,0,1" />
  <property name="ShowQuestClearCount" value="0" />
  <property name="PrefabSize" value="100, 24, 100" />
  <property name="Tags" value="downtown,industrial,rural" />
  <property name="SleeperVolumeTriggeredBy" value=" # # # # # # # # # # # # # # # # # " />
  <property name="QuestTags" value="clear, fetch, infested" />
  <property class="IndexedBlockOffsets">
    <property class="POILight">
      <property name="0" value="83, 13, 66" />
    </property>
    <property class="Rally">
      <property name="0" value="12, 5, 79" />
    </property>
    <property class="quest_wood">
      <property name="0" value="22, 4, 28" />
    </property>
    <property class="quest_feather">
      <property name="0" value="81, 6, 66" />
    </property>
    <property class="quest_stone_boulder">
      <property name="0" value="51, 7, 34" />
      <property name="1" value="50, 8, 37" />
      <property name="2" value="54, 12, 37" />
      <property name="3" value="53, 11, 39" />
      <property name="4" value="51, 9, 40" />
    </property>
    <property class="TraderOnOff">
      <property name="0" value="46, 18, 51" />
    </property>
    <property class="FetchContainer">
      <property name="0" value="52, 18, 45" />
    </property>
    <property class="quest_wood_trees">
      <property name="0" value="81, 6, 67" />
    </property>
  </property>
  <property class="Stats">
    <property name="TotalVertices" value="1131424" />
    <property name="TotalTriangles" value="613319" />
    <property class="BlockEntities">
      <property name="Vertices" value="915853" />
      <property name="Triangles" value="433783" />
    </property>
    <property class="ChunkMeshes0">
      <property name="Vertices" value="177603" />
      <property name="Triangles" value="125268" />
    </property>
    <property class="ChunkMeshes1">
      <property name="Vertices" value="0" />
      <property name="Triangles" value="0" />
    </property>
    <property class="ChunkMeshes2">
      <property name="Vertices" value="0" />
      <property name="Triangles" value="0" />
    </property>
    <property class="ChunkMeshes3">
      <property name="Vertices" value="6360" />
      <property name="Triangles" value="4128" />
    </property>
    <property class="ChunkMeshes4">
      <property name="Vertices" value="408" />
      <property name="Triangles" value="204" />
    </property>
    <property class="ChunkMeshes5">
      <property name="Vertices" value="0" />
      <property name="Triangles" value="0" />
    </property>
    <property class="ChunkMeshes6">
      <property name="Vertices" value="31200" />
      <property name="Triangles" value="49936" />
    </property>
  </property>
</prefab>