﻿<?xml version="1.0" encoding="UTF-8"?>
<prefab>
  <property name="CopyAirBlocks" value="True" />
  <property name="AllowTopSoilDecorations" value="False" />
  <property name="TraderArea" value="False" />
  <property name="ExcludeDistantPOIMesh" value="False" />
  <property name="ExcludePOICulling" value="False" />
  <property name="QuestTags" value="clear, fetch, infested" />
  <property name="DifficultyTier" value="5" />
  <property name="Zoning" value="Commercial, Downtown, Industrial, ResidentialNew, ResidentialOld, Residential" />
  <property name="RotationToFaceNorth" value="2" />
  <property name="YOffset" value="-1" />
  <property name="DistantPOIYOffset" value="0" />
  <property name="AllowedBiomes" value="burnt_forest,snow,plains,pine_forest,forest,desert,wasteland" />
  <property name="AllowedTownships" value="city,rural,town" />
  <property name="EditorGroups" value="Wilderness" />
  <property name="SleeperVolumeStart" value="3, 1, 9#3, 7, 9#3, 13, 9#3, 19, 9#3, 25, 9#3, 31, 9" />
  <property name="SleeperVolumeSize" value="36, 3, 30#35, 3, 31#35, 3, 30#35, 3, 30#35, 3, 30#35, 3, 30" />
  <property name="SleeperVolumeGroup" value="GroupGenericZombie,10,15,GroupGenericZombie,15,20,GroupGenericZombie,15,20,GroupGenericZombie,15,20,GroupGenericZombie,15,20,GroupZomBadass,15,20" />
  <property name="SleeperVolumeGameStageAdjust" value=",,,,,,,," />
  <property name="SleeperIsLootVolume" value="False,False,False,False,False,False" />
  <property name="SleeperIsBossVolume" value="False,False,False,False,False,False,False,False,False" />
  <property name="SleeperVolumeFlags" value="0,0,0,0,0,0" />
  <property name="SleeperVolumeGroupId" value="0,0,0,0,0,0" />
  <property name="ShowQuestClearCount" value="1" />
  <property name="SleeperIsQuestExclude" value="False,False,False,False,False,False" />
  <property name="PrefabSize" value="42, 40, 42" />
  <property name="Tags" value="commercial, downtown" />
  <property name="SleeperVolumeTriggeredBy" value=" # # # # # " />
  <property class="IndexedBlockOffsets">
    <property class="quest_feather">
      <property name="0" value="29, 38, 31" />
    </property>
    <property class="FetchContainer">
      <property name="0" value="38, 20, 23" />
    </property>
    <property class="challenge_sinks">
      <property name="0" value="28, 26, 38" />
      <property name="1" value="28, 32, 38" />
      <property name="2" value="29, 20, 38" />
    </property>
    <property class="POILight">
      <property name="0" value="37, 11, 29" />
      <property name="1" value="37, 17, 29" />
      <property name="2" value="37, 23, 29" />
      <property name="3" value="37, 29, 29" />
      <property name="4" value="37, 35, 29" />
      <property name="5" value="37, 5, 33" />
      <property name="6" value="37, 11, 33" />
      <property name="7" value="37, 17, 33" />
      <property name="8" value="37, 23, 33" />
      <property name="9" value="37, 29, 33" />
    </property>
    <property class="challenge_gore">
      <property name="0" value="37, 1, 11" />
      <property name="1" value="37, 1, 12" />
      <property name="2" value="37, 1, 13" />
      <property name="3" value="37, 1, 14" />
    </property>
    <property class="challenge_officechairs">
      <property name="0" value="8, 13, 26" />
    </property>
    <property class="TraderOnOff">
      <property name="0" value="13, 7, 23" />
      <property name="1" value="13, 13, 23" />
      <property name="2" value="13, 19, 23" />
      <property name="3" value="13, 25, 23" />
      <property name="4" value="13, 31, 23" />
      <property name="5" value="15, 7, 25" />
      <property name="6" value="15, 13, 25" />
      <property name="7" value="15, 19, 25" />
      <property name="8" value="15, 25, 25" />
      <property name="9" value="15, 31, 25" />
      <property name="10" value="17, 7, 25" />
      <property name="11" value="17, 13, 25" />
      <property name="12" value="17, 19, 25" />
      <property name="13" value="17, 25, 25" />
      <property name="14" value="17, 31, 25" />
      <property name="15" value="19, 7, 25" />
      <property name="16" value="19, 13, 25" />
      <property name="17" value="19, 19, 25" />
      <property name="18" value="19, 25, 25" />
      <property name="19" value="19, 31, 25" />
    </property>
    <property class="Rally">
      <property name="0" value="26, 1, 7" />
    </property>
    <property class="challenge_cars">
      <property name="0" value="26, 1, 11" />
      <property name="1" value="33, 1, 11" />
    </property>
    <property class="challenge_pallet">
      <property name="0" value="30, 1, 13" />
      <property name="1" value="31, 1, 13" />
      <property name="2" value="31, 2, 13" />
    </property>
  </property>
  <property class="Stats">
    <property name="TotalVertices" value="1192723" />
    <property name="TotalTriangles" value="487962" />
    <property class="BlockEntities">
      <property name="Vertices" value="1001768" />
      <property name="Triangles" value="386412" />
    </property>
    <property class="ChunkMeshes0">
      <property name="Vertices" value="183273" />
      <property name="Triangles" value="93492" />
    </property>
    <property class="ChunkMeshes1">
      <property name="Vertices" value="0" />
      <property name="Triangles" value="0" />
    </property>
    <property class="ChunkMeshes2">
      <property name="Vertices" value="5078" />
      <property name="Triangles" value="3854" />
    </property>
    <property class="ChunkMeshes3">
      <property name="Vertices" value="0" />
      <property name="Triangles" value="0" />
    </property>
    <property class="ChunkMeshes4">
      <property name="Vertices" value="0" />
      <property name="Triangles" value="0" />
    </property>
    <property class="ChunkMeshes5">
      <property name="Vertices" value="2604" />
      <property name="Triangles" value="4204" />
    </property>
  </property>
</prefab>