﻿<?xml version="1.0" encoding="UTF-8"?>
<prefab>
  <property name="CopyAirBlocks" value="True" />
  <property name="AllowTopSoilDecorations" value="True" />
  <property name="TraderArea" value="False" />
  <property name="ExcludeDistantPOIMesh" value="False" />
  <property name="ExcludePOICulling" value="False" />
  <property name="QuestTags" value="clear, fetch, infested" />
  <property name="DifficultyTier" value="5" />
  <property name="Zoning" value="Industrial, Residential" />
  <property name="RotationToFaceNorth" value="2" />
  <property name="YOffset" value="-1" />
  <property name="DistantPOIYOffset" value="0" />
  <property name="AllowedBiomes" value="burnt_forest,snow,pine_forest,desert,wasteland" />
  <property name="AllowedTownships" value="city" />
  <property name="EditorGroups" value="industrial" />
  <property name="SleeperVolumeStart" value="1, 1, 8#25, 1, 59#25, -7, 48#28, -1, 34#25, 1, 13#25, 12, 13#44, 12, 13#25, 12, 34#27, 19, 13#5, 7, 12#27, 27, 13#25, 14, 59#1, 0, 82#44, 19, 13" />
  <property name="SleeperVolumeSize" value="24, 6, 74#38, 13, 23#36, 19, 11#35, 13, 25#47, 11, 21#19, 7, 20#19, 7, 21#38, 17, 25#17, 8, 21#20, 8, 70#36, 6, 21#38, 7, 23#99, 11, 16#19, 8, 21" />
  <property name="SleeperVolumeGroup" value="GroupGenericZombie,3,7,GroupGenericZombie,3,12,GroupGenericZombie,3,8,GroupGenericZombie,5,12,GroupGenericZombie,4,12,GroupGenericZombie,2,6,GroupGenericZombie,2,5,GroupGenericZombie,7,14,GroupGenericZombie,3,7,GroupGenericZombie,3,8,GroupGenericZombie,3,6,GroupGenericZombie,2,5,GroupGenericZombie,1,2,GroupGenericZombie,3,9" />
  <property name="SleeperVolumeGameStageAdjust" value=",,,,,,,,,,,,," />
  <property name="SleeperIsLootVolume" value="False,False,False,False,False,False,False,False,False,False,False,False,False,False" />
  <property name="SleeperIsQuestExclude" value="False,False,False,False,False,False,False,False,False,False,False,False,False,False" />
  <property name="SleeperVolumeFlags" value="0,0,0,0,0,0,0,0,0,0,0,0,0,0" />
  <property name="SleeperVolumeGroupId" value="0,0,0,0,0,0,0,0,0,0,0,0,0,0" />
  <property name="ShowQuestClearCount" value="0" />
  <property name="PrefabSize" value="100, 31, 100" />
  <property name="Tags" value="industrial, rural" />
  <property name="SleeperVolumeTriggeredBy" value=" # # # # # # # # # # # # # " />
  <property class="IndexedBlockOffsets">
    <property class="brBlock">
      <property name="0" value="66, 2, 20" />
    </property>
    <property class="challenge_gore">
      <property name="0" value="98, 2, 72" />
    </property>
    <property class="quest_feather">
      <property name="0" value="71, 1, 8" />
    </property>
    <property class="POILight">
      <property name="0" value="93, 8, 88" />
      <property name="1" value="93, 10, 88" />
      <property name="2" value="97, 10, 88" />
    </property>
    <property class="TraderOnOff">
      <property name="0" value="54, 1, 83" />
    </property>
    <property class="challenge_sinks">
      <property name="0" value="57, 1, 84" />
    </property>
    <property class="FetchContainer">
      <property name="0" value="59, 14, 56" />
    </property>
    <property class="challenge_officechairs">
      <property name="0" value="59, 8, 16" />
      <property name="1" value="54, 8, 17" />
      <property name="2" value="57, 8, 17" />
    </property>
    <property class="challenge_vending">
      <property name="0" value="55, 14, 14" />
    </property>
    <property class="challenge_cars">
      <property name="0" value="92, 1, 90" />
    </property>
    <property class="quest_wood_trees">
      <property name="0" value="94, 1, 9" />
    </property>
    <property class="Rally">
      <property name="0" value="83, 1, 5" />
    </property>
  </property>
  <property class="Stats">
    <property name="TotalVertices" value="2227226" />
    <property name="TotalTriangles" value="989672" />
    <property class="BlockEntities">
      <property name="Vertices" value="1825679" />
      <property name="Triangles" value="719767" />
    </property>
    <property class="ChunkMeshes0">
      <property name="Vertices" value="372423" />
      <property name="Triangles" value="227701" />
    </property>
    <property class="ChunkMeshes1">
      <property name="Vertices" value="0" />
      <property name="Triangles" value="0" />
    </property>
    <property class="ChunkMeshes2">
      <property name="Vertices" value="1504" />
      <property name="Triangles" value="752" />
    </property>
    <property class="ChunkMeshes3">
      <property name="Vertices" value="1944" />
      <property name="Triangles" value="972" />
    </property>
    <property class="ChunkMeshes4">
      <property name="Vertices" value="0" />
      <property name="Triangles" value="0" />
    </property>
    <property class="ChunkMeshes5">
      <property name="Vertices" value="25676" />
      <property name="Triangles" value="40480" />
    </property>
  </property>
</prefab>