﻿<?xml version="1.0" encoding="UTF-8"?>
<prefab>
  <property name="CopyAirBlocks" value="True" />
  <property name="AllowTopSoilDecorations" value="False" />
  <property name="TraderArea" value="False" />
  <property name="ExcludeDistantPOIMesh" value="False" />
  <property name="ExcludePOICulling" value="False" />
  <property name="QuestTags" value="clear, fetch, infested" />
  <property name="DifficultyTier" value="2" />
  <property name="Zoning" value="Commercial, Downtown, Residential" />
  <property name="RotationToFaceNorth" value="0" />
  <property name="YOffset" value="-2" />
  <property name="DistantPOIYOffset" value="0" />
  <property name="AllowedTownships" value="city,rural,town" />
  <property name="EditorGroups" value="commercial" />
  <property name="SleeperVolumeStart" value="12, 9, 7#13, 6, 20#11, 2, 16#17, 6, 15#12, 1, 8" />
  <property name="SleeperVolumeSize" value="21, 3, 27#22, 2, 17#23, 2, 19#16, 2, 5#21, 6, 7" />
  <property name="SleeperVolumeGroup" value="GroupGenericZombie,4,4,GroupGenericZombie,7,8,GroupGenericZombie,5,8,GroupGenericZombie,1,3,GroupGenericZombie,3,4" />
  <property name="SleeperVolumeGameStageAdjust" value=",,,,,," />
  <property name="SleeperIsLootVolume" value="False,False,False,False,False" />
  <property name="SleeperIsBossVolume" value="False,False,False,False,False,False,True" />
  <property name="SleeperVolumeFlags" value="0,0,0,0,0" />
  <property name="SleeperVolumeGroupId" value="0,0,0,0,0" />
  <property name="ShowQuestClearCount" value="1" />
  <property name="SleeperIsQuestExclude" value="False,False,False,False,False" />
  <property name="PrefabSize" value="42, 11, 42" />
  <property name="Tags" value="commercial" />
  <property name="SleeperVolumeTriggeredBy" value=" # # # # " />
  <property class="IndexedBlockOffsets">
    <property class="POILight">
      <property name="0" value="34, 5, 35" />
      <property name="1" value="23, 5, 36" />
      <property name="2" value="26, 5, 36" />
      <property name="3" value="30, 5, 36" />
    </property>
    <property class="TraderOnOff">
      <property name="0" value="27, 2, 18" />
    </property>
    <property class="challenge_sinks">
      <property name="0" value="26, 3, 21" />
      <property name="1" value="27, 3, 21" />
    </property>
    <property class="FetchContainer">
      <property name="0" value="24, 5, 9" />
    </property>
    <property class="Rally">
      <property name="0" value="5, 2, 31" />
    </property>
    <property class="challenge_pallet">
      <property name="0" value="30, 2, 12" />
      <property name="1" value="31, 2, 13" />
      <property name="2" value="31, 3, 13" />
    </property>
    <property class="challenge_officechairs">
      <property name="0" value="31, 2, 18" />
    </property>
  </property>
  <property class="Stats">
    <property name="TotalVertices" value="309172" />
    <property name="TotalTriangles" value="152896" />
    <property class="BlockEntities">
      <property name="Vertices" value="248896" />
      <property name="Triangles" value="113958" />
    </property>
    <property class="ChunkMeshes0">
      <property name="Vertices" value="52146" />
      <property name="Triangles" value="28574" />
    </property>
    <property class="ChunkMeshes1">
      <property name="Vertices" value="0" />
      <property name="Triangles" value="0" />
    </property>
    <property class="ChunkMeshes2">
      <property name="Vertices" value="2934" />
      <property name="Triangles" value="2200" />
    </property>
    <property class="ChunkMeshes3">
      <property name="Vertices" value="72" />
      <property name="Triangles" value="36" />
    </property>
    <property class="ChunkMeshes4">
      <property name="Vertices" value="0" />
      <property name="Triangles" value="0" />
    </property>
    <property class="ChunkMeshes5">
      <property name="Vertices" value="5124" />
      <property name="Triangles" value="8128" />
    </property>
  </property>
</prefab>