﻿<?xml version="1.0" encoding="UTF-8"?>
<prefab>
  <property name="CopyAirBlocks" value="True" />
  <property name="AllowTopSoilDecorations" value="True" />
  <property name="TraderArea" value="False" />
  <property name="ExcludeDistantPOIMesh" value="False" />
  <property name="ExcludePOICulling" value="False" />
  <property name="QuestTags" value="clear, fetch, infested" />
  <property name="DifficultyTier" value="2" />
  <property name="Zoning" value="Residential" />
  <property name="RotationToFaceNorth" value="2" />
  <property name="YOffset" value="-5" />
  <property name="DistantPOIYOffset" value="0" />
  <property name="AllowedBiomes" value="burnt_forest,snow,plains,pine_forest,forest,desert,city" />
  <property name="AllowedTownships" value="city,rural,town,wilderness" />
  <property name="EditorGroups" value="house new, rural" />
  <property name="SleeperVolumeStart" value="10, 5, 9#10, 0, 9#7, 5, 30#34, 4, 7#10, 11, 9" />
  <property name="SleeperVolumeSize" value="23, 4, 20#23, 4, 20#25, 6, 24#20, 6, 40#23, 5, 20" />
  <property name="SleeperVolumeGroup" value="GroupGenericZombie,3,4,GroupGenericZombie,4,5,GroupGenericZombie,5,6,GroupGenericZombie,4,5,GroupGenericZombie,5,6" />
  <property name="SleeperVolumeGameStageAdjust" value="medium,medium,200,medium,350,200,medium" />
  <property name="SleeperIsLootVolume" value="False,False,True,True,False" />
  <property name="SleeperIsBossVolume" value="False,False,False,False,False,False,False" />
  <property name="SleeperVolumeFlags" value="0,0,0,0,0" />
  <property name="SleeperVolumeGroupId" value="0,0,0,0,0" />
  <property name="ShowQuestClearCount" value="1" />
  <property name="SleeperIsQuestExclude" value="False,False,False,False,False" />
  <property name="PrefabSize" value="60, 24, 60" />
  <property name="Tags" value="countrytown, countryresidential, residential, rural" />
  <property name="SleeperVolumeTriggeredBy" value=" # # # # " />
  <property class="IndexedBlockOffsets">
    <property class="quest_wood_trees">
      <property name="0" value="47, 5, 53" />
    </property>
    <property class="quest_wood">
      <property name="0" value="49, 5, 32" />
      <property name="1" value="50, 5, 37" />
      <property name="2" value="52, 5, 39" />
      <property name="3" value="52, 5, 40" />
      <property name="4" value="50, 5, 41" />
    </property>
    <property class="POILight">
      <property name="0" value="49, 7, 32" />
      <property name="1" value="48, 5, 38" />
      <property name="2" value="48, 8, 38" />
      <property name="3" value="48, 8, 40" />
    </property>
    <property class="challenge_polymers">
      <property name="0" value="48, 6, 43" />
      <property name="1" value="46, 5, 44" />
      <property name="2" value="48, 5, 44" />
    </property>
    <property class="challenge_sinks">
      <property name="0" value="20, 5, 52" />
      <property name="1" value="22, 6, 52" />
    </property>
    <property class="TraderOnOff">
      <property name="0" value="40, 5, 33" />
      <property name="1" value="37, 5, 43" />
    </property>
    <property class="quest_feather">
      <property name="0" value="33, 10, 21" />
    </property>
    <property class="FetchContainer">
      <property name="0" value="31, 14, 18" />
      <property name="1" value="30, 4, 21" />
    </property>
    <property class="Rally">
      <property name="0" value="16, 6, 1" />
    </property>
    <property class="challenge_leather">
      <property name="0" value="30, 6, 16" />
    </property>
    <property class="challenge_steel">
      <property name="0" value="23, 3, 12" />
    </property>
    <property class="challenge_mech_parts">
      <property name="0" value="39, 5, 44" />
      <property name="1" value="44, 6, 44" />
    </property>
    <property class="challenge_cars">
      <property name="0" value="45, 5, 38" />
    </property>
    <property class="challenge_pallet">
      <property name="0" value="42, 5, 46" />
      <property name="1" value="44, 5, 46" />
    </property>
  </property>
  <property class="Stats">
    <property name="TotalVertices" value="1066160" />
    <property name="TotalTriangles" value="499258" />
    <property class="BlockEntities">
      <property name="Vertices" value="907154" />
      <property name="Triangles" value="402217" />
    </property>
    <property class="ChunkMeshes0">
      <property name="Vertices" value="142750" />
      <property name="Triangles" value="77125" />
    </property>
    <property class="ChunkMeshes1">
      <property name="Vertices" value="3840" />
      <property name="Triangles" value="1920" />
    </property>
    <property class="ChunkMeshes2">
      <property name="Vertices" value="1680" />
      <property name="Triangles" value="856" />
    </property>
    <property class="ChunkMeshes3">
      <property name="Vertices" value="1032" />
      <property name="Triangles" value="516" />
    </property>
    <property class="ChunkMeshes4">
      <property name="Vertices" value="0" />
      <property name="Triangles" value="0" />
    </property>
    <property class="ChunkMeshes5">
      <property name="Vertices" value="9704" />
      <property name="Triangles" value="16624" />
    </property>
  </property>
</prefab>