﻿<?xml version="1.0" encoding="UTF-8"?>
<prefab>
  <property name="CopyAirBlocks" value="True" />
  <property name="ExcludeDistantPOIMesh" value="False" />
  <property name="DistantPOIYOffset" value="0" />
  <property name="RotationToFaceNorth" value="2" />
  <property name="AllowTopSoilDecorations" value="False" />
  <property name="DifficultyTier" value="1" />
  <property name="TraderArea" value="False" />
  <property name="EditorGroups" value="house new" />
  <property name="YOffset" value="-1" />
  <property name="ExcludePOICulling" value="False" />
  <property name="Zoning" value="ResidentialNew" />
  <property name="AllowedTownships" value="city,town,rural,wilderness" />
  <property name="Tags" value="residential" />
  <property name="SleeperVolumeSize" value="16, 6, 16#16, 6, 16" />
  <property name="SleeperVolumeStart" value="12, 0, 8#12, 6, 8" />
  <property name="SleeperVolumeGroup" value="S_-Group_Generic_Zombie,4,8,S_-_Group_Zom_Badass,1,2" />
  <property name="SleeperVolumeGameStageAdjust" value="" />
  <property name="SleeperIsLootVolume" value="False,False" />
  <property name="QuestTags" value="clear, fetch, infested" />
  <property name="SleeperVolumeGroupId" value="0,0" />
  <property name="SleeperIsBossVolume" value="False,False" />
  <property name="SleeperVolumeFlags" value="0,0" />
  <property name="ShowQuestClearCount" value="1" />
  <property name="SleeperIsQuestExclude" value="False,False" />
  <property name="PrefabSize" value="42, 15, 42" />
  <property name="SleeperVolumeTriggeredBy" value=" # " />
  <property class="IndexedBlockOffsets">
    <property class="Rally">
      <property name="0" value="14, 1, 3" />
    </property>
    <property class="quest_wood">
      <property name="0" value="23, 1, 8" />
    </property>
    <property class="POILight">
      <property name="0" value="24, 4, 21" />
    </property>
    <property class="TraderOnOff">
      <property name="0" value="22, 3, 12" />
      <property name="1" value="24, 3, 14" />
    </property>
    <property class="FetchContainer">
      <property name="0" value="25, 7, 16" />
    </property>
  </property>
  <property class="Stats">
    <property name="TotalVertices" value="127470" />
    <property name="TotalTriangles" value="56074" />
    <property class="BlockEntities">
      <property name="Vertices" value="105892" />
      <property name="Triangles" value="40320" />
    </property>
    <property class="ChunkMeshes0">
      <property name="Vertices" value="16184" />
      <property name="Triangles" value="7882" />
    </property>
    <property class="ChunkMeshes1">
      <property name="Vertices" value="0" />
      <property name="Triangles" value="0" />
    </property>
    <property class="ChunkMeshes2">
      <property name="Vertices" value="0" />
      <property name="Triangles" value="0" />
    </property>
    <property class="ChunkMeshes3">
      <property name="Vertices" value="588" />
      <property name="Triangles" value="436" />
    </property>
    <property class="ChunkMeshes4">
      <property name="Vertices" value="96" />
      <property name="Triangles" value="48" />
    </property>
    <property class="ChunkMeshes5">
      <property name="Vertices" value="0" />
      <property name="Triangles" value="0" />
    </property>
    <property class="ChunkMeshes6">
      <property name="Vertices" value="4710" />
      <property name="Triangles" value="7388" />
    </property>
  </property>
</prefab>