﻿<?xml version="1.0" encoding="UTF-8"?>
<prefab>
  <property name="CopyAirBlocks" value="True" />
  <property name="AllowTopSoilDecorations" value="False" />
  <property name="TraderArea" value="False" />
  <property name="ExcludeDistantPOIMesh" value="False" />
  <property name="ExcludePOICulling" value="False" />
  <property name="DifficultyTier" value="1" />
  <property name="Zoning" value="NoZone, Residential" />
  <property name="RotationToFaceNorth" value="2" />
  <property name="YOffset" value="-12" />
  <property name="DistantPOIYOffset" value="0" />
  <property name="AllowedTownships" value="rural,wilderness" />
  <property name="EditorGroups" value="rural, Wilderness, out buildings, remnant, oldwest, burnt" />
  <property name="SleeperVolumeStart" value="14, 3, 16" />
  <property name="SleeperVolumeSize" value="18, 2, 16" />
  <property name="SleeperVolumeGroup" value="S_-_Group_Biker_Bar,3,4" />
  <property name="SleeperVolumeGameStageAdjust" value=",," />
  <property name="SleeperIsLootVolume" value="False" />
  <property name="SleeperIsBossVolume" value="False,False,False" />
  <property name="SleeperVolumeFlags" value="0" />
  <property name="SleeperVolumeGroupId" value="0" />
  <property name="ShowQuestClearCount" value="1" />
  <property name="SleeperIsQuestExclude" value="False" />
  <property name="PrefabSize" value="42, 14, 42" />
  <property name="Tags" value="wilderness" />
  <property name="SleeperVolumeTriggeredBy" value=" " />
  <property class="Stats">
    <property name="TotalVertices" value="137387" />
    <property name="TotalTriangles" value="101087" />
    <property class="BlockEntities">
      <property name="Vertices" value="120689" />
      <property name="Triangles" value="83211" />
    </property>
    <property class="ChunkMeshes0">
      <property name="Vertices" value="7514" />
      <property name="Triangles" value="4356" />
    </property>
    <property class="ChunkMeshes1">
      <property name="Vertices" value="0" />
      <property name="Triangles" value="0" />
    </property>
    <property class="ChunkMeshes2">
      <property name="Vertices" value="0" />
      <property name="Triangles" value="0" />
    </property>
    <property class="ChunkMeshes3">
      <property name="Vertices" value="0" />
      <property name="Triangles" value="0" />
    </property>
    <property class="ChunkMeshes4">
      <property name="Vertices" value="1232" />
      <property name="Triangles" value="616" />
    </property>
    <property class="ChunkMeshes5">
      <property name="Vertices" value="0" />
      <property name="Triangles" value="0" />
    </property>
    <property class="ChunkMeshes6">
      <property name="Vertices" value="7952" />
      <property name="Triangles" value="12904" />
    </property>
  </property>
  <property class="IndexedBlockOffsets">
    <property class="Rally">
      <property name="0" value="3, 12, 38" />
    </property>
    <property class="quest_feather">
      <property name="0" value="25, 12, 21" />
      <property name="1" value="27, 12, 21" />
      <property name="2" value="30, 12, 30" />
      <property name="3" value="22, 12, 31" />
    </property>
    <property class="quest_wood_trees">
      <property name="0" value="32, 12, 30" />
    </property>
    <property class="POILight">
      <property name="0" value="21, 4, 22" />
      <property name="1" value="21, 5, 24" />
    </property>
    <property class="quest_wood">
      <property name="0" value="29, 12, 18" />
    </property>
    <property class="TraderOnOff">
      <property name="0" value="30, 12, 18" />
    </property>
  </property>
</prefab>