﻿<?xml version="1.0" encoding="UTF-8"?>
<prefab>
  <property name="AllowedBiomes" value="pine_forest" />
  <property name="CopyAirBlocks" value="True" />
  <property name="ExcludeDistantPOIMesh" value="False" />
  <property name="ExcludePOICulling" value="False" />
  <property name="DistantPOIYOffset" value="0" />
  <property name="RotationToFaceNorth" value="2" />
  <property name="AllowTopSoilDecorations" value="True" />
  <property name="DifficultyTier" value="5" />
  <property name="TraderArea" value="False" />
  <property name="YOffset" value="-35" />
  <property name="EditorGroups" value="TV_Movie_Game" />
  <property name="SleeperVolumeSize" value="33, 11, 34#33, 3, 29#22, 3, 23#24, 2, 33#9, 4, 11#13, 3, 13#82, 2, 25#40, 3, 44#15, 5, 21#54, 8, 53#55, 4, 52#15, 6, 21" />
  <property name="SleeperVolumeStart" value="39, 23, 80#7, 35, 5#1, 36, 44#25, 21, 51#36, 17, 52#12, 36, 91#4, 26, 46#4, 14, 61#102, 36, 81#48, 40, 42#48, 36, 42#102, 42, 81" />
  <property name="SleeperVolumeGroupId" value="0,0,0,0,0,0,0,0,0,0,0,0" />
  <property name="SleeperVolumeGroup" value="GroupGenericZombie,5,10,zombieBurntFeral,5,7,GroupGenericZombie,5,10,GroupGenericZombie,8,12,GroupGenericZombie,5,6,GroupGenericZombie,5,6,GroupGenericZombie,15,20,GroupGenericZombie,20,45,GroupGenericZombie,5,6,GroupGenericZombie,60,60,GroupGenericZombie,30,45,GroupGenericZombie,5,9" />
  <property name="SleeperIsLootVolume" value="False,False,False,False,False,False,False,False,False,False,False,False" />
  <property name="SleeperIsBossVolume" value="False,False,False,False,False,False,False,False,False,False" />
  <property name="SleeperVolumeFlags" value="0,0,0,0,0,0,0,0,0,0,0,0" />
  <property name="Zoning" value="Residential, ResidentialOld" />
  <property name="AllowedTownships" value="wilderness" />
  <property name="ShowQuestClearCount" value="3" />
  <property name="SleeperIsQuestExclude" value="False,False,False,False,False,False,False,False,False,False,False,False" />
  <property name="Tags" value="wilderness, pine_forest" />
  <property name="PrefabSize" value="114, 58, 128" />
  <property name="SleeperVolumeTriggeredBy" value=" # # # # # # # # # # # " />
  <property name="QuestTags" value="pine_forest" />
  <property class="Stats">
    <property name="TotalVertices" value="4693392" />
    <property name="TotalTriangles" value="2599938" />
    <property class="BlockEntities">
      <property name="Vertices" value="3254174" />
      <property name="Triangles" value="1701958" />
    </property>
    <property class="ChunkMeshes0">
      <property name="Vertices" value="1333308" />
      <property name="Triangles" value="765600" />
    </property>
    <property class="ChunkMeshes1">
      <property name="Vertices" value="21892" />
      <property name="Triangles" value="10946" />
    </property>
    <property class="ChunkMeshes2">
      <property name="Vertices" value="6934" />
      <property name="Triangles" value="3662" />
    </property>
    <property class="ChunkMeshes3">
      <property name="Vertices" value="5664" />
      <property name="Triangles" value="2832" />
    </property>
    <property class="ChunkMeshes4">
      <property name="Vertices" value="0" />
      <property name="Triangles" value="0" />
    </property>
    <property class="ChunkMeshes5">
      <property name="Vertices" value="71420" />
      <property name="Triangles" value="114940" />
    </property>
  </property>
  <property class="IndexedBlockOffsets">
    <property class="challenge_polymers">
      <property name="0" value="96, 35, 19" />
      <property name="1" value="91, 35, 29" />
      <property name="2" value="97, 35, 29" />
    </property>
    <property class="quest_wood_trees">
      <property name="0" value="105, 35, 52" />
      <property name="1" value="105, 35, 60" />
    </property>
    <property class="challenge_mech_parts">
      <property name="0" value="63, 36, 85" />
      <property name="1" value="58, 47, 87" />
      <property name="2" value="61, 36, 89" />
      <property name="3" value="63, 36, 89" />
    </property>
    <property class="POILight">
      <property name="0" value="89, 31, 64" />
      <property name="1" value="95, 31, 64" />
      <property name="2" value="100, 35, 65" />
    </property>
    <property class="challenge_sinks">
      <property name="0" value="63, 42, 81" />
      <property name="1" value="62, 42, 83" />
      <property name="2" value="63, 42, 83" />
      <property name="3" value="64, 42, 89" />
    </property>
    <property class="challenge_gore">
      <property name="0" value="58, 26, 76" />
    </property>
    <property class="TraderOnOff">
      <property name="0" value="59, 42, 81" />
      <property name="1" value="63, 36, 81" />
      <property name="2" value="57, 47, 85" />
      <property name="3" value="62, 42, 89" />
    </property>
    <property class="challenge_leather">
      <property name="0" value="89, 35, 18" />
      <property name="1" value="89, 35, 19" />
      <property name="2" value="89, 35, 20" />
    </property>
    <property class="quest_wood">
      <property name="0" value="22, 43, 83" />
      <property name="1" value="22, 43, 87" />
    </property>
    <property class="challenge_pallet">
      <property name="0" value="58, 36, 12" />
    </property>
    <property class="challenge_cars">
      <property name="0" value="28, 35, 20" />
      <property name="1" value="29, 35, 22" />
      <property name="2" value="28, 35, 28" />
      <property name="3" value="29, 35, 30" />
    </property>
    <property class="quest_stone_boulder">
      <property name="0" value="104, 35, 72" />
      <property name="1" value="101, 35, 73" />
      <property name="2" value="94, 35, 76" />
    </property>
    <property class="QuestRestorePower">
      <property name="0" value="55, 36, 12" />
    </property>
    <property class="challenge_steel">
      <property name="0" value="48, 27, 64" />
    </property>
    <property class="quest_stone">
      <property name="0" value="44, 35, 103" />
      <property name="1" value="45, 35, 103" />
      <property name="2" value="44, 35, 104" />
      <property name="3" value="45, 35, 104" />
    </property>
  </property>
</prefab>