﻿<?xml version="1.0" encoding="UTF-8"?>
<prefab>
  <property name="CopyAirBlocks" value="True" />
  <property name="AllowTopSoilDecorations" value="True" />
  <property name="TraderArea" value="False" />
  <property name="ExcludeDistantPOIMesh" value="False" />
  <property name="ExcludePOICulling" value="False" />
  <property name="DifficultyTier" value="5" />
  <property name="RotationToFaceNorth" value="1" />
  <property name="YOffset" value="-2" />
  <property name="Zoning" value="Commercial" />
  <property name="AllowedBiomes" value="burnt_forest,wasteland" />
  <property name="AllowedTownships" value="city" />
  <property name="DistantPOIYOffset" value="0" />
  <property name="StaticSpawner.Size" value="32,2,32" />
  <property name="EditorGroups" value="Destroyed, Skyscraper" />
  <property name="SleeperVolumeStart" value="14, 47, 16#12, 43, 10#21, 43, 10#12, 42, 20#14, 39, 10#13, 38, 20#12, 34, 14#12, 30, 11#11, 26, 11#13, 22, 16#16, 18, 12#21, 18, 8#13, 14, 10#18, 11, 10#13, 10, 22#22, 11, 9#15, 7, 23#10, 6, 8#19, 7, 7#15, 2, 10" />
  <property name="SleeperVolumeSize" value="15, 4, 15#9, 3, 10#9, 3, 20#9, 5, 10#15, 3, 9#18, 4, 13#18, 4, 15#21, 4, 21#18, 4, 20#20, 4, 16#4, 3, 12#9, 3, 15#18, 4, 24#4, 3, 11#17, 4, 12#11, 3, 12#19, 3, 13#5, 4, 25#15, 4, 15#15, 5, 20" />
  <property name="SleeperVolumeGroup" value="GroupZomBadass,3,4,ZomBusinessman,3,4,GroupBikerBar,1,2,ZomBusinessman,2,3,ZomBusinessman,6,7,GroupGenericZombie,10,12,GroupZomBadass,6,7,ZomBusinessman,5,6,GroupLabWorker,10,13,ZomBusinessman,5,6,ZomBusinessman,4,5,GroupZomBadass,6,7,ZomBusinessman,6,7,ZomBusinessman,4,5,GroupGenericZombie,2,3,GroupGenericZombie,2,3,ZomBusinessman,6,7,ZomBusinessman,4,5,ZomBusinessman,4,5,GroupGenericZombie,2,3" />
  <property name="SleeperVolumeGameStageAdjust" value=",,,,,,,,,,,,,,,,,,," />
  <property name="SleeperIsLootVolume" value="False,False,False,False,False,False,False,False,False,False,False,False,False,False,False,False,False,False,False,False" />
  <property name="SleeperIsQuestExclude" value="False,False,False,False,False,False,False,False,False,False,False,False,False,False,False,False,False,False,False,False" />
  <property name="SleeperVolumeFlags" value="0,0,0,0,0,0,0,0,0,0,0,0,0,2,0,0,0,0,0,0" />
  <property name="SleeperVolumeGroupId" value="0,0,0,0,0,0,0,0,0,0,0,0,0,0,0,0,0,0,0,0" />
  <property name="ShowQuestClearCount" value="3" />
  <property name="Tags" value="wasteland, downtown, wastelanddowntown" />
  <property name="QuestTags" value="clear, fetch" />
  <property name="PrefabSize" value="42, 54, 42" />
  <property name="SleeperVolumeTriggeredBy" value=" # # # # # # # # # # # # # # # # # # # " />
  <property class="IndexedBlockOffsets">
    <property class="challenge_gore">
      <property name="0" value="21, 7, 31" />
    </property>
    <property class="POILight">
      <property name="0" value="21, 33, 21" />
      <property name="1" value="21, 51, 21" />
      <property name="2" value="22, 2, 21" />
      <property name="3" value="22, 51, 21" />
      <property name="4" value="24, 5, 21" />
      <property name="5" value="24, 29, 21" />
      <property name="6" value="24, 37, 21" />
      <property name="7" value="21, 13, 22" />
      <property name="8" value="21, 29, 22" />
      <property name="9" value="23, 13, 22" />
      <property name="10" value="24, 9, 22" />
      <property name="11" value="26, 7, 22" />
      <property name="12" value="28, 13, 22" />
      <property name="13" value="29, 7, 22" />
      <property name="14" value="28, 37, 23" />
      <property name="15" value="30, 25, 23" />
      <property name="16" value="21, 37, 24" />
      <property name="17" value="21, 41, 24" />
      <property name="18" value="23, 41, 24" />
      <property name="19" value="28, 13, 24" />
      <property name="20" value="29, 13, 24" />
      <property name="21" value="29, 17, 24" />
      <property name="22" value="22, 25, 25" />
      <property name="23" value="24, 9, 25" />
      <property name="24" value="24, 37, 25" />
      <property name="25" value="23, 13, 26" />
      <property name="26" value="25, 13, 26" />
      <property name="27" value="28, 33, 26" />
      <property name="28" value="21, 43, 27" />
      <property name="29" value="24, 21, 27" />
      <property name="30" value="24, 37, 27" />
      <property name="31" value="24, 9, 28" />
      <property name="32" value="29, 37, 28" />
      <property name="33" value="23, 13, 29" />
      <property name="34" value="25, 33, 29" />
      <property name="35" value="26, 13, 29" />
      <property name="36" value="28, 21, 29" />
      <property name="37" value="29, 33, 29" />
      <property name="38" value="22, 25, 31" />
      <property name="39" value="24, 17, 31" />
      <property name="40" value="25, 33, 31" />
      <property name="41" value="26, 17, 31" />
      <property name="42" value="27, 25, 31" />
      <property name="43" value="27, 37, 31" />
    </property>
    <property class="challenge_polymers">
      <property name="0" value="32, 7, 21" />
      <property name="1" value="31, 7, 29" />
      <property name="2" value="28, 2, 31" />
    </property>
    <property class="challenge_leather">
      <property name="0" value="26, 15, 22" />
      <property name="1" value="27, 15, 22" />
      <property name="2" value="28, 15, 22" />
      <property name="3" value="29, 15, 22" />
      <property name="4" value="27, 2, 24" />
      <property name="5" value="21, 15, 31" />
      <property name="6" value="21, 27, 31" />
      <property name="7" value="22, 15, 31" />
      <property name="8" value="22, 27, 31" />
      <property name="9" value="23, 15, 31" />
      <property name="10" value="23, 27, 31" />
      <property name="11" value="24, 27, 31" />
      <property name="12" value="25, 27, 31" />
    </property>
    <property class="challenge_mech_parts">
      <property name="0" value="23, 2, 21" />
      <property name="1" value="25, 23, 21" />
      <property name="2" value="26, 11, 21" />
      <property name="3" value="29, 11, 21" />
      <property name="4" value="22, 15, 22" />
      <property name="5" value="24, 11, 22" />
      <property name="6" value="27, 23, 22" />
      <property name="7" value="27, 43, 22" />
      <property name="8" value="22, 23, 23" />
      <property name="9" value="24, 7, 23" />
      <property name="10" value="28, 39, 24" />
      <property name="11" value="23, 11, 25" />
      <property name="12" value="23, 35, 25" />
      <property name="13" value="25, 19, 25" />
      <property name="14" value="22, 15, 26" />
      <property name="15" value="22, 23, 26" />
      <property name="16" value="24, 7, 26" />
      <property name="17" value="23, 35, 27" />
      <property name="18" value="21, 43, 28" />
      <property name="19" value="23, 11, 28" />
      <property name="20" value="23, 31, 28" />
      <property name="21" value="25, 23, 28" />
      <property name="22" value="26, 19, 28" />
      <property name="23" value="22, 23, 29" />
      <property name="24" value="24, 7, 29" />
      <property name="25" value="23, 31, 31" />
    </property>
    <property class="TraderOnOff">
      <property name="0" value="26, 35, 21" />
      <property name="1" value="27, 35, 24" />
      <property name="2" value="29, 35, 24" />
      <property name="3" value="29, 15, 28" />
      <property name="4" value="23, 23, 31" />
      <property name="5" value="25, 7, 31" />
    </property>
    <property class="challenge_pallet">
      <property name="0" value="18, 11, 12" />
      <property name="1" value="18, 12, 12" />
      <property name="2" value="18, 11, 13" />
      <property name="3" value="18, 12, 13" />
    </property>
    <property class="FetchContainer">
      <property name="0" value="21, 24, 27" />
      <property name="1" value="23, 12, 29" />
      <property name="2" value="24, 31, 31" />
    </property>
    <property class="challenge_sinks">
      <property name="0" value="23, 33, 21" />
      <property name="1" value="28, 33, 21" />
      <property name="2" value="28, 35, 21" />
      <property name="3" value="28, 36, 21" />
      <property name="4" value="29, 35, 21" />
      <property name="5" value="29, 36, 21" />
      <property name="6" value="24, 9, 23" />
      <property name="7" value="26, 47, 23" />
      <property name="8" value="27, 47, 23" />
      <property name="9" value="28, 47, 23" />
      <property name="10" value="23, 33, 25" />
      <property name="11" value="24, 9, 26" />
      <property name="12" value="27, 35, 26" />
      <property name="13" value="29, 33, 26" />
      <property name="14" value="29, 35, 26" />
      <property name="15" value="21, 4, 29" />
      <property name="16" value="21, 33, 29" />
      <property name="17" value="21, 9, 31" />
    </property>
    <property class="challenge_elec_parts">
      <property name="0" value="24, 47, 22" />
    </property>
    <property class="Rally">
      <property name="0" value="32, 2, 20" />
    </property>
    <property class="challenge_steel">
      <property name="0" value="25, 11, 31" />
    </property>
  </property>
  <property class="Stats">
    <property name="TotalVertices" value="1472840" />
    <property name="TotalTriangles" value="568680" />
    <property class="BlockEntities">
      <property name="Vertices" value="1242875" />
      <property name="Triangles" value="428207" />
    </property>
    <property class="ChunkMeshes0">
      <property name="Vertices" value="219393" />
      <property name="Triangles" value="129615" />
    </property>
    <property class="ChunkMeshes1">
      <property name="Vertices" value="0" />
      <property name="Triangles" value="0" />
    </property>
    <property class="ChunkMeshes2">
      <property name="Vertices" value="5600" />
      <property name="Triangles" value="3090" />
    </property>
    <property class="ChunkMeshes3">
      <property name="Vertices" value="0" />
      <property name="Triangles" value="0" />
    </property>
    <property class="ChunkMeshes4">
      <property name="Vertices" value="0" />
      <property name="Triangles" value="0" />
    </property>
    <property class="ChunkMeshes5">
      <property name="Vertices" value="4972" />
      <property name="Triangles" value="7768" />
    </property>
  </property>
</prefab>