﻿<?xml version="1.0" encoding="UTF-8"?>
<prefab>
  <property name="CopyAirBlocks" value="True" />
  <property name="AllowTopSoilDecorations" value="True" />
  <property name="TraderArea" value="False" />
  <property name="ExcludeDistantPOIMesh" value="False" />
  <property name="ExcludePOICulling" value="False" />
  <property name="QuestTags" value="clear, fetch" />
  <property name="DifficultyTier" value="5" />
  <property name="Zoning" value="none" />
  <property name="RotationToFaceNorth" value="2" />
  <property name="YOffset" value="-41" />
  <property name="DistantPOIYOffset" value="0" />
  <property name="AllowedBiomes" value="snow,pine_forest" />
  <property name="AllowedTownships" value="wilderness" />
  <property name="EditorGroups" value="Bunker_Mine" />
  <property name="SleeperVolumeStart" value="18, 16, 18#31, 40, 31#31, 35, 31#32, 27, 32#18, 20, 18#18, 1, 18#18, 6, 18#18, 12, 18" />
  <property name="SleeperVolumeSize" value="42, 4, 58#11, 3, 18#30, 5, 13#28, 8, 20#42, 7, 58#42, 5, 58#42, 6, 58#42, 4, 58" />
  <property name="SleeperVolumeGroup" value="GroupGenericZombie,32,38,ZomBurnt,7,8,ZomUtilityWorker,5,5,ZomHazMatOnly,3,5,GroupGenericZombie,30,40,GroupGenericZombie,20,25,GroupGenericZombie,30,40,GroupGenericZombie,30,40" />
  <property name="SleeperVolumeGameStageAdjust" value=",,,,,,," />
  <property name="SleeperIsLootVolume" value="False,False,False,False,False,False,False,False" />
  <property name="SleeperIsQuestExclude" value="False,False,False,False,False,False,False,False" />
  <property name="SleeperVolumeFlags" value="0,0,0,0,0,0,0,0" />
  <property name="SleeperVolumeGroupId" value="0,0,0,0,0,0,0,0" />
  <property name="ShowQuestClearCount" value="0" />
  <property name="POIMarkerSize" value="1, 1, 1" />
  <property name="POIMarkerStart" value="-1, 23, 40" />
  <property name="POIMarkerGroup" value="new" />
  <property name="POIMarkerTags" value="" />
  <property name="POIMarkerType" value="RoadExit" />
  <property name="POIMarkerPartToSpawn" value="" />
  <property name="POIMarkerPartRotations" value="1" />
  <property name="POIMarkerPartSpawnChance" value="1" />
  <property name="Tags" value="snow, wilderness" />
  <property name="PrefabSize" value="94, 62, 77" />
  <property name="SleeperVolumeTriggeredBy" value=" # # # # # # # " />
  <property class="IndexedBlockOffsets">
    <property class="quest_feather">
      <property name="0" value="75, 41, 53" />
    </property>
    <property class="challenge_sinks">
      <property name="0" value="74, 10, 55" />
      <property name="1" value="74, 14, 55" />
      <property name="2" value="74, 18, 55" />
      <property name="3" value="74, 22, 55" />
    </property>
    <property class="challenge_gore">
      <property name="0" value="70, 2, 54" />
      <property name="1" value="71, 2, 52" />
      <property name="2" value="74, 2, 58" />
    </property>
    <property class="POILight">
      <property name="0" value="71, 11, 53" />
      <property name="1" value="74, 11, 57" />
      <property name="2" value="71, 15, 53" />
      <property name="3" value="74, 15, 57" />
      <property name="4" value="70, 19, 58" />
      <property name="5" value="71, 19, 53" />
      <property name="6" value="74, 19, 57" />
      <property name="7" value="71, 20, 47" />
      <property name="8" value="71, 23, 53" />
      <property name="9" value="74, 23, 57" />
    </property>
    <property class="challenge_polymers">
      <property name="0" value="56, 10, 51" />
      <property name="1" value="56, 30, 49" />
      <property name="2" value="57, 35, 51" />
    </property>
    <property class="challenge_mech_parts">
      <property name="0" value="71, 21, 36" />
    </property>
    <property class="challenge_leather">
      <property name="0" value="59, 21, 34" />
      <property name="1" value="60, 21, 34" />
      <property name="2" value="61, 21, 34" />
    </property>
    <property class="challenge_steel">
      <property name="0" value="49, 18, 33" />
    </property>
    <property class="quest_wood_trees">
      <property name="0" value="70, 43, 31" />
    </property>
    <property class="challenge_pallet">
      <property name="0" value="70, 2, 58" />
    </property>
    <property class="TraderOnOff">
      <property name="0" value="70, 18, 54" />
      <property name="1" value="70, 22, 54" />
    </property>
    <property class="challenge_stump">
      <property name="0" value="64, 45, 46" />
    </property>
  </property>
  <property class="Stats">
    <property name="TotalVertices" value="3619947" />
    <property name="TotalTriangles" value="1901842" />
    <property class="BlockEntities">
      <property name="Vertices" value="3198253" />
      <property name="Triangles" value="1592604" />
    </property>
    <property class="ChunkMeshes0">
      <property name="Vertices" value="329412" />
      <property name="Triangles" value="196752" />
    </property>
    <property class="ChunkMeshes1">
      <property name="Vertices" value="24712" />
      <property name="Triangles" value="12356" />
    </property>
    <property class="ChunkMeshes2">
      <property name="Vertices" value="332" />
      <property name="Triangles" value="166" />
    </property>
    <property class="ChunkMeshes3">
      <property name="Vertices" value="9144" />
      <property name="Triangles" value="4572" />
    </property>
    <property class="ChunkMeshes4">
      <property name="Vertices" value="0" />
      <property name="Triangles" value="0" />
    </property>
    <property class="ChunkMeshes5">
      <property name="Vertices" value="58094" />
      <property name="Triangles" value="95392" />
    </property>
  </property>
</prefab>