﻿<?xml version="1.0" encoding="UTF-8"?>
<prefab>
  <property name="CopyAirBlocks" value="True" />
  <property name="ExcludeDistantPOIMesh" value="False" />
  <property name="ExcludePOICulling" value="False" />
  <property name="DistantPOIYOffset" value="0" />
  <property name="AllowTopSoilDecorations" value="True" />
  <property name="DifficultyTier" value="5" />
  <property name="ShowQuestClearCount" value="3" />
  <property name="TraderArea" value="False" />
  <property name="RotationToFaceNorth" value="0" />
  <property name="Zoning" value="none" />
  <property name="AllowedBiomes" value="snow,pine_forest,desert" />
  <property name="AllowedTownships" value="city" />
  <property name="YOffset" value="-10" />
  <property name="SleeperVolumeSize" value="23, 5, 27#43, 3, 17#19, 11, 49#29, 4, 15#5, 3, 8#15, 3, 33#16, 4, 15#12, 3, 11#11, 3, 7#11, 4, 4#16, 3, 22#8, 3, 14#4, 3, 6#15, 3, 9#6, 3, 21#5, 8, 4#11, 5, 19#5, 6, 35#12, 3, 9#12, 3, 21#15, 3, 7#6, 6, 15#11, 3, 8#11, 3, 12#19, 3, 8#18, 3, 14#15, 3, 7#13, 3, 14" />
  <property name="SleeperVolumeStart" value="31, 10, 15#10, 10, 69#71, 10, 33#25, 11, 43#54, 16, 51#55, 11, 19#55, 15, 23#58, 16, 38#36, 16, 43#47, 16, 43#47, 21, 39#62, 21, 55#55, 21, 32#55, 21, 24#64, 21, 33#54, 1, 38#59, 2, 24#70, 2, 16#58, 2, 43#77, 2, 38#74, 6, 72#72, 2, 56#78, 2, 71#78, 2, 59#58, 2, 71#53, 2, 50#56, 2, 64#47, 2, 43" />
  <property name="SleeperVolumeGroupId" value="0,0,0,1,1,0,2,2,3,3,4,4,4,4,4,5,5,0,0,0,0,7,7,7,6,6,6,0" />
  <property name="SleeperVolumeGroup" value="GroupGenericZombie,8,9,GroupHospital,4,5,GroupZomBadassOnly,14,19,GroupHospital,8,9,GroupGenericZombie,0,0,GroupHospital,14,15,GroupHospital,8,9,GroupLabWorker,5,6,GroupLabWorker,5,6,ZomBurnt,3,4,ZomBusinessman,7,8,GroupHospital,5,6,ZomBurnt,2,3,GroupHospital,6,7,GroupLabWorker,6,7,ZomBurnt,1,1,ZomUtilityWorker,10,11,GroupGenericZombie,9,10,ZomHazMatOnly,6,7,ZomHazMatOnly,14,15,ZomHazMatOnly,4,5,ZomBurnt,6,7,ZomHazMatOnly,5,6,ZomBurnt,10,11,ZomBurnt,9,10,ZomHazMatOnly,11,12,ZomBurnt,5,6,ZomHazMatOnly,9,10" />
  <property name="SleeperIsLootVolume" value="False,False,False,False,False,False,False,False,False,False,False,False,False,False,False,False,False,False,False,False,False,False,False,False,False,False,False,False" />
  <property name="SleeperIsQuestExclude" value="False,False,False,False,False,False,False,False,False,False,False,False,False,False,False,False,False,False,False,False,False,False,False,False,False,False,False,False" />
  <property name="SleeperVolumeFlags" value="0,0,2,0,0,0,0,0,0,0,0,0,0,0,0,0,0,0,0,2,0,0,0,0,0,0,0,0" />
  <property name="EditorGroups" value="Emergency Services" />
  <property name="Tags" value="desert, snow, industrial" />
  <property name="POIMarkerSize" value="7, 13, 1" />
  <property name="POIMarkerStart" value="37, 9, 100" />
  <property name="POIMarkerGroup" value="1" />
  <property name="POIMarkerTags" value="" />
  <property name="POIMarkerType" value="PartSpawn" />
  <property name="POIMarkerPartToSpawn" value="part_driveway_industrial_01" />
  <property name="POIMarkerPartRotations" value="0" />
  <property name="POIMarkerPartSpawnChance" value="1" />
  <property name="PrefabSize" value="100, 30, 100" />
  <property name="SleeperVolumeTriggeredBy" value=" # # # # # # # # # # # # # # # # # # # # # # # # # # # " />
  <property name="QuestTags" value="snow,pine_forest,desert" />
  <property class="Stats">
    <property name="TotalVertices" value="2520667" />
    <property name="TotalTriangles" value="1289589" />
    <property class="BlockEntities">
      <property name="Vertices" value="2015731" />
      <property name="Triangles" value="955540" />
    </property>
    <property class="ChunkMeshes0">
      <property name="Vertices" value="453872" />
      <property name="Triangles" value="266577" />
    </property>
    <property class="ChunkMeshes1">
      <property name="Vertices" value="0" />
      <property name="Triangles" value="0" />
    </property>
    <property class="ChunkMeshes2">
      <property name="Vertices" value="13834" />
      <property name="Triangles" value="7480" />
    </property>
    <property class="ChunkMeshes3">
      <property name="Vertices" value="0" />
      <property name="Triangles" value="0" />
    </property>
    <property class="ChunkMeshes4">
      <property name="Vertices" value="0" />
      <property name="Triangles" value="0" />
    </property>
    <property class="ChunkMeshes5">
      <property name="Vertices" value="37230" />
      <property name="Triangles" value="59992" />
    </property>
  </property>
  <property class="IndexedBlockOffsets">
    <property class="challenge_sinks">
      <property name="0" value="82, 6, 72" />
      <property name="1" value="82, 7, 72" />
      <property name="2" value="83, 6, 72" />
      <property name="3" value="83, 7, 72" />
      <property name="4" value="85, 6, 73" />
      <property name="5" value="88, 2, 75" />
      <property name="6" value="88, 3, 75" />
      <property name="7" value="88, 4, 75" />
      <property name="8" value="88, 2, 76" />
      <property name="9" value="88, 3, 76" />
      <property name="10" value="88, 4, 76" />
      <property name="11" value="88, 2, 77" />
      <property name="12" value="88, 3, 77" />
      <property name="13" value="88, 4, 77" />
      <property name="14" value="82, 6, 78" />
      <property name="15" value="83, 2, 78" />
      <property name="16" value="83, 3, 78" />
      <property name="17" value="83, 4, 78" />
      <property name="18" value="84, 2, 78" />
      <property name="19" value="84, 3, 78" />
      <property name="20" value="84, 4, 78" />
      <property name="21" value="85, 2, 78" />
      <property name="22" value="85, 3, 78" />
      <property name="23" value="85, 4, 78" />
      <property name="24" value="86, 2, 78" />
      <property name="25" value="86, 3, 78" />
      <property name="26" value="86, 4, 78" />
      <property name="27" value="87, 2, 78" />
      <property name="28" value="87, 3, 78" />
      <property name="29" value="87, 4, 78" />
    </property>
    <property class="POILight">
      <property name="0" value="83, 4, 72" />
      <property name="1" value="83, 6, 75" />
    </property>
    <property class="quest_feather">
      <property name="0" value="87, 10, 60" />
    </property>
    <property class="quest_wood_trees">
      <property name="0" value="88, 10, 84" />
    </property>
    <property class="challenge_polymers">
      <property name="0" value="88, 3, 70" />
      <property name="1" value="87, 2, 73" />
      <property name="2" value="88, 6, 77" />
    </property>
    <property class="Rally">
      <property name="0" value="26, 10, 25" />
    </property>
    <property class="challenge_mech_parts">
      <property name="0" value="86, 2, 76" />
    </property>
    <property class="TraderOnOff">
      <property name="0" value="83, 2, 71" />
    </property>
    <property class="FetchContainer">
      <property name="0" value="79, 3, 72" />
      <property name="1" value="78, 6, 78" />
    </property>
    <property class="challenge_pallet">
      <property name="0" value="51, 11, 24" />
      <property name="1" value="52, 11, 24" />
      <property name="2" value="52, 12, 24" />
    </property>
    <property class="challenge_gore">
      <property name="0" value="88, 6, 73" />
    </property>
    <property class="challenge_leather">
      <property name="0" value="60, 12, 42" />
      <property name="1" value="61, 12, 42" />
    </property>
    <property class="challenge_steel">
      <property name="0" value="69, 21, 55" />
      <property name="1" value="69, 16, 56" />
      <property name="2" value="68, 16, 58" />
    </property>
    <property class="challenge_cars">
      <property name="0" value="81, 10, 71" />
    </property>
  </property>
</prefab>