﻿<?xml version="1.0" encoding="UTF-8"?>
<prefab>
  <property name="CopyAirBlocks" value="True" />
  <property name="AllowTopSoilDecorations" value="True" />
  <property name="TraderArea" value="False" />
  <property name="ExcludeDistantPOIMesh" value="False" />
  <property name="ExcludePOICulling" value="False" />
  <property name="DifficultyTier" value="5" />
  <property name="Zoning" value="Commercial" />
  <property name="AllowedBiomes" value="snow,pine_forest,desert" />
  <property name="AllowedTownships" value="city" />
  <property name="RotationToFaceNorth" value="1" />
  <property name="YOffset" value="-2" />
  <property name="DistantPOIYOffset" value="0" />
  <property name="StaticSpawner.Size" value="32,2,32" />
  <property name="EditorGroups" value="Skyscraper" />
  <property name="SleeperVolumeStart" value="14, 2, 12#8, 6, 6#19, 6, 25#19, 6, 6#17, 10, 9#10, 10, 9#11, 11, 13#11, 14, 9#11, 14, 21#12, 19, 15#11, 18, 12#11, 23, 9#11, 23, 24#21, 27, 9#11, 27, 9#11, 31, 9#11, 31, 18#11, 31, 15#11, 35, 9#11, 35, 21#20, 35, 21#11, 39, 9#20, 39, 19#10, 39, 19#11, 43, 9#20, 43, 9#11, 47, 20#11, 47, 9" />
  <property name="SleeperVolumeSize" value="15, 4, 18#11, 4, 30#14, 4, 11#14, 4, 19#3, 4, 19#21, 4, 24#6, 3, 15#17, 4, 12#19, 4, 13#7, 3, 10#20, 5, 21#19, 4, 15#19, 4, 9#9, 4, 24#10, 4, 24#19, 4, 6#19, 4, 15#19, 4, 3#19, 4, 12#9, 4, 12#10, 4, 12#19, 4, 10#10, 4, 14#10, 4, 14#9, 4, 24#10, 4, 24#19, 10, 13#19, 10, 11" />
  <property name="SleeperVolumeGroup" value="ZomBusinessman,2,3,GroupGenericZombie,5,6,ZomBusinessman,5,6,GroupGenericZombie,4,5,GroupZomBadass,4,5,ZomBusinessman,12,17,ZomJanitorOnly,2,3,ZomBusinessman,3,4,GroupGenericZombie,4,5,GroupZomBadass,5,6,GroupGenericZombie,4,5,GroupBikerBar,3,4,GroupZomBadass,2,3,GroupBikerBar,3,4,GroupLabWorker,5,6,GroupZomBadassOnly,5,6,GroupGenericZombie,5,6,ZomHazMatOnly,1,2,GroupGenericZombie,5,6,GroupHospital,3,4,ZomBusinessman,3,4,GroupZomBadass,5,6,ZomBusinessman,3,4,ZomBusinessman,3,4,GroupZomBadass,4,5,GroupZomSoldier,5,6,GroupZomBadassOnly,5,6,GroupZomBadassOnly,2,3" />
  <property name="SleeperVolumeGameStageAdjust" value=",,,,,,,,,,,,,,,,,,,,,,,,,,," />
  <property name="SleeperIsLootVolume" value="False,False,False,False,False,False,False,False,False,False,False,False,False,False,False,False,False,False,False,False,False,False,False,False,False,False,False,False" />
  <property name="SleeperIsQuestExclude" value="False,False,False,False,False,False,False,False,False,False,False,False,False,False,False,False,False,False,False,False,False,False,False,False,False,False,False,False" />
  <property name="SleeperVolumeFlags" value="0,0,0,0,0,0,0,0,0,0,0,0,0,0,0,0,0,0,0,0,0,0,0,0,0,0,0,0" />
  <property name="SleeperVolumeGroupId" value="0,0,0,0,0,0,0,0,0,0,0,0,0,0,0,0,0,0,0,0,0,0,0,0,0,0,0,0" />
  <property name="ShowQuestClearCount" value="3" />
  <property name="Tags" value="desert, snow, downtown, pine_forest" />
  <property name="PrefabSize" value="42, 62, 42" />
  <property name="SleeperVolumeTriggeredBy" value=" # # # # # # # # # # # # # # # # # # # # # # # # # # # " />
  <property name="QuestTags" value="desert, snow, pine_forest" />
  <property class="IndexedBlockOffsets">
    <property class="POILight">
      <property name="0" value="41, 2, 41" />
    </property>
    <property class="challenge_gore">
      <property name="0" value="31, 7, 22" />
      <property name="1" value="25, 44, 30" />
      <property name="2" value="26, 47, 30" />
    </property>
    <property class="challenge_polymers">
      <property name="0" value="31, 7, 21" />
      <property name="1" value="30, 7, 25" />
      <property name="2" value="30, 7, 29" />
      <property name="3" value="27, 2, 31" />
    </property>
    <property class="challenge_leather">
      <property name="0" value="25, 15, 22" />
      <property name="1" value="26, 15, 22" />
      <property name="2" value="27, 15, 22" />
      <property name="3" value="28, 15, 22" />
      <property name="4" value="25, 43, 24" />
      <property name="5" value="26, 2, 24" />
      <property name="6" value="26, 43, 24" />
      <property name="7" value="27, 43, 24" />
      <property name="8" value="28, 43, 24" />
      <property name="9" value="26, 2, 25" />
      <property name="10" value="26, 2, 26" />
      <property name="11" value="26, 2, 27" />
      <property name="12" value="26, 2, 28" />
      <property name="13" value="21, 15, 31" />
      <property name="14" value="21, 27, 31" />
      <property name="15" value="22, 15, 31" />
      <property name="16" value="22, 27, 31" />
      <property name="17" value="23, 27, 31" />
      <property name="18" value="24, 27, 31" />
    </property>
    <property class="TraderOnOff">
      <property name="0" value="25, 35, 21" />
      <property name="1" value="26, 35, 24" />
      <property name="2" value="28, 35, 24" />
      <property name="3" value="23, 15, 25" />
      <property name="4" value="28, 15, 28" />
      <property name="5" value="22, 23, 31" />
      <property name="6" value="24, 7, 31" />
    </property>
    <property class="challenge_mech_parts">
      <property name="0" value="22, 2, 21" />
      <property name="1" value="25, 11, 21" />
      <property name="2" value="28, 11, 21" />
      <property name="3" value="21, 15, 22" />
      <property name="4" value="23, 11, 22" />
      <property name="5" value="26, 43, 22" />
      <property name="6" value="21, 23, 23" />
      <property name="7" value="23, 7, 23" />
      <property name="8" value="22, 39, 24" />
      <property name="9" value="27, 39, 24" />
      <property name="10" value="22, 11, 25" />
      <property name="11" value="22, 35, 25" />
      <property name="12" value="24, 19, 25" />
      <property name="13" value="21, 15, 26" />
      <property name="14" value="21, 23, 26" />
      <property name="15" value="23, 7, 26" />
      <property name="16" value="22, 35, 27" />
      <property name="17" value="26, 43, 27" />
      <property name="18" value="22, 11, 28" />
      <property name="19" value="22, 31, 28" />
      <property name="20" value="24, 23, 28" />
      <property name="21" value="25, 19, 28" />
      <property name="22" value="21, 23, 29" />
      <property name="23" value="23, 7, 29" />
      <property name="24" value="27, 43, 30" />
      <property name="25" value="22, 31, 31" />
    </property>
    <property class="challenge_sinks">
      <property name="0" value="22, 33, 21" />
      <property name="1" value="27, 33, 21" />
      <property name="2" value="27, 35, 21" />
      <property name="3" value="27, 36, 21" />
      <property name="4" value="28, 35, 21" />
      <property name="5" value="28, 36, 21" />
      <property name="6" value="28, 45, 22" />
      <property name="7" value="23, 9, 23" />
      <property name="8" value="25, 47, 23" />
      <property name="9" value="26, 47, 23" />
      <property name="10" value="27, 47, 23" />
      <property name="11" value="22, 33, 25" />
      <property name="12" value="23, 9, 26" />
      <property name="13" value="26, 35, 26" />
      <property name="14" value="28, 33, 26" />
      <property name="15" value="28, 35, 26" />
      <property name="16" value="26, 4, 27" />
      <property name="17" value="28, 45, 29" />
      <property name="18" value="26, 45, 31" />
    </property>
    <property class="challenge_elec_parts">
      <property name="0" value="23, 47, 22" />
    </property>
    <property class="FetchContainer">
      <property name="0" value="21, 43, 10" />
    </property>
    <property class="challenge_steel">
      <property name="0" value="24, 11, 31" />
    </property>
    <property class="Rally">
      <property name="0" value="40, 2, 23" />
    </property>
  </property>
  <property class="Stats">
    <property name="TotalVertices" value="1705345" />
    <property name="TotalTriangles" value="662059" />
    <property class="BlockEntities">
      <property name="Vertices" value="1481001" />
      <property name="Triangles" value="535496" />
    </property>
    <property class="ChunkMeshes0">
      <property name="Vertices" value="214422" />
      <property name="Triangles" value="117365" />
    </property>
    <property class="ChunkMeshes1">
      <property name="Vertices" value="0" />
      <property name="Triangles" value="0" />
    </property>
    <property class="ChunkMeshes2">
      <property name="Vertices" value="5980" />
      <property name="Triangles" value="3082" />
    </property>
    <property class="ChunkMeshes3">
      <property name="Vertices" value="0" />
      <property name="Triangles" value="0" />
    </property>
    <property class="ChunkMeshes4">
      <property name="Vertices" value="0" />
      <property name="Triangles" value="0" />
    </property>
    <property class="ChunkMeshes5">
      <property name="Vertices" value="3942" />
      <property name="Triangles" value="6116" />
    </property>
  </property>
</prefab>