﻿<?xml version="1.0" encoding="UTF-8"?>
<prefab>
  <property name="CopyAirBlocks" value="True" />
  <property name="AllowTopSoilDecorations" value="True" />
  <property name="TraderArea" value="False" />
  <property name="ExcludeDistantPOIMesh" value="False" />
  <property name="ExcludePOICulling" value="False" />
  <property name="QuestTags" value="clear, fetch, infested" />
  <property name="DifficultyTier" value="3" />
  <property name="Zoning" value="Commercial, Industrial, ResidentialNew, ResidentialOld, Residential" />
  <property name="RotationToFaceNorth" value="2" />
  <property name="YOffset" value="-8" />
  <property name="DistantPOIYOffset" value="0" />
  <property name="AllowedBiomes" value="burnt_forest,snow,plains,pine_forest,forest,desert,wasteland" />
  <property name="AllowedTownships" value="city,rural,town,wilderness" />
  <property name="EditorGroups" value="Wilderness" />
  <property name="SleeperVolumeStart" value="13, 1, 12#13, 8, 34#34, 8, 3#13, 12, 3#38, 5, 19#20, 4, 31#37, 1, 37#43, 5, 30" />
  <property name="SleeperVolumeSize" value="36, 4, 36#24, 3, 12#13, 3, 20#34, 4, 43#2, 2, 4#15, 3, 6#8, 2, 4#2, 3, 6" />
  <property name="SleeperVolumeGroup" value="ZomUtilityWorker,5,5,GroupZomBadass,2,2,ZomUtilityWorker,3,3,GroupGenericZombie,2,2,ZomUtilityWorker,3,3,ZomUtilityWorker,17,17,ZomUtilityWorker,1,1,ZomUtilityWorker,3,3" />
  <property name="SleeperVolumeGameStageAdjust" value=",,," />
  <property name="SleeperIsLootVolume" value="False,False,False,False,True,True,False,False" />
  <property name="SleeperIsQuestExclude" value="False,False,False,False,False,False,False,False" />
  <property name="SleeperVolumeFlags" value="0,0,0,0,2,2,2,2" />
  <property name="SleeperVolumeGroupId" value="0,0,0,0,1,1,1,1" />
  <property name="ShowQuestClearCount" value="0" />
  <property name="PrefabSize" value="60, 23, 60" />
  <property name="Tags" value="countrytown, industrial, rural" />
  <property name="SleeperVolumeTriggeredBy" value=" # # # # # # # " />
  <property class="IndexedBlockOffsets">
    <property class="quest_feather">
      <property name="0" value="46, 13, 21" />
    </property>
    <property class="POILight">
      <property name="0" value="34, 6, 47" />
      <property name="1" value="40, 6, 47" />
      <property name="2" value="37, 3, 49" />
      <property name="3" value="38, 6, 49" />
      <property name="4" value="42, 6, 49" />
    </property>
    <property class="Rally">
      <property name="0" value="20, 8, 10" />
    </property>
    <property class="TraderOnOff">
      <property name="0" value="31, 4, 39" />
      <property name="1" value="31, 2, 40" />
    </property>
    <property class="challenge_mech_parts">
      <property name="0" value="31, 5, 39" />
    </property>
    <property class="challenge_polymers">
      <property name="0" value="32, 1, 50" />
      <property name="1" value="32, 1, 54" />
    </property>
    <property class="challenge_gore">
      <property name="0" value="40, 12, 31" />
      <property name="1" value="44, 1, 31" />
      <property name="2" value="37, 1, 33" />
      <property name="3" value="38, 12, 38" />
      <property name="4" value="35, 1, 41" />
      <property name="5" value="30, 8, 43" />
      <property name="6" value="39, 1, 43" />
      <property name="7" value="31, 12, 45" />
      <property name="8" value="42, 12, 45" />
    </property>
    <property class="FetchContainer">
      <property name="0" value="34, 8, 47" />
    </property>
    <property class="challenge_sinks">
      <property name="0" value="34, 1, 14" />
      <property name="1" value="44, 1, 14" />
      <property name="2" value="39, 9, 15" />
      <property name="3" value="45, 9, 15" />
      <property name="4" value="34, 1, 16" />
      <property name="5" value="44, 1, 16" />
      <property name="6" value="34, 2, 19" />
      <property name="7" value="44, 2, 19" />
      <property name="8" value="34, 2, 20" />
      <property name="9" value="44, 2, 20" />
    </property>
  </property>
  <property class="Stats">
    <property name="TotalVertices" value="765858" />
    <property name="TotalTriangles" value="341883" />
    <property class="BlockEntities">
      <property name="Vertices" value="681649" />
      <property name="Triangles" value="279428" />
    </property>
    <property class="ChunkMeshes0">
      <property name="Vertices" value="68511" />
      <property name="Triangles" value="39237" />
    </property>
    <property class="ChunkMeshes1">
      <property name="Vertices" value="0" />
      <property name="Triangles" value="0" />
    </property>
    <property class="ChunkMeshes2">
      <property name="Vertices" value="3470" />
      <property name="Triangles" value="2106" />
    </property>
    <property class="ChunkMeshes3">
      <property name="Vertices" value="0" />
      <property name="Triangles" value="0" />
    </property>
    <property class="ChunkMeshes4">
      <property name="Vertices" value="0" />
      <property name="Triangles" value="0" />
    </property>
    <property class="ChunkMeshes5">
      <property name="Vertices" value="12228" />
      <property name="Triangles" value="21112" />
    </property>
  </property>
</prefab>