﻿<?xml version="1.0" encoding="UTF-8"?>
<prefab>
  <property name="CopyAirBlocks" value="True" />
  <property name="AllowTopSoilDecorations" value="True" />
  <property name="TraderArea" value="False" />
  <property name="ExcludeDistantPOIMesh" value="False" />
  <property name="ExcludePOICulling" value="False" />
  <property name="QuestTags" value="clear, fetch, infested" />
  <property name="DifficultyTier" value="2" />
  <property name="Zoning" value="downtown, none" />
  <property name="RotationToFaceNorth" value="2" />
  <property name="YOffset" value="-2" />
  <property name="DistantPOIYOffset" value="0" />
  <property name="AllowedTownships" value="rural" />
  <property name="EditorGroups" value="rural, downtown" />
  <property name="SleeperVolumeStart" value="18, 8, 24#19, 15, 26#1, 1, 5#42, 4, 25#44, 4, 44#33, 4, 44#18, 3, 24#33, 4, 33#41, 9, 26#1, 0, 45#31, 23, 26#30, 20, 24#54, 2, 36" />
  <property name="SleeperVolumeSize" value="23, 4, 27#34, 4, 19#13, 3, 32#11, 3, 10#9, 3, 6#9, 3, 6#13, 4, 27#6, 3, 5#11, 4, 22#14, 4, 9#10, 5, 15#13, 3, 19#4, 3, 10" />
  <property name="SleeperVolumeGroup" value="GroupLabWorker,2,3,GroupZomSoldier,2,2,ZomBurnt,2,2,GroupAbandonedHouse,2,2,GroupLabWorker,2,2,GroupBikerBar,2,3,GroupGhostTown,2,2,GroupHospital,2,2,GroupZomSoldier,2,2,ZomBurnt,2,2,GroupZomSoldier,2,2,GroupZomBadass,2,2,GroupGenericZombie,0,1" />
  <property name="SleeperVolumeGameStageAdjust" value=",,,,,,,,,,,," />
  <property name="SleeperIsLootVolume" value="False,True,False,False,False,False,False,False,False,False,False,False,False" />
  <property name="SleeperIsQuestExclude" value="False,False,False,False,False,False,False,False,False,False,False,False,False" />
  <property name="SleeperVolumeFlags" value="0,0,0,0,0,0,0,0,0,0,0,0,0" />
  <property name="SleeperVolumeGroupId" value="0,0,0,0,0,0,0,0,0,0,0,0,0" />
  <property name="ShowQuestClearCount" value="0" />
  <property name="PrefabSize" value="60, 29, 60" />
  <property name="Tags" value="countrytown, commercial, industrial, rural, downtown" />
  <property name="SleeperVolumeTriggeredBy" value=" # # # # # # # # # # # # " />
  <property class="IndexedBlockOffsets">
    <property class="challenge_gore">
      <property name="0" value="48, 10, 46" />
      <property name="1" value="51, 4, 47" />
    </property>
    <property class="POILight">
      <property name="0" value="49, 7, 46" />
      <property name="1" value="46, 11, 48" />
    </property>
    <property class="quest_wood_trees">
      <property name="0" value="4, 2, 36" />
      <property name="1" value="10, 2, 36" />
      <property name="2" value="10, 2, 40" />
      <property name="3" value="5, 2, 41" />
      <property name="4" value="10, 2, 44" />
      <property name="5" value="5, 2, 45" />
    </property>
    <property class="challenge_cars">
      <property name="0" value="48, 2, 20" />
    </property>
    <property class="challenge_steel">
      <property name="0" value="28, 4, 26" />
    </property>
    <property class="challenge_mech_parts">
      <property name="0" value="46, 9, 46" />
      <property name="1" value="49, 9, 46" />
    </property>
    <property class="FetchContainer">
      <property name="0" value="54, 0, 10" />
    </property>
    <property class="challenge_sinks">
      <property name="0" value="47, 5, 48" />
    </property>
    <property class="TraderOnOff">
      <property name="0" value="49, 4, 35" />
    </property>
    <property class="Rally">
      <property name="0" value="42, 2, 2" />
    </property>
    <property class="challenge_polymers">
      <property name="0" value="39, 2, 50" />
    </property>
  </property>
  <property class="Stats">
    <property name="TotalVertices" value="1766905" />
    <property name="TotalTriangles" value="819774" />
    <property class="BlockEntities">
      <property name="Vertices" value="1651917" />
      <property name="Triangles" value="741670" />
    </property>
    <property class="ChunkMeshes0">
      <property name="Vertices" value="100828" />
      <property name="Triangles" value="59414" />
    </property>
    <property class="ChunkMeshes1">
      <property name="Vertices" value="0" />
      <property name="Triangles" value="0" />
    </property>
    <property class="ChunkMeshes2">
      <property name="Vertices" value="4884" />
      <property name="Triangles" value="3094" />
    </property>
    <property class="ChunkMeshes3">
      <property name="Vertices" value="0" />
      <property name="Triangles" value="0" />
    </property>
    <property class="ChunkMeshes4">
      <property name="Vertices" value="0" />
      <property name="Triangles" value="0" />
    </property>
    <property class="ChunkMeshes5">
      <property name="Vertices" value="9276" />
      <property name="Triangles" value="15596" />
    </property>
  </property>
</prefab>