﻿<?xml version="1.0" encoding="UTF-8"?>
<prefab>
  <property name="CopyAirBlocks" value="True" />
  <property name="ExcludeDistantPOIMesh" value="False" />
  <property name="ExcludePOICulling" value="False" />
  <property name="DistantPOIYOffset" value="0" />
  <property name="AllowTopSoilDecorations" value="False" />
  <property name="DifficultyTier" value="3" />
  <property name="ShowQuestClearCount" value="1" />
  <property name="TraderArea" value="False" />
  <property name="PrefabSize" value="42, 12, 42" />
  <property name="RotationToFaceNorth" value="2" />
  <property name="SleeperVolumeSize" value="12, 7, 14#14, 7, 15#5, 3, 20#9, 8, 8#9, 7, 10#14, 8, 9#10, 4, 1#14, 3, 13" />
  <property name="SleeperVolumeStart" value="28, 2, 10#26, 2, 25#21, 2, 19#12, 2, 31#12, 2, 20#12, 2, 10#29, 2, 24#27, 2, 9" />
  <property name="SleeperVolumeGroupId" value="0,0,0,0,0,0,0,0" />
  <property name="SleeperVolumeGroup" value="S_-_Group_Hospital,9,10,S_-Group_Generic_Zombie,7,8,S_-Group_Generic_Zombie,2,3,S_-Group_Generic_Zombie,3,4,S_-Group_Generic_Zombie,5,6,S_-Group_Generic_Zombie,5,6,zombieJanitorFeral,1,2,S_-Group_Generic_Zombie,9,10" />
  <property name="SleeperIsLootVolume" value="False,False,False,False,False,False,False,False" />
  <property name="SleeperIsQuestExclude" value="False,False,False,False,False,False,False,False" />
  <property name="SleeperVolumeFlags" value="0,0,0,0,0,0,0,0" />
  <property name="SleeperVolumeTriggeredBy" value=" # # # # # # # " />
  <property name="EditorGroups" value="rural" />
  <property name="Tags" value="rural" />
  <property name="QuestTags" value="clear, fetch, restore_power, infested" />
  <property name="Zoning" value="none" />
  <property name="YOffset" value="-2" />
  <property class="Stats">
    <property name="TotalVertices" value="1033095" />
    <property name="TotalTriangles" value="423128" />
    <property class="BlockEntities">
      <property name="Vertices" value="911602" />
      <property name="Triangles" value="345564" />
    </property>
    <property class="ChunkMeshes0">
      <property name="Vertices" value="113929" />
      <property name="Triangles" value="68292" />
    </property>
    <property class="ChunkMeshes1">
      <property name="Vertices" value="1536" />
      <property name="Triangles" value="768" />
    </property>
    <property class="ChunkMeshes2">
      <property name="Vertices" value="0" />
      <property name="Triangles" value="0" />
    </property>
    <property class="ChunkMeshes3">
      <property name="Vertices" value="944" />
      <property name="Triangles" value="472" />
    </property>
    <property class="ChunkMeshes4">
      <property name="Vertices" value="24" />
      <property name="Triangles" value="12" />
    </property>
    <property class="ChunkMeshes5">
      <property name="Vertices" value="0" />
      <property name="Triangles" value="0" />
    </property>
    <property class="ChunkMeshes6">
      <property name="Vertices" value="5060" />
      <property name="Triangles" value="8020" />
    </property>
  </property>
  <property class="IndexedBlockOffsets">
    <property class="TraderOnOff">
      <property name="0" value="21, 2, 8" />
      <property name="1" value="23, 2, 19" />
    </property>
    <property class="POILight">
      <property name="0" value="21, 3, 37" />
      <property name="1" value="25, 3, 37" />
    </property>
    <property class="quest_stone">
      <property name="0" value="5, 2, 6" />
    </property>
    <property class="FetchContainer">
      <property name="0" value="34, 2, 25" />
    </property>
    <property class="Rally">
      <property name="0" value="21, 2, 2" />
    </property>
    <property class="quest_wood_trees">
      <property name="0" value="39, 3, 4" />
    </property>
  </property>
</prefab>