﻿<?xml version="1.0" encoding="UTF-8"?>
<prefab>
  <property name="CopyAirBlocks" value="True" />
  <property name="AllowTopSoilDecorations" value="True" />
  <property name="TraderArea" value="False" />
  <property name="ExcludeDistantPOIMesh" value="False" />
  <property name="ExcludePOICulling" value="False" />
  <property name="QuestTags" value="clear, fetch, infested" />
  <property name="DifficultyTier" value="1" />
  <property name="Zoning" value="Commercial, ResidentialOld, Residential" />
  <property name="RotationToFaceNorth" value="1" />
  <property name="YOffset" value="-1" />
  <property name="DistantPOIYOffset" value="0" />
  <property name="AllowedBiomes" value="burnt_forest,snow,plains,pine_forest,forest,desert,wasteland" />
  <property name="AllowedTownships" value="city,rural,town" />
  <property name="EditorGroups" value="Wilderness" />
  <property name="SleeperVolumeStart" value="8, 1, 7" />
  <property name="SleeperVolumeSize" value="33, 4, 27" />
  <property name="SleeperVolumeGroup" value="S_-Group_Generic_Zombie,4,6" />
  <property name="SleeperVolumeGameStageAdjust" value="" />
  <property name="SleeperIsLootVolume" value="False" />
  <property name="SleeperIsQuestExclude" value="False" />
  <property name="SleeperVolumeFlags" value="0" />
  <property name="SleeperVolumeGroupId" value="0" />
  <property name="ShowQuestClearCount" value="1" />
  <property name="PrefabSize" value="42, 14, 42" />
  <property name="Tags" value="commercial,downtown,countrytown" />
  <property name="SleeperVolumeTriggeredBy" value=" " />
  <property class="IndexedBlockOffsets">
    <property class="TraderOnOff">
      <property name="0" value="26, 1, 16" />
    </property>
    <property class="POILight">
      <property name="0" value="41, 10, 34" />
    </property>
    <property class="FetchContainer">
      <property name="0" value="20, 7, 13" />
      <property name="1" value="12, 0, 15" />
      <property name="2" value="13, 5, 16" />
      <property name="3" value="15, 1, 18" />
    </property>
    <property class="Rally">
      <property name="0" value="36, 1, 19" />
    </property>
  </property>
  <property class="Stats">
    <property name="TotalVertices" value="300172" />
    <property name="TotalTriangles" value="168976" />
    <property class="BlockEntities">
      <property name="Vertices" value="263781" />
      <property name="Triangles" value="142212" />
    </property>
    <property class="ChunkMeshes0">
      <property name="Vertices" value="30063" />
      <property name="Triangles" value="18928" />
    </property>
    <property class="ChunkMeshes1">
      <property name="Vertices" value="0" />
      <property name="Triangles" value="0" />
    </property>
    <property class="ChunkMeshes2">
      <property name="Vertices" value="2070" />
      <property name="Triangles" value="1152" />
    </property>
    <property class="ChunkMeshes3">
      <property name="Vertices" value="0" />
      <property name="Triangles" value="0" />
    </property>
    <property class="ChunkMeshes4">
      <property name="Vertices" value="0" />
      <property name="Triangles" value="0" />
    </property>
    <property class="ChunkMeshes5">
      <property name="Vertices" value="0" />
      <property name="Triangles" value="0" />
    </property>
    <property class="ChunkMeshes6">
      <property name="Vertices" value="4258" />
      <property name="Triangles" value="6684" />
    </property>
  </property>
</prefab>