﻿<?xml version="1.0" encoding="UTF-8"?>
<prefab>
  <property name="CopyAirBlocks" value="True" />
  <property name="ExcludeDistantPOIMesh" value="False" />
  <property name="DistantPOIYOffset" value="0" />
  <property name="RotationToFaceNorth" value="2" />
  <property name="AllowTopSoilDecorations" value="False" />
  <property name="DifficultyTier" value="2" />
  <property name="TraderArea" value="False" />
  <property name="EditorGroups" value="house new" />
  <property name="YOffset" value="-1" />
  <property name="ExcludePOICulling" value="False" />
  <property name="Zoning" value="ResidentialNew" />
  <property name="AllowedTownships" value="city,town,rural,wilderness" />
  <property name="Tags" value="residential" />
  <property name="SleeperVolumeSize" value="33, 14, 16#17, 9, 16" />
  <property name="SleeperVolumeStart" value="5, 1, 16#5, 6, 16" />
  <property name="SleeperVolumeGroup" value="S_-Group_Generic_Zombie,10,15,S_-_Group_Zom_Badass_Only,3,4" />
  <property name="SleeperVolumeGameStageAdjust" value="" />
  <property name="SleeperIsLootVolume" value="False,True" />
  <property name="QuestTags" value="clear, fetch, infested" />
  <property name="SleeperVolumeGroupId" value="0,0" />
  <property name="SleeperIsBossVolume" value="False,False" />
  <property name="SleeperVolumeFlags" value="0,0" />
  <property name="ShowQuestClearCount" value="1" />
  <property name="SleeperIsQuestExclude" value="False,False" />
  <property name="PrefabSize" value="42, 15, 42" />
  <property name="SleeperVolumeTriggeredBy" value=" # " />
  <property class="Stats">
    <property name="TotalVertices" value="143256" />
    <property name="TotalTriangles" value="67420" />
    <property class="BlockEntities">
      <property name="Vertices" value="107707" />
      <property name="Triangles" value="44275" />
    </property>
    <property class="ChunkMeshes0">
      <property name="Vertices" value="29485" />
      <property name="Triangles" value="14739" />
    </property>
    <property class="ChunkMeshes1">
      <property name="Vertices" value="0" />
      <property name="Triangles" value="0" />
    </property>
    <property class="ChunkMeshes2">
      <property name="Vertices" value="48" />
      <property name="Triangles" value="24" />
    </property>
    <property class="ChunkMeshes3">
      <property name="Vertices" value="922" />
      <property name="Triangles" value="802" />
    </property>
    <property class="ChunkMeshes4">
      <property name="Vertices" value="384" />
      <property name="Triangles" value="192" />
    </property>
    <property class="ChunkMeshes5">
      <property name="Vertices" value="0" />
      <property name="Triangles" value="0" />
    </property>
    <property class="ChunkMeshes6">
      <property name="Vertices" value="4710" />
      <property name="Triangles" value="7388" />
    </property>
  </property>
  <property class="IndexedBlockOffsets">
    <property class="quest_wood_trees">
      <property name="0" value="30, 1, 5" />
    </property>
    <property class="POILight">
      <property name="0" value="27, 4, 21" />
      <property name="1" value="33, 4, 27" />
      <property name="2" value="27, 4, 31" />
    </property>
    <property class="quest_wood">
      <property name="0" value="37, 1, 29" />
      <property name="1" value="37, 1, 31" />
    </property>
    <property class="TraderOnOff">
      <property name="0" value="33, 2, 24" />
      <property name="1" value="24, 2, 25" />
    </property>
    <property class="FetchContainer">
      <property name="0" value="19, 6, 27" />
    </property>
    <property class="Rally">
      <property name="0" value="26, 1, 3" />
    </property>
  </property>
</prefab>