﻿<?xml version="1.0" encoding="UTF-8"?>
<prefab>
  <property name="CopyAirBlocks" value="True" />
  <property name="AllowTopSoilDecorations" value="True" />
  <property name="TraderArea" value="False" />
  <property name="ExcludeDistantPOIMesh" value="False" />
  <property name="ExcludePOICulling" value="False" />
  <property name="QuestTags" value="clear, fetch, infested" />
  <property name="DifficultyTier" value="4" />
  <property name="Zoning" value="Commercial" />
  <property name="RotationToFaceNorth" value="1" />
  <property name="YOffset" value="-1" />
  <property name="DistantPOIYOffset" value="0" />
  <property name="AllowedBiomes" value="burnt_forest,snow,plains,pine_forest,forest,desert,wasteland" />
  <property name="AllowedTownships" value="city,rural,town" />
  <property name="EditorGroups" value="Wilderness" />
  <property name="SleeperVolumeStart" value="11, 4, 35#46, 1, 10#10, 1, 15#10, 1, 46#46, 1, 36#46, 1, 23#28, 2, 18#11, 3, 25#12, 2, 15#11, 7, 25#12, 7, 36#29, 7, 36#30, 1, 11#44, 2, 27#39, 7, 25" />
  <property name="SleeperVolumeSize" value="17, 2, 13#9, 3, 13#2, 3, 31#36, 3, 9#9, 3, 19#9, 4, 13#16, 2, 27#17, 4, 10#16, 5, 10#19, 2, 11#17, 2, 10#16, 3, 10#16, 3, 5#2, 2, 5#5, 2, 1" />
  <property name="SleeperVolumeGroup" value="ZomBusinessman,3,4,GroupGenericZombie,3,4,GroupGenericZombie,1,1,GroupGenericZombie,3,5,GroupGenericZombie,3,4,GroupGenericZombie,2,3,GroupGenericZombie,5,7,ZomBusinessman,2,4,ZomBusinessman,3,6,GroupGenericZombie,3,5,GroupGenericZombie,4,5,GroupGenericZombie,3,6,GroupGenericZombie,3,4,ZomSpiderOnly,2,2,ZomSpiderOnly,2,2" />
  <property name="SleeperVolumeGameStageAdjust" value=",,,,,,,,,,,,,," />
  <property name="SleeperIsLootVolume" value="False,False,False,False,False,False,False,False,False,False,False,False,False,False,False" />
  <property name="SleeperIsQuestExclude" value="False,False,False,False,False,False,False,False,False,False,False,False,False,False,False" />
  <property name="SleeperVolumeFlags" value="0,0,2,0,0,0,0,0,0,0,1,0,1,2,2" />
  <property name="SleeperVolumeGroupId" value="0,0,0,0,0,0,0,0,0,0,0,0,0,1,1" />
  <property name="ShowQuestClearCount" value="0" />
  <property name="PrefabSize" value="60, 15, 60" />
  <property name="Tags" value="commercial, downtown" />
  <property name="ThemeTags" value="bank" />
  <property name="ThemeRepeatDistance" value="300" />
  <property name="SleeperVolumeTriggeredBy" value=" # # # # # # # # # # # # # # " />
  <property class="IndexedBlockOffsets">
    <property class="challenge_officechairs">
      <property name="0" value="35, 7, 39" />
      <property name="1" value="36, 7, 39" />
      <property name="2" value="37, 7, 39" />
      <property name="3" value="38, 7, 39" />
      <property name="4" value="33, 7, 41" />
      <property name="5" value="40, 7, 41" />
      <property name="6" value="43, 2, 42" />
      <property name="7" value="32, 2, 43" />
      <property name="8" value="35, 7, 43" />
      <property name="9" value="36, 7, 43" />
      <property name="10" value="37, 7, 43" />
      <property name="11" value="38, 7, 43" />
    </property>
    <property class="POILight">
      <property name="0" value="52, 4, 31" />
      <property name="1" value="47, 4, 32" />
      <property name="2" value="49, 4, 32" />
      <property name="3" value="51, 4, 32" />
      <property name="4" value="46, 9, 42" />
    </property>
    <property class="challenge_gore">
      <property name="0" value="38, 2, 36" />
      <property name="1" value="43, 2, 44" />
    </property>
    <property class="challenge_sinks">
      <property name="0" value="17, 5, 16" />
      <property name="1" value="23, 4, 16" />
      <property name="2" value="17, 4, 18" />
      <property name="3" value="23, 5, 18" />
    </property>
    <property class="FetchContainer">
      <property name="0" value="45, 8, 43" />
    </property>
    <property class="TraderOnOff">
      <property name="0" value="53, 1, 31" />
    </property>
    <property class="Rally">
      <property name="0" value="53, 1, 53" />
    </property>
  </property>
  <property class="Stats">
    <property name="TotalVertices" value="362396" />
    <property name="TotalTriangles" value="160308" />
    <property class="BlockEntities">
      <property name="Vertices" value="292851" />
      <property name="Triangles" value="113208" />
    </property>
    <property class="ChunkMeshes0">
      <property name="Vertices" value="59229" />
      <property name="Triangles" value="31736" />
    </property>
    <property class="ChunkMeshes1">
      <property name="Vertices" value="0" />
      <property name="Triangles" value="0" />
    </property>
    <property class="ChunkMeshes2">
      <property name="Vertices" value="1688" />
      <property name="Triangles" value="844" />
    </property>
    <property class="ChunkMeshes3">
      <property name="Vertices" value="0" />
      <property name="Triangles" value="0" />
    </property>
    <property class="ChunkMeshes4">
      <property name="Vertices" value="0" />
      <property name="Triangles" value="0" />
    </property>
    <property class="ChunkMeshes5">
      <property name="Vertices" value="8628" />
      <property name="Triangles" value="14520" />
    </property>
  </property>
</prefab>