﻿<?xml version="1.0" encoding="UTF-8"?>
<prefab>
  <property name="CopyAirBlocks" value="True" />
  <property name="AllowTopSoilDecorations" value="True" />
  <property name="TraderArea" value="False" />
  <property name="ExcludeDistantPOIMesh" value="False" />
  <property name="ExcludePOICulling" value="False" />
  <property name="QuestTags" value="clear, fetch, infested" />
  <property name="AllowedBiomes" value="burnt_forest,wasteland" />
  <property name="DifficultyTier" value="2" />
  <property name="Zoning" value="none, NoZone" />
  <property name="RotationToFaceNorth" value="2" />
  <property name="YOffset" value="-4" />
  <property name="DistantPOIYOffset" value="0" />
  <property name="AllowedTownships" value="rural,wilderness" />
  <property name="EditorGroups" value="rural, Wilderness" />
  <property name="TraderAreaProtect" value="16, 0, 16" />
  <property name="TraderAreaTeleportSize" value="28, 30, 27" />
  <property name="TraderAreaTeleportCenter" value="1, 1, 1" />
  <property name="SleeperVolumeStart" value="0, 0, 0#12, 0, 0" />
  <property name="SleeperVolumeSize" value="12, 14, 29#13, 14, 29" />
  <property name="SleeperVolumeGroup" value="S_-Group_Generic_Zombie,10,10,S_-Group_Generic_Zombie,15,15" />
  <property name="SleeperVolumeGameStageAdjust" value="," />
  <property name="SleeperIsLootVolume" value="False,False" />
  <property name="SleeperIsQuestExclude" value="False,False" />
  <property name="SleeperVolumeFlags" value="0,0" />
  <property name="SleeperVolumeGroupId" value="0,0" />
  <property name="ShowQuestClearCount" value="0" />
  <property name="Tags" value="wilderness" />
  <property name="PrefabSize" value="25, 14, 29" />
  <property name="SleeperVolumeTriggeredBy" value=" # " />
  <property class="IndexedBlockOffsets">
    <property class="Rally">
      <property name="0" value="8, 4, 0" />
    </property>
    <property class="TraderOnOff">
      <property name="0" value="12, 11, 18" />
      <property name="1" value="17, 8, 19" />
      <property name="2" value="12, 11, 21" />
      <property name="3" value="17, 4, 22" />
      <property name="4" value="17, 8, 22" />
    </property>
    <property class="POILight">
      <property name="0" value="17, 4, 14" />
      <property name="1" value="12, 4, 27" />
    </property>
    <property class="FetchContainer">
      <property name="0" value="14, 10, 14" />
      <property name="1" value="14, 3, 19" />
    </property>
  </property>
  <property class="Stats">
    <property name="TotalVertices" value="623700" />
    <property name="TotalTriangles" value="257857" />
    <property class="BlockEntities">
      <property name="Vertices" value="579266" />
      <property name="Triangles" value="230121" />
    </property>
    <property class="ChunkMeshes0">
      <property name="Vertices" value="40698" />
      <property name="Triangles" value="23010" />
    </property>
    <property class="ChunkMeshes1">
      <property name="Vertices" value="0" />
      <property name="Triangles" value="0" />
    </property>
    <property class="ChunkMeshes2">
      <property name="Vertices" value="1146" />
      <property name="Triangles" value="612" />
    </property>
    <property class="ChunkMeshes3">
      <property name="Vertices" value="184" />
      <property name="Triangles" value="142" />
    </property>
    <property class="ChunkMeshes4">
      <property name="Vertices" value="216" />
      <property name="Triangles" value="108" />
    </property>
    <property class="ChunkMeshes5">
      <property name="Vertices" value="0" />
      <property name="Triangles" value="0" />
    </property>
    <property class="ChunkMeshes6">
      <property name="Vertices" value="2190" />
      <property name="Triangles" value="3864" />
    </property>
  </property>
</prefab>