﻿<?xml version="1.0" encoding="UTF-8"?>
<prefab>
  <property name="CopyAirBlocks" value="True" />
  <property name="AllowTopSoilDecorations" value="True" />
  <property name="TraderArea" value="False" />
  <property name="ExcludeDistantPOIMesh" value="False" />
  <property name="ExcludePOICulling" value="False" />
  <property name="DifficultyTier" value="5" />
  <property name="Zoning" value="Commercial, Downtown, Industrial, ResidentialNew, ResidentialOld, Residential" />
  <property name="RotationToFaceNorth" value="3" />
  <property name="YOffset" value="-7" />
  <property name="DistantPOIYOffset" value="0" />
  <property name="AllowedBiomes" value="burnt_forest,snow,plains,pine_forest,forest,desert" />
  <property name="AllowedTownships" value="city,rural,town,wilderness" />
  <property name="EditorGroups" value="Wilderness" />
  <property name="SleeperVolumeStart" value="9, 0, 10#21, 7, 9#21, 12, 8#22, 17, 9#22, 22, 9#4, 7, 10#20, 27, 8#21, 7, 21" />
  <property name="SleeperVolumeSize" value="46, 5, 44#33, 3, 45#33, 3, 47#32, 3, 45#32, 3, 45#17, 3, 44#35, 4, 48#8, 3, 9" />
  <property name="SleeperVolumeGroup" value="S_Zom_Utility_Worker,15,15,S_-Group_Generic_Zombie,12,12,S_-_Group_Hospital,18,18,S_-_Group_Lab_Worker,18,18,S_-_Group_Hospital,18,18,S_-_Group_Hospital,4,4,S_-_Group_Zom_Badass_Only,12,12,S_-_Group_Zom_Badass,4,4" />
  <property name="SleeperVolumeGameStageAdjust" value=",,,," />
  <property name="SleeperIsLootVolume" value="False,False,False,False,False,False,False,True" />
  <property name="SleeperIsBossVolume" value="False,False,False,False,False" />
  <property name="SleeperVolumeFlags" value="0,0,0,0,0,0,0,0" />
  <property name="SleeperVolumeGroupId" value="0,0,0,0,0,0,0,0" />
  <property name="ShowQuestClearCount" value="1" />
  <property name="SleeperIsQuestExclude" value="False,False,False,False,False,False,False,False" />
  <property name="PrefabSize" value="60, 31, 60" />
  <property name="Tags" value="commercial,downtown" />
  <property name="ThemeTags" value="hospital" />
  <property name="ThemeDistance" value="600" />
  <property name="SleeperVolumeTriggeredBy" value=" # # # # # # # " />
  <property name="QuestTags" value="clear, fetch, infested" />
  <property class="IndexedBlockOffsets">
    <property class="quest_stone">
      <property name="0" value="14, 7, 37" />
    </property>
    <property class="POILight">
      <property name="0" value="46, 24, 46" />
      <property name="1" value="49, 14, 46" />
      <property name="2" value="50, 24, 46" />
      <property name="3" value="51, 14, 46" />
      <property name="4" value="47, 9, 48" />
      <property name="5" value="48, 19, 48" />
      <property name="6" value="51, 9, 48" />
      <property name="7" value="51, 19, 48" />
      <property name="8" value="47, 24, 49" />
      <property name="9" value="49, 14, 49" />
      <property name="10" value="50, 24, 49" />
      <property name="11" value="51, 14, 49" />
      <property name="12" value="47, 4, 50" />
      <property name="13" value="50, 4, 50" />
      <property name="14" value="48, 19, 51" />
      <property name="15" value="51, 19, 51" />
      <property name="16" value="47, 24, 52" />
      <property name="17" value="49, 14, 52" />
      <property name="18" value="50, 8, 52" />
      <property name="19" value="50, 9, 52" />
      <property name="20" value="50, 24, 52" />
      <property name="21" value="51, 14, 52" />
      <property name="22" value="46, 14, 53" />
    </property>
    <property class="quest_feather">
      <property name="0" value="53, 28, 50" />
    </property>
    <property class="Rally">
      <property name="0" value="2, 7, 51" />
    </property>
    <property class="quest_stone_boulder">
      <property name="0" value="15, 7, 12" />
    </property>
    <property class="TraderOnOff">
      <property name="0" value="50, 22, 47" />
    </property>
    <property class="FetchContainer">
      <property name="0" value="33, 13, 49" />
    </property>
  </property>
  <property class="Stats">
    <property name="TotalVertices" value="2445649" />
    <property name="TotalTriangles" value="1055270" />
    <property class="BlockEntities">
      <property name="Vertices" value="2137381" />
      <property name="Triangles" value="864224" />
    </property>
    <property class="ChunkMeshes0">
      <property name="Vertices" value="270704" />
      <property name="Triangles" value="149534" />
    </property>
    <property class="ChunkMeshes1">
      <property name="Vertices" value="2432" />
      <property name="Triangles" value="1216" />
    </property>
    <property class="ChunkMeshes2">
      <property name="Vertices" value="1096" />
      <property name="Triangles" value="548" />
    </property>
    <property class="ChunkMeshes3">
      <property name="Vertices" value="22060" />
      <property name="Triangles" value="19228" />
    </property>
    <property class="ChunkMeshes4">
      <property name="Vertices" value="0" />
      <property name="Triangles" value="0" />
    </property>
    <property class="ChunkMeshes5">
      <property name="Vertices" value="0" />
      <property name="Triangles" value="0" />
    </property>
    <property class="ChunkMeshes6">
      <property name="Vertices" value="11976" />
      <property name="Triangles" value="20520" />
    </property>
  </property>
</prefab>