﻿<?xml version="1.0" encoding="UTF-8"?>
<prefab>
  <property name="CopyAirBlocks" value="True" />
  <property name="AllowTopSoilDecorations" value="True" />
  <property name="TraderArea" value="False" />
  <property name="ExcludeDistantPOIMesh" value="False" />
  <property name="ExcludePOICulling" value="False" />
  <property name="QuestTags" value="clear, fetch, infested" />
  <property name="DifficultyTier" value="2" />
  <property name="Zoning" value="Industrial, ResidentialNew, ResidentialOld, Residential" />
  <property name="RotationToFaceNorth" value="0" />
  <property name="YOffset" value="-5" />
  <property name="DistantPOIYOffset" value="0" />
  <property name="AllowedTownships" value="city,rural,town,wilderness" />
  <property name="EditorGroups" value="Wilderness" />
  <property name="SleeperVolumeStart" value="1, 4, 1#10, 5, 19#19, 5, 22" />
  <property name="SleeperVolumeSize" value="42, 4, 43#9, 4, 9#7, 2, 7" />
  <property name="SleeperVolumeGroup" value="S_-_Group_Zom_Soldier,9,10,S_-_Group_Zom_Soldier,4,5,S_-_Group_Zom_Soldier,4,5" />
  <property name="SleeperVolumeGameStageAdjust" value="" />
  <property name="SleeperIsLootVolume" value="False,True,True" />
  <property name="SleeperVolumeFlags" value="0,2,2" />
  <property name="SleeperVolumeGroupId" value="0,1,1" />
  <property name="ShowQuestClearCount" value="1" />
  <property name="SleeperIsQuestExclude" value="False,False,False" />
  <property name="PrefabSize" value="45, 25, 45" />
  <property name="Tags" value="wilderness" />
  <property name="SleeperVolumeTriggeredBy" value=" # # " />
  <property class="IndexedBlockOffsets">
    <property class="Rally">
      <property name="0" value="3, 5, 43" />
    </property>
    <property class="quest_wood_trees">
      <property name="0" value="35, 5, 18" />
    </property>
    <property class="quest_wood">
      <property name="0" value="28, 5, 22" />
      <property name="1" value="27, 5, 30" />
      <property name="2" value="33, 5, 34" />
    </property>
    <property class="FetchContainer">
      <property name="0" value="31, 5, 25" />
      <property name="1" value="30, 5, 33" />
    </property>
    <property class="POILight">
      <property name="0" value="17, 14, 30" />
    </property>
    <property class="brBlock">
      <property name="0" value="30, 5, 32" />
    </property>
  </property>
  <property class="Stats">
    <property name="TotalVertices" value="542437" />
    <property name="TotalTriangles" value="439782" />
    <property class="BlockEntities">
      <property name="Vertices" value="525733" />
      <property name="Triangles" value="423140" />
    </property>
    <property class="ChunkMeshes0">
      <property name="Vertices" value="7596" />
      <property name="Triangles" value="4690" />
    </property>
    <property class="ChunkMeshes1">
      <property name="Vertices" value="0" />
      <property name="Triangles" value="0" />
    </property>
    <property class="ChunkMeshes2">
      <property name="Vertices" value="1092" />
      <property name="Triangles" value="728" />
    </property>
    <property class="ChunkMeshes3">
      <property name="Vertices" value="48" />
      <property name="Triangles" value="24" />
    </property>
    <property class="ChunkMeshes4">
      <property name="Vertices" value="1536" />
      <property name="Triangles" value="768" />
    </property>
    <property class="ChunkMeshes5">
      <property name="Vertices" value="0" />
      <property name="Triangles" value="0" />
    </property>
    <property class="ChunkMeshes6">
      <property name="Vertices" value="6432" />
      <property name="Triangles" value="10432" />
    </property>
  </property>
</prefab>