﻿<?xml version="1.0" encoding="UTF-8"?>
<prefab>
  <property name="CopyAirBlocks" value="True" />
  <property name="AllowTopSoilDecorations" value="True" />
  <property name="TraderArea" value="False" />
  <property name="ExcludeDistantPOIMesh" value="False" />
  <property name="ExcludePOICulling" value="False" />
  <property name="QuestTags" value="clear, fetch, infested" />
  <property name="DifficultyTier" value="2" />
  <property name="Zoning" value="any, Residential" />
  <property name="RotationToFaceNorth" value="0" />
  <property name="YOffset" value="-25" />
  <property name="DistantPOIYOffset" value="0" />
  <property name="AllowedTownships" value="city,rural,town,wilderness" />
  <property name="EditorGroups" value="Wilderness, Ancap Zone, burnt, downtown, industrial, out buildings, remnant, rural" />
  <property name="SleeperVolumeStart" value="3, 0, 6#3, 1, 5#10, 1, 5#4, 16, 13#2, 24, 5#2, 8, 5" />
  <property name="SleeperVolumeSize" value="5, 8, 5#7, 3, 9#12, 3, 15#7, 4, 5#21, 4, 15#21, 15, 15" />
  <property name="SleeperVolumeGroup" value="S_-Group_Generic_Zombie,4,4,S_-Group_Generic_Zombie,2,3,S_-Group_Generic_Zombie,3,4,S_-Group_Generic_Zombie,1,2,S_-Group_Generic_Zombie,4,4,S_-Group_Generic_Zombie,5,7" />
  <property name="SleeperVolumeGameStageAdjust" value="0,0,0,0,0,0" />
  <property name="SleeperIsLootVolume" value="False,False,False,False,False,False" />
  <property name="SleeperIsQuestExclude" value="False,False,False,False,False,False" />
  <property name="SleeperVolumeFlags" value="0,1,0,0,0,0" />
  <property name="SleeperVolumeGroupId" value="0,0,0,0,0,0" />
  <property name="ShowQuestClearCount" value="0" />
  <property name="PrefabSize" value="25, 27, 25" />
  <property name="Tags" value="wilderness" />
  <property name="SleeperVolumeTriggeredBy" value=" # # # # # " />
  <property class="IndexedBlockOffsets">
    <property class="FetchContainer">
      <property name="0" value="13, 1, 9" />
    </property>
    <property class="TraderOnOff">
      <property name="0" value="5, 24, 15" />
    </property>
    <property class="Rally">
      <property name="0" value="20, 25, 6" />
    </property>
  </property>
  <property class="Stats">
    <property name="TotalVertices" value="845589" />
    <property name="TotalTriangles" value="477991" />
    <property class="BlockEntities">
      <property name="Vertices" value="820959" />
      <property name="Triangles" value="457659" />
    </property>
    <property class="ChunkMeshes0">
      <property name="Vertices" value="17336" />
      <property name="Triangles" value="8696" />
    </property>
    <property class="ChunkMeshes1">
      <property name="Vertices" value="0" />
      <property name="Triangles" value="0" />
    </property>
    <property class="ChunkMeshes2">
      <property name="Vertices" value="0" />
      <property name="Triangles" value="0" />
    </property>
    <property class="ChunkMeshes3">
      <property name="Vertices" value="0" />
      <property name="Triangles" value="0" />
    </property>
    <property class="ChunkMeshes4">
      <property name="Vertices" value="696" />
      <property name="Triangles" value="348" />
    </property>
    <property class="ChunkMeshes5">
      <property name="Vertices" value="0" />
      <property name="Triangles" value="0" />
    </property>
    <property class="ChunkMeshes6">
      <property name="Vertices" value="6598" />
      <property name="Triangles" value="11288" />
    </property>
  </property>
</prefab>