﻿<?xml version="1.0" encoding="UTF-8"?>
<prefab>
  <property name="CopyAirBlocks" value="True" />
  <property name="ExcludeDistantPOIMesh" value="False" />
  <property name="ExcludePOICulling" value="False" />
  <property name="DistantPOIYOffset" value="0" />
  <property name="AllowTopSoilDecorations" value="True" />
  <property name="DifficultyTier" value="0" />
  <property name="ShowQuestClearCount" value="1" />
  <property name="TraderArea" value="False" />
  <property name="PrefabSize" value="25, 7, 25" />
  <property name="RotationToFaceNorth" value="2" />
  <property name="Zoning" value="none" />
  <property name="SleeperVolumeSize" value="23, 3, 23" />
  <property name="SleeperVolumeStart" value="1, 3, 1" />
  <property name="SleeperVolumeGroupId" value="0" />
  <property name="SleeperVolumeGroup" value="animalWolf,1,1" />
  <property name="SleeperIsLootVolume" value="False" />
  <property name="SleeperIsQuestExclude" value="False" />
  <property name="SleeperVolumeFlags" value="0" />
  <property name="Tags" value="snow,desert,downtown,pine_forest" />
  <property name="YOffset" value="-3" />
  <property class="Stats">
    <property name="TotalVertices" value="89033" />
    <property name="TotalTriangles" value="87956" />
    <property class="BlockEntities">
      <property name="Vertices" value="71812" />
      <property name="Triangles" value="77911" />
    </property>
    <property class="ChunkMeshes0">
      <property name="Vertices" value="15640" />
      <property name="Triangles" value="8020" />
    </property>
    <property class="ChunkMeshes1">
      <property name="Vertices" value="0" />
      <property name="Triangles" value="0" />
    </property>
    <property class="ChunkMeshes2">
      <property name="Vertices" value="0" />
      <property name="Triangles" value="0" />
    </property>
    <property class="ChunkMeshes3">
      <property name="Vertices" value="0" />
      <property name="Triangles" value="0" />
    </property>
    <property class="ChunkMeshes4">
      <property name="Vertices" value="329" />
      <property name="Triangles" value="257" />
    </property>
    <property class="ChunkMeshes5">
      <property name="Vertices" value="320" />
      <property name="Triangles" value="160" />
    </property>
    <property class="ChunkMeshes6">
      <property name="Vertices" value="0" />
      <property name="Triangles" value="0" />
    </property>
    <property class="ChunkMeshes7">
      <property name="Vertices" value="932" />
      <property name="Triangles" value="1608" />
    </property>
    <property class="ChunkMeshes8">
      <property name="Vertices" value="0" />
      <property name="Triangles" value="0" />
    </property>
    <property class="ChunkMeshes9">
      <property name="Vertices" value="0" />
      <property name="Triangles" value="0" />
    </property>
  </property>
  <property class="IndexedBlockOffsets">
    <property class="POILight">
      <property name="0" value="14, 4, 12" />
      <property name="1" value="12, 4, 14" />
      <property name="2" value="20, 2, 20" />
    </property>
  </property>
</prefab>