﻿<?xml version="1.0" encoding="UTF-8"?>
<prefab>
  <property name="CopyAirBlocks" value="True" />
  <property name="ExcludeDistantPOIMesh" value="False" />
  <property name="DistantPOIYOffset" value="0" />
  <property name="RotationToFaceNorth" value="2" />
  <property name="AllowTopSoilDecorations" value="False" />
  <property name="DifficultyTier" value="2" />
  <property name="TraderArea" value="False" />
  <property name="EditorGroups" value="house new" />
  <property name="YOffset" value="-1" />
  <property name="ExcludePOICulling" value="False" />
  <property name="Zoning" value="ResidentialNew" />
  <property name="AllowedTownships" value="city,town,rural,wilderness" />
  <property name="Tags" value="residential" />
  <property name="QuestTags" value="clear, fetch, infested" />
  <property name="SleeperVolumeSize" value="33, 14, 16#21, 9, 16" />
  <property name="SleeperVolumeStart" value="5, 1, 16#5, 6, 16" />
  <property name="SleeperVolumeGroup" value="S_-_Group_Abandoned_House,10,15,S_-_Group_Zom_Badass_Only,2,3" />
  <property name="SleeperVolumeGameStageAdjust" value="" />
  <property name="SleeperIsLootVolume" value="False,True" />
  <property name="SleeperVolumeGroupId" value="0,0" />
  <property name="SleeperIsBossVolume" value="False,False" />
  <property name="SleeperVolumeFlags" value="0,0" />
  <property name="ShowQuestClearCount" value="1" />
  <property name="SleeperIsQuestExclude" value="False,False" />
  <property name="PrefabSize" value="42, 15, 42" />
  <property name="SleeperVolumeTriggeredBy" value=" # " />
  <property class="IndexedBlockOffsets">
    <property class="POILight">
      <property name="0" value="27, 4, 21" />
      <property name="1" value="33, 4, 27" />
      <property name="2" value="26, 3, 31" />
    </property>
    <property class="quest_wood">
      <property name="0" value="37, 1, 29" />
      <property name="1" value="37, 1, 31" />
    </property>
    <property class="TraderOnOff">
      <property name="0" value="27, 2, 30" />
    </property>
    <property class="Rally">
      <property name="0" value="22, 1, 4" />
    </property>
    <property class="FetchContainer">
      <property name="0" value="33, 6, 27" />
    </property>
  </property>
  <property class="Stats">
    <property name="TotalVertices" value="167759" />
    <property name="TotalTriangles" value="75847" />
    <property class="BlockEntities">
      <property name="Vertices" value="133318" />
      <property name="Triangles" value="53386" />
    </property>
    <property class="ChunkMeshes0">
      <property name="Vertices" value="28463" />
      <property name="Triangles" value="14233" />
    </property>
    <property class="ChunkMeshes1">
      <property name="Vertices" value="0" />
      <property name="Triangles" value="0" />
    </property>
    <property class="ChunkMeshes2">
      <property name="Vertices" value="32" />
      <property name="Triangles" value="16" />
    </property>
    <property class="ChunkMeshes3">
      <property name="Vertices" value="756" />
      <property name="Triangles" value="584" />
    </property>
    <property class="ChunkMeshes4">
      <property name="Vertices" value="480" />
      <property name="Triangles" value="240" />
    </property>
    <property class="ChunkMeshes5">
      <property name="Vertices" value="0" />
      <property name="Triangles" value="0" />
    </property>
    <property class="ChunkMeshes6">
      <property name="Vertices" value="4710" />
      <property name="Triangles" value="7388" />
    </property>
  </property>
</prefab>