﻿<?xml version="1.0" encoding="UTF-8"?>
<prefab>
  <property name="CopyAirBlocks" value="True" />
  <property name="AllowTopSoilDecorations" value="True" />
  <property name="TraderArea" value="False" />
  <property name="ExcludeDistantPOIMesh" value="False" />
  <property name="ExcludePOICulling" value="False" />
  <property name="DifficultyTier" value="4" />
  <property name="RotationToFaceNorth" value="2" />
  <property name="YOffset" value="-9" />
  <property name="DistantPOIYOffset" value="0" />
  <property name="EditorGroups" value="industrial" />
  <property name="SleeperVolumeStart" value="15, 0, 10#15, 9, -2#43, 19, 23#17, 14, 5#19, 29, 11#19, 18, 33#20, 14, 11#43, 19, 7" />
  <property name="SleeperVolumeSize" value="27, 6, 10#46, 5, 50#14, 25, 24#41, 4, 41#24, 13, 34#18, 11, 13#11, 15, 12#12, 23, 16" />
  <property name="SleeperVolumeGroup" value="GroupZomBadassOnly,2,3,ZomUtilityWorker,17,20,ZomHazMatOnly,10,15,ZomUtilityWorker,8,10,ZomUtilityWorker,2,3,GroupGenericZombie,4,5,GroupGenericZombie,2,2,GroupGenericZombie,1,2" />
  <property name="SleeperVolumeGameStageAdjust" value=",,,,,,,,,,,,,,,,,,,,,,,,,,," />
  <property name="SleeperIsLootVolume" value="False,False,False,False,False,False,False,False" />
  <property name="SleeperIsQuestExclude" value="False,False,False,False,False,False,False,False" />
  <property name="SleeperVolumeFlags" value="2,0,0,0,0,0,0,0" />
  <property name="SleeperVolumeGroupId" value="0,0,0,0,0,0,0,0" />
  <property name="ShowQuestClearCount" value="2" />
  <property name="Zoning" value="Industrial" />
  <property name="Tags" value="desert, snow, industrial, pine_forest" />
  <property name="PrefabSize" value="60, 44, 60" />
  <property name="SleeperVolumeTriggeredBy" value=" # # # # # # # " />
  <property class="IndexedBlockOffsets">
    <property class="challenge_polymers">
      <property name="0" value="58, 9, 1" />
    </property>
    <property class="quest_feather">
      <property name="0" value="37, 32, 41" />
    </property>
    <property class="FetchContainer">
      <property name="0" value="47, 10, 44" />
    </property>
    <property class="challenge_leather">
      <property name="0" value="38, 40, 40" />
      <property name="1" value="40, 40, 40" />
    </property>
    <property class="challenge_gore">
      <property name="0" value="41, 1, 27" />
    </property>
    <property class="challenge_sinks">
      <property name="0" value="37, 9, 51" />
      <property name="1" value="38, 10, 39" />
      <property name="2" value="37, 15, 43" />
      <property name="3" value="39, 15, 43" />
      <property name="4" value="43, 16, 47" />
      <property name="5" value="44, 16, 46" />
      <property name="6" value="45, 16, 45" />
      <property name="7" value="37, 17, 50" />
      <property name="8" value="38, 22, 42" />
      <property name="9" value="38, 23, 42" />
      <property name="10" value="37, 30, 47" />
      <property name="11" value="37, 31, 47" />
    </property>
    <property class="TraderOnOff">
      <property name="0" value="41, 9, 34" />
      <property name="1" value="42, 9, 23" />
      <property name="2" value="42, 9, 27" />
    </property>
    <property class="challenge_steel">
      <property name="0" value="15, 12, 21" />
    </property>
    <property class="POILight">
      <property name="0" value="42, 13, 51" />
      <property name="1" value="47, 13, 51" />
      <property name="2" value="49, 13, 44" />
      <property name="3" value="49, 13, 49" />
      <property name="4" value="42, 14, 49" />
      <property name="5" value="43, 14, 49" />
    </property>
    <property class="challenge_mech_parts">
      <property name="0" value="38, 16, 43" />
      <property name="1" value="41, 30, 44" />
      <property name="2" value="41, 31, 44" />
    </property>
    <property class="challenge_pallet">
      <property name="0" value="44, 9, 23" />
      <property name="1" value="44, 9, 24" />
      <property name="2" value="45, 9, 23" />
      <property name="3" value="44, 10, 23" />
      <property name="4" value="44, 10, 24" />
    </property>
    <property class="challenge_cars">
      <property name="0" value="48, 9, 30" />
      <property name="1" value="50, 9, 35" />
    </property>
    <property class="Rally">
      <property name="0" value="58, 10, 1" />
    </property>
  </property>
  <property class="Stats">
    <property name="TotalVertices" value="1184961" />
    <property name="TotalTriangles" value="617243" />
    <property class="BlockEntities">
      <property name="Vertices" value="726355" />
      <property name="Triangles" value="284336" />
    </property>
    <property class="ChunkMeshes0">
      <property name="Vertices" value="411150" />
      <property name="Triangles" value="294951" />
    </property>
    <property class="ChunkMeshes1">
      <property name="Vertices" value="34628" />
      <property name="Triangles" value="17314" />
    </property>
    <property class="ChunkMeshes2">
      <property name="Vertices" value="260" />
      <property name="Triangles" value="130" />
    </property>
    <property class="ChunkMeshes3">
      <property name="Vertices" value="0" />
      <property name="Triangles" value="0" />
    </property>
    <property class="ChunkMeshes4">
      <property name="Vertices" value="0" />
      <property name="Triangles" value="0" />
    </property>
    <property class="ChunkMeshes5">
      <property name="Vertices" value="12568" />
      <property name="Triangles" value="20512" />
    </property>
  </property>
</prefab>