﻿<?xml version="1.0" encoding="UTF-8"?>
<prefab>
  <property name="CopyAirBlocks" value="True" />
  <property name="AllowTopSoilDecorations" value="True" />
  <property name="TraderArea" value="False" />
  <property name="ExcludeDistantPOIMesh" value="False" />
  <property name="ExcludePOICulling" value="False" />
  <property name="QuestTags" value="clear, fetch, infested" />
  <property name="DifficultyTier" value="2" />
  <property name="Zoning" value="NoZone, Residential" />
  <property name="RotationToFaceNorth" value="2" />
  <property name="DistantPOIYOffset" value="0" />
  <property name="EditorGroups" value="Wilderness, rural" />
  <property name="TraderAreaProtect" value="37, 48, 31" />
  <property name="TraderAreaTeleportSize" value="37, 48, 31" />
  <property name="TraderAreaTeleportCenter" value="0, 0, 0" />
  <property name="SleeperVolumeStart" value="19, 2, 9#1, 2, 9#14, 2, 1" />
  <property name="SleeperVolumeSize" value="7, 11, 13#13, 11, 13#3, 2, 22" />
  <property name="SleeperVolumeGroup" value="S_-Group_Generic_Zombie,4,4,S_-_Group_Zom_Soldier,6,8,S_-Group_Generic_Zombie,3,3" />
  <property name="SleeperVolumeGameStageAdjust" value=",," />
  <property name="SleeperIsLootVolume" value="False,False,False" />
  <property name="SleeperIsQuestExclude" value="False,False,False" />
  <property name="SleeperVolumeFlags" value="0,0,0" />
  <property name="SleeperVolumeGroupId" value="0,0,0" />
  <property name="ShowQuestClearCount" value="0" />
  <property name="YOffset" value="-2" />
  <property name="PrefabSize" value="25, 18, 25" />
  <property name="Tags" value="industrial" />
  <property name="SleeperVolumeTriggeredBy" value=" # # " />
  <property class="IndexedBlockOffsets">
    <property class="POILight">
      <property name="0" value="13, 2, 8" />
      <property name="1" value="23, 2, 10" />
    </property>
    <property class="FetchContainer">
      <property name="0" value="19, 12, 13" />
      <property name="1" value="19, 17, 14" />
    </property>
    <property class="TraderOnOff">
      <property name="0" value="15, 2, 12" />
      <property name="1" value="15, 2, 15" />
      <property name="2" value="20, 2, 15" />
    </property>
    <property class="Rally">
      <property name="0" value="15, 2, 2" />
    </property>
  </property>
  <property class="Stats">
    <property name="TotalVertices" value="312998" />
    <property name="TotalTriangles" value="183626" />
    <property class="BlockEntities">
      <property name="Vertices" value="295378" />
      <property name="Triangles" value="169272" />
    </property>
    <property class="ChunkMeshes0">
      <property name="Vertices" value="14734" />
      <property name="Triangles" value="10586" />
    </property>
    <property class="ChunkMeshes1">
      <property name="Vertices" value="0" />
      <property name="Triangles" value="0" />
    </property>
    <property class="ChunkMeshes2">
      <property name="Vertices" value="1136" />
      <property name="Triangles" value="724" />
    </property>
    <property class="ChunkMeshes3">
      <property name="Vertices" value="0" />
      <property name="Triangles" value="0" />
    </property>
    <property class="ChunkMeshes4">
      <property name="Vertices" value="0" />
      <property name="Triangles" value="0" />
    </property>
    <property class="ChunkMeshes5">
      <property name="Vertices" value="0" />
      <property name="Triangles" value="0" />
    </property>
    <property class="ChunkMeshes6">
      <property name="Vertices" value="1750" />
      <property name="Triangles" value="3044" />
    </property>
  </property>
</prefab>