﻿<?xml version="1.0" encoding="UTF-8"?>
<prefab>
  <property name="CopyAirBlocks" value="True" />
  <property name="AllowTopSoilDecorations" value="True" />
  <property name="TraderArea" value="False" />
  <property name="ExcludeDistantPOIMesh" value="False" />
  <property name="ExcludePOICulling" value="False" />
  <property name="QuestTags" value="clear, fetch, infested" />
  <property name="DifficultyTier" value="3" />
  <property name="Zoning" value="Commercial, Residential" />
  <property name="RotationToFaceNorth" value="2" />
  <property name="YOffset" value="-1" />
  <property name="DistantPOIYOffset" value="0" />
  <property name="AllowedBiomes" value="burnt_forest,snow,plains,pine_forest,forest,desert,wasteland" />
  <property name="AllowedTownships" value="city,rural,town,wilderness" />
  <property name="EditorGroups" value="commercial, downtown" />
  <property name="SleeperVolumeStart" value="7, 7, 19#8, 1, 42#25, 1, 22#26, 1, 42#2, 1, -1#4, 1, 52#9, 1, 22#26, 1, 48#20, 1, 47#38, 1, 21" />
  <property name="SleeperVolumeSize" value="29, 5, 29#9, 3, 9#12, 3, 20#11, 2, 6#53, 5, 22#26, 3, 10#16, 2, 19#9, 2, 6#5, 5, 4#16, 3, 42" />
  <property name="SleeperVolumeGroup" value="GroupGenericZombie,6,7,GroupGenericZombie,3,5,GroupGenericZombie,3,4,GroupGenericZombie,1,2,GroupGenericZombie,3,5,GroupGenericZombie,3,4,GroupGenericZombie,5,7,GroupGenericZombie,2,3,GroupGenericZombie,2,2,GroupGenericZombie,2,3" />
  <property name="SleeperVolumeGameStageAdjust" value=",,,,,,,,,,,,,,,,," />
  <property name="SleeperIsLootVolume" value="False,False,False,False,False,False,False,False,False,False" />
  <property name="SleeperIsBossVolume" value="False,False,False,False,False,False,False,False,False,False,False,False,False,False,False,False,False,False" />
  <property name="SleeperVolumeFlags" value="0,0,0,0,0,0,0,0,0,0" />
  <property name="SleeperVolumeGroupId" value="0,0,0,0,0,0,0,0,0,0" />
  <property name="ShowQuestClearCount" value="1" />
  <property name="SleeperIsQuestExclude" value="False,False,False,False,False,False,False,False,False,False" />
  <property name="PrefabSize" value="60, 21, 60" />
  <property name="Tags" value="commercial" />
  <property name="SleeperVolumeTriggeredBy" value=" # # # # # # # # # " />
  <property class="IndexedBlockOffsets">
    <property class="POILight">
      <property name="0" value="30, 3, 51" />
      <property name="1" value="34, 9, 56" />
    </property>
    <property class="quest_feather">
      <property name="0" value="46, 1, 56" />
    </property>
    <property class="challenge_leather">
      <property name="0" value="14, 1, 30" />
      <property name="1" value="15, 1, 33" />
      <property name="2" value="16, 1, 33" />
      <property name="3" value="17, 1, 33" />
      <property name="4" value="21, 1, 33" />
      <property name="5" value="22, 1, 33" />
      <property name="6" value="23, 1, 33" />
      <property name="7" value="15, 1, 38" />
      <property name="8" value="16, 1, 38" />
      <property name="9" value="17, 1, 38" />
      <property name="10" value="18, 1, 42" />
      <property name="11" value="18, 1, 43" />
      <property name="12" value="18, 1, 44" />
    </property>
    <property class="challenge_mech_parts">
      <property name="0" value="34, 1, 25" />
    </property>
    <property class="challenge_polymers">
      <property name="0" value="52, 1, 32" />
    </property>
    <property class="Rally">
      <property name="0" value="29, 1, 4" />
    </property>
    <property class="TraderOnOff">
      <property name="0" value="32, 1, 48" />
      <property name="1" value="32, 1, 50" />
      <property name="2" value="32, 1, 52" />
    </property>
    <property class="FetchContainer">
      <property name="0" value="25, 3, 48" />
    </property>
    <property class="challenge_sinks">
      <property name="0" value="33, 1, 46" />
      <property name="1" value="35, 1, 46" />
      <property name="2" value="33, 1, 48" />
      <property name="3" value="33, 1, 50" />
      <property name="4" value="33, 1, 52" />
    </property>
    <property class="quest_wood_trees">
      <property name="0" value="47, 1, 58" />
    </property>
  </property>
  <property class="Stats">
    <property name="TotalVertices" value="479446" />
    <property name="TotalTriangles" value="218231" />
    <property class="BlockEntities">
      <property name="Vertices" value="394171" />
      <property name="Triangles" value="161104" />
    </property>
    <property class="ChunkMeshes0">
      <property name="Vertices" value="76339" />
      <property name="Triangles" value="44697" />
    </property>
    <property class="ChunkMeshes1">
      <property name="Vertices" value="640" />
      <property name="Triangles" value="320" />
    </property>
    <property class="ChunkMeshes2">
      <property name="Vertices" value="198" />
      <property name="Triangles" value="126" />
    </property>
    <property class="ChunkMeshes3">
      <property name="Vertices" value="1512" />
      <property name="Triangles" value="756" />
    </property>
    <property class="ChunkMeshes4">
      <property name="Vertices" value="0" />
      <property name="Triangles" value="0" />
    </property>
    <property class="ChunkMeshes5">
      <property name="Vertices" value="6586" />
      <property name="Triangles" value="11228" />
    </property>
  </property>
</prefab>