﻿<?xml version="1.0" encoding="UTF-8"?>
<prefab>
  <property name="CopyAirBlocks" value="True" />
  <property name="AllowTopSoilDecorations" value="True" />
  <property name="TraderArea" value="False" />
  <property name="ExcludeDistantPOIMesh" value="False" />
  <property name="ExcludePOICulling" value="False" />
  <property name="QuestTags" value="clear, fetch, infested" />
  <property name="DifficultyTier" value="5" />
  <property name="Zoning" value="BiomeOnly, none, NoZone" />
  <property name="RotationToFaceNorth" value="2" />
  <property name="YOffset" value="-29" />
  <property name="DistantPOIYOffset" value="0" />
  <property name="AllowedTownships" value="rural,wilderness" />
  <property name="EditorGroups" value="rural, Wilderness" />
  <property name="TraderAreaProtect" value="16, 0, 16" />
  <property name="TraderAreaTeleportSize" value="28, 30, 27" />
  <property name="TraderAreaTeleportCenter" value="1, 1, 1" />
  <property name="SleeperVolumeStart" value="39, 29, 0#76, 29, 0#92, 29, 0#91, 29, 27#83, 29, 58#65, 29, 61#49, 29, 42#16, 29, 55#0, 29, 59#24, 29, 0#0, 29, 0#0, 29, 36#49, 29, 25#63, 29, 28#75, 29, 28#88, 29, 28#86, 29, 49#76, 29, 47#65, 29, 47#71, 29, 55#62, 29, 53#65, 29, 41#81, 29, 41#65, 29, 35#81, 29, 35#25, 29, 29#18, 29, 37#13, 29, 40#32, 29, 39#45, 29, 37#18, 29, 42#39, 29, 47#30, 29, 45#53, 17, 67#58, 23, 28#35, 23, 27#35, 23, 34#69, 40, 33#65, 34, 28#19, 34, 46#20, 34, 55#32, 34, 43#28, 34, 39#18, 34, 38#36, 34, 37#44, 34, 37#66, 34, 40#65, 34, 36#65, 34, 45#74, 34, 51#86, 34, 47#78, 34, 31#72, 34, 28#86, 34, 28#65, 34, 48#71, 34, 55#53, 18, 28#46, 12, 20#40, 12, 20#26, 12, 31#27, 12, 22#43, 7, 12#47, 7, 26#36, 7, 17#34, 7, 25#56, 7, 15#54, 7, 10#62, 7, 12#35, 2, 26#24, 2, 23#59, 2, 1#40, 39, 40#31, 39, 38#70, 33, 24" />
  <property name="SleeperVolumeSize" value="37, 3, 25#16, 4, 27#20, 4, 27#21, 4, 31#29, 4, 25#18, 6, 22#16, 6, 41#33, 4, 28#16, 4, 24#15, 4, 29#24, 4, 37#13, 4, 23#16, 3, 16#11, 3, 6#13, 2, 3#3, 2, 19#5, 3, 7#10, 3, 9#11, 3, 4#7, 4, 6#4, 3, 14#15, 3, 6#6, 3, 6#5, 3, 6#6, 3, 6#24, 7, 8#12, 3, 4#5, 11, 19#12, 3, 7#4, 3, 6#12, 3, 13#10, 3, 4#3, 3, 10#15, 8, 13#14, 3, 10#21, 2, 7#14, 2, 8#19, 5, 19#6, 3, 8#6, 3, 8#12, 3, 4#12, 5, 13#4, 3, 16#10, 2, 7#8, 3, 4#5, 2, 15#10, 3, 5#14, 3, 4#14, 3, 5#13, 2, 4#5, 3, 5#5, 3, 6#6, 3, 8#5, 3, 17#7, 3, 9#17, 2, 2#5, 5, 9#10, 2, 10#7, 2, 10#19, 2, 4#11, 2, 10#12, 2, 13#8, 2, 7#6, 2, 6#8, 2, 7#7, 3, 6#11, 3, 5#6, 3, 9#4, 2, 7#7, 7, 11#12, 3, 16#12, 7, 19#13, 7, 10#23, 3, 4" />
  <property name="SleeperVolumeGroup" value="GroupGenericZombie,4,5,GroupGenericZombie,5,6,GroupGenericZombie,4,5,GroupGenericZombie,5,6,GroupGenericZombie,5,6,GroupGenericZombie,5,10,GroupGenericZombie,9,17,GroupGenericZombie,7,14,GroupGenericZombie,4,5,GroupGenericZombie,2,5,ZomUtilityWorker,4,9,GroupZomBadass,4,5,GroupGenericZombie,3,4,GroupGenericZombie,4,4,GroupGhostTown,3,3,GroupAbandonedHouse,3,3,GroupZomSoldier,1,1,GroupGhostTown,4,4,GroupZomBadassOnly,2,2,GroupGenericZombie,2,3,GroupZomBadass,3,4,GroupZomBadassOnly,3,3,GroupBikerBar,3,3,GroupZomBadass,4,4,GroupZomBadassOnly,2,3,GroupGenericZombie,11,14,GroupGenericZombie,2,3,GroupGenericZombie,2,4,GroupGenericZombie,4,4,GroupZomSoldier,1,1,GroupAbandonedHouse,4,4,GroupZomBadass,3,3,GroupGenericZombie,3,3,ZomBurnt,5,5,GroupZomBadassOnly,5,5,GroupGenericZombie,5,6,GroupGenericZombie,6,6,GroupZomBadassOnly,15,20,ZomUtilityWorker,3,3,GroupZomBadassOnly,3,4,GroupGenericZombie,2,3,GroupZomBadass,17,17,GroupGenericZombie,2,3,GroupGenericZombie,3,3,GroupBikerBar,2,3,GroupZomSoldier,2,2,ZomHazMatOnly,4,4,GroupGenericZombie,4,4,GroupGenericZombie,4,4,GroupTestChamberDecoy,6,6,GroupBikerBar,3,4,GroupAbandonedHouse,3,3,GroupAbandonedHouse,3,3,ZomBurnt,8,8,GroupBikerBar,3,3,GroupGenericZombie,4,4,GroupZomBadassOnly,6,6,GroupHospital,5,5,GroupLabWorker,5,5,ZomHazMatOnly,6,6,GroupHospital,6,6,GroupLabWorker,7,9,GroupLabWorker,4,5,GroupZomBadassOnly,4,4,GroupZomBadassOnly,4,4,GroupLabWorker,3,3,GroupZomBadassOnly,4,4,GroupZomSoldier,4,4,GroupZomBadassOnly,4,4,GroupZomBadass,6,6,GroupZomBadassOnly,12,12,GroupZomBadass,4,6,GroupGenericZombie,6,8,GroupZomBadassOnly,1,2" />
  <property name="SleeperVolumeGameStageAdjust" value="100,100,100,100,100,100,100,100,100,100,100,100,100,100,100,100,100,100,100,200,200,easy,200,100,100,100,100,100,100,100,100,100,100,100,100,100,100,100,100,100,100,100,100,100,100,100,100,100,hard,100,100,100,100,100,100,100,100,100,100,100,hard,100,100,easy,easy,easy,easy,easy,easy,easy,easy,easy,easy,easy" />
  <property name="SleeperIsLootVolume" value="False,False,False,False,False,False,False,False,False,False,False,False,False,False,False,False,False,False,False,False,False,False,False,False,False,False,False,False,False,False,False,False,False,False,False,False,False,True,False,False,False,False,False,False,False,False,False,False,False,False,False,False,False,False,False,False,False,False,False,False,False,False,False,False,False,False,False,False,False,False,False,False,False,False" />
  <property name="SleeperIsQuestExclude" value="False,False,False,False,False,False,False,False,False,False,False,False,False,False,False,False,False,False,False,False,False,False,False,False,False,False,False,False,False,False,False,False,False,False,False,False,False,False,False,False,False,False,False,False,False,False,False,False,False,False,False,False,False,False,False,False,False,False,False,False,False,False,False,False,False,False,False,False,False,False,False,False,False,False" />
  <property name="SleeperVolumeFlags" value="0,0,0,0,0,0,0,0,0,0,0,0,0,0,2,2,2,2,2,0,0,2,2,2,2,0,0,0,2,2,2,0,2,2,2,2,2,0,2,2,0,2,0,2,2,2,2,2,2,2,2,2,2,2,2,0,2,0,0,0,2,0,2,2,2,2,0,0,2,2,0,0,2,0" />
  <property name="SleeperVolumeGroupId" value="0,0,0,0,0,0,0,0,0,0,0,0,0,0,0,0,0,0,0,0,0,0,0,0,0,0,0,0,0,0,0,0,0,0,0,0,0,0,0,0,0,0,0,0,0,0,0,0,0,0,0,0,0,0,0,0,0,0,0,0,0,0,0,0,0,0,0,0,0,0,0,0,0,0" />
  <property name="ShowQuestClearCount" value="0" />
  <property name="PrefabSize" value="112, 49, 83" />
  <property name="Tags" value="wilderness" />
  <property name="SleeperVolumeTriggeredBy" value=" # # # # # # # # # # # # # # # # # # # # # # # # # # # # # # # # # # # # # # # # # # # # # # # # # # # # # # # # # # # # # # # # # # # # # # # # # " />
  <property class="IndexedBlockOffsets">
    <property class="quest_stone">
      <property name="0" value="104, 29, 0" />
      <property name="1" value="108, 29, 2" />
    </property>
    <property class="quest_wood">
      <property name="0" value="103, 29, 1" />
    </property>
    <property class="quest_wood_trees">
      <property name="0" value="105, 29, 73" />
    </property>
    <property class="quest_feather">
      <property name="0" value="108, 29, 69" />
    </property>
    <property class="challenge_stump">
      <property name="0" value="105, 29, 46" />
    </property>
    <property class="quest_stone_boulder">
      <property name="0" value="108, 29, 24" />
    </property>
    <property class="challenge_gore">
      <property name="0" value="81, 40, 42" />
      <property name="1" value="80, 40, 48" />
    </property>
    <property class="TraderOnOff">
      <property name="0" value="89, 29, 45" />
      <property name="1" value="91, 30, 47" />
      <property name="2" value="90, 34, 50" />
    </property>
    <property class="POILight">
      <property name="0" value="90, 31, 44" />
      <property name="1" value="90, 36, 49" />
      <property name="2" value="88, 32, 52" />
      <property name="3" value="90, 37, 53" />
    </property>
    <property class="challenge_polymers">
      <property name="0" value="79, 40, 42" />
      <property name="1" value="85, 34, 53" />
      <property name="2" value="75, 34, 54" />
    </property>
    <property class="challenge_mech_parts">
      <property name="0" value="91, 29, 55" />
    </property>
    <property class="challenge_sinks">
      <property name="0" value="88, 30, 49" />
      <property name="1" value="90, 29, 49" />
    </property>
    <property class="FetchContainer">
      <property name="0" value="87, 39, 37" />
    </property>
    <property class="challenge_steel">
      <property name="0" value="74, 41, 57" />
    </property>
    <property class="Rally">
      <property name="0" value="58, 29, 2" />
    </property>
    <property class="challenge_pallet">
      <property name="0" value="84, 40, 45" />
      <property name="1" value="73, 40, 48" />
      <property name="2" value="75, 40, 48" />
      <property name="3" value="73, 41, 50" />
      <property name="4" value="75, 40, 50" />
    </property>
    <property class="challenge_leather">
      <property name="0" value="84, 29, 42" />
      <property name="1" value="85, 29, 42" />
    </property>
  </property>
  <property class="Stats">
    <property name="TotalVertices" value="2811117" />
    <property name="TotalTriangles" value="1456024" />
    <property class="BlockEntities">
      <property name="Vertices" value="2380292" />
      <property name="Triangles" value="1176104" />
    </property>
    <property class="ChunkMeshes0">
      <property name="Vertices" value="349367" />
      <property name="Triangles" value="186422" />
    </property>
    <property class="ChunkMeshes1">
      <property name="Vertices" value="512" />
      <property name="Triangles" value="256" />
    </property>
    <property class="ChunkMeshes2">
      <property name="Vertices" value="7196" />
      <property name="Triangles" value="5114" />
    </property>
    <property class="ChunkMeshes3">
      <property name="Vertices" value="28896" />
      <property name="Triangles" value="14448" />
    </property>
    <property class="ChunkMeshes4">
      <property name="Vertices" value="0" />
      <property name="Triangles" value="0" />
    </property>
    <property class="ChunkMeshes5">
      <property name="Vertices" value="44854" />
      <property name="Triangles" value="73680" />
    </property>
  </property>
</prefab>