﻿<?xml version="1.0" encoding="UTF-8"?>
<prefab>
  <property name="CopyAirBlocks" value="True" />
  <property name="AllowTopSoilDecorations" value="True" />
  <property name="TraderArea" value="False" />
  <property name="ExcludeDistantPOIMesh" value="False" />
  <property name="ExcludePOICulling" value="False" />
  <property name="DifficultyTier" value="4" />
  <property name="Zoning" value="Commercial, downtown, none" />
  <property name="RotationToFaceNorth" value="0" />
  <property name="YOffset" value="-9" />
  <property name="DistantPOIYOffset" value="0" />
  <property name="AllowedTownships" value="city,town" />
  <property name="EditorGroups" value="commercial, downtown, rural" />
  <property name="TraderAreaProtect" value="16, 0, 16" />
  <property name="TraderAreaTeleportSize" value="28, 30, 27" />
  <property name="TraderAreaTeleportCenter" value="1, 1, 1" />
  <property name="SleeperVolumeStart" value="19, 10, 36#25, 9, 25#26, 4, 22#36, 10, 20#36, 11, 9#27, 16, 13#25, 10, 12#19, 10, 12#13, 10, 12#14, 10, 15#5, 10, 10#16, 15, 15#13, 15, 21#16, 15, 30#25, 15, 28#14, 10, 24#11, 10, 29#12, 10, 35#12, 10, 39" />
  <property name="SleeperVolumeSize" value="17, 3, 6#11, 3, 12#9, 4, 9#7, 3, 14#9, 6, 15#15, 6, 18#11, 3, 12#4, 2, 7#6, 3, 4#5, 3, 8#8, 3, 13#7, 1, 7#13, 3, 9#9, 1, 8#15, 2, 12#9, 3, 12#6, 3, 6#7, 3, 4#7, 3, 4" />
  <property name="SleeperVolumeGroup" value="GroupGenericZombie,5,6,GroupBikerBar,3,4,GroupGenericZombie,1,1,ZomBusinessman,3,4,ZomBusinessman,3,4,GroupGenericZombie,3,3,GroupAbandonedHouse,4,5,GroupZomBadass,1,1,GroupGenericZombie,1,2,GroupGenericZombie,2,2,ZomUtilityWorker,4,5,GroupLabWorker,2,2,GroupLabWorker,2,3,GroupZomSoldier,1,1,GroupZomBadass,3,4,GroupGenericZombie,5,6,ZomSnow,1,1,GroupZomBadassOnly,5,6,GroupGenericZombie,1,1" />
  <property name="SleeperVolumeGameStageAdjust" value=",,,,,,,,,,,,,,,,,," />
  <property name="SleeperIsLootVolume" value="True,True,True,True,True,True,True,True,True,True,False,True,True,True,True,True,True,True,True" />
  <property name="SleeperIsQuestExclude" value="False,False,False,False,False,False,False,False,False,False,False,False,False,False,False,False,False,False,False" />
  <property name="SleeperVolumeFlags" value="2,2,2,2,2,2,2,2,2,2,0,2,2,2,2,2,2,2,2" />
  <property name="SleeperVolumeGroupId" value="0,0,0,0,0,0,0,0,8,0,0,0,0,0,0,0,0,0,0" />
  <property name="ShowQuestClearCount" value="0" />
  <property name="Tags" value="wilderness" />
  <property name="PrefabSize" value="66, 21, 66" />
  <property name="SleeperVolumeTriggeredBy" value=" # # # # # # # # # # # # # # # # # # " />
  <property name="QuestTags" value="clear, fetch, infested" />
  <property class="IndexedBlockOffsets">
    <property class="challenge_polymers">
      <property name="0" value="54, 10, 56" />
    </property>
    <property class="challenge_gore">
      <property name="0" value="33, 10, 36" />
      <property name="1" value="37, 11, 36" />
    </property>
    <property class="challenge_pallet">
      <property name="0" value="8, 10, 19" />
    </property>
    <property class="challenge_sinks">
      <property name="0" value="18, 11, 20" />
      <property name="1" value="18, 11, 21" />
      <property name="2" value="20, 10, 24" />
      <property name="3" value="21, 10, 28" />
      <property name="4" value="22, 10, 28" />
      <property name="5" value="24, 10, 28" />
    </property>
    <property class="POILight">
      <property name="0" value="38, 13, 34" />
      <property name="1" value="40, 12, 35" />
      <property name="2" value="41, 13, 36" />
      <property name="3" value="35, 13, 37" />
      <property name="4" value="36, 12, 39" />
      <property name="5" value="37, 13, 40" />
    </property>
    <property class="TraderOnOff">
      <property name="0" value="20, 10, 43" />
    </property>
    <property class="challenge_mech_parts">
      <property name="0" value="13, 10, 41" />
    </property>
    <property class="quest_wood_trees">
      <property name="0" value="54, 10, 49" />
      <property name="1" value="60, 10, 49" />
      <property name="2" value="49, 10, 59" />
    </property>
    <property class="FetchContainer">
      <property name="0" value="35, 10, 12" />
    </property>
    <property class="quest_feather">
      <property name="0" value="35, 19, 25" />
    </property>
    <property class="Rally">
      <property name="0" value="18, 10, 49" />
    </property>
  </property>
  <property class="Stats">
    <property name="TotalVertices" value="958781" />
    <property name="TotalTriangles" value="500783" />
    <property class="BlockEntities">
      <property name="Vertices" value="796987" />
      <property name="Triangles" value="376165" />
    </property>
    <property class="ChunkMeshes0">
      <property name="Vertices" value="142174" />
      <property name="Triangles" value="96912" />
    </property>
    <property class="ChunkMeshes1">
      <property name="Vertices" value="0" />
      <property name="Triangles" value="0" />
    </property>
    <property class="ChunkMeshes2">
      <property name="Vertices" value="2266" />
      <property name="Triangles" value="1414" />
    </property>
    <property class="ChunkMeshes3">
      <property name="Vertices" value="1408" />
      <property name="Triangles" value="704" />
    </property>
    <property class="ChunkMeshes4">
      <property name="Vertices" value="0" />
      <property name="Triangles" value="0" />
    </property>
    <property class="ChunkMeshes5">
      <property name="Vertices" value="15946" />
      <property name="Triangles" value="25588" />
    </property>
  </property>
</prefab>