﻿<?xml version="1.0" encoding="UTF-8"?>
<prefab>
  <property name="CopyAirBlocks" value="True" />
  <property name="AllowTopSoilDecorations" value="False" />
  <property name="TraderArea" value="False" />
  <property name="ExcludeDistantPOIMesh" value="False" />
  <property name="ExcludePOICulling" value="False" />
  <property name="QuestTags" value="clear, fetch, infested" />
  <property name="DifficultyTier" value="5" />
  <property name="Zoning" value="Commercial, Downtown, Industrial, Residential" />
  <property name="RotationToFaceNorth" value="0" />
  <property name="YOffset" value="-6" />
  <property name="DistantPOIYOffset" value="0" />
  <property name="AllowedTownships" value="city,rural,town,wilderness" />
  <property name="EditorGroups" value="commercial" />
  <property name="SleeperVolumeStart" value="31, 5, 98#28, 5, 78#28, 20, 35#58, 5, 69#11, 12, 48#29, 6, 2#7, 6, 2#11, 12, 74#58, 5, 10#7, 5, 48#7, 5, 78#29, 12, 48#7, 12, 84#20, 12, 75#9, 6, 129" />
  <property name="SleeperVolumeSize" value="22, 4, 27#25, 4, 20#28, 5, 51#34, 4, 59#17, 4, 26#21, 5, 74#22, 4, 45#8, 4, 10#34, 4, 59#22, 4, 30#22, 4, 47#22, 6, 32#44, 6, 41#8, 5, 9#44, 4, 11" />
  <property name="SleeperVolumeGroup" value="GroupZomBadassOnly,8,11,GroupGenericZombie,5,7,GroupGenericZombie,6,7,GroupGenericZombie,7,8,GroupGenericZombie,6,7,GroupZomBadass,24,30,GroupZomBadass,10,13,GroupGenericZombie,1,2,GroupGenericZombie,7,8,ZomFatCops,14,17,GroupZomBadass,5,8,GroupZomBadassOnly,9,11,GroupGenericZombie,12,16,ZomFatCops,1,1,GroupGenericZombie,4,6" />
  <property name="SleeperVolumeGameStageAdjust" value=",,,,,,,,,,,,,," />
  <property name="SleeperIsLootVolume" value="False,False,False,False,False,False,False,False,False,False,False,False,False,False,False" />
  <property name="SleeperIsQuestExclude" value="False,False,False,False,False,False,False,False,False,False,False,False,False,False,False" />
  <property name="SleeperVolumeFlags" value="0,0,0,0,0,0,0,0,0,0,0,0,0,0,0" />
  <property name="SleeperVolumeGroupId" value="0,0,0,0,1,0,0,1,0,0,0,0,0,0,0" />
  <property name="ShowQuestClearCount" value="0" />
  <property name="PrefabSize" value="94, 27, 141" />
  <property name="Tags" value="wilderness" />
  <property name="DuplicateRepeatDistance" value="8500" />
  <property name="SleeperVolumeTriggeredBy" value=" # # # # # # # # # # # # # # " />
  <property class="IndexedBlockOffsets">
    <property class="challenge_polymers">
      <property name="0" value="87, 6, 72" />
      <property name="1" value="88, 6, 72" />
      <property name="2" value="87, 6, 74" />
      <property name="3" value="87, 6, 75" />
      <property name="4" value="89, 6, 79" />
      <property name="5" value="87, 6, 80" />
      <property name="6" value="88, 6, 80" />
      <property name="7" value="89, 6, 80" />
      <property name="8" value="88, 6, 81" />
      <property name="9" value="89, 6, 81" />
      <property name="10" value="88, 6, 83" />
    </property>
    <property class="POILight">
      <property name="0" value="75, 17, 132" />
    </property>
    <property class="challenge_gore">
      <property name="0" value="51, 6, 94" />
      <property name="1" value="48, 6, 95" />
    </property>
    <property class="challenge_steel">
      <property name="0" value="48, 6, 48" />
      <property name="1" value="48, 6, 49" />
    </property>
    <property class="FetchContainer">
      <property name="0" value="26, 12, 58" />
    </property>
    <property class="challenge_mech_parts">
      <property name="0" value="17, 12, 86" />
      <property name="1" value="17, 12, 87" />
      <property name="2" value="17, 12, 99" />
    </property>
    <property class="challenge_pallet">
      <property name="0" value="33, 6, 75" />
      <property name="1" value="35, 6, 75" />
      <property name="2" value="35, 7, 75" />
      <property name="3" value="35, 6, 76" />
      <property name="4" value="35, 7, 76" />
      <property name="5" value="35, 8, 76" />
      <property name="6" value="35, 9, 76" />
      <property name="7" value="36, 6, 76" />
      <property name="8" value="36, 7, 76" />
      <property name="9" value="36, 8, 76" />
      <property name="10" value="37, 6, 76" />
      <property name="11" value="36, 6, 78" />
      <property name="12" value="36, 7, 78" />
      <property name="13" value="36, 8, 78" />
    </property>
    <property class="TraderOnOff">
      <property name="0" value="54, 6, 82" />
      <property name="1" value="54, 6, 83" />
    </property>
    <property class="challenge_sinks">
      <property name="0" value="36, 13, 125" />
      <property name="1" value="36, 15, 125" />
      <property name="2" value="37, 13, 125" />
      <property name="3" value="37, 15, 125" />
      <property name="4" value="38, 13, 125" />
      <property name="5" value="38, 15, 125" />
      <property name="6" value="39, 13, 125" />
      <property name="7" value="39, 15, 125" />
      <property name="8" value="40, 13, 125" />
      <property name="9" value="40, 15, 125" />
      <property name="10" value="42, 15, 125" />
      <property name="11" value="43, 15, 125" />
      <property name="12" value="44, 15, 125" />
      <property name="13" value="45, 15, 125" />
      <property name="14" value="46, 15, 125" />
    </property>
    <property class="challenge_leather">
      <property name="0" value="27, 12, 119" />
      <property name="1" value="28, 12, 119" />
      <property name="2" value="28, 12, 120" />
      <property name="3" value="28, 12, 121" />
    </property>
    <property class="challenge_cars">
      <property name="0" value="59, 6, 89" />
    </property>
    <property class="Rally">
      <property name="0" value="87, 6, 58" />
    </property>
  </property>
  <property class="Stats">
    <property name="TotalVertices" value="3633649" />
    <property name="TotalTriangles" value="2020285" />
    <property class="BlockEntities">
      <property name="Vertices" value="3122239" />
      <property name="Triangles" value="1661380" />
    </property>
    <property class="ChunkMeshes0">
      <property name="Vertices" value="462556" />
      <property name="Triangles" value="290471" />
    </property>
    <property class="ChunkMeshes1">
      <property name="Vertices" value="0" />
      <property name="Triangles" value="0" />
    </property>
    <property class="ChunkMeshes2">
      <property name="Vertices" value="9644" />
      <property name="Triangles" value="4822" />
    </property>
    <property class="ChunkMeshes3">
      <property name="Vertices" value="768" />
      <property name="Triangles" value="384" />
    </property>
    <property class="ChunkMeshes4">
      <property name="Vertices" value="0" />
      <property name="Triangles" value="0" />
    </property>
    <property class="ChunkMeshes5">
      <property name="Vertices" value="38442" />
      <property name="Triangles" value="63228" />
    </property>
  </property>
</prefab>