﻿<?xml version="1.0" encoding="UTF-8"?>
<prefab>
  <property name="CopyAirBlocks" value="True" />
  <property name="AllowTopSoilDecorations" value="True" />
  <property name="TraderArea" value="False" />
  <property name="ExcludeDistantPOIMesh" value="False" />
  <property name="ExcludePOICulling" value="False" />
  <property name="QuestTags" value="clear, fetch" />
  <property name="DifficultyTier" value="3" />
  <property name="RotationToFaceNorth" value="1" />
  <property name="YOffset" value="-2" />
  <property name="Zoning" value="Commercial" />
  <property name="AllowedBiomes" value="snow,pine_forest" />
  <property name="AllowedTownships" value="city" />
  <property name="DistantPOIYOffset" value="0" />
  <property name="StaticSpawner.Size" value="32,2,32" />
  <property name="EditorGroups" value="Skyscraper" />
  <property name="SleeperVolumeStart" value="4, 2, 5#3, 6, 5#4, 7, 12#3, 11, 5#3, 16, 4#4, 17, 15#3, 22, 14#3, 21, 4" />
  <property name="SleeperVolumeSize" value="16, 4, 16#18, 5, 7#16, 4, 9#17, 5, 17#18, 5, 11#17, 5, 7#18, 4, 8#17, 4, 10" />
  <property name="SleeperVolumeGroup" value="GroupGenericZombie,6,7,ZomBusinessman,3,4,ZomBusinessman,5,6,GroupGenericZombie,5,6,ZomBusinessman,5,6,ZomBusinessman,4,5,GroupZomBadass,4,5,GroupZomBadassOnly,5,6" />
  <property name="SleeperVolumeGameStageAdjust" value=",,,,,,," />
  <property name="SleeperIsLootVolume" value="False,False,False,False,False,False,False,False" />
  <property name="SleeperIsQuestExclude" value="False,False,False,False,False,False,False,False" />
  <property name="SleeperVolumeFlags" value="0,0,0,0,0,0,0,0" />
  <property name="SleeperVolumeGroupId" value="0,0,0,0,0,0,0,0" />
  <property name="ShowQuestClearCount" value="2" />
  <property name="Tags" value="desert, snow, downtown, pine_forest" />
  <property name="PrefabSize" value="25, 31, 25" />
  <property name="SleeperVolumeTriggeredBy" value=" # # # # # # # " />
  <property class="IndexedBlockOffsets">
    <property class="challenge_gore">
      <property name="0" value="17, 22, 11" />
    </property>
    <property class="POILight">
      <property name="0" value="16, 2, 12" />
      <property name="1" value="16, 2, 13" />
      <property name="2" value="16, 26, 13" />
      <property name="3" value="15, 10, 14" />
      <property name="4" value="16, 20, 15" />
      <property name="5" value="16, 5, 16" />
      <property name="6" value="13, 5, 17" />
      <property name="7" value="12, 10, 20" />
      <property name="8" value="15, 10, 20" />
      <property name="9" value="19, 5, 20" />
      <property name="10" value="19, 10, 20" />
      <property name="11" value="19, 20, 20" />
      <property name="12" value="19, 26, 20" />
    </property>
    <property class="challenge_leather">
      <property name="0" value="19, 22, 16" />
      <property name="1" value="19, 22, 17" />
      <property name="2" value="19, 22, 18" />
      <property name="3" value="19, 22, 19" />
      <property name="4" value="12, 2, 20" />
      <property name="5" value="13, 2, 20" />
      <property name="6" value="14, 2, 20" />
      <property name="7" value="15, 2, 20" />
      <property name="8" value="16, 2, 20" />
      <property name="9" value="17, 2, 20" />
    </property>
    <property class="challenge_polymers">
      <property name="0" value="18, 7, 12" />
      <property name="1" value="19, 22, 12" />
      <property name="2" value="17, 2, 14" />
      <property name="3" value="17, 7, 15" />
      <property name="4" value="14, 17, 17" />
      <property name="5" value="15, 2, 17" />
      <property name="6" value="12, 2, 18" />
      <property name="7" value="17, 2, 19" />
    </property>
    <property class="challenge_mech_parts">
      <property name="0" value="17, 2, 12" />
      <property name="1" value="19, 7, 12" />
      <property name="2" value="15, 7, 14" />
      <property name="3" value="17, 17, 16" />
      <property name="4" value="16, 17, 17" />
      <property name="5" value="12, 22, 18" />
      <property name="6" value="14, 12, 19" />
      <property name="7" value="17, 22, 19" />
      <property name="8" value="18, 12, 19" />
      <property name="9" value="13, 12, 20" />
      <property name="10" value="14, 17, 20" />
      <property name="11" value="16, 7, 20" />
      <property name="12" value="17, 12, 20" />
      <property name="13" value="17, 17, 20" />
      <property name="14" value="18, 7, 20" />
    </property>
    <property class="TraderOnOff">
      <property name="0" value="21, 2, 12" />
      <property name="1" value="16, 17, 13" />
      <property name="2" value="18, 17, 13" />
      <property name="3" value="21, 2, 13" />
      <property name="4" value="19, 7, 14" />
      <property name="5" value="19, 17, 14" />
    </property>
    <property class="FetchContainer">
      <property name="0" value="19, 22, 20" />
    </property>
    <property class="challenge_sinks">
      <property name="0" value="12, 30, 12" />
      <property name="1" value="12, 30, 13" />
      <property name="2" value="15, 17, 13" />
    </property>
    <property class="Rally">
      <property name="0" value="22, 2, 9" />
    </property>
  </property>
  <property class="Stats">
    <property name="TotalVertices" value="518097" />
    <property name="TotalTriangles" value="186047" />
    <property class="BlockEntities">
      <property name="Vertices" value="405698" />
      <property name="Triangles" value="127132" />
    </property>
    <property class="ChunkMeshes0">
      <property name="Vertices" value="111333" />
      <property name="Triangles" value="57051" />
    </property>
    <property class="ChunkMeshes1">
      <property name="Vertices" value="0" />
      <property name="Triangles" value="0" />
    </property>
    <property class="ChunkMeshes2">
      <property name="Vertices" value="76" />
      <property name="Triangles" value="40" />
    </property>
    <property class="ChunkMeshes3">
      <property name="Vertices" value="0" />
      <property name="Triangles" value="0" />
    </property>
    <property class="ChunkMeshes4">
      <property name="Vertices" value="0" />
      <property name="Triangles" value="0" />
    </property>
    <property class="ChunkMeshes5">
      <property name="Vertices" value="990" />
      <property name="Triangles" value="1824" />
    </property>
  </property>
</prefab>