﻿<?xml version="1.0" encoding="UTF-8"?>
<prefab>
  <property name="CopyAirBlocks" value="True" />
  <property name="AllowTopSoilDecorations" value="True" />
  <property name="TraderArea" value="False" />
  <property name="ExcludeDistantPOIMesh" value="False" />
  <property name="ExcludePOICulling" value="False" />
  <property name="QuestTags" value="clear, fetch, infested" />
  <property name="DifficultyTier" value="2" />
  <property name="Zoning" value="Commercial, Downtown, Industrial, ResidentialNew, ResidentialOld, Residential" />
  <property name="RotationToFaceNorth" value="0" />
  <property name="YOffset" value="-6" />
  <property name="DistantPOIYOffset" value="0" />
  <property name="AllowedTownships" value="city,rural,town,wilderness" />
  <property name="EditorGroups" value="Wilderness, industrial, commercial, downtown" />
  <property name="SleeperVolumeStart" value="34, 6, 6#32, 6, 25#0, 6, 1#0, 6, 31#34, 6, 13" />
  <property name="SleeperVolumeSize" value="10, 7, 7#7, 5, 6#34, 3, 30#43, 3, 13#10, 3, 12" />
  <property name="SleeperVolumeGroup" value="S_-Group_Generic_Zombie,2,3,S_-Group_Generic_Zombie,2,3,S_-Group_Generic_Zombie,5,6,S_-Group_Generic_Zombie,4,5,S_-_Group_Zom_Badass,1,2" />
  <property name="SleeperVolumeGameStageAdjust" value="" />
  <property name="SleeperIsLootVolume" value="False,False,False,False,False" />
  <property name="SleeperIsBossVolume" value="False,False,False,False,False" />
  <property name="SleeperVolumeFlags" value="0,0,0,0,0" />
  <property name="SleeperVolumeGroupId" value="0,0,0,0,0" />
  <property name="ShowQuestClearCount" value="1" />
  <property name="SleeperIsQuestExclude" value="False,False,False,False,False" />
  <property name="PrefabSize" value="45, 14, 45" />
  <property name="Tags" value="wilderness" />
  <property name="SleeperVolumeTriggeredBy" value=" # # # # " />
  <property class="IndexedBlockOffsets">
    <property class="quest_wood_trees">
      <property name="0" value="12, 6, 34" />
    </property>
    <property class="quest_stone">
      <property name="0" value="38, 6, 24" />
      <property name="1" value="40, 6, 32" />
    </property>
    <property class="quest_stone_boulder">
      <property name="0" value="26, 6, 24" />
      <property name="1" value="26, 6, 36" />
    </property>
    <property class="quest_wood">
      <property name="0" value="39, 6, 27" />
    </property>
    <property class="POILight">
      <property name="0" value="32, 8, 27" />
    </property>
    <property class="FetchContainer">
      <property name="0" value="39, 9, 7" />
    </property>
    <property class="TraderOnOff">
      <property name="0" value="42, 10, 9" />
    </property>
    <property class="Rally">
      <property name="0" value="39, 6, 2" />
    </property>
  </property>
  <property class="Stats">
    <property name="TotalVertices" value="213547" />
    <property name="TotalTriangles" value="103466" />
    <property class="BlockEntities">
      <property name="Vertices" value="165949" />
      <property name="Triangles" value="71928" />
    </property>
    <property class="ChunkMeshes0">
      <property name="Vertices" value="25752" />
      <property name="Triangles" value="12986" />
    </property>
    <property class="ChunkMeshes1">
      <property name="Vertices" value="12352" />
      <property name="Triangles" value="6176" />
    </property>
    <property class="ChunkMeshes2">
      <property name="Vertices" value="0" />
      <property name="Triangles" value="0" />
    </property>
    <property class="ChunkMeshes3">
      <property name="Vertices" value="478" />
      <property name="Triangles" value="388" />
    </property>
    <property class="ChunkMeshes4">
      <property name="Vertices" value="2352" />
      <property name="Triangles" value="1176" />
    </property>
    <property class="ChunkMeshes5">
      <property name="Vertices" value="0" />
      <property name="Triangles" value="0" />
    </property>
    <property class="ChunkMeshes6">
      <property name="Vertices" value="6664" />
      <property name="Triangles" value="10812" />
    </property>
  </property>
</prefab>