﻿<?xml version="1.0" encoding="UTF-8"?>
<prefab>
  <property name="CopyAirBlocks" value="True" />
  <property name="AllowTopSoilDecorations" value="True" />
  <property name="TraderArea" value="False" />
  <property name="ExcludeDistantPOIMesh" value="False" />
  <property name="ExcludePOICulling" value="False" />
  <property name="DifficultyTier" value="2" />
  <property name="Zoning" value="ResidentialNew, ResidentialOld, Residential" />
  <property name="RotationToFaceNorth" value="3" />
  <property name="YOffset" value="-1" />
  <property name="DistantPOIYOffset" value="0" />
  <property name="AllowedBiomes" value="snow,plains,pine_forest,forest,city" />
  <property name="AllowedTownships" value="city,rural,town" />
  <property name="EditorGroups" value="Wilderness" />
  <property name="SleeperVolumeStart" value="8, 1, 22#10, 1, 23#21, 1, 9#10, 1, 9#10, 7, 23#10, 7, 9#21, 7, 9#21, 7, 32#12, 12, 29#12, 12, 19#12, 12, 9" />
  <property name="SleeperVolumeSize" value="13, 5, 1#10, 5, 16#16, 5, 30#10, 5, 13#10, 4, 16#10, 4, 13#17, 4, 23#10, 4, 7#16, 4, 10#16, 4, 10#16, 4, 10" />
  <property name="SleeperVolumeGroup" value="GroupHospital,1,1,GroupGenericZombie,3,3,GroupBikerBar,6,6,GroupGenericZombie,2,2,GroupGenericZombie,3,3,GroupHospital,1,1,GroupLabWorker,4,4,GroupZomBadassOnly,2,2,ZomSnow,1,1,GroupAbandonedHouse,1,1,GroupZomBadass,2,2" />
  <property name="SleeperVolumeGameStageAdjust" value=",,,,,,,,,," />
  <property name="SleeperIsLootVolume" value="False,False,False,False,False,False,False,True,False,False,False" />
  <property name="SleeperIsQuestExclude" value="False,False,False,False,False,False,False,False,False,False,False" />
  <property name="SleeperVolumeFlags" value="0,0,0,0,0,0,0,0,0,0,0" />
  <property name="SleeperVolumeGroupId" value="0,0,0,0,0,0,0,0,0,0,0" />
  <property name="ShowQuestClearCount" value="0" />
  <property name="PrefabSize" value="42, 23, 42" />
  <property name="Tags" value="residential" />
  <property name="SleeperVolumeTriggeredBy" value=" # # # # # # # # # # " />
  <property name="QuestTags" value="clear, fetch, infested" />
  <property class="IndexedBlockOffsets">
    <property class="quest_wood_trees">
      <property name="0" value="39, 1, 40" />
    </property>
    <property class="Rally">
      <property name="0" value="1, 1, 19" />
    </property>
    <property class="POILight">
      <property name="0" value="28, 10, 21" />
      <property name="1" value="35, 6, 21" />
      <property name="2" value="35, 6, 25" />
    </property>
    <property class="TraderOnOff">
      <property name="0" value="34, 1, 21" />
      <property name="1" value="23, 7, 30" />
    </property>
    <property class="challenge_sinks">
      <property name="0" value="24, 7, 7" />
    </property>
    <property class="challenge_polymers">
      <property name="0" value="25, 7, 26" />
      <property name="1" value="21, 2, 30" />
    </property>
    <property class="challenge_mech_parts">
      <property name="0" value="32, 7, 23" />
    </property>
    <property class="FetchContainer">
      <property name="0" value="16, 14, 34" />
    </property>
    <property class="challenge_leather">
      <property name="0" value="26, 7, 25" />
      <property name="1" value="27, 7, 25" />
      <property name="2" value="28, 7, 25" />
      <property name="3" value="29, 7, 25" />
      <property name="4" value="30, 7, 25" />
      <property name="5" value="31, 7, 25" />
    </property>
    <property class="challenge_steel">
      <property name="0" value="26, 1, 34" />
    </property>
    <property class="challenge_gore">
      <property name="0" value="26, 7, 27" />
    </property>
  </property>
  <property class="Stats">
    <property name="TotalVertices" value="580532" />
    <property name="TotalTriangles" value="276478" />
    <property class="BlockEntities">
      <property name="Vertices" value="444879" />
      <property name="Triangles" value="202105" />
    </property>
    <property class="ChunkMeshes0">
      <property name="Vertices" value="132147" />
      <property name="Triangles" value="71209" />
    </property>
    <property class="ChunkMeshes1">
      <property name="Vertices" value="0" />
      <property name="Triangles" value="0" />
    </property>
    <property class="ChunkMeshes2">
      <property name="Vertices" value="1664" />
      <property name="Triangles" value="832" />
    </property>
    <property class="ChunkMeshes3">
      <property name="Vertices" value="648" />
      <property name="Triangles" value="324" />
    </property>
    <property class="ChunkMeshes4">
      <property name="Vertices" value="0" />
      <property name="Triangles" value="0" />
    </property>
    <property class="ChunkMeshes5">
      <property name="Vertices" value="1194" />
      <property name="Triangles" value="2008" />
    </property>
  </property>
</prefab>