﻿<?xml version="1.0" encoding="UTF-8"?>
<prefab>
  <property name="CopyAirBlocks" value="True" />
  <property name="AllowTopSoilDecorations" value="False" />
  <property name="TraderArea" value="False" />
  <property name="ExcludeDistantPOIMesh" value="False" />
  <property name="ExcludePOICulling" value="False" />
  <property name="QuestTags" value="fetch, infested" />
  <property name="DifficultyTier" value="5" />
  <property name="Zoning" value="Commercial, Downtown, Industrial, ResidentialNew, ResidentialOld, Residential" />
  <property name="RotationToFaceNorth" value="3" />
  <property name="YOffset" value="-32" />
  <property name="DistantPOIYOffset" value="0" />
  <property name="AllowedTownships" value="city,rural,town,wilderness" />
  <property name="EditorGroups" value="world/deco/biome" />
  <property name="SleeperVolumeStart" value="58, 14, 7#77, 5, 5#77, 13, 14#40, 13, 20#55, 5, 32#69, 5, 46#60, 5, 25#71, 5, 31#78, 5, 44#54, 5, 44#82, 15, 59#70, 8, 52#28, 14, 31#71, 5, 20#61, 21, 6#59, 1, 7#74, 7, 6#28, 5, 31#24, 5, 15#79, 12, 79#72, 4, 67#49, 5, 15#72, 4, 67#77, 4, 68" />
  <property name="SleeperVolumeSize" value="9, 3, 8#6, 7, 7#10, 26, 10#7, 2, 15#14, 3, 9#6, 3, 3#4, 3, 4#3, 3, 3#5, 3, 7#12, 3, 8#5, 3, 5#11, 4, 8#5, 3, 6#12, 3, 6#5, 2, 5#13, 3, 6#6, 3, 7#2, 3, 5#2, 3, 25#8, 4, 10#7, 4, 6#20, 3, 3#7, 4, 6#7, 3, 10" />
  <property name="SleeperVolumeGroup" value="GroupZomBadassOnly,34,36,GroupZomBadassOnly,24,26,GroupGenericZombie,25,27,GroupZomBadassOnly,14,15,GroupGenericZombie,14,15,GroupGenericZombie,2,2,GroupGenericZombie,1,1,GroupGenericZombie,1,1,GroupGenericZombie,3,3,GroupGenericZombie,2,2,GroupZomBadassOnly,10,12,GroupZomBadassOnly,13,15,GroupZomBadassOnly,24,26,GroupGenericZombie,3,4,GroupZomBadassOnly,21,21,GroupZomBadassOnly,21,21,GroupGenericZombie,34,36,GroupZomBadassOnly,24,26,GroupGenericZombie,1,1,GroupGenericZombie,10,11,ZomHazMatOnly,10,11,GroupLabWorker,4,5,ZomHazMatOnly,4,4,ZomHazMatOnly,1,1" />
  <property name="SleeperVolumeGameStageAdjust" value=",,,,,,,,,,,,,,,,,,,,,,," />
  <property name="SleeperIsLootVolume" value="False,False,False,False,False,False,False,False,False,False,False,False,False,False,False,False,False,False,False,False,False,False,False,False" />
  <property name="SleeperIsBossVolume" value="False,False,False,False,False,False,False,False,False,False,False,False,False,False,False,False,False,False,False,False,False,False,False,False" />
  <property name="SleeperVolumeFlags" value="2,2,2,2,2,0,0,0,2,0,2,2,2,0,2,2,2,2,0,2,2,0,2,0" />
  <property name="SleeperVolumeGroupId" value="1,1,0,3,3,0,0,0,0,0,4,4,7,0,6,6,1,7,0,8,8,0,8,0" />
  <property name="ShowQuestClearCount" value="1" />
  <property name="SleeperIsQuestExclude" value="False,False,False,False,False,False,False,False,False,False,False,False,False,False,False,False,False,False,False,False,False,False,False,False" />
  <property name="PrefabSize" value="100, 35, 100" />
  <property name="Tags" value="wilderness" />
  <property name="SleeperVolumeTriggeredBy" value=" # # # # # # # # # # # # # # # # # # # # # # # " />
  <property class="IndexedBlockOffsets">
    <property class="quest_wood">
      <property name="0" value="82, 30, 63" />
    </property>
    <property class="POILight">
      <property name="0" value="80, 4, 74" />
    </property>
    <property class="quest_wood_trees">
      <property name="0" value="85, 29, 33" />
    </property>
    <property class="quest_stone">
      <property name="0" value="85, 29, 39" />
    </property>
    <property class="challenge_sinks">
      <property name="0" value="68, 5, 53" />
      <property name="1" value="68, 5, 54" />
    </property>
    <property class="challenge_barrels">
      <property name="0" value="23, 6, 22" />
      <property name="1" value="25, 6, 27" />
      <property name="2" value="26, 6, 32" />
    </property>
    <property class="TraderOnOff">
      <property name="0" value="69, 5, 52" />
    </property>
    <property class="challenge_officechairs">
      <property name="0" value="64, 5, 42" />
      <property name="1" value="53, 26, 48" />
    </property>
    <property class="Rally">
      <property name="0" value="51, 30, 48" />
    </property>
    <property class="challenge_gore">
      <property name="0" value="73, 5, 46" />
    </property>
    <property class="FetchContainer">
      <property name="0" value="75, 8, 38" />
    </property>
    <property class="brBlock">
      <property name="0" value="49, 2, 40" />
    </property>
    <property class="challenge_pallet">
      <property name="0" value="74, 5, 7" />
      <property name="1" value="74, 6, 7" />
      <property name="2" value="70, 1, 10" />
      <property name="3" value="74, 5, 12" />
      <property name="4" value="74, 6, 12" />
    </property>
    <property class="challenge_vending">
      <property name="0" value="67, 5, 50" />
    </property>
  </property>
  <property class="Stats">
    <property name="TotalVertices" value="6678921" />
    <property name="TotalTriangles" value="2954504" />
    <property class="BlockEntities">
      <property name="Vertices" value="6124316" />
      <property name="Triangles" value="2576062" />
    </property>
    <property class="ChunkMeshes0">
      <property name="Vertices" value="274045" />
      <property name="Triangles" value="154450" />
    </property>
    <property class="ChunkMeshes1">
      <property name="Vertices" value="196608" />
      <property name="Triangles" value="98304" />
    </property>
    <property class="ChunkMeshes2">
      <property name="Vertices" value="1324" />
      <property name="Triangles" value="690" />
    </property>
    <property class="ChunkMeshes3">
      <property name="Vertices" value="4632" />
      <property name="Triangles" value="2316" />
    </property>
    <property class="ChunkMeshes4">
      <property name="Vertices" value="100" />
      <property name="Triangles" value="50" />
    </property>
    <property class="ChunkMeshes5">
      <property name="Vertices" value="77896" />
      <property name="Triangles" value="122632" />
    </property>
  </property>
</prefab>