﻿<?xml version="1.0" encoding="UTF-8"?>
<prefab>
  <property name="CopyAirBlocks" value="True" />
  <property name="AllowTopSoilDecorations" value="True" />
  <property name="TraderArea" value="False" />
  <property name="ExcludeDistantPOIMesh" value="False" />
  <property name="ExcludePOICulling" value="False" />
  <property name="QuestTags" value="clear, fetch, infested" />
  <property name="DifficultyTier" value="2" />
  <property name="Zoning" value="Commercial, Industrial, ResidentialNew, ResidentialOld, Residential" />
  <property name="RotationToFaceNorth" value="1" />
  <property name="YOffset" value="-10" />
  <property name="DistantPOIYOffset" value="0" />
  <property name="AllowedBiomes" value="burnt_forest,snow,plains,pine_forest,forest,desert,wasteland" />
  <property name="AllowedTownships" value="city,rural,town,wilderness" />
  <property name="EditorGroups" value="Wilderness" />
  <property name="SleeperVolumeStart" value="40, 2, 7#7, 10, 16#47, 10, 8#37, 10, 8#17, 1, 6" />
  <property name="SleeperVolumeSize" value="10, 3, 29#28, 3, 36#7, 3, 40#10, 3, 40#22, 5, 30" />
  <property name="SleeperVolumeGroup" value="S_-_Group_Zom_Badass,1,1,S_-Group_Generic_Zombie,8,8,S_-_Group_Abandoned_House,4,4,S_Zom_Businessman,4,4,S_-_Group_Lab_Worker,5,5" />
  <property name="SleeperVolumeGameStageAdjust" value=",," />
  <property name="SleeperIsLootVolume" value="False,False,False,False,False" />
  <property name="SleeperIsBossVolume" value="False,False,False" />
  <property name="SleeperVolumeFlags" value="0,0,0,0,0" />
  <property name="SleeperVolumeGroupId" value="0,0,0,0,0" />
  <property name="ShowQuestClearCount" value="1" />
  <property name="SleeperIsQuestExclude" value="False,False,False,False,False" />
  <property name="PrefabSize" value="60, 21, 60" />
  <property name="Tags" value="commercial,countrytown,nodiagonal" />
  <property name="ThemeTags" value="funeral" />
  <property name="ThemeDistance" value="300" />
  <property name="SleeperVolumeTriggeredBy" value=" # # # # " />
  <property class="IndexedBlockOffsets">
    <property class="POILight">
      <property name="0" value="46, 6, 32" />
    </property>
    <property class="FetchContainer">
      <property name="0" value="36, 1, 32" />
    </property>
    <property class="TraderOnOff">
      <property name="0" value="30, 10, 15" />
      <property name="1" value="41, 2, 18" />
      <property name="2" value="44, 10, 22" />
    </property>
    <property class="Rally">
      <property name="0" value="51, 10, 30" />
    </property>
  </property>
  <property class="Stats">
    <property name="TotalVertices" value="689736" />
    <property name="TotalTriangles" value="304089" />
    <property class="BlockEntities">
      <property name="Vertices" value="535115" />
      <property name="Triangles" value="198253" />
    </property>
    <property class="ChunkMeshes0">
      <property name="Vertices" value="108686" />
      <property name="Triangles" value="59694" />
    </property>
    <property class="ChunkMeshes1">
      <property name="Vertices" value="9344" />
      <property name="Triangles" value="4672" />
    </property>
    <property class="ChunkMeshes2">
      <property name="Vertices" value="360" />
      <property name="Triangles" value="180" />
    </property>
    <property class="ChunkMeshes3">
      <property name="Vertices" value="23551" />
      <property name="Triangles" value="19642" />
    </property>
    <property class="ChunkMeshes4">
      <property name="Vertices" value="0" />
      <property name="Triangles" value="0" />
    </property>
    <property class="ChunkMeshes5">
      <property name="Vertices" value="0" />
      <property name="Triangles" value="0" />
    </property>
    <property class="ChunkMeshes6">
      <property name="Vertices" value="12680" />
      <property name="Triangles" value="21648" />
    </property>
  </property>
</prefab>