﻿<?xml version="1.0" encoding="UTF-8"?>
<prefab>
  <property name="CopyAirBlocks" value="True" />
  <property name="AllowTopSoilDecorations" value="True" />
  <property name="TraderArea" value="False" />
  <property name="ExcludeDistantPOIMesh" value="False" />
  <property name="ExcludePOICulling" value="False" />
  <property name="DifficultyTier" value="5" />
  <property name="Zoning" value="ResidentialNew, Residential" />
  <property name="RotationToFaceNorth" value="2" />
  <property name="YOffset" value="-10" />
  <property name="DistantPOIYOffset" value="0" />
  <property name="AllowedBiomes" value="pine_forest,forest,desert" />
  <property name="AllowedTownships" value="city,rural,town,wilderness" />
  <property name="EditorGroups" value="house new" />
  <property name="SleeperVolumeStart" value="23, 1, 26#3, 1, 19#9, 1, 14#15, 1, 14#29, 1, 12#44, 1, 20#39, 1, 26#43, 9, 17#1, 10, 15#37, 20, 14#45, 18, 8#29, 18, 8#29, 18, 29#29, 18, 6" />
  <property name="SleeperVolumeSize" value="15, 3, 7#6, 4, 11#6, 4, 16#13, 3, 9#15, 3, 11#10, 3, 13#5, 3, 9#9, 7, 11#19, 3, 25#2, 5, 8#2, 7, 21#2, 7, 21#18, 7, 2#18, 7, 2" />
  <property name="SleeperVolumeGroup" value="GroupGenericZombie,1,3,ZomHazMatOnly,1,2,GroupLabWorker,3,6,ZomBurnt,2,4,GroupBikerBar,2,4,GroupZomSoldier,2,4,GroupLabWorker,1,2,GroupZomBadassOnly,2,4,GroupGhostTown,4,8,GroupZomBadassOnly,9,12,GroupZomBadassOnly,9,12,GroupZomBadassOnly,9,12,GroupZomBadassOnly,9,12,GroupZomBadassOnly,9,12" />
  <property name="SleeperVolumeGameStageAdjust" value=",,,,,,,," />
  <property name="SleeperIsLootVolume" value="False,False,False,False,False,False,False,False,False,False,False,False,False,False" />
  <property name="SleeperIsBossVolume" value="False,False,False,False,False,False,False,False,False" />
  <property name="SleeperVolumeFlags" value="0,0,0,0,0,0,0,0,0,2,2,2,2,2" />
  <property name="SleeperVolumeGroupId" value="0,0,0,0,0,0,0,0,0,1,1,1,1,1" />
  <property name="ShowQuestClearCount" value="1" />
  <property name="SleeperIsQuestExclude" value="False,False,False,False,False,False,False,False,False,False,False,False,False,False" />
  <property name="PrefabSize" value="60, 25, 60" />
  <property name="Tags" value="countrytown, countryresidential, residential, rural" />
  <property name="SleeperVolumeTriggeredBy" value=" # # # # # # # # # # # # # " />
  <property name="QuestTags" value="clear, fetch, infested" />
  <property class="Stats">
    <property name="TotalVertices" value="971180" />
    <property name="TotalTriangles" value="432897" />
    <property class="BlockEntities">
      <property name="Vertices" value="789500" />
      <property name="Triangles" value="315927" />
    </property>
    <property class="ChunkMeshes0">
      <property name="Vertices" value="157486" />
      <property name="Triangles" value="88994" />
    </property>
    <property class="ChunkMeshes1">
      <property name="Vertices" value="9216" />
      <property name="Triangles" value="4608" />
    </property>
    <property class="ChunkMeshes2">
      <property name="Vertices" value="1862" />
      <property name="Triangles" value="964" />
    </property>
    <property class="ChunkMeshes3">
      <property name="Vertices" value="96" />
      <property name="Triangles" value="48" />
    </property>
    <property class="ChunkMeshes4">
      <property name="Vertices" value="0" />
      <property name="Triangles" value="0" />
    </property>
    <property class="ChunkMeshes5">
      <property name="Vertices" value="13020" />
      <property name="Triangles" value="22356" />
    </property>
  </property>
  <property class="IndexedBlockOffsets">
    <property class="POILight">
      <property name="0" value="46, 7, 48" />
      <property name="1" value="48, 7, 50" />
    </property>
    <property class="challenge_gore">
      <property name="0" value="49, 1, 20" />
    </property>
    <property class="challenge_mech_parts">
      <property name="0" value="43, 1, 30" />
    </property>
    <property class="challenge_sinks">
      <property name="0" value="48, 12, 17" />
      <property name="1" value="50, 12, 17" />
      <property name="2" value="47, 11, 27" />
    </property>
    <property class="challenge_polymers">
      <property name="0" value="48, 2, 30" />
      <property name="1" value="48, 2, 31" />
    </property>
    <property class="challenge_pallet">
      <property name="0" value="31, 10, 8" />
      <property name="1" value="31, 11, 8" />
      <property name="2" value="31, 10, 9" />
    </property>
    <property class="TraderOnOff">
      <property name="0" value="49, 1, 22" />
    </property>
    <property class="challenge_leather">
      <property name="0" value="32, 11, 30" />
      <property name="1" value="33, 11, 30" />
      <property name="2" value="34, 11, 30" />
      <property name="3" value="35, 11, 30" />
      <property name="4" value="36, 11, 30" />
      <property name="5" value="32, 11, 31" />
      <property name="6" value="32, 11, 32" />
      <property name="7" value="32, 11, 33" />
    </property>
    <property class="Rally">
      <property name="0" value="41, 10, 2" />
    </property>
  </property>
</prefab>