﻿<?xml version="1.0" encoding="UTF-8"?>
<prefab>
  <property name="CopyAirBlocks" value="True" />
  <property name="AllowTopSoilDecorations" value="True" />
  <property name="TraderArea" value="False" />
  <property name="ExcludeDistantPOIMesh" value="False" />
  <property name="ExcludePOICulling" value="False" />
  <property name="QuestTags" value="clear, fetch, infested" />
  <property name="DifficultyTier" value="2" />
  <property name="Zoning" value="ResidentialNew, ResidentialOld, Residential" />
  <property name="RotationToFaceNorth" value="2" />
  <property name="YOffset" value="-5" />
  <property name="DistantPOIYOffset" value="0" />
  <property name="AllowedBiomes" value="plains,pine_forest,forest,desert,wasteland_hub,wasteland,city,city_wasteland,water" />
  <property name="AllowedTownships" value="city,rural,town,wilderness" />
  <property name="EditorGroups" value="wilderness" />
  <property name="SleeperVolumeStart" value="5, 4, 7#28, 0, 6#12, 5, 16" />
  <property name="SleeperVolumeSize" value="7, 7, 25#8, 11, 25#16, 7, 16" />
  <property name="SleeperVolumeGroup" value="GroupGhostTown,6,8,GroupGenericZombie,8,11,GroupGhostTown,6,8" />
  <property name="SleeperVolumeGameStageAdjust" value=",," />
  <property name="SleeperIsLootVolume" value="False,False,False" />
  <property name="SleeperIsBossVolume" value="False,False,False" />
  <property name="SleeperVolumeFlags" value="0,0,0" />
  <property name="SleeperVolumeGroupId" value="0,0,0" />
  <property name="ShowQuestClearCount" value="1" />
  <property name="SleeperIsQuestExclude" value="False,False,False" />
  <property name="PrefabSize" value="42, 13, 42" />
  <property name="Tags" value="residential" />
  <property name="SleeperVolumeTriggeredBy" value=" # # " />
  <property class="IndexedBlockOffsets">
    <property class="quest_stone">
      <property name="0" value="6, 5, 35" />
      <property name="1" value="10, 5, 36" />
    </property>
    <property class="quest_wood_trees">
      <property name="0" value="8, 5, 35" />
    </property>
    <property class="quest_feather">
      <property name="0" value="7, 5, 34" />
    </property>
    <property class="quest_wood">
      <property name="0" value="23, 5, 7" />
    </property>
    <property class="challenge_mech_parts">
      <property name="0" value="34, 5, 27" />
    </property>
    <property class="POILight">
      <property name="0" value="23, 10, 22" />
      <property name="1" value="29, 3, 22" />
      <property name="2" value="29, 8, 22" />
      <property name="3" value="34, 8, 23" />
      <property name="4" value="35, 5, 25" />
      <property name="5" value="21, 8, 26" />
      <property name="6" value="27, 8, 26" />
      <property name="7" value="33, 8, 27" />
      <property name="8" value="34, 8, 27" />
    </property>
    <property class="TraderOnOff">
      <property name="0" value="28, 5, 16" />
      <property name="1" value="31, 1, 18" />
      <property name="2" value="33, 5, 18" />
    </property>
    <property class="challenge_sinks">
      <property name="0" value="30, 6, 21" />
      <property name="1" value="32, 3, 24" />
      <property name="2" value="33, 1, 24" />
      <property name="3" value="34, 1, 24" />
    </property>
    <property class="challenge_leather">
      <property name="0" value="35, 5, 21" />
      <property name="1" value="35, 5, 22" />
      <property name="2" value="35, 5, 23" />
      <property name="3" value="21, 5, 24" />
      <property name="4" value="35, 5, 24" />
    </property>
    <property class="challenge_polymers">
      <property name="0" value="30, 1, 21" />
      <property name="1" value="30, 1, 22" />
      <property name="2" value="32, 1, 22" />
      <property name="3" value="35, 2, 24" />
      <property name="4" value="28, 5, 28" />
    </property>
    <property class="Rally">
      <property name="0" value="27, 5, 0" />
    </property>
    <property class="challenge_gore">
      <property name="0" value="29, 1, 22" />
    </property>
    <property class="challenge_cars">
      <property name="0" value="34, 5, 10" />
    </property>
    <property class="FetchContainer">
      <property name="0" value="26, 8, 21" />
    </property>
  </property>
  <property class="Stats">
    <property name="TotalVertices" value="442103" />
    <property name="TotalTriangles" value="211499" />
    <property class="BlockEntities">
      <property name="Vertices" value="384280" />
      <property name="Triangles" value="175552" />
    </property>
    <property class="ChunkMeshes0">
      <property name="Vertices" value="46811" />
      <property name="Triangles" value="23631" />
    </property>
    <property class="ChunkMeshes1">
      <property name="Vertices" value="2560" />
      <property name="Triangles" value="1280" />
    </property>
    <property class="ChunkMeshes2">
      <property name="Vertices" value="2192" />
      <property name="Triangles" value="1668" />
    </property>
    <property class="ChunkMeshes3">
      <property name="Vertices" value="600" />
      <property name="Triangles" value="300" />
    </property>
    <property class="ChunkMeshes4">
      <property name="Vertices" value="0" />
      <property name="Triangles" value="0" />
    </property>
    <property class="ChunkMeshes5">
      <property name="Vertices" value="5660" />
      <property name="Triangles" value="9068" />
    </property>
  </property>
</prefab>