﻿<?xml version="1.0" encoding="UTF-8"?>
<prefab>
  <property name="CopyAirBlocks" value="False" />
  <property name="ExcludeDistantPOIMesh" value="False" />
  <property name="ExcludePOICulling" value="False" />
  <property name="DistantPOIYOffset" value="0" />
  <property name="AllowTopSoilDecorations" value="False" />
  <property name="DifficultyTier" value="0" />
  <property name="ShowQuestClearCount" value="1" />
  <property name="TraderArea" value="False" />
  <property name="PrefabSize" value="11, 27, 11" />
  <property name="RotationToFaceNorth" value="2" />
  <property name="Zoning" value="none" />
  <property class="Stats">
    <property name="TotalVertices" value="54662" />
    <property name="TotalTriangles" value="35625" />
    <property class="BlockEntities">
      <property name="Vertices" value="19806" />
      <property name="Triangles" value="10339" />
    </property>
    <property class="ChunkMeshes0">
      <property name="Vertices" value="34596" />
      <property name="Triangles" value="25156" />
    </property>
    <property class="ChunkMeshes1">
      <property name="Vertices" value="0" />
      <property name="Triangles" value="0" />
    </property>
    <property class="ChunkMeshes2">
      <property name="Vertices" value="260" />
      <property name="Triangles" value="130" />
    </property>
    <property class="ChunkMeshes3">
      <property name="Vertices" value="0" />
      <property name="Triangles" value="0" />
    </property>
    <property class="ChunkMeshes4">
      <property name="Vertices" value="0" />
      <property name="Triangles" value="0" />
    </property>
    <property class="ChunkMeshes5">
      <property name="Vertices" value="0" />
      <property name="Triangles" value="0" />
    </property>
  </property>
  <property class="IndexedBlockOffsets">
    <property class="TraderOnOff">
      <property name="0" value="7, 16, 5" />
      <property name="1" value="9, 10, 5" />
      <property name="2" value="5, 16, 7" />
      <property name="3" value="5, 26, 7" />
    </property>
  </property>
</prefab>