﻿<?xml version="1.0" encoding="UTF-8"?>
<prefab>
  <property name="CopyAirBlocks" value="True" />
  <property name="AllowTopSoilDecorations" value="True" />
  <property name="TraderArea" value="False" />
  <property name="ExcludeDistantPOIMesh" value="False" />
  <property name="ExcludePOICulling" value="False" />
  <property name="DifficultyTier" value="2" />
  <property name="Zoning" value="ResidentialOld, Residential" />
  <property name="RotationToFaceNorth" value="2" />
  <property name="YOffset" value="-1" />
  <property name="DistantPOIYOffset" value="0" />
  <property name="AllowedBiomes" value="snow,plains,pine_forest,forest" />
  <property name="AllowedTownships" value="wilderness" />
  <property name="EditorGroups" value="Wilderness" />
  <property name="SleeperVolumeStart" value="4, 1, 4#4, 11, 4#4, 18, 4#4, 32, 4" />
  <property name="SleeperVolumeSize" value="17, 9, 17#17, 7, 17#17, 7, 17#17, 13, 17" />
  <property name="SleeperVolumeGroup" value="GroupGhostTown,7,10,GroupAbandonedHouse,4,5,GroupZomBadass,1,3,GroupZomBadass,3,7" />
  <property name="SleeperVolumeGameStageAdjust" value=",,," />
  <property name="SleeperIsLootVolume" value="False,False,False,False" />
  <property name="SleeperIsBossVolume" value="False,False,False,False" />
  <property name="SleeperVolumeFlags" value="0,0,0,0" />
  <property name="SleeperVolumeGroupId" value="0,0,0,0" />
  <property name="ShowQuestClearCount" value="1" />
  <property name="SleeperIsQuestExclude" value="False,False,False,False" />
  <property name="PrefabSize" value="25, 46, 25" />
  <property name="Tags" value="wilderness, industrial, rural" />
  <property name="ThemeTags" value="watow" />
  <property name="ThemeRepeatDistance" value="950" />
  <property name="SleeperVolumeTriggeredBy" value=" # # # " />
  <property name="QuestTags" value="clear, infested" />
  <property class="Stats">
    <property name="TotalVertices" value="192298" />
    <property name="TotalTriangles" value="99998" />
    <property class="BlockEntities">
      <property name="Vertices" value="74152" />
      <property name="Triangles" value="30346" />
    </property>
    <property class="ChunkMeshes0">
      <property name="Vertices" value="115886" />
      <property name="Triangles" value="66604" />
    </property>
    <property class="ChunkMeshes1">
      <property name="Vertices" value="0" />
      <property name="Triangles" value="0" />
    </property>
    <property class="ChunkMeshes2">
      <property name="Vertices" value="680" />
      <property name="Triangles" value="340" />
    </property>
    <property class="ChunkMeshes3">
      <property name="Vertices" value="24" />
      <property name="Triangles" value="12" />
    </property>
    <property class="ChunkMeshes4">
      <property name="Vertices" value="0" />
      <property name="Triangles" value="0" />
    </property>
    <property class="ChunkMeshes5">
      <property name="Vertices" value="1556" />
      <property name="Triangles" value="2696" />
    </property>
  </property>
  <property class="IndexedBlockOffsets">
    <property class="quest_wood">
      <property name="0" value="6, 42, 6" />
      <property name="1" value="8, 42, 6" />
      <property name="2" value="6, 42, 7" />
    </property>
    <property class="TraderOnOff">
      <property name="0" value="14, 41, 16" />
    </property>
    <property class="quest_wood_trees">
      <property name="0" value="10, 25, 10" />
    </property>
    <property class="quest_feather">
      <property name="0" value="15, 45, 12" />
    </property>
    <property class="challenge_stump">
      <property name="0" value="7, 1, 11" />
    </property>
    <property class="challenge_polymers">
      <property name="0" value="12, 41, 15" />
      <property name="1" value="15, 41, 15" />
    </property>
    <property class="challenge_sinks">
      <property name="0" value="12, 2, 10" />
      <property name="1" value="17, 42, 10" />
    </property>
    <property class="Rally">
      <property name="0" value="19, 1, 21" />
    </property>
  </property>
</prefab>