﻿<?xml version="1.0" encoding="UTF-8"?>
<prefab>
  <property name="CopyAirBlocks" value="True" />
  <property name="AllowTopSoilDecorations" value="True" />
  <property name="TraderArea" value="False" />
  <property name="ExcludeDistantPOIMesh" value="False" />
  <property name="ExcludePOICulling" value="False" />
  <property name="DifficultyTier" value="2" />
  <property name="Zoning" value="Residential" />
  <property name="RotationToFaceNorth" value="2" />
  <property name="YOffset" value="-11" />
  <property name="DistantPOIYOffset" value="0" />
  <property name="AllowedTownships" value="rural,town,wilderness" />
  <property name="EditorGroups" value="oldwest, Wilderness" />
  <property name="SleeperVolumeStart" value="12, 1, 3#2, 1, 11#11, 11, 23#1, 11, 9#12, 26, 24#9, 40, 21" />
  <property name="SleeperVolumeSize" value="9, 3, 13#6, 3, 9#7, 6, 7#23, 3, 13#5, 6, 5#11, 3, 11" />
  <property name="SleeperVolumeGroup" value="GroupBikerBar,10,15,GroupGenericZombie,3,5,GroupGenericZombie,2,3,GroupGhostTown,4,8,GroupZomBadassOnly,1,1,GroupGenericZombie,3,6" />
  <property name="SleeperVolumeGameStageAdjust" value=",,,,," />
  <property name="SleeperIsLootVolume" value="False,False,False,False,False,False" />
  <property name="SleeperIsQuestExclude" value="False,False,False,False,False,False" />
  <property name="SleeperVolumeFlags" value="0,0,0,0,0,0" />
  <property name="SleeperVolumeGroupId" value="0,0,0,0,0,0" />
  <property name="ShowQuestClearCount" value="0" />
  <property name="Tags" value="wilderness" />
  <property name="ThemeTags" value="watow" />
  <property name="ThemeRepeatDistance" value="950" />
  <property name="PrefabSize" value="25, 45, 34" />
  <property name="SleeperVolumeTriggeredBy" value=" # # # # # " />
  <property name="QuestTags" value="clear, infested" />
  <property class="Stats">
    <property name="TotalVertices" value="328325" />
    <property name="TotalTriangles" value="189473" />
    <property class="BlockEntities">
      <property name="Vertices" value="117471" />
      <property name="Triangles" value="50447" />
    </property>
    <property class="ChunkMeshes0">
      <property name="Vertices" value="205292" />
      <property name="Triangles" value="130690" />
    </property>
    <property class="ChunkMeshes1">
      <property name="Vertices" value="896" />
      <property name="Triangles" value="448" />
    </property>
    <property class="ChunkMeshes2">
      <property name="Vertices" value="0" />
      <property name="Triangles" value="0" />
    </property>
    <property class="ChunkMeshes3">
      <property name="Vertices" value="0" />
      <property name="Triangles" value="0" />
    </property>
    <property class="ChunkMeshes4">
      <property name="Vertices" value="0" />
      <property name="Triangles" value="0" />
    </property>
    <property class="ChunkMeshes5">
      <property name="Vertices" value="4666" />
      <property name="Triangles" value="7888" />
    </property>
  </property>
  <property class="IndexedBlockOffsets">
    <property class="challenge_polymers">
      <property name="0" value="1, 3, 17" />
    </property>
    <property class="challenge_sinks">
      <property name="0" value="12, 41, 23" />
    </property>
    <property class="TraderOnOff">
      <property name="0" value="3, 11, 31" />
    </property>
    <property class="challenge_gore">
      <property name="0" value="15, 1, 9" />
      <property name="1" value="16, 1, 9" />
      <property name="2" value="17, 1, 9" />
      <property name="3" value="15, 1, 10" />
      <property name="4" value="16, 1, 10" />
      <property name="5" value="16, 1, 11" />
    </property>
    <property class="Rally">
      <property name="0" value="22, 11, 20" />
    </property>
  </property>
</prefab>