﻿<?xml version="1.0" encoding="UTF-8"?>
<prefab>
  <property name="CopyAirBlocks" value="True" />
  <property name="AllowTopSoilDecorations" value="True" />
  <property name="TraderArea" value="False" />
  <property name="ExcludeDistantPOIMesh" value="False" />
  <property name="ExcludePOICulling" value="False" />
  <property name="DifficultyTier" value="5" />
  <property name="Zoning" value="Residential" />
  <property name="RotationToFaceNorth" value="0" />
  <property name="YOffset" value="-5" />
  <property name="DistantPOIYOffset" value="0" />
  <property name="EditorGroups" value="Military" />
  <property name="SleeperVolumeStart" value="10, 4, 43#33, 4, 43#57, 4, 43#74, 4, 48#97, 4, 45#110, 4, 41#134, 4, 41#163, 4, 41" />
  <property name="SleeperVolumeSize" value="21, 5, 26#20, 5, 26#15, 15, 25#20, 7, 20#10, 15, 24#23, 5, 26#26, 4, 26#26, 7, 26" />
  <property name="SleeperVolumeGroup" value="ZomBusinessman,17,17,ZomBusinessman,11,11,ZomSpiderOnly,16,16,GroupZomSoldier,21,21,GroupZomSoldier,14,14,GroupZomSoldier,14,14,GroupNightClub,16,16,ZomHazMatOnly,21,21" />
  <property name="SleeperVolumeGameStageAdjust" value=",,,,,,," />
  <property name="SleeperIsLootVolume" value="False,False,False,False,False,False,False,False" />
  <property name="SleeperIsQuestExclude" value="False,False,False,False,False,False,False,False" />
  <property name="SleeperVolumeFlags" value="0,0,0,0,0,0,0,0" />
  <property name="SleeperVolumeGroupId" value="0,0,0,0,0,0,0,0" />
  <property name="ShowQuestClearCount" value="0" />
  <property name="Tags" value="wilderness" />
  <property name="ThemeTags" value="airport" />
  <property name="ThemeRepeatDistance" value="1000" />
  <property name="DuplicateRepeatDistance" value="8500" />
  <property name="PrefabSize" value="200, 34, 84" />
  <property name="SleeperVolumeTriggeredBy" value=" # # # # # # # " />
  <property name="QuestTags" value="clear, fetch, infested" />
  <property class="IndexedBlockOffsets">
    <property class="TraderOnOff">
      <property name="0" value="97, 16, 49" />
      <property name="1" value="99, 17, 49" />
    </property>
    <property class="POILight">
      <property name="0" value="186, 11, 59" />
    </property>
    <property class="challenge_vending">
      <property name="0" value="111, 5, 68" />
    </property>
    <property class="FetchContainer">
      <property name="0" value="102, 22, 48" />
    </property>
    <property class="quest_wood_trees">
      <property name="0" value="185, 5, 80" />
    </property>
    <property class="challenge_pallet">
      <property name="0" value="180, 5, 60" />
      <property name="1" value="180, 6, 60" />
      <property name="2" value="180, 7, 60" />
      <property name="3" value="180, 8, 60" />
      <property name="4" value="180, 5, 61" />
      <property name="5" value="180, 6, 61" />
      <property name="6" value="180, 7, 61" />
      <property name="7" value="180, 8, 61" />
      <property name="8" value="181, 5, 61" />
      <property name="9" value="181, 6, 61" />
      <property name="10" value="181, 7, 61" />
      <property name="11" value="181, 8, 61" />
    </property>
    <property class="quest_feather">
      <property name="0" value="102, 21, 53" />
    </property>
    <property class="challenge_sinks">
      <property name="0" value="85, 5, 50" />
      <property name="1" value="87, 5, 50" />
      <property name="2" value="85, 5, 55" />
      <property name="3" value="87, 5, 55" />
    </property>
    <property class="challenge_officechairs">
      <property name="0" value="128, 5, 58" />
    </property>
    <property class="Rally">
      <property name="0" value="121, 5, 82" />
    </property>
    <property class="challenge_cars">
      <property name="0" value="186, 5, 39" />
    </property>
    <property class="brBlock">
      <property name="0" value="173, 5, 57" />
    </property>
  </property>
  <property class="Stats">
    <property name="TotalVertices" value="2151867" />
    <property name="TotalTriangles" value="1012433" />
    <property class="BlockEntities">
      <property name="Vertices" value="1828929" />
      <property name="Triangles" value="774582" />
    </property>
    <property class="ChunkMeshes0">
      <property name="Vertices" value="275736" />
      <property name="Triangles" value="163559" />
    </property>
    <property class="ChunkMeshes1">
      <property name="Vertices" value="0" />
      <property name="Triangles" value="0" />
    </property>
    <property class="ChunkMeshes2">
      <property name="Vertices" value="1956" />
      <property name="Triangles" value="1040" />
    </property>
    <property class="ChunkMeshes3">
      <property name="Vertices" value="0" />
      <property name="Triangles" value="0" />
    </property>
    <property class="ChunkMeshes4">
      <property name="Vertices" value="0" />
      <property name="Triangles" value="0" />
    </property>
    <property class="ChunkMeshes5">
      <property name="Vertices" value="45246" />
      <property name="Triangles" value="73252" />
    </property>
  </property>
</prefab>