﻿<?xml version="1.0" encoding="UTF-8"?>
<prefab>
  <property name="CopyAirBlocks" value="True" />
  <property name="AllowTopSoilDecorations" value="False" />
  <property name="TraderArea" value="False" />
  <property name="ExcludeDistantPOIMesh" value="False" />
  <property name="ExcludePOICulling" value="False" />
  <property name="DifficultyTier" value="5" />
  <property name="Zoning" value="ResidentialNew, Residential, ResidentialOld, none, NoZone" />
  <property name="RotationToFaceNorth" value="2" />
  <property name="YOffset" value="-6" />
  <property name="DistantPOIYOffset" value="0" />
  <property name="AllowedTownships" value="city,rural,town,wilderness" />
  <property name="EditorGroups" value="house new, house old, rural, Wilderness, House medium, HOUSE CONST" />
  <property name="TraderAreaProtect" value="16, 0, 16" />
  <property name="TraderAreaTeleportSize" value="28, 30, 27" />
  <property name="TraderAreaTeleportCenter" value="1, 1, 1" />
  <property name="SleeperVolumeStart" value="86, 6, 42#2, 6, 38#6, 6, 62#68, 16, 40#53, 1, 93#2, 6, 3#70, 2, 12#9, 2, 91#71, 6, 26#71, 6, 4#3, 6, 106#1, 6, 87#70, 6, 42#21, 6, 39#70, 6, 62#81, 6, 62#37, 6, 1#21, 6, 0#86, 6, 3#5, 6, 28#20, 6, 9#71, 6, 32#29, 6, 92#44, 6, 91#70, 6, 78#79, 5, 76#44, 6, 108#61, 6, 101#70, 6, 108#98, 6, 88#9, 16, 93#21, 11, 9#69, 11, 13#20, 11, 38#68, 11, 41#11, 11, 91#46, 11, 93#78, 11, 92#82, 2, 91#11, 6, 91#78, 6, 91" />
  <property name="SleeperVolumeSize" value="18, 3, 20#19, 5, 24#62, 5, 28#15, 3, 15#16, 2, 10#18, 6, 24#11, 2, 19#17, 2, 12#13, 3, 6#14, 3, 22#25, 5, 15#9, 8, 17#15, 3, 19#13, 3, 21#11, 5, 14#23, 5, 14#32, 7, 61#16, 3, 9#18, 3, 29#32, 3, 10#16, 3, 19#33, 5, 10#15, 5, 28#20, 3, 16#9, 5, 25#23, 5, 13#25, 5, 13#9, 5, 7#24, 3, 13#6, 3, 33#14, 3, 11#15, 4, 19#18, 4, 20#18, 4, 21#20, 4, 21#18, 2, 15#19, 3, 15#16, 3, 16#17, 2, 10#18, 3, 15#19, 3, 17" />
  <property name="SleeperVolumeGroup" value="GroupGenericZombie,2,4,GroupBikerBar,3,4,GroupAbandonedHouse,8,10,GroupZomSoldier,3,4,GroupGenericZombie,4,5,GroupGenericZombie,6,10,GroupAbandonedHouse,4,7,GroupGenericZombie,7,9,GroupAbandonedHouse,3,3,GroupAbandonedHouse,3,6,GroupAbandonedHouse,2,3,GroupGenericZombie,2,3,GroupGenericZombie,3,7,GroupGenericZombie,5,6,GroupZomSoldier,4,5,ZomHazMatOnly,5,7,GroupGenericZombie,12,18,GroupGenericZombie,1,2,GroupZomSoldier,2,3,GroupAbandonedHouse,2,3,GroupGenericZombie,5,6,GroupGenericZombie,2,4,GroupGenericZombie,2,4,GroupAbandonedHouse,4,6,GroupGenericZombie,1,2,GroupGenericZombie,1,2,GroupGenericZombie,3,5,GroupGenericZombie,1,1,GroupGenericZombie,2,3,GroupGenericZombie,1,2,GroupZomBadassOnly,2,3,GroupGenericZombie,3,5,GroupGenericZombie,4,5,GroupGenericZombie,3,4,GroupGenericZombie,4,8,GroupGenericZombie,4,8,GroupGenericZombie,3,7,GroupGenericZombie,3,5,GroupZomBadassOnly,2,4,GroupGenericZombie,4,5,GroupGenericZombie,4,7" />
  <property name="SleeperVolumeGameStageAdjust" value=",,,,,,,,,,,,,,,,,,,,,,,,,,,,,,,,,,,,,,,," />
  <property name="SleeperIsLootVolume" value="False,False,False,False,False,False,False,False,False,False,False,False,False,False,False,False,False,False,False,False,False,False,False,False,False,False,False,False,False,False,False,False,False,False,False,False,False,False,False,False,False" />
  <property name="SleeperIsQuestExclude" value="False,False,False,False,False,False,False,False,False,False,False,False,False,False,False,False,False,False,False,False,False,False,False,False,False,False,False,False,False,False,False,False,False,False,False,False,False,False,False,False,False" />
  <property name="SleeperVolumeFlags" value="0,0,0,0,0,0,0,0,0,0,0,2,0,0,0,0,0,0,0,0,0,0,0,0,0,0,0,0,0,0,0,0,0,0,0,0,0,0,0,0,0" />
  <property name="SleeperVolumeGroupId" value="0,0,0,0,0,0,0,0,0,0,0,0,0,0,0,0,0,0,0,0,0,0,0,0,0,0,0,0,0,0,0,0,0,0,0,0,0,0,0,0,0" />
  <property name="ShowQuestClearCount" value="0" />
  <property name="PrefabSize" value="105, 26, 122" />
  <property name="Tags" value="wilderness" />
  <property name="DuplicateRepeatDistance" value="8500" />
  <property name="SleeperVolumeTriggeredBy" value=" # # # # # # # # # # # # # # # # # # # # # # # # # # # # # # # # # # # # # # # # " />
  <property name="QuestTags" value="clear, fetch, infested" />
  <property class="IndexedBlockOffsets">
    <property class="POILight">
      <property name="0" value="102, 8, 115" />
    </property>
    <property class="challenge_gore">
      <property name="0" value="100, 6, 97" />
    </property>
    <property class="challenge_mech_parts">
      <property name="0" value="89, 11, 95" />
      <property name="1" value="87, 3, 98" />
    </property>
    <property class="quest_wood_trees">
      <property name="0" value="102, 6, 109" />
    </property>
    <property class="quest_stone">
      <property name="0" value="68, 6, 110" />
    </property>
    <property class="challenge_polymers">
      <property name="0" value="101, 6, 118" />
    </property>
    <property class="challenge_stump">
      <property name="0" value="6, 6, 62" />
    </property>
    <property class="challenge_sinks">
      <property name="0" value="89, 11, 102" />
      <property name="1" value="85, 6, 104" />
      <property name="2" value="89, 12, 104" />
      <property name="3" value="84, 6, 105" />
    </property>
    <property class="challenge_leather">
      <property name="0" value="91, 6, 94" />
      <property name="1" value="91, 6, 95" />
      <property name="2" value="91, 6, 96" />
      <property name="3" value="91, 6, 97" />
    </property>
    <property class="TraderOnOff">
      <property name="0" value="84, 11, 99" />
      <property name="1" value="86, 11, 100" />
    </property>
    <property class="quest_wood">
      <property name="0" value="70, 6, 29" />
      <property name="1" value="70, 6, 30" />
    </property>
    <property class="challenge_cars">
      <property name="0" value="48, 6, 20" />
    </property>
    <property class="FetchContainer">
      <property name="0" value="90, 11, 98" />
    </property>
    <property class="Rally">
      <property name="0" value="56, 6, 1" />
    </property>
    <property class="quest_feather">
      <property name="0" value="98, 18, 30" />
    </property>
    <property class="challenge_pallet">
      <property name="0" value="92, 2, 93" />
    </property>
    <property class="challenge_steel">
      <property name="0" value="84, 2, 92" />
    </property>
  </property>
  <property class="Stats">
    <property name="TotalVertices" value="3072593" />
    <property name="TotalTriangles" value="1636536" />
    <property class="BlockEntities">
      <property name="Vertices" value="2578360" />
      <property name="Triangles" value="1329770" />
    </property>
    <property class="ChunkMeshes0">
      <property name="Vertices" value="430257" />
      <property name="Triangles" value="232084" />
    </property>
    <property class="ChunkMeshes1">
      <property name="Vertices" value="21060" />
      <property name="Triangles" value="10530" />
    </property>
    <property class="ChunkMeshes2">
      <property name="Vertices" value="3346" />
      <property name="Triangles" value="1712" />
    </property>
    <property class="ChunkMeshes3">
      <property name="Vertices" value="1896" />
      <property name="Triangles" value="948" />
    </property>
    <property class="ChunkMeshes4">
      <property name="Vertices" value="0" />
      <property name="Triangles" value="0" />
    </property>
    <property class="ChunkMeshes5">
      <property name="Vertices" value="37674" />
      <property name="Triangles" value="61492" />
    </property>
  </property>
</prefab>