﻿<?xml version="1.0" encoding="UTF-8"?>
<prefab>
  <property name="CopyAirBlocks" value="True" />
  <property name="AllowTopSoilDecorations" value="False" />
  <property name="TraderArea" value="False" />
  <property name="ExcludeDistantPOIMesh" value="False" />
  <property name="ExcludePOICulling" value="False" />
  <property name="DifficultyTier" value="2" />
  <property name="Zoning" value="Commercial, Downtown, Industrial, ResidentialNew, ResidentialOld, Residential" />
  <property name="RotationToFaceNorth" value="0" />
  <property name="YOffset" value="-4" />
  <property name="DistantPOIYOffset" value="0" />
  <property name="AllowedBiomes" value="burnt_forest,plains,pine_forest,forest,desert,wasteland" />
  <property name="AllowedTownships" value="city,rural,town,wilderness" />
  <property name="EditorGroups" value="Wilderness" />
  <property name="SleeperVolumeStart" value="7, 4, 12#42, 12, 48" />
  <property name="SleeperVolumeSize" value="87, 6, 70#5, 6, 9" />
  <property name="SleeperVolumeGroup" value="GroupGenericZombie,15,16,GroupZomBadass,2,3" />
  <property name="SleeperVolumeGameStageAdjust" value="," />
  <property name="SleeperIsLootVolume" value="False,False" />
  <property name="SleeperIsBossVolume" value="False,False" />
  <property name="SleeperVolumeFlags" value="0,0" />
  <property name="SleeperVolumeGroupId" value="0,0" />
  <property name="ShowQuestClearCount" value="1" />
  <property name="SleeperIsQuestExclude" value="False,False" />
  <property name="PrefabSize" value="100, 21, 100" />
  <property name="Tags" value="wilderness, industrial" />
  <property name="SleeperVolumeTriggeredBy" value=" # " />
  <property name="QuestTags" value="clear, fetch, infested" />
  <property class="IndexedBlockOffsets">
    <property class="quest_feather">
      <property name="0" value="92, 8, 85" />
    </property>
    <property class="challenge_gore">
      <property name="0" value="84, 5, 28" />
      <property name="1" value="84, 5, 29" />
    </property>
    <property class="challenge_polymers">
      <property name="0" value="93, 4, 89" />
      <property name="1" value="94, 4, 89" />
    </property>
    <property class="TraderOnOff">
      <property name="0" value="92, 4, 35" />
      <property name="1" value="92, 4, 38" />
      <property name="2" value="92, 4, 41" />
    </property>
    <property class="challenge_mech_parts">
      <property name="0" value="94, 4, 86" />
    </property>
    <property class="challenge_sinks">
      <property name="0" value="90, 4, 35" />
      <property name="1" value="90, 4, 38" />
      <property name="2" value="90, 4, 41" />
      <property name="3" value="90, 5, 43" />
    </property>
    <property class="FetchContainer">
      <property name="0" value="44, 12, 53" />
    </property>
    <property class="POILight">
      <property name="0" value="44, 13, 54" />
    </property>
    <property class="challenge_cars">
      <property name="0" value="84, 4, 54" />
      <property name="1" value="89, 4, 57" />
    </property>
    <property class="Rally">
      <property name="0" value="85, 4, 95" />
    </property>
  </property>
  <property class="Stats">
    <property name="TotalVertices" value="2238845" />
    <property name="TotalTriangles" value="788351" />
    <property class="BlockEntities">
      <property name="Vertices" value="1953879" />
      <property name="Triangles" value="595523" />
    </property>
    <property class="ChunkMeshes0">
      <property name="Vertices" value="227182" />
      <property name="Triangles" value="130720" />
    </property>
    <property class="ChunkMeshes1">
      <property name="Vertices" value="27584" />
      <property name="Triangles" value="13792" />
    </property>
    <property class="ChunkMeshes2">
      <property name="Vertices" value="0" />
      <property name="Triangles" value="0" />
    </property>
    <property class="ChunkMeshes3">
      <property name="Vertices" value="0" />
      <property name="Triangles" value="0" />
    </property>
    <property class="ChunkMeshes4">
      <property name="Vertices" value="0" />
      <property name="Triangles" value="0" />
    </property>
    <property class="ChunkMeshes5">
      <property name="Vertices" value="30200" />
      <property name="Triangles" value="48316" />
    </property>
  </property>
</prefab>