﻿<?xml version="1.0" encoding="UTF-8"?>
<prefab>
  <property name="CopyAirBlocks" value="True" />
  <property name="AllowTopSoilDecorations" value="True" />
  <property name="TraderArea" value="False" />
  <property name="ExcludeDistantPOIMesh" value="False" />
  <property name="ExcludePOICulling" value="False" />
  <property name="QuestTags" value="clear, fetch, infested" />
  <property name="DifficultyTier" value="5" />
  <property name="Zoning" value="Industrial" />
  <property name="RotationToFaceNorth" value="0" />
  <property name="YOffset" value="-11" />
  <property name="DistantPOIYOffset" value="0" />
  <property name="AllowedTownships" value="city" />
  <property name="EditorGroups" value="industrial" />
  <property name="SleeperVolumeStart" value="51, 38, 74#56, 32, 75#66, 21, 83#54, 12, 77#54, 16, 77#54, 24, 77#55, 31, 77#66, 5, 99#66, 6, 119#94, 5, 99#148, 10, 101#148, 10, 91#126, 10, 83#84, 10, 83#77, 10, 84#78, 6, 100#62, 14, 150#67, 9, 83#162, 14, 143#138, 10, 130#148, 10, 111#151, 16, 143#140, 16, 143#54, 28, 77#146, 16, 121#152, 16, 121#88, 10, 116#140, 10, 115#110, 16, 97#67, 16, 121#82, 16, 115#153, 5, 74#146, 16, 82#158, 16, 99#152, 16, 104#140, 16, 99#163, 16, 112#159, 9, 83#140, 16, 110#81, 16, 84#67, 16, 82#82, 16, 109#88, 10, 95#140, 10, 95#102, 10, 99#129, 10, 102#117, 10, 99#96, 10, 110#75, 10, 121#77, 10, 110#67, 10, 121#96, 10, 120#88, 10, 131#73, 10, 132#67, 10, 129#134, 10, 121#120, 10, 120#153, 1, 115#143, 1, 113#135, 1, 114#132, 1, 124#127, 1, 102#119, 1, 122#117, 1, 105#95, 1, 118#104, 1, 113#100, 1, 95#136, 1, 105#76, 11, 1" />
  <property name="SleeperVolumeSize" value="16, 2, 16#6, 3, 1#103, 8, 58#10, 3, 10#10, 3, 10#10, 3, 10#12, 6, 11#12, 3, 12#16, 3, 12#30, 2, 22#4, 3, 7#10, 5, 11#25, 3, 11#42, 3, 11#6, 3, 11#9, 3, 8#5, 4, 7#9, 6, 37#13, 5, 13#9, 3, 10#19, 3, 29#8, 3, 11#11, 3, 11#10, 2, 10#5, 3, 11#16, 2, 11#7, 2, 4#7, 3, 5#15, 3, 18#15, 3, 11#64, 3, 20#4, 3, 29#22, 3, 16#9, 3, 4#10, 3, 9#6, 3, 9#5, 3, 8#8, 7, 25#11, 3, 8#13, 3, 24#14, 3, 31#12, 3, 6#14, 2, 20#7, 3, 20#14, 3, 11#10, 3, 18#12, 3, 21#20, 3, 10#20, 3, 10#10, 3, 11#8, 3, 7#23, 3, 11#48, 3, 10#15, 3, 9#5, 4, 12#13, 3, 9#13, 3, 10#8, 3, 5#11, 3, 9#8, 3, 10#6, 3, 18#7, 3, 25#8, 3, 11#9, 3, 17#9, 3, 5#7, 3, 9#17, 3, 18#3, 3, 9#23, 4, 7" />
  <property name="SleeperVolumeGroup" value="GroupZomSoldier,2,3,GroupGenericZombie,1,2,GroupGenericZombie,9,10,GroupGenericZombie,1,2,ZomBusinessman,1,2,GroupGenericZombie,1,2,GroupGenericZombie,5,6,ZomUtilityWorker,4,5,GroupGenericZombie,8,9,ZomUtilityWorker,7,8,GroupZomBadassOnly,4,5,GroupZomBadass,7,8,ZomUtilityWorker,6,7,ZomUtilityWorker,8,9,GroupGenericZombie,1,2,GroupBikerBar,5,6,GroupZomSoldier,1,2,GroupGenericZombie,6,7,GroupZomSoldier,2,3,GroupGhostTown,6,7,GroupGenericZombie,8,9,GroupZomSoldier,1,2,ZomHazMatOnly,2,3,GroupGenericZombie,1,2,GroupHospital,2,3,GroupLabWorker,5,6,ZomUtilityWorker,2,3,ZomUtilityWorker,3,4,GroupZomBadass,3,5,ZomBusinessman,5,6,GroupGenericZombie,5,10,ZomUtilityWorker,2,3,GroupGenericZombie,7,8,GroupGenericZombie,2,3,GroupGenericZombie,4,5,GroupGenericZombie,2,3,ZomBusinessman,2,3,GroupGenericZombie,7,8,ZomJanitorOnly,3,4,GroupGenericZombie,8,11,GroupGenericZombie,6,7,GroupGenericZombie,3,4,ZomUtilityWorker,3,4,ZomUtilityWorker,4,5,GroupGenericZombie,7,8,GroupGenericZombie,5,6,GroupGenericZombie,3,4,GroupGenericZombie,4,5,GroupZomBadass,5,6,GroupZomBadass,3,4,GroupZomBadass,2,3,GroupZomBadass,3,4,GroupGenericZombie,8,9,GroupGenericZombie,3,4,GroupGenericZombie,4,5,GroupGenericZombie,5,6,GroupGenericZombie,3,4,GroupZomBadassOnly,1,2,ZomBusinessman,7,8,GroupGenericZombie,3,4,GroupZomSoldier,3,4,GroupHospital,8,9,GroupZomSoldier,2,3,ZomBusinessman,8,9,ZomHazMatOnly,3,4,GroupGenericZombie,2,3,GroupGenericZombie,6,7,ZomSnow,2,3,GroupGenericZombie,2,3" />
  <property name="SleeperVolumeGameStageAdjust" value=",,,,,,,,,,,,,,,,,,,,,,,,,,,,,,,,,,,,,,,,,,,,,,,,,,,,,,,,,,,,,,,,,,,," />
  <property name="SleeperIsLootVolume" value="False,False,False,False,False,False,False,False,True,True,True,True,True,False,False,False,False,False,False,False,False,False,False,False,False,False,True,True,False,False,False,False,False,False,False,False,False,False,False,False,False,False,False,False,False,False,False,False,False,False,False,False,False,False,False,False,False,False,False,False,False,True,False,False,False,False,True,False,False" />
  <property name="SleeperIsQuestExclude" value="False,False,False,False,False,False,False,False,False,False,False,False,False,False,False,False,False,False,False,False,False,False,False,False,False,False,False,False,False,False,False,False,False,False,False,False,False,False,False,False,False,False,False,False,False,False,False,False,False,False,False,False,False,False,False,False,False,False,False,False,False,False,False,False,False,False,False,False,False" />
  <property name="SleeperVolumeFlags" value="0,0,0,0,0,0,0,0,0,0,0,0,0,0,0,0,0,0,0,0,0,0,0,0,0,0,0,0,0,0,0,0,0,0,0,0,0,0,0,0,0,0,0,0,0,0,0,0,0,0,0,0,0,0,0,0,0,0,0,0,0,0,0,0,0,0,0,0,0" />
  <property name="SleeperVolumeGroupId" value="0,0,0,0,0,0,0,0,0,0,0,0,0,0,0,0,0,0,0,0,0,0,0,0,0,0,0,0,0,0,0,0,0,0,0,0,0,0,0,0,0,0,0,0,0,0,0,0,0,0,0,0,0,0,0,0,0,0,0,0,0,0,0,0,0,0,0,0,0" />
  <property name="ShowQuestClearCount" value="0" />
  <property name="PrefabSize" value="231, 54, 166" />
  <property name="Tags" value="wilderness" />
  <property name="ThemeTags" value="airport" />
  <property name="ThemeRepeatDistance" value="1000" />
  <property name="DuplicateRepeatDistance" value="8500" />
  <property name="SleeperVolumeTriggeredBy" value=" # # # # # # # # # # # # # # # # # # # # # # # # # # # # # # # # # # # # # # # # # # # # # # # # # # # # # # # # # # # # # # # # # # # # " />
  <property class="IndexedBlockOffsets">
    <property class="POILight">
      <property name="0" value="227, 11, 20" />
      <property name="1" value="227, 11, 22" />
      <property name="2" value="227, 11, 24" />
      <property name="3" value="227, 11, 26" />
      <property name="4" value="227, 11, 28" />
    </property>
    <property class="quest_wood_trees">
      <property name="0" value="230, 11, 149" />
    </property>
    <property class="TraderOnOff">
      <property name="0" value="164, 10, 105" />
    </property>
    <property class="challenge_officechairs">
      <property name="0" value="164, 16, 119" />
      <property name="1" value="166, 16, 127" />
    </property>
    <property class="FetchContainer">
      <property name="0" value="164, 18, 121" />
    </property>
    <property class="quest_feather">
      <property name="0" value="57, 38, 88" />
    </property>
    <property class="challenge_sinks">
      <property name="0" value="166, 11, 136" />
    </property>
    <property class="Rally">
      <property name="0" value="145, 11, 163" />
    </property>
    <property class="challenge_vending">
      <property name="0" value="141, 16, 121" />
      <property name="1" value="142, 16, 121" />
    </property>
    <property class="challenge_gore">
      <property name="0" value="164, 16, 102" />
    </property>
    <property class="brBlock">
      <property name="0" value="158, 10, 109" />
    </property>
    <property class="challenge_cars">
      <property name="0" value="160, 10, 148" />
    </property>
    <property class="challenge_barrels">
      <property name="0" value="133, 10, 118" />
      <property name="1" value="134, 10, 118" />
      <property name="2" value="135, 10, 118" />
      <property name="3" value="136, 10, 118" />
      <property name="4" value="137, 10, 118" />
      <property name="5" value="138, 10, 118" />
      <property name="6" value="132, 10, 119" />
      <property name="7" value="133, 10, 119" />
      <property name="8" value="134, 10, 119" />
      <property name="9" value="135, 10, 119" />
      <property name="10" value="136, 10, 119" />
      <property name="11" value="137, 10, 119" />
      <property name="12" value="138, 10, 119" />
    </property>
    <property class="challenge_pallet">
      <property name="0" value="164, 16, 113" />
    </property>
    <property class="quest_stone">
      <property name="0" value="155, 16, 101" />
      <property name="1" value="155, 16, 103" />
      <property name="2" value="151, 16, 104" />
    </property>
  </property>
  <property class="Stats">
    <property name="TotalVertices" value="6546101" />
    <property name="TotalTriangles" value="2916966" />
    <property class="BlockEntities">
      <property name="Vertices" value="5693670" />
      <property name="Triangles" value="2302414" />
    </property>
    <property class="ChunkMeshes0">
      <property name="Vertices" value="711193" />
      <property name="Triangles" value="413310" />
    </property>
    <property class="ChunkMeshes1">
      <property name="Vertices" value="0" />
      <property name="Triangles" value="0" />
    </property>
    <property class="ChunkMeshes2">
      <property name="Vertices" value="23146" />
      <property name="Triangles" value="11854" />
    </property>
    <property class="ChunkMeshes3">
      <property name="Vertices" value="0" />
      <property name="Triangles" value="0" />
    </property>
    <property class="ChunkMeshes4">
      <property name="Vertices" value="0" />
      <property name="Triangles" value="0" />
    </property>
    <property class="ChunkMeshes5">
      <property name="Vertices" value="118092" />
      <property name="Triangles" value="189388" />
    </property>
  </property>
</prefab>